[
    {
        "type": "message",
        "text": "restarting editdev... anybody upstairs?",
        "user": "U0NNST66R",
        "ts": "1458316400.000002",
        "team": "T0D1XTUAD",
        "user_team": "T0D1XTUAD",
        "source_team": "T0D1XTUAD",
        "user_profile": {
            "avatar_hash": "g377ee094968",
            "image_72": "https:\/\/secure.gravatar.com\/avatar\/b7377ee094968cbe7b7d956b710ee4d8.jpg?s=72&d=https%3A%2F%2Fa.slack-edge.com%2Fdf10d%2Fimg%2Favatars%2Fava_0019-72.png",
            "first_name": "Jeff",
            "real_name": "Jeff Hsu",
            "display_name": "jeffhsu",
            "team": "T0D1XTUAD",
            "name": "jeffhsu",
            "is_restricted": false,
            "is_ultra_restricted": false
        }
    },
    {
        "type": "message",
        "text": "i see al's on",
        "user": "U0NNST66R",
        "ts": "1458316409.000003",
        "team": "T0D1XTUAD",
        "user_team": "T0D1XTUAD",
        "source_team": "T0D1XTUAD",
        "user_profile": {
            "avatar_hash": "g377ee094968",
            "image_72": "https:\/\/secure.gravatar.com\/avatar\/b7377ee094968cbe7b7d956b710ee4d8.jpg?s=72&d=https%3A%2F%2Fa.slack-edge.com%2Fdf10d%2Fimg%2Favatars%2Fava_0019-72.png",
            "first_name": "Jeff",
            "real_name": "Jeff Hsu",
            "display_name": "jeffhsu",
            "team": "T0D1XTUAD",
            "name": "jeffhsu",
            "is_restricted": false,
            "is_ultra_restricted": false
        }
    },
    {
        "type": "message",
        "text": "I’m not on editdev right now.",
        "user": "U0NSCMBR8",
        "ts": "1458316426.000004",
        "team": "T0D1XTUAD",
        "user_team": "T0D1XTUAD",
        "source_team": "T0D1XTUAD",
        "user_profile": {
            "avatar_hash": "28a69ac871a0",
            "image_72": "https:\/\/avatars.slack-edge.com\/2016-02-24\/22896597253_28a69ac871a00b39b963_72.jpg",
            "first_name": "Al",
            "real_name": "Al Boss",
            "display_name": "",
            "team": "T0D1XTUAD",
            "name": "alboss",
            "is_restricted": false,
            "is_ultra_restricted": false
        }
    },
    {
        "type": "message",
        "text": "It’s lying.",
        "user": "U0NSCMBR8",
        "ts": "1458316431.000005",
        "team": "T0D1XTUAD",
        "user_team": "T0D1XTUAD",
        "source_team": "T0D1XTUAD",
        "user_profile": {
            "avatar_hash": "28a69ac871a0",
            "image_72": "https:\/\/avatars.slack-edge.com\/2016-02-24\/22896597253_28a69ac871a00b39b963_72.jpg",
            "first_name": "Al",
            "real_name": "Al Boss",
            "display_name": "",
            "team": "T0D1XTUAD",
            "name": "alboss",
            "is_restricted": false,
            "is_ultra_restricted": false
        }
    },
    {
        "type": "message",
        "text": "Nobody up here is on it. You’re safe.",
        "user": "U0NSCMBR8",
        "ts": "1458316468.000006",
        "team": "T0D1XTUAD",
        "user_team": "T0D1XTUAD",
        "source_team": "T0D1XTUAD",
        "user_profile": {
            "avatar_hash": "28a69ac871a0",
            "image_72": "https:\/\/avatars.slack-edge.com\/2016-02-24\/22896597253_28a69ac871a00b39b963_72.jpg",
            "first_name": "Al",
            "real_name": "Al Boss",
            "display_name": "",
            "team": "T0D1XTUAD",
            "name": "alboss",
            "is_restricted": false,
            "is_ultra_restricted": false
        }
    },
    {
        "type": "message",
        "text": "ok thanks",
        "user": "U0NNST66R",
        "ts": "1458316481.000007",
        "team": "T0D1XTUAD",
        "user_team": "T0D1XTUAD",
        "source_team": "T0D1XTUAD",
        "user_profile": {
            "avatar_hash": "g377ee094968",
            "image_72": "https:\/\/secure.gravatar.com\/avatar\/b7377ee094968cbe7b7d956b710ee4d8.jpg?s=72&d=https%3A%2F%2Fa.slack-edge.com%2Fdf10d%2Fimg%2Favatars%2Fava_0019-72.png",
            "first_name": "Jeff",
            "real_name": "Jeff Hsu",
            "display_name": "jeffhsu",
            "team": "T0D1XTUAD",
            "name": "jeffhsu",
            "is_restricted": false,
            "is_ultra_restricted": false
        }
    }
]