[
    {
        "type": "message",
        "text": "Heads up for tomorrow: <http:\/\/www.seattletimes.com\/seattle-news\/weather\/strong-winds-rain-expected-friday-trees-could-topple-in-damp-soil-forecasters-say\/?utm_source=The+Seattle+Times&amp;utm_campaign=f28a0eaea2-Alert_60_mph_gusts_expected_Friday_in_Seattle_area&amp;utm_medium=email&amp;utm_term=0_5beb38b61e-f28a0eaea2-122635261>",
        "user": "U0D1V0DPG",
        "ts": "1491506312.842218",
        "team": "T0D1XTUAD",
        "user_team": "T0D1XTUAD",
        "source_team": "T0D1XTUAD",
        "user_profile": {
            "avatar_hash": "444d12cac49a",
            "image_72": "https:\/\/avatars.slack-edge.com\/2020-04-20\/1073909907794_444d12cac49a8d89b527_72.png",
            "first_name": "Alex",
            "real_name": "Alex Aragon",
            "display_name": "Alex",
            "team": "T0D1XTUAD",
            "name": "alex.aragon",
            "is_restricted": false,
            "is_ultra_restricted": false
        },
        "attachments": [
            {
                "service_name": "The Seattle Times",
                "title": "60 mph gusts expected Friday in Seattle area; trees could topple in damp soil, weather service warns",
                "title_link": "http:\/\/www.seattletimes.com\/seattle-news\/weather\/strong-winds-rain-expected-friday-trees-could-topple-in-damp-soil-forecasters-say\/?utm_source=The+Seattle+Times&utm_campaign=f28a0eaea2-Alert_60_mph_gusts_expected_Friday_in_Seattle_area&utm_medium=email&utm_term=0_5beb38b61e-f28a0eaea2-122635261",
                "text": "The winterlike storm will bring winds to the area Friday, with gusts as high as 60 mph in Seattle.",
                "fallback": "The Seattle Times: 60 mph gusts expected Friday in Seattle area; trees could topple in damp soil, weather service warns",
                "image_url": "http:\/\/static.seattletimes.com\/wp-content\/uploads\/2017\/04\/544086b0-1acc-11e7-9a8c-0c4a9cbf6343-780x506.jpg",
                "image_width": 385,
                "image_height": 250,
                "ts": 1491486293,
                "from_url": "http:\/\/www.seattletimes.com\/seattle-news\/weather\/strong-winds-rain-expected-friday-trees-could-topple-in-damp-soil-forecasters-say\/?utm_source=The+Seattle+Times&utm_campaign=f28a0eaea2-Alert_60_mph_gusts_expected_Friday_in_Seattle_area&utm_medium=email&utm_term=0_5beb38b61e-f28a0eaea2-122635261",
                "image_bytes": 50944,
                "service_icon": "http:\/\/www.seattletimes.com\/favicon.ico",
                "id": 1
            }
        ]
    }
]