[
    {
        "type": "message",
        "text": "Muzzle is a Mac app that shuts off notices when you're screen sharing. The demo page is a series of hysterically inappropriate notices. (A Slack message from a co-worker that says \"We are SO overcharging this moron,\"  and calendar reminders for a job interview and a therapy appointment, are two of the ones least likely to get you in trouble with HR). <https:\/\/muzzleapp.com\/>",
        "user": "U0NSCMBR8",
        "ts": "1499363064.108717",
        "team": "T0D1XTUAD",
        "user_team": "T0D1XTUAD",
        "source_team": "T0D1XTUAD",
        "user_profile": {
            "avatar_hash": "28a69ac871a0",
            "image_72": "https:\/\/avatars.slack-edge.com\/2016-02-24\/22896597253_28a69ac871a00b39b963_72.jpg",
            "first_name": "Al",
            "real_name": "Al Boss",
            "display_name": "",
            "team": "T0D1XTUAD",
            "name": "alboss",
            "is_restricted": false,
            "is_ultra_restricted": false
        },
        "reactions": [
            {
                "name": "rolling_on_the_floor_laughing",
                "users": [
                    "UTJPVN880"
                ],
                "count": 1
            }
        ]
    }
]