[
    {
        "type": "message",
        "text": "I like how calm this cat seems, even though it's being chased by two cops with lights blaring.",
        "user": "U0D1V0DPG",
        "ts": "1491940136.201715",
        "team": "T0D1XTUAD",
        "user_team": "T0D1XTUAD",
        "source_team": "T0D1XTUAD",
        "user_profile": {
            "avatar_hash": "444d12cac49a",
            "image_72": "https:\/\/avatars.slack-edge.com\/2020-04-20\/1073909907794_444d12cac49a8d89b527_72.png",
            "first_name": "Alex",
            "real_name": "Alex Aragon",
            "display_name": "Alex",
            "team": "T0D1XTUAD",
            "name": "alex.aragon",
            "is_restricted": false,
            "is_ultra_restricted": false
        }
    },
    {
        "type": "message",
        "text": ":my-my-logo-bigger-cream: This is Beth's fault.",
        "user": "U0NSCMBR8",
        "ts": "1491948961.370636",
        "team": "T0D1XTUAD",
        "user_team": "T0D1XTUAD",
        "source_team": "T0D1XTUAD",
        "user_profile": {
            "avatar_hash": "28a69ac871a0",
            "image_72": "https:\/\/avatars.slack-edge.com\/2016-02-24\/22896597253_28a69ac871a00b39b963_72.jpg",
            "first_name": "Al",
            "real_name": "Al Boss",
            "display_name": "",
            "team": "T0D1XTUAD",
            "name": "alboss",
            "is_restricted": false,
            "is_ultra_restricted": false
        }
    },
    {
        "type": "message",
        "text": "Phooey, you can't even tell that's a jar of \"Make My Logo Bigger\" cream.",
        "user": "U0NSCMBR8",
        "ts": "1491949000.378248",
        "team": "T0D1XTUAD",
        "user_team": "T0D1XTUAD",
        "source_team": "T0D1XTUAD",
        "user_profile": {
            "avatar_hash": "28a69ac871a0",
            "image_72": "https:\/\/avatars.slack-edge.com\/2016-02-24\/22896597253_28a69ac871a00b39b963_72.jpg",
            "first_name": "Al",
            "real_name": "Al Boss",
            "display_name": "",
            "team": "T0D1XTUAD",
            "name": "alboss",
            "is_restricted": false,
            "is_ultra_restricted": false
        }
    },
    {
        "type": "message",
        "text": ":pen-tool: At least the pen is recognizable.",
        "user": "U0NSCMBR8",
        "ts": "1491949062.389881",
        "team": "T0D1XTUAD",
        "user_team": "T0D1XTUAD",
        "source_team": "T0D1XTUAD",
        "user_profile": {
            "avatar_hash": "28a69ac871a0",
            "image_72": "https:\/\/avatars.slack-edge.com\/2016-02-24\/22896597253_28a69ac871a00b39b963_72.jpg",
            "first_name": "Al",
            "real_name": "Al Boss",
            "display_name": "",
            "team": "T0D1XTUAD",
            "name": "alboss",
            "is_restricted": false,
            "is_ultra_restricted": false
        }
    }
]