[
    {
        "type": "message",
        "text": "This might be good tool for quick database driven sites: <http:\/\/jlord.us\/sheetsee.js\/>",
        "user": "U0D1V0DPG",
        "ts": "1494363251.897793",
        "team": "T0D1XTUAD",
        "user_team": "T0D1XTUAD",
        "source_team": "T0D1XTUAD",
        "user_profile": {
            "avatar_hash": "444d12cac49a",
            "image_72": "https:\/\/avatars.slack-edge.com\/2020-04-20\/1073909907794_444d12cac49a8d89b527_72.png",
            "first_name": "Alex",
            "real_name": "Alex Aragon",
            "display_name": "Alex",
            "team": "T0D1XTUAD",
            "name": "alex.aragon",
            "is_restricted": false,
            "is_ultra_restricted": false
        },
        "attachments": [
            {
                "title": "Sheetsee.js",
                "title_link": "http:\/\/jlord.us\/sheetsee.js\/",
                "text": "sheetsee.js, google, spreadsheet, visualize, data, javascript",
                "fallback": "Sheetsee.js",
                "from_url": "http:\/\/jlord.us\/sheetsee.js\/",
                "service_name": "jlord.us",
                "id": 1
            }
        ]
    }
]