[
    {
        "client_msg_id": "2c4efb7c-04a3-4a40-8276-c9a9a5dd75a1",
        "type": "message",
        "text": "Does this mean I need to update my Windows 95 machine?",
        "user": "UFDNKQCU9",
        "ts": "1607969345.440300",
        "team": "T0D1XTUAD",
        "user_team": "T0D1XTUAD",
        "source_team": "T0D1XTUAD",
        "user_profile": {
            "avatar_hash": "625717ebbb6e",
            "image_72": "https:\/\/avatars.slack-edge.com\/2019-01-17\/526675529362_625717ebbb6e0ba43f68_72.jpg",
            "first_name": "Earl",
            "real_name": "Earl Krygier",
            "display_name": "Krygier",
            "team": "T0D1XTUAD",
            "name": "earl.krygier",
            "is_restricted": false,
            "is_ultra_restricted": false
        },
        "blocks": [
            {
                "type": "rich_text",
                "block_id": "KW5Du",
                "elements": [
                    {
                        "type": "rich_text_section",
                        "elements": [
                            {
                                "type": "text",
                                "text": "Does this mean I need to update my Windows 95 machine?"
                            }
                        ]
                    }
                ]
            }
        ],
        "thread_ts": "1607781555.440100",
        "parent_user_id": "U0NSCMBR8"
    },
    {
        "client_msg_id": "6e02cb42-b1ca-4dd4-8bf7-3f06a13a8b4e",
        "type": "message",
        "text": "Certainly not! You can run iPublish on Windows 95. Still the most innovative desktop publishing program I can think of, though the web export was awful.",
        "user": "U0NSCMBR8",
        "ts": "1607970806.440500",
        "team": "T0D1XTUAD",
        "user_team": "T0D1XTUAD",
        "source_team": "T0D1XTUAD",
        "user_profile": {
            "avatar_hash": "28a69ac871a0",
            "image_72": "https:\/\/avatars.slack-edge.com\/2016-02-24\/22896597253_28a69ac871a00b39b963_72.jpg",
            "first_name": "Al",
            "real_name": "Al Boss",
            "display_name": "",
            "team": "T0D1XTUAD",
            "name": "alboss",
            "is_restricted": false,
            "is_ultra_restricted": false
        },
        "blocks": [
            {
                "type": "rich_text",
                "block_id": "Bsg0R",
                "elements": [
                    {
                        "type": "rich_text_section",
                        "elements": [
                            {
                                "type": "text",
                                "text": "Certainly not! You can run iPublish on Windows 95. Still the most innovative desktop publishing program I can think of, though the web export was awful."
                            }
                        ]
                    }
                ]
            }
        ],
        "thread_ts": "1607781555.440100",
        "parent_user_id": "U0NSCMBR8"
    },
    {
        "client_msg_id": "11feff20-6ecd-41b8-9249-04eca808eaaa",
        "type": "message",
        "text": "I am putting this book under our tree for my teenagers (who's favorite phrase is \"butt cheek\", even at 17).",
        "user": "U5Y0B4XC3",
        "ts": "1607977308.440700",
        "team": "T0D1XTUAD",
        "user_team": "T0D1XTUAD",
        "source_team": "T0D1XTUAD",
        "user_profile": {
            "avatar_hash": "da718d235064",
            "image_72": "https:\/\/avatars.slack-edge.com\/2019-05-20\/629478633218_da718d2350648f939113_72.jpg",
            "first_name": "Pam",
            "real_name": "Pam Shales",
            "display_name": "Pam Shales",
            "team": "T0D1XTUAD",
            "name": "pshales",
            "is_restricted": false,
            "is_ultra_restricted": false
        },
        "blocks": [
            {
                "type": "rich_text",
                "block_id": "3LSyZ",
                "elements": [
                    {
                        "type": "rich_text_section",
                        "elements": [
                            {
                                "type": "text",
                                "text": "I am putting this book under our tree for my teenagers (who's favorite phrase is \"butt cheek\", even at 17)."
                            }
                        ]
                    }
                ]
            }
        ],
        "thread_ts": "1607535010.416300",
        "parent_user_id": "U7EP7P2JW"
    },
    {
        "client_msg_id": "d33f4e73-6ef0-4077-862c-50a13ae99f06",
        "type": "message",
        "text": "The web export might just need Frontpage, the most innovative web publishing app with it's own unique client technologies.",
        "user": "UUJNED77D",
        "ts": "1607989941.440900",
        "team": "T0D1XTUAD",
        "user_team": "T0D1XTUAD",
        "source_team": "T0D1XTUAD",
        "user_profile": {
            "avatar_hash": "5f4a213e859b",
            "image_72": "https:\/\/avatars.slack-edge.com\/2020-03-04\/982713408789_5f4a213e859b7369a972_72.jpg",
            "first_name": "Fred",
            "real_name": "Fred Bentler",
            "display_name": "Fred Bentler",
            "team": "T0D1XTUAD",
            "name": "fred.bentler",
            "is_restricted": false,
            "is_ultra_restricted": false
        },
        "blocks": [
            {
                "type": "rich_text",
                "block_id": "4bVb",
                "elements": [
                    {
                        "type": "rich_text_section",
                        "elements": [
                            {
                                "type": "text",
                                "text": "The web export might just need Frontpage, the most innovative web publishing app with it's own unique client technologies."
                            }
                        ]
                    }
                ]
            }
        ],
        "thread_ts": "1607781555.440100",
        "parent_user_id": "U0NSCMBR8"
    },
    {
        "client_msg_id": "7a715327-c8fb-47f4-8ff3-d1289a3774fb",
        "type": "message",
        "text": "Ah, yes, FrontPage, with the original WYSIWTF editor!",
        "user": "U0NSCMBR8",
        "ts": "1607996559.441100",
        "team": "T0D1XTUAD",
        "user_team": "T0D1XTUAD",
        "source_team": "T0D1XTUAD",
        "user_profile": {
            "avatar_hash": "28a69ac871a0",
            "image_72": "https:\/\/avatars.slack-edge.com\/2016-02-24\/22896597253_28a69ac871a00b39b963_72.jpg",
            "first_name": "Al",
            "real_name": "Al Boss",
            "display_name": "",
            "team": "T0D1XTUAD",
            "name": "alboss",
            "is_restricted": false,
            "is_ultra_restricted": false
        },
        "blocks": [
            {
                "type": "rich_text",
                "block_id": "OhCJ",
                "elements": [
                    {
                        "type": "rich_text_section",
                        "elements": [
                            {
                                "type": "text",
                                "text": "Ah, yes, FrontPage, with the original WYSIWTF editor!"
                            }
                        ]
                    }
                ]
            }
        ],
        "thread_ts": "1607781555.440100",
        "parent_user_id": "U0NSCMBR8"
    }
]