[
    {
        "client_msg_id": "8c0b9b24-f156-44df-a4d8-650a8c639a7e",
        "type": "message",
        "text": "Feel better! Let me know if you need anything.",
        "user": "U5Y0BDK51",
        "ts": "1583425638.007200",
        "team": "T0D1XTUAD",
        "user_team": "T0D1XTUAD",
        "source_team": "T0D1XTUAD",
        "user_profile": {
            "avatar_hash": "8ead721adcae",
            "image_72": "https:\/\/avatars.slack-edge.com\/2020-02-27\/973218989973_8ead721adcae603f0609_72.jpg",
            "first_name": "Marisa",
            "real_name": "Marisa Mellema",
            "display_name": "Marisa Mellema",
            "team": "T0D1XTUAD",
            "name": "marisam",
            "is_restricted": false,
            "is_ultra_restricted": false
        },
        "blocks": [
            {
                "type": "rich_text",
                "block_id": "OInbD",
                "elements": [
                    {
                        "type": "rich_text_section",
                        "elements": [
                            {
                                "type": "text",
                                "text": "Feel better! Let me know if you need anything."
                            }
                        ]
                    }
                ]
            }
        ],
        "thread_ts": "1583366968.007100",
        "parent_user_id": "U7EP7P2JW"
    },
    {
        "type": "message",
        "subtype": "channel_join",
        "ts": "1583425687.007400",
        "user": "UUJNECG67",
        "text": "<@UUJNECG67> has joined the channel"
    },
    {
        "client_msg_id": "5cae5930-9df4-48ca-a915-b14f4a34a44d",
        "type": "message",
        "text": "Elizabeth is online today and accounted for! #covid19resistance",
        "user": "UUW3W20AU",
        "ts": "1583429521.007900",
        "team": "T0D1XTUAD",
        "user_team": "T0D1XTUAD",
        "source_team": "T0D1XTUAD",
        "user_profile": {
            "avatar_hash": "0c87430f5419",
            "image_72": "https:\/\/avatars.slack-edge.com\/2020-03-04\/984414387030_0c87430f5419d7de3cea_72.jpg",
            "first_name": "Elizabeth",
            "real_name": "Elizabeth Inglese",
            "display_name": "Tish",
            "team": "T0D1XTUAD",
            "name": "einglese",
            "is_restricted": false,
            "is_ultra_restricted": false
        },
        "blocks": [
            {
                "type": "rich_text",
                "block_id": "6ZfB",
                "elements": [
                    {
                        "type": "rich_text_section",
                        "elements": [
                            {
                                "type": "text",
                                "text": "Elizabeth is online today and accounted for! #covid19resistance"
                            }
                        ]
                    }
                ]
            }
        ],
        "thread_ts": "1583429521.007900",
        "reply_count": 1,
        "reply_users_count": 1,
        "latest_reply": "1583429594.008000",
        "reply_users": [
            "U0NSCMBR8"
        ],
        "replies": [
            {
                "user": "U0NSCMBR8",
                "ts": "1583429594.008000"
            }
        ],
        "subscribed": false
    },
    {
        "client_msg_id": "daedcde1-b619-4bf6-827a-507e88f3e7bd",
        "type": "message",
        "text": "Now say that in the dce-checkin channel, by hovering over the March 5 thread and clicking the thread icon (a cartoon speech bubble).",
        "user": "U0NSCMBR8",
        "ts": "1583429594.008000",
        "team": "T0D1XTUAD",
        "user_team": "T0D1XTUAD",
        "source_team": "T0D1XTUAD",
        "user_profile": {
            "avatar_hash": "28a69ac871a0",
            "image_72": "https:\/\/avatars.slack-edge.com\/2016-02-24\/22896597253_28a69ac871a00b39b963_72.jpg",
            "first_name": "Al",
            "real_name": "Al Boss",
            "display_name": "",
            "team": "T0D1XTUAD",
            "name": "alboss",
            "is_restricted": false,
            "is_ultra_restricted": false
        },
        "blocks": [
            {
                "type": "rich_text",
                "block_id": "NIbqG",
                "elements": [
                    {
                        "type": "rich_text_section",
                        "elements": [
                            {
                                "type": "text",
                                "text": "Now say that in the dce-checkin channel, by hovering over the March 5 thread and clicking the thread icon (a cartoon speech bubble)."
                            }
                        ]
                    }
                ]
            }
        ],
        "thread_ts": "1583429521.007900",
        "parent_user_id": "UUW3W20AU"
    },
    {
        "client_msg_id": "a5f526d8-e7a4-4960-8d0e-ca20ad12a5ee",
        "type": "message",
        "text": "We have a check-in channel, and this general channel. If we want to keep the check-in channel just for checkins, we might want other channels. Since we aspire to work across groups, should they be project-based? Or should we just lump everything into general if it’s not a check-in? We don’t want a hundred channels but also don’t want one channel with a hundred things to pick through.",
        "user": "U0NSCMBR8",
        "ts": "1583430725.011300",
        "team": "T0D1XTUAD",
        "user_team": "T0D1XTUAD",
        "source_team": "T0D1XTUAD",
        "user_profile": {
            "avatar_hash": "28a69ac871a0",
            "image_72": "https:\/\/avatars.slack-edge.com\/2016-02-24\/22896597253_28a69ac871a00b39b963_72.jpg",
            "first_name": "Al",
            "real_name": "Al Boss",
            "display_name": "",
            "team": "T0D1XTUAD",
            "name": "alboss",
            "is_restricted": false,
            "is_ultra_restricted": false
        },
        "blocks": [
            {
                "type": "rich_text",
                "block_id": "er2J0",
                "elements": [
                    {
                        "type": "rich_text_section",
                        "elements": [
                            {
                                "type": "text",
                                "text": "We have a check-in channel, and this general channel. If we want to keep the check-in channel just for checkins, we might want other channels. Since we aspire to work across groups, should they be project-based? Or should we just lump everything into general if it’s not a check-in? We don’t want a hundred channels but also don’t want one channel with a hundred things to pick through."
                            }
                        ]
                    }
                ]
            }
        ]
    },
    {
        "client_msg_id": "f570b333-9127-44ec-a560-0558f3fab586",
        "type": "message",
        "text": "Feel free to create channels as you need them <https:\/\/slack.com\/help\/articles\/360017938993-What-is-a-channel>. We can always archive them if we no longer need them.",
        "user": "U0D1V0DPG",
        "ts": "1583431284.014200",
        "team": "T0D1XTUAD",
        "user_team": "T0D1XTUAD",
        "source_team": "T0D1XTUAD",
        "user_profile": {
            "avatar_hash": "444d12cac49a",
            "image_72": "https:\/\/avatars.slack-edge.com\/2020-04-20\/1073909907794_444d12cac49a8d89b527_72.png",
            "first_name": "Alex",
            "real_name": "Alex Aragon",
            "display_name": "Alex",
            "team": "T0D1XTUAD",
            "name": "alex.aragon",
            "is_restricted": false,
            "is_ultra_restricted": false
        },
        "attachments": [
            {
                "service_name": "Slack Help Center",
                "title": "What is a channel?",
                "title_link": "https:\/\/slack.com\/help\/articles\/360017938993-What-is-a-channel",
                "text": "In Slack, teamwork and communication happen in channels. A channel is a single place for a team to share messages, tools, and files. Read on to learn all about how to create, join, and use channel...",
                "fallback": "Slack Help Center: What is a channel?",
                "thumb_url": "https:\/\/a.slack-edge.com\/80588\/marketing\/img\/meta\/slack_hash_256.png",
                "from_url": "https:\/\/slack.com\/help\/articles\/360017938993-What-is-a-channel",
                "thumb_width": 256,
                "thumb_height": 256,
                "service_icon": "https:\/\/a.slack-edge.com\/80588\/marketing\/img\/meta\/favicon-32.png",
                "id": 1,
                "original_url": "https:\/\/slack.com\/help\/articles\/360017938993-What-is-a-channel"
            }
        ],
        "blocks": [
            {
                "type": "rich_text",
                "block_id": "X9U",
                "elements": [
                    {
                        "type": "rich_text_section",
                        "elements": [
                            {
                                "type": "text",
                                "text": "Feel free to create channels as you need them "
                            },
                            {
                                "type": "link",
                                "url": "https:\/\/slack.com\/help\/articles\/360017938993-What-is-a-channel"
                            },
                            {
                                "type": "text",
                                "text": ". We can always archive them if we no longer need them."
                            }
                        ]
                    }
                ]
            }
        ],
        "thread_ts": "1583431284.014200",
        "reply_count": 3,
        "reply_users_count": 2,
        "latest_reply": "1583431718.014800",
        "reply_users": [
            "U0NSCMBR8",
            "UUW3W20AU"
        ],
        "replies": [
            {
                "user": "U0NSCMBR8",
                "ts": "1583431524.014400"
            },
            {
                "user": "UUW3W20AU",
                "ts": "1583431609.014600"
            },
            {
                "user": "U0NSCMBR8",
                "ts": "1583431718.014800"
            }
        ],
        "subscribed": false,
        "reactions": [
            {
                "name": "+1",
                "users": [
                    "UTJQGG2MT"
                ],
                "count": 1
            }
        ]
    },
    {
        "client_msg_id": "1e2e0321-a5ec-47ae-9602-f875d8727a41",
        "type": "message",
        "text": "We can make a Chaddel, e.g. a special channel for the Chad meetings!",
        "user": "U0NSCMBR8",
        "ts": "1583431524.014400",
        "team": "T0D1XTUAD",
        "user_team": "T0D1XTUAD",
        "source_team": "T0D1XTUAD",
        "user_profile": {
            "avatar_hash": "28a69ac871a0",
            "image_72": "https:\/\/avatars.slack-edge.com\/2016-02-24\/22896597253_28a69ac871a00b39b963_72.jpg",
            "first_name": "Al",
            "real_name": "Al Boss",
            "display_name": "",
            "team": "T0D1XTUAD",
            "name": "alboss",
            "is_restricted": false,
            "is_ultra_restricted": false
        },
        "blocks": [
            {
                "type": "rich_text",
                "block_id": "CE+",
                "elements": [
                    {
                        "type": "rich_text_section",
                        "elements": [
                            {
                                "type": "text",
                                "text": "We can make a Chaddel, e.g. a special channel for the Chad meetings!"
                            }
                        ]
                    }
                ]
            }
        ],
        "thread_ts": "1583431284.014200",
        "parent_user_id": "U0D1V0DPG"
    },
    {
        "client_msg_id": "d118be5e-8ed0-48aa-af67-9eb77709c003",
        "type": "message",
        "text": "Also, a #sharktalk channel for Andrea.",
        "user": "UUW3W20AU",
        "ts": "1583431609.014600",
        "team": "T0D1XTUAD",
        "user_team": "T0D1XTUAD",
        "source_team": "T0D1XTUAD",
        "user_profile": {
            "avatar_hash": "0c87430f5419",
            "image_72": "https:\/\/avatars.slack-edge.com\/2020-03-04\/984414387030_0c87430f5419d7de3cea_72.jpg",
            "first_name": "Elizabeth",
            "real_name": "Elizabeth Inglese",
            "display_name": "Tish",
            "team": "T0D1XTUAD",
            "name": "einglese",
            "is_restricted": false,
            "is_ultra_restricted": false
        },
        "blocks": [
            {
                "type": "rich_text",
                "block_id": "miFA",
                "elements": [
                    {
                        "type": "rich_text_section",
                        "elements": [
                            {
                                "type": "text",
                                "text": "Also, a #sharktalk channel for Andrea."
                            }
                        ]
                    }
                ]
            }
        ],
        "thread_ts": "1583431284.014200",
        "parent_user_id": "U0D1V0DPG"
    },
    {
        "client_msg_id": "e47a66ea-1582-41c2-8ac4-07c7d8b6a895",
        "type": "message",
        "text": "<@UUW3W20AU> Done.",
        "user": "U0NSCMBR8",
        "ts": "1583431718.014800",
        "team": "T0D1XTUAD",
        "user_team": "T0D1XTUAD",
        "source_team": "T0D1XTUAD",
        "user_profile": {
            "avatar_hash": "28a69ac871a0",
            "image_72": "https:\/\/avatars.slack-edge.com\/2016-02-24\/22896597253_28a69ac871a00b39b963_72.jpg",
            "first_name": "Al",
            "real_name": "Al Boss",
            "display_name": "",
            "team": "T0D1XTUAD",
            "name": "alboss",
            "is_restricted": false,
            "is_ultra_restricted": false
        },
        "blocks": [
            {
                "type": "rich_text",
                "block_id": "oqsa",
                "elements": [
                    {
                        "type": "rich_text_section",
                        "elements": [
                            {
                                "type": "user",
                                "user_id": "UUW3W20AU"
                            },
                            {
                                "type": "text",
                                "text": " Done."
                            }
                        ]
                    }
                ]
            }
        ],
        "thread_ts": "1583431284.014200",
        "parent_user_id": "U0D1V0DPG"
    },
    {
        "type": "message",
        "subtype": "channel_join",
        "ts": "1583445605.015000",
        "user": "UUGC2FFGX",
        "text": "<@UUGC2FFGX> has joined the channel"
    },
    {
        "type": "message",
        "text": "Before I go full-on rogue, who needs to give me permission here in Slack to do this for <http:\/\/KC.gov|KC.gov>?",
        "files": [
            {
                "id": "FV12RF0NS",
                "created": 1583455978,
                "timestamp": 1583455978,
                "name": "permissions in slack.png",
                "title": "permissions in slack.png",
                "mimetype": "image\/png",
                "filetype": "png",
                "pretty_type": "PNG",
                "user": "UTJQGG2MT",
                "editable": false,
                "size": 72488,
                "mode": "hosted",
                "is_external": false,
                "external_type": "",
                "is_public": true,
                "public_url_shared": false,
                "display_as_bot": false,
                "username": "",
                "url_private": "https:\/\/files.slack.com\/files-pri\/T0D1XTUAD-FV12RF0NS\/permissions_in_slack.png?t=xoxe-13065946353-1831014033124-1821760734405-0591b3003861d046a3fe606fb5f44814",
                "url_private_download": "https:\/\/files.slack.com\/files-pri\/T0D1XTUAD-FV12RF0NS\/download\/permissions_in_slack.png?t=xoxe-13065946353-1831014033124-1821760734405-0591b3003861d046a3fe606fb5f44814",
                "thumb_64": "https:\/\/files.slack.com\/files-tmb\/T0D1XTUAD-FV12RF0NS-881287db62\/permissions_in_slack_64.png?t=xoxe-13065946353-1831014033124-1821760734405-0591b3003861d046a3fe606fb5f44814",
                "thumb_80": "https:\/\/files.slack.com\/files-tmb\/T0D1XTUAD-FV12RF0NS-881287db62\/permissions_in_slack_80.png?t=xoxe-13065946353-1831014033124-1821760734405-0591b3003861d046a3fe606fb5f44814",
                "thumb_360": "https:\/\/files.slack.com\/files-tmb\/T0D1XTUAD-FV12RF0NS-881287db62\/permissions_in_slack_360.png?t=xoxe-13065946353-1831014033124-1821760734405-0591b3003861d046a3fe606fb5f44814",
                "thumb_360_w": 325,
                "thumb_360_h": 360,
                "thumb_480": "https:\/\/files.slack.com\/files-tmb\/T0D1XTUAD-FV12RF0NS-881287db62\/permissions_in_slack_480.png?t=xoxe-13065946353-1831014033124-1821760734405-0591b3003861d046a3fe606fb5f44814",
                "thumb_480_w": 434,
                "thumb_480_h": 480,
                "thumb_160": "https:\/\/files.slack.com\/files-tmb\/T0D1XTUAD-FV12RF0NS-881287db62\/permissions_in_slack_160.png?t=xoxe-13065946353-1831014033124-1821760734405-0591b3003861d046a3fe606fb5f44814",
                "thumb_720": "https:\/\/files.slack.com\/files-tmb\/T0D1XTUAD-FV12RF0NS-881287db62\/permissions_in_slack_720.png?t=xoxe-13065946353-1831014033124-1821760734405-0591b3003861d046a3fe606fb5f44814",
                "thumb_720_w": 651,
                "thumb_720_h": 720,
                "image_exif_rotation": 1,
                "original_w": 697,
                "original_h": 771,
                "thumb_tiny": "AwAwACvRbdxtpP3mKcSR0GaQnIwV4PvQA3L55IGfpS\/vKTYDt+U\/L05qSgAGcDPWiiigBDSf56UrD3\/Wm49z\/wB9UAO5\/wAilpoHufzp1ABRRRQAhz2x+VJk+o\/KnUmKAEBPfH4CnZpCT\/dNLQAUUUUAf\/\/Z",
                "permalink": "https:\/\/kcwebteam.slack.com\/files\/UTJQGG2MT\/FV12RF0NS\/permissions_in_slack.png",
                "permalink_public": "https:\/\/slack-files.com\/T0D1XTUAD-FV12RF0NS-3459832c53",
                "is_starred": false,
                "has_rich_preview": false
            }
        ],
        "upload": true,
        "blocks": [
            {
                "type": "rich_text",
                "block_id": "Jbl",
                "elements": [
                    {
                        "type": "rich_text_section",
                        "elements": [
                            {
                                "type": "text",
                                "text": "Before I go full-on rogue, who needs to give me permission here in Slack to do this for "
                            },
                            {
                                "type": "link",
                                "url": "http:\/\/KC.gov",
                                "text": "KC.gov"
                            },
                            {
                                "type": "text",
                                "text": "?"
                            }
                        ]
                    }
                ]
            }
        ],
        "user": "UTJQGG2MT",
        "display_as_bot": false,
        "ts": "1583455982.015600",
        "client_msg_id": "6811b620-8507-4324-a57f-e173f428f9c0",
        "thread_ts": "1583455982.015600",
        "reply_count": 1,
        "reply_users_count": 1,
        "latest_reply": "1583456310.015900",
        "reply_users": [
            "U0D1W09V4"
        ],
        "replies": [
            {
                "user": "U0D1W09V4",
                "ts": "1583456310.015900"
            }
        ],
        "subscribed": false
    },
    {
        "client_msg_id": "40aa7ab7-44fd-4917-b3b6-a1f676a8c5f0",
        "type": "message",
        "text": "I’m not sure who’s still online, but fwiw it looks great to me!",
        "user": "U0D1W09V4",
        "ts": "1583456310.015900",
        "team": "T0D1XTUAD",
        "user_team": "T0D1XTUAD",
        "source_team": "T0D1XTUAD",
        "user_profile": {
            "avatar_hash": "69a03f210a7e",
            "image_72": "https:\/\/avatars.slack-edge.com\/2020-04-03\/1036225284226_69a03f210a7ec4e12108_72.jpg",
            "first_name": "Beth",
            "real_name": "Beth Cheatham",
            "display_name": "beth.cheatham",
            "team": "T0D1XTUAD",
            "name": "beth.cheatham",
            "is_restricted": false,
            "is_ultra_restricted": false
        },
        "blocks": [
            {
                "type": "rich_text",
                "block_id": "5EE",
                "elements": [
                    {
                        "type": "rich_text_section",
                        "elements": [
                            {
                                "type": "text",
                                "text": "I’m not sure who’s still online, but fwiw it looks great to me!"
                            }
                        ]
                    }
                ]
            }
        ],
        "thread_ts": "1583455982.015600",
        "parent_user_id": "UTJQGG2MT"
    },
    {
        "client_msg_id": "e75ca900-99eb-4a46-ab8d-54323464d281",
        "type": "message",
        "text": "Alex?",
        "user": "U33EUUGPJ",
        "ts": "1583458502.016300",
        "team": "T0D1XTUAD",
        "user_team": "T0D1XTUAD",
        "source_team": "T0D1XTUAD",
        "user_profile": {
            "avatar_hash": "93e290ec78c0",
            "image_72": "https:\/\/avatars.slack-edge.com\/2020-09-23\/1407669923328_93e290ec78c049e44d04_72.png",
            "first_name": "Andrey",
            "real_name": "Andrey Bakharev",
            "display_name": "Andrey Bakharev",
            "team": "T0D1XTUAD",
            "name": "andreybakharev",
            "is_restricted": false,
            "is_ultra_restricted": false
        },
        "blocks": [
            {
                "type": "rich_text",
                "block_id": "HMdFf",
                "elements": [
                    {
                        "type": "rich_text_section",
                        "elements": [
                            {
                                "type": "text",
                                "text": "Alex?"
                            }
                        ]
                    }
                ]
            }
        ],
        "reactions": [
            {
                "name": "+1",
                "users": [
                    "UTJQGG2MT"
                ],
                "count": 1
            }
        ]
    }
]