[
    {
        "client_msg_id": "361032da-2122-4c8a-b318-7a26df7d26bb",
        "type": "message",
        "text": "Oh wait, ... I preemptively clicked on this ... I thought you said \"Firefighters Calendar\" :rolling_on_the_floor_laughing:",
        "user": "UUW3W20AU",
        "ts": "1594055195.003200",
        "team": "T0D1XTUAD",
        "user_team": "T0D1XTUAD",
        "source_team": "T0D1XTUAD",
        "user_profile": {
            "avatar_hash": "0c87430f5419",
            "image_72": "https:\/\/avatars.slack-edge.com\/2020-03-04\/984414387030_0c87430f5419d7de3cea_72.jpg",
            "first_name": "Elizabeth",
            "real_name": "Elizabeth Inglese",
            "display_name": "Tish",
            "team": "T0D1XTUAD",
            "name": "einglese",
            "is_restricted": false,
            "is_ultra_restricted": false
        },
        "blocks": [
            {
                "type": "rich_text",
                "block_id": "ScB",
                "elements": [
                    {
                        "type": "rich_text_section",
                        "elements": [
                            {
                                "type": "text",
                                "text": "Oh wait, ... I preemptively clicked on this ... I thought you said \"Firefighters Calendar\" "
                            },
                            {
                                "type": "emoji",
                                "name": "rolling_on_the_floor_laughing"
                            }
                        ]
                    }
                ]
            }
        ],
        "thread_ts": "1593727726.000800",
        "parent_user_id": "U0NSCMBR8",
        "reactions": [
            {
                "name": "rolling_on_the_floor_laughing",
                "users": [
                    "U0NSCMBR8"
                ],
                "count": 1
            }
        ]
    },
    {
        "client_msg_id": "12a4c29f-931b-4db4-bee6-287698b6d0df",
        "type": "message",
        "text": "And they made it internally it seems with writing and illustrations by 2 Chiefs.",
        "user": "UUW3W20AU",
        "ts": "1594055354.003400",
        "team": "T0D1XTUAD",
        "user_team": "T0D1XTUAD",
        "source_team": "T0D1XTUAD",
        "user_profile": {
            "avatar_hash": "0c87430f5419",
            "image_72": "https:\/\/avatars.slack-edge.com\/2020-03-04\/984414387030_0c87430f5419d7de3cea_72.jpg",
            "first_name": "Elizabeth",
            "real_name": "Elizabeth Inglese",
            "display_name": "Tish",
            "team": "T0D1XTUAD",
            "name": "einglese",
            "is_restricted": false,
            "is_ultra_restricted": false
        },
        "blocks": [
            {
                "type": "rich_text",
                "block_id": "Mbr7c",
                "elements": [
                    {
                        "type": "rich_text_section",
                        "elements": [
                            {
                                "type": "text",
                                "text": "And they made it internally it seems with writing and illustrations by 2 Chiefs."
                            }
                        ]
                    }
                ]
            }
        ],
        "thread_ts": "1593727726.000800",
        "parent_user_id": "U0NSCMBR8"
    },
    {
        "client_msg_id": "a2971f64-451a-4a12-8575-4f393966041e",
        "type": "message",
        "text": "I live in constant fear that someone will decide there needs to be an IT Calendar.",
        "user": "U0NSCMBR8",
        "ts": "1594055889.003700",
        "team": "T0D1XTUAD",
        "user_team": "T0D1XTUAD",
        "source_team": "T0D1XTUAD",
        "user_profile": {
            "avatar_hash": "28a69ac871a0",
            "image_72": "https:\/\/avatars.slack-edge.com\/2016-02-24\/22896597253_28a69ac871a00b39b963_72.jpg",
            "first_name": "Al",
            "real_name": "Al Boss",
            "display_name": "",
            "team": "T0D1XTUAD",
            "name": "alboss",
            "is_restricted": false,
            "is_ultra_restricted": false
        },
        "blocks": [
            {
                "type": "rich_text",
                "block_id": "cSSy",
                "elements": [
                    {
                        "type": "rich_text_section",
                        "elements": [
                            {
                                "type": "text",
                                "text": "I live in constant fear that someone will decide there needs to be an IT Calendar."
                            }
                        ]
                    }
                ]
            }
        ],
        "thread_ts": "1593727726.000800",
        "parent_user_id": "U0NSCMBR8",
        "reactions": [
            {
                "name": "rolling_on_the_floor_laughing",
                "users": [
                    "UUW3W20AU"
                ],
                "count": 1
            }
        ]
    },
    {
        "type": "message",
        "text": "<@UUJNED77D> How concerned should I be that I still get a 404 (with no redirect to <https:\/\/tripplanner.kingcounty.gov\/#\/app\/tripplanning)on> a standard Chrome tab for <https:\/\/tripplanner.kingcounty.gov\/> ?",
        "files": [
            {
                "id": "F016LL9NS7P",
                "created": 1594104014,
                "timestamp": 1594104014,
                "name": "image.png",
                "title": "image.png",
                "mimetype": "image\/png",
                "filetype": "png",
                "pretty_type": "PNG",
                "user": "UTJQGG2MT",
                "editable": false,
                "size": 11948,
                "mode": "hosted",
                "is_external": false,
                "external_type": "",
                "is_public": true,
                "public_url_shared": false,
                "display_as_bot": false,
                "username": "",
                "url_private": "https:\/\/files.slack.com\/files-pri\/T0D1XTUAD-F016LL9NS7P\/image.png?t=xoxe-13065946353-1831014033124-1821760734405-0591b3003861d046a3fe606fb5f44814",
                "url_private_download": "https:\/\/files.slack.com\/files-pri\/T0D1XTUAD-F016LL9NS7P\/download\/image.png?t=xoxe-13065946353-1831014033124-1821760734405-0591b3003861d046a3fe606fb5f44814",
                "thumb_64": "https:\/\/files.slack.com\/files-tmb\/T0D1XTUAD-F016LL9NS7P-079aaa7d32\/image_64.png?t=xoxe-13065946353-1831014033124-1821760734405-0591b3003861d046a3fe606fb5f44814",
                "thumb_80": "https:\/\/files.slack.com\/files-tmb\/T0D1XTUAD-F016LL9NS7P-079aaa7d32\/image_80.png?t=xoxe-13065946353-1831014033124-1821760734405-0591b3003861d046a3fe606fb5f44814",
                "thumb_360": "https:\/\/files.slack.com\/files-tmb\/T0D1XTUAD-F016LL9NS7P-079aaa7d32\/image_360.png?t=xoxe-13065946353-1831014033124-1821760734405-0591b3003861d046a3fe606fb5f44814",
                "thumb_360_w": 360,
                "thumb_360_h": 101,
                "thumb_480": "https:\/\/files.slack.com\/files-tmb\/T0D1XTUAD-F016LL9NS7P-079aaa7d32\/image_480.png?t=xoxe-13065946353-1831014033124-1821760734405-0591b3003861d046a3fe606fb5f44814",
                "thumb_480_w": 480,
                "thumb_480_h": 135,
                "thumb_160": "https:\/\/files.slack.com\/files-tmb\/T0D1XTUAD-F016LL9NS7P-079aaa7d32\/image_160.png?t=xoxe-13065946353-1831014033124-1821760734405-0591b3003861d046a3fe606fb5f44814",
                "original_w": 520,
                "original_h": 146,
                "thumb_tiny": "AwANADDRz\/nNHb\/69OooAZj3\/WjuOfr81PooAb37fnQN2OQB+NOooA\/\/2Q==",
                "permalink": "https:\/\/kcwebteam.slack.com\/files\/UTJQGG2MT\/F016LL9NS7P\/image.png",
                "permalink_public": "https:\/\/slack-files.com\/T0D1XTUAD-F016LL9NS7P-80290d9e65",
                "is_starred": false,
                "has_rich_preview": false
            }
        ],
        "upload": false,
        "blocks": [
            {
                "type": "rich_text",
                "block_id": "Ws5Gc",
                "elements": [
                    {
                        "type": "rich_text_section",
                        "elements": [
                            {
                                "type": "user",
                                "user_id": "UUJNED77D"
                            },
                            {
                                "type": "text",
                                "text": " How concerned should I be that I still get a 404 (with no redirect to "
                            },
                            {
                                "type": "link",
                                "url": "https:\/\/tripplanner.kingcounty.gov\/#\/app\/tripplanning)on"
                            },
                            {
                                "type": "text",
                                "text": " a standard Chrome tab for "
                            },
                            {
                                "type": "link",
                                "url": "https:\/\/tripplanner.kingcounty.gov\/"
                            },
                            {
                                "type": "text",
                                "text": " ?"
                            }
                        ]
                    }
                ]
            }
        ],
        "user": "UTJQGG2MT",
        "display_as_bot": false,
        "ts": "1594104105.003900",
        "thread_ts": "1592861910.476700",
        "parent_user_id": "UTJQGG2MT"
    }
]