[
    {
        "client_msg_id": "AA95F425-4CE7-4F00-A821-607A9A8B38E6",
        "type": "message",
        "text": "<@U0D1W09V4> this is a great idea! Thank you for sharing. :slightly_smiling_face:",
        "user": "UUJNECG67",
        "ts": "1587800759.239500",
        "team": "T0D1XTUAD",
        "user_team": "T0D1XTUAD",
        "source_team": "T0D1XTUAD",
        "user_profile": {
            "avatar_hash": "3770b096c03c",
            "image_72": "https:\/\/avatars.slack-edge.com\/2020-08-27\/1329102233075_3770b096c03ccdfc53b6_72.png",
            "first_name": "Andrea",
            "real_name": "Andrea",
            "display_name": "Andrea",
            "team": "T0D1XTUAD",
            "name": "andrea.rouleau",
            "is_restricted": false,
            "is_ultra_restricted": false
        },
        "blocks": [
            {
                "type": "rich_text",
                "block_id": "v4x",
                "elements": [
                    {
                        "type": "rich_text_section",
                        "elements": [
                            {
                                "type": "user",
                                "user_id": "U0D1W09V4"
                            },
                            {
                                "type": "text",
                                "text": " this is a great idea! Thank you for sharing. "
                            },
                            {
                                "type": "emoji",
                                "name": "slightly_smiling_face"
                            }
                        ]
                    }
                ]
            }
        ]
    }
]