[
    {
        "client_msg_id": "f503e370-0916-4ad0-9310-25b9dc1d417d",
        "type": "message",
        "text": "Oh, my God, this is the most brilliant thing ever. It will be the best six minutes you have ever spent.\n\n<https:\/\/www.youtube.com\/watch?v=6_pru8U2RmM#action=share>",
        "user": "U0NSCMBR8",
        "ts": "1594832429.054700",
        "team": "T0D1XTUAD",
        "user_team": "T0D1XTUAD",
        "source_team": "T0D1XTUAD",
        "user_profile": {
            "avatar_hash": "28a69ac871a0",
            "image_72": "https:\/\/avatars.slack-edge.com\/2016-02-24\/22896597253_28a69ac871a00b39b963_72.jpg",
            "first_name": "Al",
            "real_name": "Al Boss",
            "display_name": "",
            "team": "T0D1XTUAD",
            "name": "alboss",
            "is_restricted": false,
            "is_ultra_restricted": false
        },
        "attachments": [
            {
                "service_name": "YouTube",
                "service_url": "https:\/\/www.youtube.com\/",
                "title": "The whole working-from-home thing — Apple",
                "title_link": "https:\/\/www.youtube.com\/watch?v=6_pru8U2RmM#action=share",
                "author_name": "Apple",
                "author_link": "https:\/\/www.youtube.com\/user\/Apple",
                "thumb_url": "https:\/\/i.ytimg.com\/vi\/6_pru8U2RmM\/hqdefault.jpg",
                "thumb_width": 480,
                "thumb_height": 360,
                "fallback": "YouTube Video: The whole working-from-home thing — Apple",
                "video_html": "<iframe width=\"400\" height=\"225\" src=\"https:\/\/www.youtube.com\/embed\/6_pru8U2RmM?feature=oembed&autoplay=1&iv_load_policy=3\" frameborder=\"0\" allow=\"accelerometer; autoplay; encrypted-media; gyroscope; picture-in-picture\" allowfullscreen><\/iframe>",
                "video_html_width": 400,
                "video_html_height": 225,
                "from_url": "https:\/\/www.youtube.com\/watch?v=6_pru8U2RmM#action=share",
                "service_icon": "https:\/\/a.slack-edge.com\/80588\/img\/unfurl_icons\/youtube.png",
                "id": 1,
                "original_url": "https:\/\/www.youtube.com\/watch?v=6_pru8U2RmM#action=share"
            }
        ],
        "blocks": [
            {
                "type": "rich_text",
                "block_id": "fZVR",
                "elements": [
                    {
                        "type": "rich_text_section",
                        "elements": [
                            {
                                "type": "text",
                                "text": "Oh, my God, this is the most brilliant thing ever. It will be the best six minutes you have ever spent.\n\n"
                            },
                            {
                                "type": "link",
                                "url": "https:\/\/www.youtube.com\/watch?v=6_pru8U2RmM#action=share"
                            }
                        ]
                    }
                ]
            }
        ],
        "thread_ts": "1594832429.054700",
        "reply_count": 8,
        "reply_users_count": 4,
        "latest_reply": "1594856755.059400",
        "reply_users": [
            "U5Y0B4XC3",
            "UUW3W20AU",
            "U0NSCMBR8",
            "UUJNED77D"
        ],
        "replies": [
            {
                "user": "U5Y0B4XC3",
                "ts": "1594835132.055500"
            },
            {
                "user": "UUW3W20AU",
                "ts": "1594835434.058000"
            },
            {
                "user": "U0NSCMBR8",
                "ts": "1594835592.058200"
            },
            {
                "user": "U0NSCMBR8",
                "ts": "1594835738.058500"
            },
            {
                "user": "UUW3W20AU",
                "ts": "1594835904.058800"
            },
            {
                "user": "UUJNED77D",
                "ts": "1594836137.059000"
            },
            {
                "user": "UUW3W20AU",
                "ts": "1594852935.059200"
            },
            {
                "user": "UUJNED77D",
                "ts": "1594856755.059400"
            }
        ],
        "subscribed": false,
        "reactions": [
            {
                "name": "+1",
                "users": [
                    "U7EP7P2JW",
                    "UT7A459JP",
                    "UUYA52R62"
                ],
                "count": 3
            },
            {
                "name": "rolling_on_the_floor_laughing",
                "users": [
                    "UUW3W20AU"
                ],
                "count": 1
            }
        ]
    },
    {
        "client_msg_id": "3d45e9c1-3dbd-43d3-9f3f-ca21697bf12c",
        "type": "message",
        "text": "This is hilarious!  Thanks for sharing.",
        "user": "UUYA52R62",
        "ts": "1594835132.055400",
        "team": "T0D1XTUAD",
        "user_team": "T0D1XTUAD",
        "source_team": "T0D1XTUAD",
        "user_profile": {
            "avatar_hash": "f531e7d6faab",
            "image_72": "https:\/\/avatars.slack-edge.com\/2020-03-04\/982723133077_f531e7d6faab4698e662_72.jpg",
            "first_name": "Laurel",
            "real_name": "Laurel Preston",
            "display_name": "Laurel Preston",
            "team": "T0D1XTUAD",
            "name": "laurel.preston",
            "is_restricted": false,
            "is_ultra_restricted": false
        },
        "blocks": [
            {
                "type": "rich_text",
                "block_id": "\/nlZ",
                "elements": [
                    {
                        "type": "rich_text_section",
                        "elements": [
                            {
                                "type": "text",
                                "text": "This is hilarious!  Thanks for sharing."
                            }
                        ]
                    }
                ]
            }
        ]
    },
    {
        "client_msg_id": "b58b3cd3-919d-4b2e-a85d-807ec7484fbb",
        "type": "message",
        "text": "OMG - I love this sooo much. Also is \"Sam\" Tish's doppelganger?\n\n<@U0NSCMBR8> - I apologize for 1 of my \"you're negative\" comments. The other one still stands, though (for now).",
        "user": "U5Y0B4XC3",
        "ts": "1594835132.055500",
        "team": "T0D1XTUAD",
        "user_team": "T0D1XTUAD",
        "source_team": "T0D1XTUAD",
        "user_profile": {
            "avatar_hash": "da718d235064",
            "image_72": "https:\/\/avatars.slack-edge.com\/2019-05-20\/629478633218_da718d2350648f939113_72.jpg",
            "first_name": "Pam",
            "real_name": "Pam Shales",
            "display_name": "Pam Shales",
            "team": "T0D1XTUAD",
            "name": "pshales",
            "is_restricted": false,
            "is_ultra_restricted": false
        },
        "blocks": [
            {
                "type": "rich_text",
                "block_id": "NQJq9",
                "elements": [
                    {
                        "type": "rich_text_section",
                        "elements": [
                            {
                                "type": "text",
                                "text": "OMG - I love this sooo much. Also is \"Sam\" Tish's doppelganger?\n\n"
                            },
                            {
                                "type": "user",
                                "user_id": "U0NSCMBR8"
                            },
                            {
                                "type": "text",
                                "text": " - I apologize for 1 of my \"you're negative\" comments. The other one still stands, though (for now)."
                            }
                        ]
                    }
                ]
            }
        ],
        "thread_ts": "1594832429.054700",
        "parent_user_id": "U0NSCMBR8"
    },
    {
        "client_msg_id": "c0dfe336-a267-4d30-9fc5-40fc464c2fc5",
        "type": "message",
        "text": "Loved it!",
        "user": "UT7A459JP",
        "ts": "1594835145.055800",
        "team": "T0D1XTUAD",
        "user_team": "T0D1XTUAD",
        "source_team": "T0D1XTUAD",
        "user_profile": {
            "avatar_hash": "gbfafb9b317c",
            "image_72": "https:\/\/secure.gravatar.com\/avatar\/bfafb9b317c9c503850c335c52e46161.jpg?s=72&d=https%3A%2F%2Fa.slack-edge.com%2Fdf10d%2Fimg%2Favatars%2Fava_0004-72.png",
            "first_name": "",
            "real_name": "Nick Pollock",
            "display_name": "Nick Pollock",
            "team": "T0D1XTUAD",
            "name": "npollock",
            "is_restricted": false,
            "is_ultra_restricted": false
        },
        "blocks": [
            {
                "type": "rich_text",
                "block_id": "hncdC",
                "elements": [
                    {
                        "type": "rich_text_section",
                        "elements": [
                            {
                                "type": "text",
                                "text": "Loved it!"
                            }
                        ]
                    }
                ]
            }
        ]
    },
    {
        "client_msg_id": "719081d1-95c8-4c75-b8ac-f5e08e478dce",
        "type": "message",
        "text": "\"Wait, is everyone wearing pants??\"",
        "user": "UT7A459JP",
        "ts": "1594835174.056200",
        "team": "T0D1XTUAD",
        "user_team": "T0D1XTUAD",
        "source_team": "T0D1XTUAD",
        "user_profile": {
            "avatar_hash": "gbfafb9b317c",
            "image_72": "https:\/\/secure.gravatar.com\/avatar\/bfafb9b317c9c503850c335c52e46161.jpg?s=72&d=https%3A%2F%2Fa.slack-edge.com%2Fdf10d%2Fimg%2Favatars%2Fava_0004-72.png",
            "first_name": "",
            "real_name": "Nick Pollock",
            "display_name": "Nick Pollock",
            "team": "T0D1XTUAD",
            "name": "npollock",
            "is_restricted": false,
            "is_ultra_restricted": false
        },
        "blocks": [
            {
                "type": "rich_text",
                "block_id": "Nd5c",
                "elements": [
                    {
                        "type": "rich_text_section",
                        "elements": [
                            {
                                "type": "text",
                                "text": "\"Wait, is everyone wearing pants??\""
                            }
                        ]
                    }
                ]
            }
        ],
        "thread_ts": "1594835174.056200",
        "reply_count": 4,
        "reply_users_count": 3,
        "latest_reply": "1594997040.064900",
        "reply_users": [
            "U0D1RV4N8",
            "U5Y0BDK51",
            "UUJNED77D"
        ],
        "replies": [
            {
                "user": "U0D1RV4N8",
                "ts": "1594937427.063300"
            },
            {
                "user": "U5Y0BDK51",
                "ts": "1594937467.063500"
            },
            {
                "user": "U0D1RV4N8",
                "ts": "1594937522.063700"
            },
            {
                "user": "UUJNED77D",
                "ts": "1594997040.064900"
            }
        ],
        "subscribed": false
    },
    {
        "client_msg_id": "1fd26ab2-a8cd-4909-a1fc-a50f5916e9d3",
        "type": "message",
        "text": "hahahaha <@U5Y0B4XC3> I was thinking that Sam rocked, haha\n\n<@U0NSCMBR8> that was brilliant!",
        "user": "UUW3W20AU",
        "ts": "1594835434.058000",
        "team": "T0D1XTUAD",
        "user_team": "T0D1XTUAD",
        "source_team": "T0D1XTUAD",
        "user_profile": {
            "avatar_hash": "0c87430f5419",
            "image_72": "https:\/\/avatars.slack-edge.com\/2020-03-04\/984414387030_0c87430f5419d7de3cea_72.jpg",
            "first_name": "Elizabeth",
            "real_name": "Elizabeth Inglese",
            "display_name": "Tish",
            "team": "T0D1XTUAD",
            "name": "einglese",
            "is_restricted": false,
            "is_ultra_restricted": false
        },
        "blocks": [
            {
                "type": "rich_text",
                "block_id": "8vY",
                "elements": [
                    {
                        "type": "rich_text_section",
                        "elements": [
                            {
                                "type": "text",
                                "text": "hahahaha "
                            },
                            {
                                "type": "user",
                                "user_id": "U5Y0B4XC3"
                            },
                            {
                                "type": "text",
                                "text": " I was thinking that Sam rocked, haha\n\n"
                            },
                            {
                                "type": "user",
                                "user_id": "U0NSCMBR8"
                            },
                            {
                                "type": "text",
                                "text": " that was brilliant!"
                            }
                        ]
                    }
                ]
            }
        ],
        "thread_ts": "1594832429.054700",
        "parent_user_id": "U0NSCMBR8"
    },
    {
        "client_msg_id": "60d94d35-f948-40da-9acd-40e077123a8b",
        "type": "message",
        "text": "<@U5Y0B4XC3> No worries; I deserve it.\n\n<@U5Y0B4XC3> <@UUW3W20AU> Who knew that Tish had a sister in IT support?",
        "user": "U0NSCMBR8",
        "ts": "1594835592.058200",
        "team": "T0D1XTUAD",
        "user_team": "T0D1XTUAD",
        "source_team": "T0D1XTUAD",
        "user_profile": {
            "avatar_hash": "28a69ac871a0",
            "image_72": "https:\/\/avatars.slack-edge.com\/2016-02-24\/22896597253_28a69ac871a00b39b963_72.jpg",
            "first_name": "Al",
            "real_name": "Al Boss",
            "display_name": "",
            "team": "T0D1XTUAD",
            "name": "alboss",
            "is_restricted": false,
            "is_ultra_restricted": false
        },
        "blocks": [
            {
                "type": "rich_text",
                "block_id": "q8mMF",
                "elements": [
                    {
                        "type": "rich_text_section",
                        "elements": [
                            {
                                "type": "user",
                                "user_id": "U5Y0B4XC3"
                            },
                            {
                                "type": "text",
                                "text": " No worries; I deserve it.\n\n"
                            },
                            {
                                "type": "user",
                                "user_id": "U5Y0B4XC3"
                            },
                            {
                                "type": "text",
                                "text": " "
                            },
                            {
                                "type": "user",
                                "user_id": "UUW3W20AU"
                            },
                            {
                                "type": "text",
                                "text": " Who knew that Tish had a sister in IT support?"
                            }
                        ]
                    }
                ]
            }
        ],
        "thread_ts": "1594832429.054700",
        "parent_user_id": "U0NSCMBR8"
    },
    {
        "client_msg_id": "4f0137c3-0410-48c9-9a61-a85f3238013a",
        "type": "message",
        "text": "After all the commercials about tech working seamlessly and life in no way encroaching on work-from-home, it was refreshing to see someone actually tell the truth.",
        "user": "U0NSCMBR8",
        "ts": "1594835738.058500",
        "team": "T0D1XTUAD",
        "user_team": "T0D1XTUAD",
        "source_team": "T0D1XTUAD",
        "user_profile": {
            "avatar_hash": "28a69ac871a0",
            "image_72": "https:\/\/avatars.slack-edge.com\/2016-02-24\/22896597253_28a69ac871a00b39b963_72.jpg",
            "first_name": "Al",
            "real_name": "Al Boss",
            "display_name": "",
            "team": "T0D1XTUAD",
            "name": "alboss",
            "is_restricted": false,
            "is_ultra_restricted": false
        },
        "blocks": [
            {
                "type": "rich_text",
                "block_id": "3aesz",
                "elements": [
                    {
                        "type": "rich_text_section",
                        "elements": [
                            {
                                "type": "text",
                                "text": "After all the commercials about tech working seamlessly and life in no way encroaching on work-from-home, it was refreshing to see someone actually tell the truth."
                            }
                        ]
                    }
                ]
            }
        ],
        "thread_ts": "1594832429.054700",
        "parent_user_id": "U0NSCMBR8"
    },
    {
        "client_msg_id": "cb383191-b594-45de-89d3-a6d262fe8f28",
        "type": "message",
        "text": "The actors played into the personas so well! ... Mike in Finance ... \"those are katanas\" hahaha",
        "user": "UUW3W20AU",
        "ts": "1594835904.058800",
        "team": "T0D1XTUAD",
        "user_team": "T0D1XTUAD",
        "source_team": "T0D1XTUAD",
        "user_profile": {
            "avatar_hash": "0c87430f5419",
            "image_72": "https:\/\/avatars.slack-edge.com\/2020-03-04\/984414387030_0c87430f5419d7de3cea_72.jpg",
            "first_name": "Elizabeth",
            "real_name": "Elizabeth Inglese",
            "display_name": "Tish",
            "team": "T0D1XTUAD",
            "name": "einglese",
            "is_restricted": false,
            "is_ultra_restricted": false
        },
        "blocks": [
            {
                "type": "rich_text",
                "block_id": "Rmx",
                "elements": [
                    {
                        "type": "rich_text_section",
                        "elements": [
                            {
                                "type": "text",
                                "text": "The actors played into the personas so well! ... Mike in Finance ... \"those are katanas\" hahaha"
                            }
                        ]
                    }
                ]
            }
        ],
        "thread_ts": "1594832429.054700",
        "parent_user_id": "U0NSCMBR8"
    },
    {
        "client_msg_id": "463f21c7-2c4b-41d6-a122-bb64efda4def",
        "type": "message",
        "text": "Pandora's Box is back.  Sam is like April in a cave.",
        "user": "UUJNED77D",
        "ts": "1594836137.059000",
        "team": "T0D1XTUAD",
        "user_team": "T0D1XTUAD",
        "source_team": "T0D1XTUAD",
        "user_profile": {
            "avatar_hash": "5f4a213e859b",
            "image_72": "https:\/\/avatars.slack-edge.com\/2020-03-04\/982713408789_5f4a213e859b7369a972_72.jpg",
            "first_name": "Fred",
            "real_name": "Fred Bentler",
            "display_name": "Fred Bentler",
            "team": "T0D1XTUAD",
            "name": "fred.bentler",
            "is_restricted": false,
            "is_ultra_restricted": false
        },
        "blocks": [
            {
                "type": "rich_text",
                "block_id": "kOXX",
                "elements": [
                    {
                        "type": "rich_text_section",
                        "elements": [
                            {
                                "type": "text",
                                "text": "Pandora's Box is back.  Sam is like April in a cave."
                            }
                        ]
                    }
                ]
            }
        ],
        "thread_ts": "1594832429.054700",
        "parent_user_id": "U0NSCMBR8"
    },
    {
        "client_msg_id": "7c256754-7614-4caa-bebb-3ffa64fb9290",
        "type": "message",
        "text": "<@UUJNED77D>, April Ludgate from Parks and Rec?",
        "user": "UUW3W20AU",
        "ts": "1594852935.059200",
        "team": "T0D1XTUAD",
        "user_team": "T0D1XTUAD",
        "source_team": "T0D1XTUAD",
        "user_profile": {
            "avatar_hash": "0c87430f5419",
            "image_72": "https:\/\/avatars.slack-edge.com\/2020-03-04\/984414387030_0c87430f5419d7de3cea_72.jpg",
            "first_name": "Elizabeth",
            "real_name": "Elizabeth Inglese",
            "display_name": "Tish",
            "team": "T0D1XTUAD",
            "name": "einglese",
            "is_restricted": false,
            "is_ultra_restricted": false
        },
        "blocks": [
            {
                "type": "rich_text",
                "block_id": "B2bw",
                "elements": [
                    {
                        "type": "rich_text_section",
                        "elements": [
                            {
                                "type": "user",
                                "user_id": "UUJNED77D"
                            },
                            {
                                "type": "text",
                                "text": ", April Ludgate from Parks and Rec?"
                            }
                        ]
                    }
                ]
            }
        ],
        "thread_ts": "1594832429.054700",
        "parent_user_id": "U0NSCMBR8"
    },
    {
        "client_msg_id": "48d32f9d-8215-4cdd-8fa7-40f97755cae1",
        "type": "message",
        "text": "<@UUW3W20AU> Yes, that April.  Just her mannerisms, not appearances.",
        "user": "UUJNED77D",
        "ts": "1594856755.059400",
        "team": "T0D1XTUAD",
        "user_team": "T0D1XTUAD",
        "source_team": "T0D1XTUAD",
        "user_profile": {
            "avatar_hash": "5f4a213e859b",
            "image_72": "https:\/\/avatars.slack-edge.com\/2020-03-04\/982713408789_5f4a213e859b7369a972_72.jpg",
            "first_name": "Fred",
            "real_name": "Fred Bentler",
            "display_name": "Fred Bentler",
            "team": "T0D1XTUAD",
            "name": "fred.bentler",
            "is_restricted": false,
            "is_ultra_restricted": false
        },
        "blocks": [
            {
                "type": "rich_text",
                "block_id": "o6KG",
                "elements": [
                    {
                        "type": "rich_text_section",
                        "elements": [
                            {
                                "type": "user",
                                "user_id": "UUW3W20AU"
                            },
                            {
                                "type": "text",
                                "text": " Yes, that April.  Just her mannerisms, not appearances."
                            }
                        ]
                    }
                ]
            }
        ],
        "thread_ts": "1594832429.054700",
        "parent_user_id": "U0NSCMBR8",
        "reactions": [
            {
                "name": "skull",
                "users": [
                    "UUW3W20AU"
                ],
                "count": 1
            }
        ]
    }
]