[
    {
        "client_msg_id": "51cc3de2-0e67-452b-bb2b-750b7f7256dc",
        "type": "message",
        "text": "This is the first really useful tool I've seen on Covid. Thanks, Al!",
        "user": "UTV659Z8X",
        "ts": "1597155894.102300",
        "team": "T0D1XTUAD",
        "user_team": "T0D1XTUAD",
        "source_team": "T0D1XTUAD",
        "user_profile": {
            "avatar_hash": "gcdcd1928542",
            "image_72": "https:\/\/secure.gravatar.com\/avatar\/cdcd1928542317a9b98db6f980dc1212.jpg?s=72&d=https%3A%2F%2Fa.slack-edge.com%2Fdf10d%2Fimg%2Favatars%2Fava_0021-72.png",
            "first_name": "",
            "real_name": "Joy Cordell",
            "display_name": "Joy Cordell",
            "team": "T0D1XTUAD",
            "name": "n-jcordell",
            "is_restricted": false,
            "is_ultra_restricted": false
        },
        "blocks": [
            {
                "type": "rich_text",
                "block_id": "1QV=o",
                "elements": [
                    {
                        "type": "rich_text_section",
                        "elements": [
                            {
                                "type": "text",
                                "text": "This is the first really useful tool I've seen on Covid. Thanks, Al!"
                            }
                        ]
                    }
                ]
            }
        ],
        "thread_ts": "1597107295.101500",
        "parent_user_id": "U0NSCMBR8"
    },
    {
        "client_msg_id": "df917f63-2bde-4871-85cd-1ed95fdb60b3",
        "type": "message",
        "text": "Nice to see that Amazon's founder started to give to charity... for such a good cause too.\n<https:\/\/www.geekwire.com\/2020\/jeff-bezos-forms-llc-may-signal-progress-mysterious-10-billion-climate-change-initiative\/>",
        "user": "UUJNED77D",
        "ts": "1597172765.103400",
        "team": "T0D1XTUAD",
        "user_team": "T0D1XTUAD",
        "source_team": "T0D1XTUAD",
        "user_profile": {
            "avatar_hash": "5f4a213e859b",
            "image_72": "https:\/\/avatars.slack-edge.com\/2020-03-04\/982713408789_5f4a213e859b7369a972_72.jpg",
            "first_name": "Fred",
            "real_name": "Fred Bentler",
            "display_name": "Fred Bentler",
            "team": "T0D1XTUAD",
            "name": "fred.bentler",
            "is_restricted": false,
            "is_ultra_restricted": false
        },
        "attachments": [
            {
                "service_name": "GeekWire",
                "title": "Jeff Bezos forms LLC that may signal progress on mysterious $10 billion climate change initiative",
                "title_link": "https:\/\/www.geekwire.com\/2020\/jeff-bezos-forms-llc-may-signal-progress-mysterious-10-billion-climate-change-initiative\/",
                "text": "Amazon CEO Jeff Bezos has remained tight-lipped about his $10 billion climate change initiative since announcing it six months ago. But documents unearthed by Recode hint at how the program could be…",
                "fallback": "GeekWire: Jeff Bezos forms LLC that may signal progress on mysterious $10 billion climate change initiative",
                "image_url": "https:\/\/cdn.geekwire.com\/wp-content\/uploads\/2019\/09\/Pic_1.jpg",
                "image_width": 375,
                "image_height": 250,
                "ts": 1596826020,
                "from_url": "https:\/\/www.geekwire.com\/2020\/jeff-bezos-forms-llc-may-signal-progress-mysterious-10-billion-climate-change-initiative\/",
                "image_bytes": 1970292,
                "service_icon": "https:\/\/www.geekwire.com\/apple-touch-icon-57x57.png",
                "id": 1,
                "original_url": "https:\/\/www.geekwire.com\/2020\/jeff-bezos-forms-llc-may-signal-progress-mysterious-10-billion-climate-change-initiative\/"
            }
        ],
        "blocks": [
            {
                "type": "rich_text",
                "block_id": "lJJQ",
                "elements": [
                    {
                        "type": "rich_text_section",
                        "elements": [
                            {
                                "type": "text",
                                "text": "Nice to see that Amazon's founder started to give to charity... for such a good cause too.\n"
                            },
                            {
                                "type": "link",
                                "url": "https:\/\/www.geekwire.com\/2020\/jeff-bezos-forms-llc-may-signal-progress-mysterious-10-billion-climate-change-initiative\/"
                            }
                        ]
                    }
                ]
            }
        ],
        "thread_ts": "1597172765.103400",
        "reply_count": 4,
        "reply_users_count": 4,
        "latest_reply": "1597271406.106600",
        "reply_users": [
            "UTJQGG2MT",
            "U0NSCMBR8",
            "U7EP7P2JW",
            "UUJNED77D"
        ],
        "replies": [
            {
                "user": "UTJQGG2MT",
                "ts": "1597172989.103800"
            },
            {
                "user": "U0NSCMBR8",
                "ts": "1597174847.104200"
            },
            {
                "user": "U7EP7P2JW",
                "ts": "1597176918.104400"
            },
            {
                "user": "UUJNED77D",
                "ts": "1597271406.106600"
            }
        ],
        "subscribed": false
    },
    {
        "type": "message",
        "text": "If you scroll all the way to the end, there's leaked footage of what the Bezos Earth Fund is working on :upside_down_face:",
        "files": [
            {
                "id": "F019CLLTZL0",
                "created": 1597172948,
                "timestamp": 1597172948,
                "name": "Axiom_Orbit.jpg",
                "title": "Axiom_Orbit.jpg",
                "mimetype": "image\/jpeg",
                "filetype": "jpg",
                "pretty_type": "JPEG",
                "user": "UTJQGG2MT",
                "editable": false,
                "size": 13548,
                "mode": "hosted",
                "is_external": false,
                "external_type": "",
                "is_public": true,
                "public_url_shared": false,
                "display_as_bot": false,
                "username": "",
                "url_private": "https:\/\/files.slack.com\/files-pri\/T0D1XTUAD-F019CLLTZL0\/axiom_orbit.jpg?t=xoxe-13065946353-1831014033124-1821760734405-0591b3003861d046a3fe606fb5f44814",
                "url_private_download": "https:\/\/files.slack.com\/files-pri\/T0D1XTUAD-F019CLLTZL0\/download\/axiom_orbit.jpg?t=xoxe-13065946353-1831014033124-1821760734405-0591b3003861d046a3fe606fb5f44814",
                "thumb_64": "https:\/\/files.slack.com\/files-tmb\/T0D1XTUAD-F019CLLTZL0-c19f28a377\/axiom_orbit_64.jpg?t=xoxe-13065946353-1831014033124-1821760734405-0591b3003861d046a3fe606fb5f44814",
                "thumb_80": "https:\/\/files.slack.com\/files-tmb\/T0D1XTUAD-F019CLLTZL0-c19f28a377\/axiom_orbit_80.jpg?t=xoxe-13065946353-1831014033124-1821760734405-0591b3003861d046a3fe606fb5f44814",
                "thumb_360": "https:\/\/files.slack.com\/files-tmb\/T0D1XTUAD-F019CLLTZL0-c19f28a377\/axiom_orbit_360.jpg?t=xoxe-13065946353-1831014033124-1821760734405-0591b3003861d046a3fe606fb5f44814",
                "thumb_360_w": 340,
                "thumb_360_h": 255,
                "thumb_160": "https:\/\/files.slack.com\/files-tmb\/T0D1XTUAD-F019CLLTZL0-c19f28a377\/axiom_orbit_160.jpg?t=xoxe-13065946353-1831014033124-1821760734405-0591b3003861d046a3fe606fb5f44814",
                "original_w": 340,
                "original_h": 255,
                "thumb_tiny": "AwAkADCC5JCgCqjZ3HNWJmdnIXpTUjA5fk\/WmxsiVSx4BNPaCQDOwkeoFTAjPPSpVmA4yR9KBFAqR1BFFasdwoG2UEg98VVu4oPvwtt9VI4\/CkBFJnG4HFNSXB+YZFSuMrg1XcAHAqnoNomEo9f0p+7NVlbac4B+tSh1IyRwKQhxZc8kVHMwZsKcgUkjhuFAx64qOkBdcfLnvVaQdDVp\/uVVk6CqZTI6duOzHam0vY1JIlFFFAH\/2Q==",
                "permalink": "https:\/\/kcwebteam.slack.com\/files\/UTJQGG2MT\/F019CLLTZL0\/axiom_orbit.jpg",
                "permalink_public": "https:\/\/slack-files.com\/T0D1XTUAD-F019CLLTZL0-b5bd2f40b3",
                "is_starred": false,
                "has_rich_preview": false
            }
        ],
        "upload": false,
        "blocks": [
            {
                "type": "rich_text",
                "block_id": "7Ik",
                "elements": [
                    {
                        "type": "rich_text_section",
                        "elements": [
                            {
                                "type": "text",
                                "text": "If you scroll all the way to the end, there's leaked footage of what the Bezos Earth Fund is working on "
                            },
                            {
                                "type": "emoji",
                                "name": "upside_down_face"
                            }
                        ]
                    }
                ]
            }
        ],
        "user": "UTJQGG2MT",
        "display_as_bot": false,
        "ts": "1597172989.103800",
        "thread_ts": "1597172765.103400",
        "parent_user_id": "UUJNED77D"
    },
    {
        "client_msg_id": "780e8ac9-d841-4a8a-8ca6-b2f8f0cb3820",
        "type": "message",
        "text": "They would go for the luxury liner.",
        "user": "U0NSCMBR8",
        "ts": "1597174847.104200",
        "team": "T0D1XTUAD",
        "user_team": "T0D1XTUAD",
        "source_team": "T0D1XTUAD",
        "user_profile": {
            "avatar_hash": "28a69ac871a0",
            "image_72": "https:\/\/avatars.slack-edge.com\/2016-02-24\/22896597253_28a69ac871a00b39b963_72.jpg",
            "first_name": "Al",
            "real_name": "Al Boss",
            "display_name": "",
            "team": "T0D1XTUAD",
            "name": "alboss",
            "is_restricted": false,
            "is_ultra_restricted": false
        },
        "blocks": [
            {
                "type": "rich_text",
                "block_id": "S+03w",
                "elements": [
                    {
                        "type": "rich_text_section",
                        "elements": [
                            {
                                "type": "text",
                                "text": "They would go for the luxury liner."
                            }
                        ]
                    }
                ]
            }
        ],
        "thread_ts": "1597172765.103400",
        "parent_user_id": "UUJNED77D"
    },
    {
        "client_msg_id": "7f292955-ad1c-49e5-a9ff-2b9043c1cad4",
        "type": "message",
        "text": "MacKenzie Scott\n<https:\/\/www.businessinsider.com\/mackenzie-scott-donates-17-billion-of-her-wealth-since-split-with-jeff-bezos-2020-7>",
        "user": "U7EP7P2JW",
        "ts": "1597176918.104400",
        "team": "T0D1XTUAD",
        "user_team": "T0D1XTUAD",
        "source_team": "T0D1XTUAD",
        "user_profile": {
            "avatar_hash": "7fac73a9f68f",
            "image_72": "https:\/\/avatars.slack-edge.com\/2020-11-05\/1503307917168_7fac73a9f68f9db6dfe6_72.png",
            "first_name": "Rebecca",
            "real_name": "Rebecca Watson",
            "display_name": "rebecca",
            "team": "T0D1XTUAD",
            "name": "rebecca.watson",
            "is_restricted": false,
            "is_ultra_restricted": false
        },
        "edited": {
            "user": "U7EP7P2JW",
            "ts": "1597176949.000000"
        },
        "attachments": [
            {
                "service_name": "Business Insider",
                "title": "Jeff Bezos' ex-wife MacKenzie has donated $1.7 billion of her wealth since their divorce and taken a new last name",
                "title_link": "https:\/\/www.businessinsider.com\/mackenzie-scott-donates-17-billion-of-her-wealth-since-split-with-jeff-bezos-2020-7",
                "text": "In a blog post on Tuesday, MacKenzie Scott announced she has donated $1.7 billion to 116 organizations.",
                "fallback": "Business Insider: Jeff Bezos' ex-wife MacKenzie has donated $1.7 billion of her wealth since their divorce and taken a new last name",
                "image_url": "https:\/\/i.insider.com\/5aea16e819ee864b008b47e5?width=1200&format=jpeg",
                "from_url": "https:\/\/www.businessinsider.com\/mackenzie-scott-donates-17-billion-of-her-wealth-since-split-with-jeff-bezos-2020-7",
                "image_width": 500,
                "image_height": 250,
                "image_bytes": 71532,
                "service_icon": "http:\/\/www.businessinsider.com\/public\/assets\/BI\/US\/favicons\/apple-touch-icon.png?12-31-19",
                "id": 1,
                "original_url": "https:\/\/www.businessinsider.com\/mackenzie-scott-donates-17-billion-of-her-wealth-since-split-with-jeff-bezos-2020-7"
            }
        ],
        "blocks": [
            {
                "type": "rich_text",
                "block_id": "Ueg4\/",
                "elements": [
                    {
                        "type": "rich_text_section",
                        "elements": [
                            {
                                "type": "text",
                                "text": "MacKenzie Scott\n"
                            },
                            {
                                "type": "link",
                                "url": "https:\/\/www.businessinsider.com\/mackenzie-scott-donates-17-billion-of-her-wealth-since-split-with-jeff-bezos-2020-7"
                            }
                        ]
                    }
                ]
            }
        ],
        "thread_ts": "1597172765.103400",
        "parent_user_id": "UUJNED77D"
    }
]