[
    {
        "client_msg_id": "4e1f0c1c-2202-4c67-a967-8c37cf6d383c",
        "type": "message",
        "text": "*King County website is down* again. I haven't received confirmation from our uptime checker yet though.",
        "user": "UUJNED77D",
        "ts": "1602091380.091100",
        "team": "T0D1XTUAD",
        "user_team": "T0D1XTUAD",
        "source_team": "T0D1XTUAD",
        "user_profile": {
            "avatar_hash": "5f4a213e859b",
            "image_72": "https:\/\/avatars.slack-edge.com\/2020-03-04\/982713408789_5f4a213e859b7369a972_72.jpg",
            "first_name": "Fred",
            "real_name": "Fred Bentler",
            "display_name": "Fred Bentler",
            "team": "T0D1XTUAD",
            "name": "fred.bentler",
            "is_restricted": false,
            "is_ultra_restricted": false
        },
        "blocks": [
            {
                "type": "rich_text",
                "block_id": "SDIK",
                "elements": [
                    {
                        "type": "rich_text_section",
                        "elements": [
                            {
                                "type": "text",
                                "text": "King County website is down",
                                "style": {
                                    "bold": true
                                }
                            },
                            {
                                "type": "text",
                                "text": " again. I haven't received confirmation from our uptime checker yet though."
                            }
                        ]
                    }
                ]
            }
        ]
    },
    {
        "client_msg_id": "f237a9f7-23fc-4ccf-a200-232f785e45e1",
        "type": "message",
        "text": "It appears to be a problem with the bridge template search returning <https:\/\/503.kingcounty.gov\/>; I saw problems elsewhere but think that was due to Sitecore cookies and not being logged in as an editor.",
        "user": "UUJNED77D",
        "ts": "1602092034.092300",
        "team": "T0D1XTUAD",
        "user_team": "T0D1XTUAD",
        "source_team": "T0D1XTUAD",
        "user_profile": {
            "avatar_hash": "5f4a213e859b",
            "image_72": "https:\/\/avatars.slack-edge.com\/2020-03-04\/982713408789_5f4a213e859b7369a972_72.jpg",
            "first_name": "Fred",
            "real_name": "Fred Bentler",
            "display_name": "Fred Bentler",
            "team": "T0D1XTUAD",
            "name": "fred.bentler",
            "is_restricted": false,
            "is_ultra_restricted": false
        },
        "attachments": [
            {
                "title": "King County, Washington",
                "title_link": "https:\/\/503.kingcounty.gov\/",
                "text": "503 Error - Maintenance page",
                "fallback": "King County, Washington",
                "thumb_url": "https:\/\/503kingcounty.files.wordpress.com\/2018\/09\/cropped-kclogo-wp-icon.png?w=200",
                "from_url": "https:\/\/503.kingcounty.gov\/",
                "thumb_width": 200,
                "thumb_height": 200,
                "service_icon": "https:\/\/503kingcounty.files.wordpress.com\/2018\/09\/cropped-kclogo-wp-icon.png?w=180",
                "service_name": "King County, Washington",
                "id": 1,
                "original_url": "https:\/\/503.kingcounty.gov\/"
            }
        ],
        "blocks": [
            {
                "type": "rich_text",
                "block_id": "UIrTP",
                "elements": [
                    {
                        "type": "rich_text_section",
                        "elements": [
                            {
                                "type": "text",
                                "text": "It appears to be a problem with the bridge template search returning "
                            },
                            {
                                "type": "link",
                                "url": "https:\/\/503.kingcounty.gov\/"
                            },
                            {
                                "type": "text",
                                "text": "; I saw problems elsewhere but think that was due to Sitecore cookies and not being logged in as an editor."
                            }
                        ]
                    }
                ]
            }
        ]
    },
    {
        "client_msg_id": "414b14c0-5c0f-4f7f-8fe4-44bed8dd4559",
        "type": "message",
        "text": "It seems to be working okay for me",
        "user": "U0NSCMBR8",
        "ts": "1602092726.092700",
        "team": "T0D1XTUAD",
        "user_team": "T0D1XTUAD",
        "source_team": "T0D1XTUAD",
        "user_profile": {
            "avatar_hash": "28a69ac871a0",
            "image_72": "https:\/\/avatars.slack-edge.com\/2016-02-24\/22896597253_28a69ac871a00b39b963_72.jpg",
            "first_name": "Al",
            "real_name": "Al Boss",
            "display_name": "",
            "team": "T0D1XTUAD",
            "name": "alboss",
            "is_restricted": false,
            "is_ultra_restricted": false
        },
        "blocks": [
            {
                "type": "rich_text",
                "block_id": "4QJCJ",
                "elements": [
                    {
                        "type": "rich_text_section",
                        "elements": [
                            {
                                "type": "text",
                                "text": "It seems to be working okay for me"
                            }
                        ]
                    }
                ]
            }
        ]
    },
    {
        "client_msg_id": "51a968f0-e0fb-48d8-a133-0ecf2eed2b8f",
        "type": "message",
        "text": "Me too",
        "user": "U5Y0BDK51",
        "ts": "1602092863.092900",
        "team": "T0D1XTUAD",
        "user_team": "T0D1XTUAD",
        "source_team": "T0D1XTUAD",
        "user_profile": {
            "avatar_hash": "8ead721adcae",
            "image_72": "https:\/\/avatars.slack-edge.com\/2020-02-27\/973218989973_8ead721adcae603f0609_72.jpg",
            "first_name": "Marisa",
            "real_name": "Marisa Mellema",
            "display_name": "Marisa Mellema",
            "team": "T0D1XTUAD",
            "name": "marisam",
            "is_restricted": false,
            "is_ultra_restricted": false
        },
        "blocks": [
            {
                "type": "rich_text",
                "block_id": "rnRaR",
                "elements": [
                    {
                        "type": "rich_text_section",
                        "elements": [
                            {
                                "type": "text",
                                "text": "Me too"
                            }
                        ]
                    }
                ]
            }
        ]
    },
    {
        "client_msg_id": "994d9729-3944-4ddf-a2ef-8cc4c4415264",
        "type": "message",
        "text": "Visit <https:\/\/www5.kingcounty.gov\/kcgisreports\/dd_report.aspx?PIN=8570900242> or <https:\/\/gismaps.kingcounty.gov\/parcelviewer2\/\/?pin=8570900242> and try the search.  On the resulting 503 page I made the mistake of clicking the logo, which is self-referential.  Then I checked a <http:\/\/kingcounty.gov|kingcounty.gov> page directly in chrome and images did not display.  Until I logged in to <http:\/\/edit.kingcounty.gov|edit.kingcounty.gov>. :slightly_smiling_face:",
        "user": "UUJNED77D",
        "ts": "1602093149.095600",
        "team": "T0D1XTUAD",
        "user_team": "T0D1XTUAD",
        "source_team": "T0D1XTUAD",
        "user_profile": {
            "avatar_hash": "5f4a213e859b",
            "image_72": "https:\/\/avatars.slack-edge.com\/2020-03-04\/982713408789_5f4a213e859b7369a972_72.jpg",
            "first_name": "Fred",
            "real_name": "Fred Bentler",
            "display_name": "Fred Bentler",
            "team": "T0D1XTUAD",
            "name": "fred.bentler",
            "is_restricted": false,
            "is_ultra_restricted": false
        },
        "blocks": [
            {
                "type": "rich_text",
                "block_id": "OAXmM",
                "elements": [
                    {
                        "type": "rich_text_section",
                        "elements": [
                            {
                                "type": "text",
                                "text": "Visit "
                            },
                            {
                                "type": "link",
                                "url": "https:\/\/www5.kingcounty.gov\/kcgisreports\/dd_report.aspx?PIN=8570900242"
                            },
                            {
                                "type": "text",
                                "text": " or "
                            },
                            {
                                "type": "link",
                                "url": "https:\/\/gismaps.kingcounty.gov\/parcelviewer2\/\/?pin=8570900242"
                            },
                            {
                                "type": "text",
                                "text": " and try the search.  On the resulting 503 page I made the mistake of clicking the logo, which is self-referential.  Then I checked a "
                            },
                            {
                                "type": "link",
                                "url": "http:\/\/kingcounty.gov",
                                "text": "kingcounty.gov"
                            },
                            {
                                "type": "text",
                                "text": " page directly in chrome and images did not display.  Until I logged in to "
                            },
                            {
                                "type": "link",
                                "url": "http:\/\/edit.kingcounty.gov",
                                "text": "edit.kingcounty.gov"
                            },
                            {
                                "type": "text",
                                "text": ". "
                            },
                            {
                                "type": "emoji",
                                "name": "slightly_smiling_face"
                            }
                        ]
                    }
                ]
            }
        ]
    },
    {
        "client_msg_id": "a36ec709-0f16-4fc3-a9cf-bc30f554d1d9",
        "type": "message",
        "text": "I learned about a racist and awful sounding Zoom bombing in last night’s Skyway-West Hill Community Service Area town hall meeting. I guess the meeting organizers published the Zoom meeting ID code and didn't require a password.",
        "user": "UUL14UHHP",
        "ts": "1602110499.097900",
        "team": "T0D1XTUAD",
        "user_team": "T0D1XTUAD",
        "source_team": "T0D1XTUAD",
        "user_profile": {
            "avatar_hash": "0662c2f07684",
            "image_72": "https:\/\/avatars.slack-edge.com\/2020-03-04\/982524968624_0662c2f07684e471e99d_72.png",
            "first_name": "Wendy",
            "real_name": "Wendy Gable Collins",
            "display_name": "Wendy",
            "team": "T0D1XTUAD",
            "name": "wendy.collins",
            "is_restricted": false,
            "is_ultra_restricted": false
        },
        "blocks": [
            {
                "type": "rich_text",
                "block_id": "aC0J",
                "elements": [
                    {
                        "type": "rich_text_section",
                        "elements": [
                            {
                                "type": "text",
                                "text": "I learned about a racist and awful sounding Zoom bombing in last night’s Skyway-West Hill Community Service Area town hall meeting. I guess the meeting organizers published the Zoom meeting ID code and didn't require a password."
                            }
                        ]
                    }
                ]
            }
        ],
        "thread_ts": "1602110499.097900",
        "reply_count": 2,
        "reply_users_count": 2,
        "latest_reply": "1602111934.103600",
        "reply_users": [
            "U0NSCMBR8",
            "UUW3W20AU"
        ],
        "replies": [
            {
                "user": "U0NSCMBR8",
                "ts": "1602110876.103300"
            },
            {
                "user": "UUW3W20AU",
                "ts": "1602111934.103600"
            }
        ],
        "subscribed": false,
        "reactions": [
            {
                "name": "face_with_rolling_eyes",
                "users": [
                    "UUW3W20AU"
                ],
                "count": 1
            },
            {
                "name": "disappointed",
                "users": [
                    "U7EP7P2JW"
                ],
                "count": 1
            }
        ]
    },
    {
        "client_msg_id": "5BEDBBD3-58BB-453A-B987-7976EAA80FB3",
        "type": "message",
        "text": "That’s awful!\n\nEven though we don’t screen people at in-person public meetings (remember those?) and don’t require identification, or a special key or pass to get in, there is an inability to hide your face and a level of effort to show up—both of which seem to tamp down on the socially reprehensible. It’s a lot easier, mentally, for someone to be a terrible person online, and I don’t think everyone has figured that out or identified a good way to deal with it.",
        "user": "U0NSCMBR8",
        "ts": "1602110876.103300",
        "team": "T0D1XTUAD",
        "user_team": "T0D1XTUAD",
        "source_team": "T0D1XTUAD",
        "user_profile": {
            "avatar_hash": "28a69ac871a0",
            "image_72": "https:\/\/avatars.slack-edge.com\/2016-02-24\/22896597253_28a69ac871a00b39b963_72.jpg",
            "first_name": "Al",
            "real_name": "Al Boss",
            "display_name": "",
            "team": "T0D1XTUAD",
            "name": "alboss",
            "is_restricted": false,
            "is_ultra_restricted": false
        },
        "blocks": [
            {
                "type": "rich_text",
                "block_id": "tSsi",
                "elements": [
                    {
                        "type": "rich_text_section",
                        "elements": [
                            {
                                "type": "text",
                                "text": "That’s awful!\n\n"
                            },
                            {
                                "type": "text",
                                "text": "Even though we don’t screen people at in-person public meetings (remember those?) and don’t require identification, or a special key or pass to get in, there is an inability to hide your face and a level of effort to show up—both of which seem to tamp down on the socially reprehensible. It’s a lot easier, mentally, for someone to be a terrible person online, and I don’t think everyone has figured that out or identified a good way to deal with it."
                            }
                        ]
                    }
                ]
            }
        ],
        "thread_ts": "1602110499.097900",
        "parent_user_id": "UUL14UHHP"
    },
    {
        "client_msg_id": "fdde1e4c-6101-436d-a8fb-d239214c82cf",
        "type": "message",
        "text": "Ugh ... Zoom has become yet another platform for those who seek to cause harm.",
        "user": "UUW3W20AU",
        "ts": "1602111934.103600",
        "team": "T0D1XTUAD",
        "user_team": "T0D1XTUAD",
        "source_team": "T0D1XTUAD",
        "user_profile": {
            "avatar_hash": "0c87430f5419",
            "image_72": "https:\/\/avatars.slack-edge.com\/2020-03-04\/984414387030_0c87430f5419d7de3cea_72.jpg",
            "first_name": "Elizabeth",
            "real_name": "Elizabeth Inglese",
            "display_name": "Tish",
            "team": "T0D1XTUAD",
            "name": "einglese",
            "is_restricted": false,
            "is_ultra_restricted": false
        },
        "blocks": [
            {
                "type": "rich_text",
                "block_id": "VHt",
                "elements": [
                    {
                        "type": "rich_text_section",
                        "elements": [
                            {
                                "type": "text",
                                "text": "Ugh ... Zoom has become yet another platform for those who seek to cause harm."
                            }
                        ]
                    }
                ]
            }
        ],
        "thread_ts": "1602110499.097900",
        "parent_user_id": "UUL14UHHP"
    }
]