[
    {
        "type": "message",
        "text": "",
        "files": [
            {
                "id": "F01CXC8JC0M",
                "created": 1603264310,
                "timestamp": 1603264310,
                "name": "Image from iOS.jpg",
                "title": "Image from iOS",
                "mimetype": "image\/jpeg",
                "filetype": "jpg",
                "pretty_type": "JPEG",
                "user": "UUJNECG67",
                "editable": false,
                "size": 141481,
                "mode": "hosted",
                "is_external": false,
                "external_type": "",
                "is_public": true,
                "public_url_shared": false,
                "display_as_bot": false,
                "username": "",
                "url_private": "https:\/\/files.slack.com\/files-pri\/T0D1XTUAD-F01CXC8JC0M\/image_from_ios.jpg?t=xoxe-13065946353-1831014033124-1821760734405-0591b3003861d046a3fe606fb5f44814",
                "url_private_download": "https:\/\/files.slack.com\/files-pri\/T0D1XTUAD-F01CXC8JC0M\/download\/image_from_ios.jpg?t=xoxe-13065946353-1831014033124-1821760734405-0591b3003861d046a3fe606fb5f44814",
                "thumb_64": "https:\/\/files.slack.com\/files-tmb\/T0D1XTUAD-F01CXC8JC0M-c63f203951\/image_from_ios_64.jpg?t=xoxe-13065946353-1831014033124-1821760734405-0591b3003861d046a3fe606fb5f44814",
                "thumb_80": "https:\/\/files.slack.com\/files-tmb\/T0D1XTUAD-F01CXC8JC0M-c63f203951\/image_from_ios_80.jpg?t=xoxe-13065946353-1831014033124-1821760734405-0591b3003861d046a3fe606fb5f44814",
                "thumb_360": "https:\/\/files.slack.com\/files-tmb\/T0D1XTUAD-F01CXC8JC0M-c63f203951\/image_from_ios_360.jpg?t=xoxe-13065946353-1831014033124-1821760734405-0591b3003861d046a3fe606fb5f44814",
                "thumb_360_w": 289,
                "thumb_360_h": 360,
                "thumb_480": "https:\/\/files.slack.com\/files-tmb\/T0D1XTUAD-F01CXC8JC0M-c63f203951\/image_from_ios_480.jpg?t=xoxe-13065946353-1831014033124-1821760734405-0591b3003861d046a3fe606fb5f44814",
                "thumb_480_w": 385,
                "thumb_480_h": 480,
                "thumb_160": "https:\/\/files.slack.com\/files-tmb\/T0D1XTUAD-F01CXC8JC0M-c63f203951\/image_from_ios_160.jpg?t=xoxe-13065946353-1831014033124-1821760734405-0591b3003861d046a3fe606fb5f44814",
                "thumb_720": "https:\/\/files.slack.com\/files-tmb\/T0D1XTUAD-F01CXC8JC0M-c63f203951\/image_from_ios_720.jpg?t=xoxe-13065946353-1831014033124-1821760734405-0591b3003861d046a3fe606fb5f44814",
                "thumb_720_w": 578,
                "thumb_720_h": 720,
                "thumb_800": "https:\/\/files.slack.com\/files-tmb\/T0D1XTUAD-F01CXC8JC0M-c63f203951\/image_from_ios_800.jpg?t=xoxe-13065946353-1831014033124-1821760734405-0591b3003861d046a3fe606fb5f44814",
                "thumb_800_w": 800,
                "thumb_800_h": 997,
                "thumb_960": "https:\/\/files.slack.com\/files-tmb\/T0D1XTUAD-F01CXC8JC0M-c63f203951\/image_from_ios_960.jpg?t=xoxe-13065946353-1831014033124-1821760734405-0591b3003861d046a3fe606fb5f44814",
                "thumb_960_w": 770,
                "thumb_960_h": 960,
                "thumb_1024": "https:\/\/files.slack.com\/files-tmb\/T0D1XTUAD-F01CXC8JC0M-c63f203951\/image_from_ios_1024.jpg?t=xoxe-13065946353-1831014033124-1821760734405-0591b3003861d046a3fe606fb5f44814",
                "thumb_1024_w": 822,
                "thumb_1024_h": 1024,
                "original_w": 1125,
                "original_h": 1402,
                "thumb_tiny": "AwAwACa4jbpXVW4VsnnqfSp6qSKIJ1lHRiQ1Wgf1oELRRkZxQORQMKKKKAGTx+bEydz0PoarWk+4eW3DDj8fSrh6VjoChOepyaBMu3MjIRtI9s0+3mLqM8beMAZrPeR5Bg8npk1csQvlfK2W\/i9jQBb3Um6mNkUmTTsBKTisy6Xy7kMvQ84q+JFIz1qpcgM6kdqBMihySXfG0D+E55pqSOJfMBAPQigbk+4cc+lQyIwbdnJ\/nQFzSSTeoNLuqnHPtXOPrTvtXtTuI\/\/Z",
                "permalink": "https:\/\/kcwebteam.slack.com\/files\/UUJNECG67\/F01CXC8JC0M\/image_from_ios.jpg",
                "permalink_public": "https:\/\/slack-files.com\/T0D1XTUAD-F01CXC8JC0M-a90d1c4008",
                "is_starred": false,
                "has_rich_preview": false
            }
        ],
        "upload": true,
        "blocks": [
            {
                "type": "rich_text",
                "block_id": "zxcr=",
                "elements": []
            }
        ],
        "user": "UUJNECG67",
        "display_as_bot": false,
        "ts": "1603264371.151000",
        "client_msg_id": "945C91FC-6FCD-407F-B14C-92DDA8620DBD",
        "thread_ts": "1603264371.151000",
        "reply_count": 1,
        "reply_users_count": 1,
        "latest_reply": "1603337682.152900",
        "reply_users": [
            "UUW3W20AU"
        ],
        "replies": [
            {
                "user": "UUW3W20AU",
                "ts": "1603337682.152900"
            }
        ],
        "subscribed": false,
        "reactions": [
            {
                "name": "100",
                "users": [
                    "U019DU219B4",
                    "U7EP7P2JW"
                ],
                "count": 2
            },
            {
                "name": "heart",
                "users": [
                    "UUW3W20AU"
                ],
                "count": 1
            }
        ]
    },
    {
        "client_msg_id": "a5ef2f95-7ffd-4c89-be9d-d6bb57c5f57b",
        "type": "message",
        "text": "Here's a blast from the past - an endearing King County documentary about watersheds, pollution and ecology from about 25 years ago.  A local parent remembered this video and requested it to teach their homebound kids about ecology in this area.\n<https:\/\/youtu.be\/bK-PgqEz8uc?t=521&amp;t=6>",
        "user": "UUJNED77D",
        "ts": "1603294462.152500",
        "team": "T0D1XTUAD",
        "user_team": "T0D1XTUAD",
        "source_team": "T0D1XTUAD",
        "user_profile": {
            "avatar_hash": "5f4a213e859b",
            "image_72": "https:\/\/avatars.slack-edge.com\/2020-03-04\/982713408789_5f4a213e859b7369a972_72.jpg",
            "first_name": "Fred",
            "real_name": "Fred Bentler",
            "display_name": "Fred Bentler",
            "team": "T0D1XTUAD",
            "name": "fred.bentler",
            "is_restricted": false,
            "is_ultra_restricted": false
        },
        "attachments": [
            {
                "service_name": "YouTube",
                "service_url": "https:\/\/www.youtube.com\/",
                "title": "Watersheds: H20pe for the future",
                "title_link": "https:\/\/youtu.be\/bK-PgqEz8uc?t=521&amp;t=6",
                "author_name": "King County Natural Resources and Parks",
                "author_link": "https:\/\/www.youtube.com\/user\/DNRPKingCountyWebDev",
                "thumb_url": "https:\/\/i.ytimg.com\/vi\/bK-PgqEz8uc\/hqdefault.jpg",
                "thumb_width": 480,
                "thumb_height": 360,
                "fallback": "YouTube Video: Watersheds: H20pe for the future",
                "video_html": "<iframe width=\"400\" height=\"300\" src=\"https:\/\/www.youtube.com\/embed\/bK-PgqEz8uc?start=521&feature=oembed&start=6&autoplay=1&iv_load_policy=3\" frameborder=\"0\" allow=\"accelerometer; autoplay; clipboard-write; encrypted-media; gyroscope; picture-in-picture\" allowfullscreen><\/iframe>",
                "video_html_width": 400,
                "video_html_height": 300,
                "from_url": "https:\/\/youtu.be\/bK-PgqEz8uc?t=521&amp;t=6",
                "service_icon": "https:\/\/a.slack-edge.com\/80588\/img\/unfurl_icons\/youtube.png",
                "id": 1,
                "original_url": "https:\/\/youtu.be\/bK-PgqEz8uc?t=521&amp;t=6"
            }
        ],
        "blocks": [
            {
                "type": "rich_text",
                "block_id": "9aV",
                "elements": [
                    {
                        "type": "rich_text_section",
                        "elements": [
                            {
                                "type": "text",
                                "text": "Here's a blast from the past - an endearing King County documentary about watersheds, pollution and ecology from about 25 years ago.  A local parent remembered this video and requested it to teach their homebound kids about ecology in this area.\n"
                            },
                            {
                                "type": "link",
                                "url": "https:\/\/youtu.be\/bK-PgqEz8uc?t=521&t=6"
                            }
                        ]
                    }
                ]
            }
        ]
    },
    {
        "client_msg_id": "d45e0c4b-ac9a-4174-97f8-4180c8ded39f",
        "type": "message",
        "text": "Illustration of the Century!!!",
        "user": "UUW3W20AU",
        "ts": "1603337682.152900",
        "team": "T0D1XTUAD",
        "user_team": "T0D1XTUAD",
        "source_team": "T0D1XTUAD",
        "user_profile": {
            "avatar_hash": "0c87430f5419",
            "image_72": "https:\/\/avatars.slack-edge.com\/2020-03-04\/984414387030_0c87430f5419d7de3cea_72.jpg",
            "first_name": "Elizabeth",
            "real_name": "Elizabeth Inglese",
            "display_name": "Tish",
            "team": "T0D1XTUAD",
            "name": "einglese",
            "is_restricted": false,
            "is_ultra_restricted": false
        },
        "blocks": [
            {
                "type": "rich_text",
                "block_id": "Yc5",
                "elements": [
                    {
                        "type": "rich_text_section",
                        "elements": [
                            {
                                "type": "text",
                                "text": "Illustration of the Century!!!"
                            }
                        ]
                    }
                ]
            }
        ],
        "thread_ts": "1603264371.151000",
        "parent_user_id": "UUJNECG67"
    }
]