[
    {
        "client_msg_id": "915659d0-f482-456a-bef1-4f2062d6711a",
        "type": "message",
        "text": "Hi all, I'm back from a great vacation. We had lots of mountain time (my fave)! :mountain: I hope you all had a great couple of weeks!",
        "user": "UUL14UHHP",
        "ts": "1597934838.001200",
        "team": "T0D1XTUAD",
        "user_team": "T0D1XTUAD",
        "source_team": "T0D1XTUAD",
        "user_profile": {
            "avatar_hash": "0662c2f07684",
            "image_72": "https:\/\/avatars.slack-edge.com\/2020-03-04\/982524968624_0662c2f07684e471e99d_72.png",
            "first_name": "Wendy",
            "real_name": "Wendy Gable Collins",
            "display_name": "Wendy",
            "team": "T0D1XTUAD",
            "name": "wendy.collins",
            "is_restricted": false,
            "is_ultra_restricted": false
        },
        "blocks": [
            {
                "type": "rich_text",
                "block_id": "d\/fch",
                "elements": [
                    {
                        "type": "rich_text_section",
                        "elements": [
                            {
                                "type": "text",
                                "text": "Hi all, I'm back from a great vacation. We had lots of mountain time (my fave)! "
                            },
                            {
                                "type": "emoji",
                                "name": "mountain"
                            },
                            {
                                "type": "text",
                                "text": " I hope you all had a great couple of weeks!"
                            }
                        ]
                    }
                ]
            }
        ],
        "thread_ts": "1597934838.001200",
        "reply_count": 29,
        "reply_users_count": 8,
        "latest_reply": "1598401395.013700",
        "reply_users": [
            "U5Y0BDK51",
            "U7EP7P2JW",
            "U0NSCMBR8",
            "UUL14UHHP",
            "UFDNKQCU9",
            "UUW3W20AU",
            "U5Y0B4XC3",
            "UUJNED77D"
        ],
        "replies": [
            {
                "user": "U5Y0BDK51",
                "ts": "1597935036.001300"
            },
            {
                "user": "U7EP7P2JW",
                "ts": "1597935881.001700"
            },
            {
                "user": "U0NSCMBR8",
                "ts": "1597940648.003700"
            },
            {
                "user": "UUL14UHHP",
                "ts": "1597942335.004000"
            },
            {
                "user": "UFDNKQCU9",
                "ts": "1597942461.004700"
            },
            {
                "user": "UUL14UHHP",
                "ts": "1597942507.004900"
            },
            {
                "user": "UFDNKQCU9",
                "ts": "1597942648.005100"
            },
            {
                "user": "UUL14UHHP",
                "ts": "1597942927.005300"
            },
            {
                "user": "UFDNKQCU9",
                "ts": "1597943152.005700"
            },
            {
                "user": "UUL14UHHP",
                "ts": "1597943246.006000"
            },
            {
                "user": "U0NSCMBR8",
                "ts": "1597943530.006400"
            },
            {
                "user": "U0NSCMBR8",
                "ts": "1597943533.006600"
            },
            {
                "user": "UFDNKQCU9",
                "ts": "1597944732.006900"
            },
            {
                "user": "UFDNKQCU9",
                "ts": "1597944757.007200"
            },
            {
                "user": "U0NSCMBR8",
                "ts": "1597944806.007400"
            },
            {
                "user": "UFDNKQCU9",
                "ts": "1597944845.007600"
            },
            {
                "user": "U5Y0BDK51",
                "ts": "1597944926.007800"
            },
            {
                "user": "U0NSCMBR8",
                "ts": "1597944941.008100"
            },
            {
                "user": "UFDNKQCU9",
                "ts": "1597944959.008300"
            },
            {
                "user": "UFDNKQCU9",
                "ts": "1597945025.008600"
            },
            {
                "user": "UUW3W20AU",
                "ts": "1598039612.009200"
            },
            {
                "user": "UUW3W20AU",
                "ts": "1598039727.009800"
            },
            {
                "user": "UUL14UHHP",
                "ts": "1598039792.010200"
            },
            {
                "user": "UUW3W20AU",
                "ts": "1598039985.010600"
            },
            {
                "user": "UUL14UHHP",
                "ts": "1598040070.010800"
            },
            {
                "user": "UUW3W20AU",
                "ts": "1598040307.011300"
            },
            {
                "user": "U5Y0B4XC3",
                "ts": "1598390665.013300"
            },
            {
                "user": "UUJNED77D",
                "ts": "1598401357.013500"
            },
            {
                "user": "U0NSCMBR8",
                "ts": "1598401395.013700"
            }
        ],
        "subscribed": false,
        "reactions": [
            {
                "name": "snow_capped_mountain",
                "users": [
                    "U7EQMP760",
                    "U7EP7P2JW",
                    "U0NSCMBR8"
                ],
                "count": 3
            }
        ]
    },
    {
        "client_msg_id": "eb6e9b04-8224-4fe5-9c65-a3e482a35573",
        "type": "message",
        "text": "Welcome back!",
        "user": "U5Y0BDK51",
        "ts": "1597935036.001300",
        "team": "T0D1XTUAD",
        "user_team": "T0D1XTUAD",
        "source_team": "T0D1XTUAD",
        "user_profile": {
            "avatar_hash": "8ead721adcae",
            "image_72": "https:\/\/avatars.slack-edge.com\/2020-02-27\/973218989973_8ead721adcae603f0609_72.jpg",
            "first_name": "Marisa",
            "real_name": "Marisa Mellema",
            "display_name": "Marisa Mellema",
            "team": "T0D1XTUAD",
            "name": "marisam",
            "is_restricted": false,
            "is_ultra_restricted": false
        },
        "blocks": [
            {
                "type": "rich_text",
                "block_id": "9D4p",
                "elements": [
                    {
                        "type": "rich_text_section",
                        "elements": [
                            {
                                "type": "text",
                                "text": "Welcome back!"
                            }
                        ]
                    }
                ]
            }
        ],
        "thread_ts": "1597934838.001200",
        "parent_user_id": "UUL14UHHP",
        "reactions": [
            {
                "name": "+1::skin-tone-3",
                "users": [
                    "UUL14UHHP"
                ],
                "count": 1
            }
        ]
    },
    {
        "client_msg_id": "66467879-56cd-4864-b1d8-2a043a2cfa0e",
        "type": "message",
        "text": "Glad you had a nice getaway!",
        "user": "U7EP7P2JW",
        "ts": "1597935881.001700",
        "team": "T0D1XTUAD",
        "user_team": "T0D1XTUAD",
        "source_team": "T0D1XTUAD",
        "user_profile": {
            "avatar_hash": "7fac73a9f68f",
            "image_72": "https:\/\/avatars.slack-edge.com\/2020-11-05\/1503307917168_7fac73a9f68f9db6dfe6_72.png",
            "first_name": "Rebecca",
            "real_name": "Rebecca Watson",
            "display_name": "rebecca",
            "team": "T0D1XTUAD",
            "name": "rebecca.watson",
            "is_restricted": false,
            "is_ultra_restricted": false
        },
        "blocks": [
            {
                "type": "rich_text",
                "block_id": "8kb44",
                "elements": [
                    {
                        "type": "rich_text_section",
                        "elements": [
                            {
                                "type": "text",
                                "text": "Glad you had a nice getaway!"
                            }
                        ]
                    }
                ]
            }
        ],
        "thread_ts": "1597934838.001200",
        "parent_user_id": "UUL14UHHP",
        "reactions": [
            {
                "name": "sunglasses",
                "users": [
                    "UUL14UHHP"
                ],
                "count": 1
            }
        ]
    },
    {
        "client_msg_id": "C0FC66F6-0260-4A61-B193-E0FFDCC40DE7",
        "type": "message",
        "text": "The rules say, “pics or it didn’t happen.” I have to live vicariously through other people these days.",
        "user": "U0NSCMBR8",
        "ts": "1597940648.003700",
        "team": "T0D1XTUAD",
        "user_team": "T0D1XTUAD",
        "source_team": "T0D1XTUAD",
        "user_profile": {
            "avatar_hash": "28a69ac871a0",
            "image_72": "https:\/\/avatars.slack-edge.com\/2016-02-24\/22896597253_28a69ac871a00b39b963_72.jpg",
            "first_name": "Al",
            "real_name": "Al Boss",
            "display_name": "",
            "team": "T0D1XTUAD",
            "name": "alboss",
            "is_restricted": false,
            "is_ultra_restricted": false
        },
        "blocks": [
            {
                "type": "rich_text",
                "block_id": "jp9",
                "elements": [
                    {
                        "type": "rich_text_section",
                        "elements": [
                            {
                                "type": "text",
                                "text": "The rules say, “pics or it didn’t happen.” I have to live vicariously through other people these days."
                            }
                        ]
                    }
                ]
            }
        ],
        "thread_ts": "1597934838.001200",
        "parent_user_id": "UUL14UHHP"
    },
    {
        "type": "message",
        "text": "",
        "files": [
            {
                "id": "F0195USJBS9",
                "created": 1597942317,
                "timestamp": 1597942317,
                "name": "IMG_5121.jpeg",
                "title": "IMG_5121.jpeg",
                "mimetype": "image\/jpeg",
                "filetype": "jpg",
                "pretty_type": "JPEG",
                "user": "UUL14UHHP",
                "editable": false,
                "size": 4093718,
                "mode": "hosted",
                "is_external": false,
                "external_type": "",
                "is_public": true,
                "public_url_shared": false,
                "display_as_bot": false,
                "username": "",
                "url_private": "https:\/\/files.slack.com\/files-pri\/T0D1XTUAD-F0195USJBS9\/img_5121.jpeg?t=xoxe-13065946353-1831014033124-1821760734405-0591b3003861d046a3fe606fb5f44814",
                "url_private_download": "https:\/\/files.slack.com\/files-pri\/T0D1XTUAD-F0195USJBS9\/download\/img_5121.jpeg?t=xoxe-13065946353-1831014033124-1821760734405-0591b3003861d046a3fe606fb5f44814",
                "thumb_64": "https:\/\/files.slack.com\/files-tmb\/T0D1XTUAD-F0195USJBS9-45c12f1241\/img_5121_64.jpg?t=xoxe-13065946353-1831014033124-1821760734405-0591b3003861d046a3fe606fb5f44814",
                "thumb_80": "https:\/\/files.slack.com\/files-tmb\/T0D1XTUAD-F0195USJBS9-45c12f1241\/img_5121_80.jpg?t=xoxe-13065946353-1831014033124-1821760734405-0591b3003861d046a3fe606fb5f44814",
                "thumb_360": "https:\/\/files.slack.com\/files-tmb\/T0D1XTUAD-F0195USJBS9-45c12f1241\/img_5121_360.jpg?t=xoxe-13065946353-1831014033124-1821760734405-0591b3003861d046a3fe606fb5f44814",
                "thumb_360_w": 360,
                "thumb_360_h": 270,
                "thumb_480": "https:\/\/files.slack.com\/files-tmb\/T0D1XTUAD-F0195USJBS9-45c12f1241\/img_5121_480.jpg?t=xoxe-13065946353-1831014033124-1821760734405-0591b3003861d046a3fe606fb5f44814",
                "thumb_480_w": 480,
                "thumb_480_h": 360,
                "thumb_160": "https:\/\/files.slack.com\/files-tmb\/T0D1XTUAD-F0195USJBS9-45c12f1241\/img_5121_160.jpg?t=xoxe-13065946353-1831014033124-1821760734405-0591b3003861d046a3fe606fb5f44814",
                "thumb_720": "https:\/\/files.slack.com\/files-tmb\/T0D1XTUAD-F0195USJBS9-45c12f1241\/img_5121_720.jpg?t=xoxe-13065946353-1831014033124-1821760734405-0591b3003861d046a3fe606fb5f44814",
                "thumb_720_w": 720,
                "thumb_720_h": 540,
                "thumb_800": "https:\/\/files.slack.com\/files-tmb\/T0D1XTUAD-F0195USJBS9-45c12f1241\/img_5121_800.jpg?t=xoxe-13065946353-1831014033124-1821760734405-0591b3003861d046a3fe606fb5f44814",
                "thumb_800_w": 800,
                "thumb_800_h": 600,
                "thumb_960": "https:\/\/files.slack.com\/files-tmb\/T0D1XTUAD-F0195USJBS9-45c12f1241\/img_5121_960.jpg?t=xoxe-13065946353-1831014033124-1821760734405-0591b3003861d046a3fe606fb5f44814",
                "thumb_960_w": 960,
                "thumb_960_h": 720,
                "thumb_1024": "https:\/\/files.slack.com\/files-tmb\/T0D1XTUAD-F0195USJBS9-45c12f1241\/img_5121_1024.jpg?t=xoxe-13065946353-1831014033124-1821760734405-0591b3003861d046a3fe606fb5f44814",
                "thumb_1024_w": 1024,
                "thumb_1024_h": 768,
                "original_w": 4032,
                "original_h": 3024,
                "thumb_tiny": "AwAkADC7Kp2E98VUsirO6sT6gVI96GQgJVWCXy5M7eAcmncVi+8Y\/hyfwqNlwDR9tTsDUct0CSAvYjOarmFYVPmQH1FRyOVbAX8aiSfayg9h+dI0mT05wKXMFhpOcAHvzSIpkdsEADkk9qkMJ\/KmqjjcG7moKAlQR1Ixx2zTFch8g4+lOl27PlGCDzTIiC+Dxx3pjDad4PPNKOCSe1TrEJVIH8PSgwEqQrqSeCaVxWJSoZefWo5VCKCvBqbt+NRT\/cFQiluV5CSpJqIjBqR\/uGmN94\/hWkRTL1p\/x7k+9NiYiUjsRTrT\/j2pkX+v\/A0gP\/\/Z",
                "permalink": "https:\/\/kcwebteam.slack.com\/files\/UUL14UHHP\/F0195USJBS9\/img_5121.jpeg",
                "permalink_public": "https:\/\/slack-files.com\/T0D1XTUAD-F0195USJBS9-cfdfd97077",
                "is_starred": false,
                "has_rich_preview": false
            },
            {
                "id": "F018SHVT66B",
                "created": 1597942327,
                "timestamp": 1597942327,
                "name": "IMG_5140.jpeg",
                "title": "IMG_5140.jpeg",
                "mimetype": "image\/jpeg",
                "filetype": "jpg",
                "pretty_type": "JPEG",
                "user": "UUL14UHHP",
                "editable": false,
                "size": 3694035,
                "mode": "hosted",
                "is_external": false,
                "external_type": "",
                "is_public": true,
                "public_url_shared": false,
                "display_as_bot": false,
                "username": "",
                "url_private": "https:\/\/files.slack.com\/files-pri\/T0D1XTUAD-F018SHVT66B\/img_5140.jpeg?t=xoxe-13065946353-1831014033124-1821760734405-0591b3003861d046a3fe606fb5f44814",
                "url_private_download": "https:\/\/files.slack.com\/files-pri\/T0D1XTUAD-F018SHVT66B\/download\/img_5140.jpeg?t=xoxe-13065946353-1831014033124-1821760734405-0591b3003861d046a3fe606fb5f44814",
                "thumb_64": "https:\/\/files.slack.com\/files-tmb\/T0D1XTUAD-F018SHVT66B-d8d48568fa\/img_5140_64.jpg?t=xoxe-13065946353-1831014033124-1821760734405-0591b3003861d046a3fe606fb5f44814",
                "thumb_80": "https:\/\/files.slack.com\/files-tmb\/T0D1XTUAD-F018SHVT66B-d8d48568fa\/img_5140_80.jpg?t=xoxe-13065946353-1831014033124-1821760734405-0591b3003861d046a3fe606fb5f44814",
                "thumb_360": "https:\/\/files.slack.com\/files-tmb\/T0D1XTUAD-F018SHVT66B-d8d48568fa\/img_5140_360.jpg?t=xoxe-13065946353-1831014033124-1821760734405-0591b3003861d046a3fe606fb5f44814",
                "thumb_360_w": 360,
                "thumb_360_h": 270,
                "thumb_480": "https:\/\/files.slack.com\/files-tmb\/T0D1XTUAD-F018SHVT66B-d8d48568fa\/img_5140_480.jpg?t=xoxe-13065946353-1831014033124-1821760734405-0591b3003861d046a3fe606fb5f44814",
                "thumb_480_w": 480,
                "thumb_480_h": 360,
                "thumb_160": "https:\/\/files.slack.com\/files-tmb\/T0D1XTUAD-F018SHVT66B-d8d48568fa\/img_5140_160.jpg?t=xoxe-13065946353-1831014033124-1821760734405-0591b3003861d046a3fe606fb5f44814",
                "thumb_720": "https:\/\/files.slack.com\/files-tmb\/T0D1XTUAD-F018SHVT66B-d8d48568fa\/img_5140_720.jpg?t=xoxe-13065946353-1831014033124-1821760734405-0591b3003861d046a3fe606fb5f44814",
                "thumb_720_w": 720,
                "thumb_720_h": 540,
                "thumb_800": "https:\/\/files.slack.com\/files-tmb\/T0D1XTUAD-F018SHVT66B-d8d48568fa\/img_5140_800.jpg?t=xoxe-13065946353-1831014033124-1821760734405-0591b3003861d046a3fe606fb5f44814",
                "thumb_800_w": 800,
                "thumb_800_h": 600,
                "thumb_960": "https:\/\/files.slack.com\/files-tmb\/T0D1XTUAD-F018SHVT66B-d8d48568fa\/img_5140_960.jpg?t=xoxe-13065946353-1831014033124-1821760734405-0591b3003861d046a3fe606fb5f44814",
                "thumb_960_w": 960,
                "thumb_960_h": 720,
                "thumb_1024": "https:\/\/files.slack.com\/files-tmb\/T0D1XTUAD-F018SHVT66B-d8d48568fa\/img_5140_1024.jpg?t=xoxe-13065946353-1831014033124-1821760734405-0591b3003861d046a3fe606fb5f44814",
                "thumb_1024_w": 1024,
                "thumb_1024_h": 768,
                "original_w": 4032,
                "original_h": 3024,
                "thumb_tiny": "AwAkADBPtZ7KKaLhy2AQB7Ck8jp82OBTxEOpPaqUCXIQTSA\/e\/GnLK+M5FIUXnBpeFwOop8iFzC+e3zDjA6U3zSp\/hI9xTdw2k00NuONoJpco7kkmUbB5phY9qtlVP3hmqs0ZjbK8rVKQNDQ\/Sl35pgYHqKdgEVVyGIxwtEIy1OWCSQYVePU1agthGPmOW9qTaQ0h+KcACKQ96VelYmpF9mi3A7evbPFKkUatkIPxqQ9qQU7smw4fdFBoH3RSUij\/9k=",
                "permalink": "https:\/\/kcwebteam.slack.com\/files\/UUL14UHHP\/F018SHVT66B\/img_5140.jpeg",
                "permalink_public": "https:\/\/slack-files.com\/T0D1XTUAD-F018SHVT66B-6bfc7133f9",
                "is_starred": false,
                "has_rich_preview": false
            }
        ],
        "upload": false,
        "user": "UUL14UHHP",
        "ts": "1597942335.004000",
        "thread_ts": "1597934838.001200",
        "parent_user_id": "UUL14UHHP",
        "reactions": [
            {
                "name": "astonished",
                "users": [
                    "UUW3W20AU"
                ],
                "count": 1
            },
            {
                "name": "heart",
                "users": [
                    "UUW3W20AU"
                ],
                "count": 1
            },
            {
                "name": "snow_capped_mountain",
                "users": [
                    "UUW3W20AU",
                    "U7EP7P2JW"
                ],
                "count": 2
            }
        ]
    },
    {
        "client_msg_id": "8b6baacf-e216-49a7-b246-f63c9baa6b94",
        "type": "message",
        "text": "What mountain is that? Hood?",
        "user": "UFDNKQCU9",
        "ts": "1597942461.004700",
        "team": "T0D1XTUAD",
        "user_team": "T0D1XTUAD",
        "source_team": "T0D1XTUAD",
        "user_profile": {
            "avatar_hash": "625717ebbb6e",
            "image_72": "https:\/\/avatars.slack-edge.com\/2019-01-17\/526675529362_625717ebbb6e0ba43f68_72.jpg",
            "first_name": "Earl",
            "real_name": "Earl Krygier",
            "display_name": "Krygier",
            "team": "T0D1XTUAD",
            "name": "earl.krygier",
            "is_restricted": false,
            "is_ultra_restricted": false
        },
        "blocks": [
            {
                "type": "rich_text",
                "block_id": "zHLc",
                "elements": [
                    {
                        "type": "rich_text_section",
                        "elements": [
                            {
                                "type": "text",
                                "text": "What mountain is that? Hood?"
                            }
                        ]
                    }
                ]
            }
        ],
        "thread_ts": "1597934838.001200",
        "parent_user_id": "UUL14UHHP"
    },
    {
        "client_msg_id": "1aa4f4dc-2d1b-4c55-9977-97961fbff0c7",
        "type": "message",
        "text": "Mt, Jefferson, it's one volcano south of Mt. Hood.",
        "user": "UUL14UHHP",
        "ts": "1597942507.004900",
        "team": "T0D1XTUAD",
        "user_team": "T0D1XTUAD",
        "source_team": "T0D1XTUAD",
        "user_profile": {
            "avatar_hash": "0662c2f07684",
            "image_72": "https:\/\/avatars.slack-edge.com\/2020-03-04\/982524968624_0662c2f07684e471e99d_72.png",
            "first_name": "Wendy",
            "real_name": "Wendy Gable Collins",
            "display_name": "Wendy",
            "team": "T0D1XTUAD",
            "name": "wendy.collins",
            "is_restricted": false,
            "is_ultra_restricted": false
        },
        "blocks": [
            {
                "type": "rich_text",
                "block_id": "44Q",
                "elements": [
                    {
                        "type": "rich_text_section",
                        "elements": [
                            {
                                "type": "text",
                                "text": "Mt, Jefferson, it's one volcano south of Mt. Hood."
                            }
                        ]
                    }
                ]
            }
        ],
        "thread_ts": "1597934838.001200",
        "parent_user_id": "UUL14UHHP"
    },
    {
        "client_msg_id": "98699090-9dc0-4ec0-bc60-ef2e7c6e5988",
        "type": "message",
        "text": "Oh yeah, so you were kinda down near Bend.  Very cool!",
        "user": "UFDNKQCU9",
        "ts": "1597942648.005100",
        "team": "T0D1XTUAD",
        "user_team": "T0D1XTUAD",
        "source_team": "T0D1XTUAD",
        "user_profile": {
            "avatar_hash": "625717ebbb6e",
            "image_72": "https:\/\/avatars.slack-edge.com\/2019-01-17\/526675529362_625717ebbb6e0ba43f68_72.jpg",
            "first_name": "Earl",
            "real_name": "Earl Krygier",
            "display_name": "Krygier",
            "team": "T0D1XTUAD",
            "name": "earl.krygier",
            "is_restricted": false,
            "is_ultra_restricted": false
        },
        "blocks": [
            {
                "type": "rich_text",
                "block_id": "sPv",
                "elements": [
                    {
                        "type": "rich_text_section",
                        "elements": [
                            {
                                "type": "text",
                                "text": "Oh yeah, so you were kinda down near Bend.  Very cool!"
                            }
                        ]
                    }
                ]
            }
        ],
        "thread_ts": "1597934838.001200",
        "parent_user_id": "UUL14UHHP"
    },
    {
        "type": "message",
        "text": "This is the location – it's VERY remote.",
        "files": [
            {
                "id": "F019X6E3EU8",
                "created": 1597942897,
                "timestamp": 1597942897,
                "name": "Screen Shot 2020-08-20 at 10.01.31 AM.png",
                "title": "Screen Shot 2020-08-20 at 10.01.31 AM.png",
                "mimetype": "image\/png",
                "filetype": "png",
                "pretty_type": "PNG",
                "user": "UUL14UHHP",
                "editable": false,
                "size": 2450137,
                "mode": "hosted",
                "is_external": false,
                "external_type": "",
                "is_public": true,
                "public_url_shared": false,
                "display_as_bot": false,
                "username": "",
                "url_private": "https:\/\/files.slack.com\/files-pri\/T0D1XTUAD-F019X6E3EU8\/screen_shot_2020-08-20_at_10.01.31_am.png?t=xoxe-13065946353-1831014033124-1821760734405-0591b3003861d046a3fe606fb5f44814",
                "url_private_download": "https:\/\/files.slack.com\/files-pri\/T0D1XTUAD-F019X6E3EU8\/download\/screen_shot_2020-08-20_at_10.01.31_am.png?t=xoxe-13065946353-1831014033124-1821760734405-0591b3003861d046a3fe606fb5f44814",
                "thumb_64": "https:\/\/files.slack.com\/files-tmb\/T0D1XTUAD-F019X6E3EU8-b01319b7f8\/screen_shot_2020-08-20_at_10.01.31_am_64.png?t=xoxe-13065946353-1831014033124-1821760734405-0591b3003861d046a3fe606fb5f44814",
                "thumb_80": "https:\/\/files.slack.com\/files-tmb\/T0D1XTUAD-F019X6E3EU8-b01319b7f8\/screen_shot_2020-08-20_at_10.01.31_am_80.png?t=xoxe-13065946353-1831014033124-1821760734405-0591b3003861d046a3fe606fb5f44814",
                "thumb_360": "https:\/\/files.slack.com\/files-tmb\/T0D1XTUAD-F019X6E3EU8-b01319b7f8\/screen_shot_2020-08-20_at_10.01.31_am_360.png?t=xoxe-13065946353-1831014033124-1821760734405-0591b3003861d046a3fe606fb5f44814",
                "thumb_360_w": 360,
                "thumb_360_h": 343,
                "thumb_480": "https:\/\/files.slack.com\/files-tmb\/T0D1XTUAD-F019X6E3EU8-b01319b7f8\/screen_shot_2020-08-20_at_10.01.31_am_480.png?t=xoxe-13065946353-1831014033124-1821760734405-0591b3003861d046a3fe606fb5f44814",
                "thumb_480_w": 480,
                "thumb_480_h": 458,
                "thumb_160": "https:\/\/files.slack.com\/files-tmb\/T0D1XTUAD-F019X6E3EU8-b01319b7f8\/screen_shot_2020-08-20_at_10.01.31_am_160.png?t=xoxe-13065946353-1831014033124-1821760734405-0591b3003861d046a3fe606fb5f44814",
                "thumb_720": "https:\/\/files.slack.com\/files-tmb\/T0D1XTUAD-F019X6E3EU8-b01319b7f8\/screen_shot_2020-08-20_at_10.01.31_am_720.png?t=xoxe-13065946353-1831014033124-1821760734405-0591b3003861d046a3fe606fb5f44814",
                "thumb_720_w": 720,
                "thumb_720_h": 686,
                "thumb_800": "https:\/\/files.slack.com\/files-tmb\/T0D1XTUAD-F019X6E3EU8-b01319b7f8\/screen_shot_2020-08-20_at_10.01.31_am_800.png?t=xoxe-13065946353-1831014033124-1821760734405-0591b3003861d046a3fe606fb5f44814",
                "thumb_800_w": 800,
                "thumb_800_h": 763,
                "thumb_960": "https:\/\/files.slack.com\/files-tmb\/T0D1XTUAD-F019X6E3EU8-b01319b7f8\/screen_shot_2020-08-20_at_10.01.31_am_960.png?t=xoxe-13065946353-1831014033124-1821760734405-0591b3003861d046a3fe606fb5f44814",
                "thumb_960_w": 960,
                "thumb_960_h": 915,
                "thumb_1024": "https:\/\/files.slack.com\/files-tmb\/T0D1XTUAD-F019X6E3EU8-b01319b7f8\/screen_shot_2020-08-20_at_10.01.31_am_1024.png?t=xoxe-13065946353-1831014033124-1821760734405-0591b3003861d046a3fe606fb5f44814",
                "thumb_1024_w": 1024,
                "thumb_1024_h": 976,
                "original_w": 1840,
                "original_h": 1754,
                "thumb_tiny": "AwAtADC+KKBSkc0gGmgZpTSUCFBOelLQOlLQMSjPFFBoAaaARnFFA4oEOpaTvQTTGFJRQaQhDRRRQA6g0gNOoGf\/2Q==",
                "permalink": "https:\/\/kcwebteam.slack.com\/files\/UUL14UHHP\/F019X6E3EU8\/screen_shot_2020-08-20_at_10.01.31_am.png",
                "permalink_public": "https:\/\/slack-files.com\/T0D1XTUAD-F019X6E3EU8-0b1190c831",
                "is_starred": false,
                "has_rich_preview": false
            }
        ],
        "upload": false,
        "blocks": [
            {
                "type": "rich_text",
                "block_id": "hHUb",
                "elements": [
                    {
                        "type": "rich_text_section",
                        "elements": [
                            {
                                "type": "text",
                                "text": "This is the location – it's VERY remote."
                            }
                        ]
                    }
                ]
            }
        ],
        "user": "UUL14UHHP",
        "display_as_bot": false,
        "ts": "1597942927.005300",
        "thread_ts": "1597934838.001200",
        "parent_user_id": "UUL14UHHP"
    },
    {
        "client_msg_id": "510f5086-f1df-49b8-8f14-46c0bfe68c15",
        "type": "message",
        "text": "I take it your car was still there when you got back. :slightly_smiling_face: This reminded me I climbed up South Sister with my mom a couple years back.  Pretty fun.",
        "user": "UFDNKQCU9",
        "ts": "1597943152.005700",
        "team": "T0D1XTUAD",
        "user_team": "T0D1XTUAD",
        "source_team": "T0D1XTUAD",
        "user_profile": {
            "avatar_hash": "625717ebbb6e",
            "image_72": "https:\/\/avatars.slack-edge.com\/2019-01-17\/526675529362_625717ebbb6e0ba43f68_72.jpg",
            "first_name": "Earl",
            "real_name": "Earl Krygier",
            "display_name": "Krygier",
            "team": "T0D1XTUAD",
            "name": "earl.krygier",
            "is_restricted": false,
            "is_ultra_restricted": false
        },
        "blocks": [
            {
                "type": "rich_text",
                "block_id": "ZGMl",
                "elements": [
                    {
                        "type": "rich_text_section",
                        "elements": [
                            {
                                "type": "text",
                                "text": "I take it your car was still there when you got back. "
                            },
                            {
                                "type": "emoji",
                                "name": "slightly_smiling_face"
                            },
                            {
                                "type": "text",
                                "text": " This reminded me I climbed up South Sister with my mom a couple years back.  Pretty fun."
                            }
                        ]
                    }
                ]
            }
        ],
        "thread_ts": "1597934838.001200",
        "parent_user_id": "UUL14UHHP",
        "reactions": [
            {
                "name": "open_mouth",
                "users": [
                    "UUL14UHHP"
                ],
                "count": 1
            }
        ]
    },
    {
        "client_msg_id": "567415fb-91ff-4e80-bad7-eadb5a8f4e66",
        "type": "message",
        "text": "Nice! Yes, our car was still there – it would take days to hike out!",
        "user": "UUL14UHHP",
        "ts": "1597943246.006000",
        "team": "T0D1XTUAD",
        "user_team": "T0D1XTUAD",
        "source_team": "T0D1XTUAD",
        "user_profile": {
            "avatar_hash": "0662c2f07684",
            "image_72": "https:\/\/avatars.slack-edge.com\/2020-03-04\/982524968624_0662c2f07684e471e99d_72.png",
            "first_name": "Wendy",
            "real_name": "Wendy Gable Collins",
            "display_name": "Wendy",
            "team": "T0D1XTUAD",
            "name": "wendy.collins",
            "is_restricted": false,
            "is_ultra_restricted": false
        },
        "blocks": [
            {
                "type": "rich_text",
                "block_id": "4BjM",
                "elements": [
                    {
                        "type": "rich_text_section",
                        "elements": [
                            {
                                "type": "text",
                                "text": "Nice! Yes, our car was still there – it would take days to hike out!"
                            }
                        ]
                    }
                ]
            }
        ],
        "thread_ts": "1597934838.001200",
        "parent_user_id": "UUL14UHHP"
    },
    {
        "client_msg_id": "afcf50ae-e11f-48fc-8c0b-2c9b88735a53",
        "type": "message",
        "text": "You were lucky. Bears can drive.",
        "user": "U0NSCMBR8",
        "ts": "1597943530.006400",
        "team": "T0D1XTUAD",
        "user_team": "T0D1XTUAD",
        "source_team": "T0D1XTUAD",
        "user_profile": {
            "avatar_hash": "28a69ac871a0",
            "image_72": "https:\/\/avatars.slack-edge.com\/2016-02-24\/22896597253_28a69ac871a00b39b963_72.jpg",
            "first_name": "Al",
            "real_name": "Al Boss",
            "display_name": "",
            "team": "T0D1XTUAD",
            "name": "alboss",
            "is_restricted": false,
            "is_ultra_restricted": false
        },
        "blocks": [
            {
                "type": "rich_text",
                "block_id": "DVFfA",
                "elements": [
                    {
                        "type": "rich_text_section",
                        "elements": [
                            {
                                "type": "text",
                                "text": "You were lucky. Bears can drive."
                            }
                        ]
                    }
                ]
            }
        ],
        "thread_ts": "1597934838.001200",
        "parent_user_id": "UUL14UHHP"
    },
    {
        "bot_id": "B4M05S43S",
        "type": "message",
        "text": "fozzie driving",
        "user": "U0NSCMBR8",
        "ts": "1597943533.006600",
        "team": "T0D1XTUAD",
        "bot_profile": {
            "id": "B4M05S43S",
            "deleted": false,
            "name": "giphy",
            "updated": 1490131602,
            "app_id": "A0F827J2C",
            "icons": {
                "image_36": "https:\/\/a.slack-edge.com\/dc483\/img\/plugins\/giphy\/service_72.png",
                "image_48": "https:\/\/a.slack-edge.com\/dc483\/img\/plugins\/giphy\/service_48.png",
                "image_72": "https:\/\/a.slack-edge.com\/dc483\/img\/plugins\/giphy\/service_72.png"
            },
            "team_id": "T0D1XTUAD"
        },
        "blocks": [
            {
                "type": "image",
                "block_id": "zWe8",
                "image_url": "https:\/\/media0.giphy.com\/media\/mIMsLsQTJzAn6\/giphy.gif?cid=6104955e510896752f7a73ea8dbf1c9d053f988aa820a7af&rid=giphy.gif",
                "alt_text": "fozzie driving",
                "title": {
                    "type": "plain_text",
                    "text": "fozzie driving",
                    "emoji": true
                },
                "fallback": "500x278px image",
                "image_width": 500,
                "image_height": 278,
                "image_bytes": 1753615,
                "is_animated": true
            },
            {
                "type": "context",
                "block_id": "JWom1",
                "elements": [
                    {
                        "fallback": "32x32px image",
                        "image_url": "https:\/\/a.slack-edge.com\/dc483\/img\/plugins\/giphy\/service_32.png",
                        "image_width": 32,
                        "image_height": 32,
                        "image_bytes": 603,
                        "type": "image",
                        "alt_text": "giphy logo"
                    },
                    {
                        "type": "mrkdwn",
                        "text": "Posted using \/giphy",
                        "verbatim": false
                    }
                ]
            }
        ],
        "thread_ts": "1597934838.001200",
        "parent_user_id": "UUL14UHHP",
        "reactions": [
            {
                "name": "rolling_on_the_floor_laughing",
                "users": [
                    "UUL14UHHP",
                    "UUW3W20AU"
                ],
                "count": 2
            }
        ]
    },
    {
        "client_msg_id": "cb372ffb-f623-4aa3-a049-c72083a0696a",
        "type": "message",
        "text": "so can cats",
        "user": "UFDNKQCU9",
        "ts": "1597944732.006900",
        "team": "T0D1XTUAD",
        "user_team": "T0D1XTUAD",
        "source_team": "T0D1XTUAD",
        "user_profile": {
            "avatar_hash": "625717ebbb6e",
            "image_72": "https:\/\/avatars.slack-edge.com\/2019-01-17\/526675529362_625717ebbb6e0ba43f68_72.jpg",
            "first_name": "Earl",
            "real_name": "Earl Krygier",
            "display_name": "Krygier",
            "team": "T0D1XTUAD",
            "name": "earl.krygier",
            "is_restricted": false,
            "is_ultra_restricted": false
        },
        "blocks": [
            {
                "type": "rich_text",
                "block_id": "E4Z",
                "elements": [
                    {
                        "type": "rich_text_section",
                        "elements": [
                            {
                                "type": "text",
                                "text": "so can cats"
                            }
                        ]
                    }
                ]
            }
        ],
        "thread_ts": "1597934838.001200",
        "parent_user_id": "UUL14UHHP"
    },
    {
        "bot_id": "B4M05S43S",
        "type": "message",
        "text": "cat driving",
        "user": "UFDNKQCU9",
        "ts": "1597944757.007200",
        "team": "T0D1XTUAD",
        "bot_profile": {
            "id": "B4M05S43S",
            "deleted": false,
            "name": "giphy",
            "updated": 1490131602,
            "app_id": "A0F827J2C",
            "icons": {
                "image_36": "https:\/\/a.slack-edge.com\/dc483\/img\/plugins\/giphy\/service_72.png",
                "image_48": "https:\/\/a.slack-edge.com\/dc483\/img\/plugins\/giphy\/service_48.png",
                "image_72": "https:\/\/a.slack-edge.com\/dc483\/img\/plugins\/giphy\/service_72.png"
            },
            "team_id": "T0D1XTUAD"
        },
        "blocks": [
            {
                "type": "image",
                "block_id": "EJb",
                "image_url": "https:\/\/media0.giphy.com\/media\/b3rbghhoMrhII\/giphy.gif?cid=6104955e9cd44b3a2fa885d5ac3e314292e07e8e47d849be&rid=giphy.gif",
                "alt_text": "cat driving",
                "title": {
                    "type": "plain_text",
                    "text": "cat driving",
                    "emoji": true
                },
                "fallback": "499x316px image",
                "image_width": 499,
                "image_height": 316,
                "image_bytes": 508015,
                "is_animated": true
            },
            {
                "type": "context",
                "block_id": "qbX",
                "elements": [
                    {
                        "fallback": "32x32px image",
                        "image_url": "https:\/\/a.slack-edge.com\/dc483\/img\/plugins\/giphy\/service_32.png",
                        "image_width": 32,
                        "image_height": 32,
                        "image_bytes": 603,
                        "type": "image",
                        "alt_text": "giphy logo"
                    },
                    {
                        "type": "mrkdwn",
                        "text": "Posted using \/giphy",
                        "verbatim": false
                    }
                ]
            }
        ],
        "thread_ts": "1597934838.001200",
        "parent_user_id": "UUL14UHHP",
        "reactions": [
            {
                "name": "rolling_on_the_floor_laughing",
                "users": [
                    "UUW3W20AU"
                ],
                "count": 1
            }
        ]
    },
    {
        "client_msg_id": "78de969e-652c-4b31-a222-27d4a9cbdee4",
        "type": "message",
        "text": "Seems like cats would be more of an urban\/suburban concern than a wilderness one, though.",
        "user": "U0NSCMBR8",
        "ts": "1597944806.007400",
        "team": "T0D1XTUAD",
        "user_team": "T0D1XTUAD",
        "source_team": "T0D1XTUAD",
        "user_profile": {
            "avatar_hash": "28a69ac871a0",
            "image_72": "https:\/\/avatars.slack-edge.com\/2016-02-24\/22896597253_28a69ac871a00b39b963_72.jpg",
            "first_name": "Al",
            "real_name": "Al Boss",
            "display_name": "",
            "team": "T0D1XTUAD",
            "name": "alboss",
            "is_restricted": false,
            "is_ultra_restricted": false
        },
        "blocks": [
            {
                "type": "rich_text",
                "block_id": "f3Y80",
                "elements": [
                    {
                        "type": "rich_text_section",
                        "elements": [
                            {
                                "type": "text",
                                "text": "Seems like cats would be more of an urban\/suburban concern than a wilderness one, though."
                            }
                        ]
                    }
                ]
            }
        ],
        "thread_ts": "1597934838.001200",
        "parent_user_id": "UUL14UHHP"
    },
    {
        "client_msg_id": "6085fcf5-76ab-4607-91af-d54bef1aec6a",
        "type": "message",
        "text": "Unless its a mountain lion",
        "user": "UFDNKQCU9",
        "ts": "1597944845.007600",
        "team": "T0D1XTUAD",
        "user_team": "T0D1XTUAD",
        "source_team": "T0D1XTUAD",
        "user_profile": {
            "avatar_hash": "625717ebbb6e",
            "image_72": "https:\/\/avatars.slack-edge.com\/2019-01-17\/526675529362_625717ebbb6e0ba43f68_72.jpg",
            "first_name": "Earl",
            "real_name": "Earl Krygier",
            "display_name": "Krygier",
            "team": "T0D1XTUAD",
            "name": "earl.krygier",
            "is_restricted": false,
            "is_ultra_restricted": false
        },
        "blocks": [
            {
                "type": "rich_text",
                "block_id": "21Z",
                "elements": [
                    {
                        "type": "rich_text_section",
                        "elements": [
                            {
                                "type": "text",
                                "text": "Unless its a mountain lion"
                            }
                        ]
                    }
                ]
            }
        ],
        "thread_ts": "1597934838.001200",
        "parent_user_id": "UUL14UHHP"
    },
    {
        "client_msg_id": "037c194e-a7ad-437c-a8d0-d83a9db45166",
        "type": "message",
        "text": "That reminds me of Toonces: <https:\/\/www.youtube.com\/watch?v=5fvsItXYgzk>",
        "user": "U5Y0BDK51",
        "ts": "1597944926.007800",
        "team": "T0D1XTUAD",
        "user_team": "T0D1XTUAD",
        "source_team": "T0D1XTUAD",
        "user_profile": {
            "avatar_hash": "8ead721adcae",
            "image_72": "https:\/\/avatars.slack-edge.com\/2020-02-27\/973218989973_8ead721adcae603f0609_72.jpg",
            "first_name": "Marisa",
            "real_name": "Marisa Mellema",
            "display_name": "Marisa Mellema",
            "team": "T0D1XTUAD",
            "name": "marisam",
            "is_restricted": false,
            "is_ultra_restricted": false
        },
        "attachments": [
            {
                "service_name": "YouTube",
                "service_url": "https:\/\/www.youtube.com\/",
                "title": "Toonces the Driving Cat: Driver's Test - SNL",
                "title_link": "https:\/\/www.youtube.com\/watch?v=5fvsItXYgzk",
                "author_name": "Saturday Night Live",
                "author_link": "https:\/\/www.youtube.com\/user\/SaturdayNightLive",
                "thumb_url": "https:\/\/i.ytimg.com\/vi\/5fvsItXYgzk\/hqdefault.jpg",
                "thumb_width": 480,
                "thumb_height": 360,
                "fallback": "YouTube Video: Toonces the Driving Cat: Driver's Test - SNL",
                "video_html": "<iframe width=\"400\" height=\"300\" src=\"https:\/\/www.youtube.com\/embed\/5fvsItXYgzk?feature=oembed&autoplay=1&iv_load_policy=3\" frameborder=\"0\" allow=\"accelerometer; autoplay; encrypted-media; gyroscope; picture-in-picture\" allowfullscreen><\/iframe>",
                "video_html_width": 400,
                "video_html_height": 300,
                "from_url": "https:\/\/www.youtube.com\/watch?v=5fvsItXYgzk",
                "service_icon": "https:\/\/a.slack-edge.com\/80588\/img\/unfurl_icons\/youtube.png",
                "id": 1,
                "original_url": "https:\/\/www.youtube.com\/watch?v=5fvsItXYgzk"
            }
        ],
        "blocks": [
            {
                "type": "rich_text",
                "block_id": "Edwh5",
                "elements": [
                    {
                        "type": "rich_text_section",
                        "elements": [
                            {
                                "type": "text",
                                "text": "That reminds me of Toonces: "
                            },
                            {
                                "type": "link",
                                "url": "https:\/\/www.youtube.com\/watch?v=5fvsItXYgzk"
                            }
                        ]
                    }
                ]
            }
        ],
        "thread_ts": "1597934838.001200",
        "parent_user_id": "UUL14UHHP",
        "reactions": [
            {
                "name": "grinning",
                "users": [
                    "UFDNKQCU9"
                ],
                "count": 1
            }
        ]
    },
    {
        "client_msg_id": "b1e76341-3b20-4e34-9aad-e1338ecc12ff",
        "type": "message",
        "text": "What kind of car would a mountain lion drive? I’m thinking they wouldn’t carjack just anything.",
        "user": "U0NSCMBR8",
        "ts": "1597944941.008100",
        "team": "T0D1XTUAD",
        "user_team": "T0D1XTUAD",
        "source_team": "T0D1XTUAD",
        "user_profile": {
            "avatar_hash": "28a69ac871a0",
            "image_72": "https:\/\/avatars.slack-edge.com\/2016-02-24\/22896597253_28a69ac871a00b39b963_72.jpg",
            "first_name": "Al",
            "real_name": "Al Boss",
            "display_name": "",
            "team": "T0D1XTUAD",
            "name": "alboss",
            "is_restricted": false,
            "is_ultra_restricted": false
        },
        "blocks": [
            {
                "type": "rich_text",
                "block_id": "dXvA",
                "elements": [
                    {
                        "type": "rich_text_section",
                        "elements": [
                            {
                                "type": "text",
                                "text": "What kind of car would a mountain lion drive? I’m thinking they wouldn’t carjack just anything."
                            }
                        ]
                    }
                ]
            }
        ],
        "thread_ts": "1597934838.001200",
        "parent_user_id": "UUL14UHHP"
    },
    {
        "client_msg_id": "bcbc99e7-6db0-464b-adeb-75ffcac9ea1a",
        "type": "message",
        "text": "They prefer Porsches",
        "user": "UFDNKQCU9",
        "ts": "1597944959.008300",
        "team": "T0D1XTUAD",
        "user_team": "T0D1XTUAD",
        "source_team": "T0D1XTUAD",
        "user_profile": {
            "avatar_hash": "625717ebbb6e",
            "image_72": "https:\/\/avatars.slack-edge.com\/2019-01-17\/526675529362_625717ebbb6e0ba43f68_72.jpg",
            "first_name": "Earl",
            "real_name": "Earl Krygier",
            "display_name": "Krygier",
            "team": "T0D1XTUAD",
            "name": "earl.krygier",
            "is_restricted": false,
            "is_ultra_restricted": false
        },
        "blocks": [
            {
                "type": "rich_text",
                "block_id": "=fNmG",
                "elements": [
                    {
                        "type": "rich_text_section",
                        "elements": [
                            {
                                "type": "text",
                                "text": "They prefer Porsches"
                            }
                        ]
                    }
                ]
            }
        ],
        "thread_ts": "1597934838.001200",
        "parent_user_id": "UUL14UHHP"
    },
    {
        "bot_id": "B4M05S43S",
        "type": "message",
        "text": "cat driving",
        "user": "UFDNKQCU9",
        "ts": "1597945025.008600",
        "team": "T0D1XTUAD",
        "bot_profile": {
            "id": "B4M05S43S",
            "deleted": false,
            "name": "giphy",
            "updated": 1490131602,
            "app_id": "A0F827J2C",
            "icons": {
                "image_36": "https:\/\/a.slack-edge.com\/dc483\/img\/plugins\/giphy\/service_72.png",
                "image_48": "https:\/\/a.slack-edge.com\/dc483\/img\/plugins\/giphy\/service_48.png",
                "image_72": "https:\/\/a.slack-edge.com\/dc483\/img\/plugins\/giphy\/service_72.png"
            },
            "team_id": "T0D1XTUAD"
        },
        "blocks": [
            {
                "type": "image",
                "block_id": "QUyb",
                "image_url": "https:\/\/media2.giphy.com\/media\/3o7aD8rheNDBusP2Ew\/giphy-downsized.gif?cid=6104955e11c0f23ced0383f55e91c5ca273e3843acb54072&rid=giphy-downsized.gif",
                "alt_text": "cat driving",
                "title": {
                    "type": "plain_text",
                    "text": "cat driving",
                    "emoji": true
                },
                "fallback": "273x201px image",
                "image_width": 273,
                "image_height": 201,
                "image_bytes": 1396112,
                "is_animated": true
            },
            {
                "type": "context",
                "block_id": "rbC",
                "elements": [
                    {
                        "fallback": "32x32px image",
                        "image_url": "https:\/\/a.slack-edge.com\/dc483\/img\/plugins\/giphy\/service_32.png",
                        "image_width": 32,
                        "image_height": 32,
                        "image_bytes": 603,
                        "type": "image",
                        "alt_text": "giphy logo"
                    },
                    {
                        "type": "mrkdwn",
                        "text": "Posted using \/giphy | GIF by <https:\/\/giphy.com\/snl\/|Saturday Night Live>",
                        "verbatim": false
                    }
                ]
            }
        ],
        "thread_ts": "1597934838.001200",
        "parent_user_id": "UUL14UHHP",
        "reactions": [
            {
                "name": "laughing",
                "users": [
                    "U5Y0BDK51",
                    "UUL14UHHP"
                ],
                "count": 2
            },
            {
                "name": "rolling_on_the_floor_laughing",
                "users": [
                    "UUW3W20AU"
                ],
                "count": 1
            }
        ]
    }
]