[
    {
        "client_msg_id": "a2c29179-7b03-4b3a-9fbc-fcd9485041a6",
        "type": "message",
        "text": "It may be rough for a time until people get used to using Teams. That goes for IT staff, who are usually the first to struggle with a new interface.  Any lessons learned from screen sharing? :)",
        "user": "UUJNED77D",
        "ts": "1605801691.306200",
        "team": "T0D1XTUAD",
        "user_team": "T0D1XTUAD",
        "source_team": "T0D1XTUAD",
        "user_profile": {
            "avatar_hash": "5f4a213e859b",
            "image_72": "https:\/\/avatars.slack-edge.com\/2020-03-04\/982713408789_5f4a213e859b7369a972_72.jpg",
            "first_name": "Fred",
            "real_name": "Fred Bentler",
            "display_name": "Fred Bentler",
            "team": "T0D1XTUAD",
            "name": "fred.bentler",
            "is_restricted": false,
            "is_ultra_restricted": false
        },
        "blocks": [
            {
                "type": "rich_text",
                "block_id": "CQH",
                "elements": [
                    {
                        "type": "rich_text_section",
                        "elements": [
                            {
                                "type": "text",
                                "text": "It may be rough for a time until people get used to using Teams. That goes for IT staff, who are usually the first to struggle with a new interface.  Any lessons learned from screen sharing? :)"
                            }
                        ]
                    }
                ]
            }
        ],
        "thread_ts": "1605742353.304600",
        "parent_user_id": "UUJNED77D"
    },
    {
        "client_msg_id": "aec76a85-bf74-4a13-b23f-382bbab440b3",
        "type": "message",
        "text": "We had to use Zoom to share my screen since the screen sharing feature in Teams is yet another component I don't have access\/permission to. It took us a while to figure this out though because the tech suppt guy was telling me where to click to share my screen based on the interface he had on his PC, and what I was seeing on my iMac was totally different. So ... at the end of the day ... we need a 2nd platform for virtual chat\/mtg's if the thing we're trouble shooting is Teams.",
        "user": "UUW3W20AU",
        "ts": "1605805315.306400",
        "team": "T0D1XTUAD",
        "user_team": "T0D1XTUAD",
        "source_team": "T0D1XTUAD",
        "user_profile": {
            "avatar_hash": "0c87430f5419",
            "image_72": "https:\/\/avatars.slack-edge.com\/2020-03-04\/984414387030_0c87430f5419d7de3cea_72.jpg",
            "first_name": "Elizabeth",
            "real_name": "Elizabeth Inglese",
            "display_name": "Tish",
            "team": "T0D1XTUAD",
            "name": "einglese",
            "is_restricted": false,
            "is_ultra_restricted": false
        },
        "blocks": [
            {
                "type": "rich_text",
                "block_id": "0ECqR",
                "elements": [
                    {
                        "type": "rich_text_section",
                        "elements": [
                            {
                                "type": "text",
                                "text": "We had to use Zoom to share my screen since the screen sharing feature in Teams is yet another component I don't have access\/permission to. It took us a while to figure this out though because the tech suppt guy was telling me where to click to share my screen based on the interface he had on his PC, and what I was seeing on my iMac was totally different. So ... at the end of the day ... we need a 2nd platform for virtual chat\/mtg's if the thing we're trouble shooting is Teams."
                            }
                        ]
                    }
                ]
            }
        ],
        "thread_ts": "1605742353.304600",
        "parent_user_id": "UUJNED77D"
    },
    {
        "client_msg_id": "a99819e3-02c4-497d-a97b-dc945e882493",
        "type": "message",
        "text": "Did everyone see this? Budget slightly lower, but 2 new holidays added!\n<https:\/\/www.seattletimes.com\/seattle-news\/politics\/king-county-passes-two-year-budget-about-7-lower-than-2020-adds-juneteenth-and-indigenous-peoples-day-as-paid-county-holidays\/>",
        "user": "UUW3W20AU",
        "ts": "1605813283.307000",
        "team": "T0D1XTUAD",
        "user_team": "T0D1XTUAD",
        "source_team": "T0D1XTUAD",
        "user_profile": {
            "avatar_hash": "0c87430f5419",
            "image_72": "https:\/\/avatars.slack-edge.com\/2020-03-04\/984414387030_0c87430f5419d7de3cea_72.jpg",
            "first_name": "Elizabeth",
            "real_name": "Elizabeth Inglese",
            "display_name": "Tish",
            "team": "T0D1XTUAD",
            "name": "einglese",
            "is_restricted": false,
            "is_ultra_restricted": false
        },
        "attachments": [
            {
                "service_name": "The Seattle Times",
                "title": "King County passes two-year budget, about 7% lower than 2020; adds Juneteenth and Indigenous Peoples’ Day as paid county holidays",
                "title_link": "https:\/\/www.seattletimes.com\/seattle-news\/politics\/king-county-passes-two-year-budget-about-7-lower-than-2020-adds-juneteenth-and-indigenous-peoples-day-as-paid-county-holidays\/",
                "text": "The Metropolitan King County Council approved a two-year budget on Tuesday that represents a 6.7% cut from its last two-year budget but adds a new 0.1% sales tax to fund housing for people who are chronically homeless. The County Council...",
                "fallback": "The Seattle Times: King County passes two-year budget, about 7% lower than 2020; adds Juneteenth and Indigenous Peoples’ Day as paid county holidays",
                "image_url": "https:\/\/static.seattletimes.com\/wp-content\/uploads\/2020\/11\/11172020_tzr_tzr_124033-375x241.jpg",
                "image_width": 375,
                "image_height": 241,
                "ts": 1605658260,
                "from_url": "https:\/\/www.seattletimes.com\/seattle-news\/politics\/king-county-passes-two-year-budget-about-7-lower-than-2020-adds-juneteenth-and-indigenous-peoples-day-as-paid-county-holidays\/",
                "image_bytes": 23885,
                "service_icon": "https:\/\/www.seattletimes.com\/apple-touch-icon.png?v=7kovnr5xE4",
                "id": 1,
                "original_url": "https:\/\/www.seattletimes.com\/seattle-news\/politics\/king-county-passes-two-year-budget-about-7-lower-than-2020-adds-juneteenth-and-indigenous-peoples-day-as-paid-county-holidays\/"
            }
        ],
        "blocks": [
            {
                "type": "rich_text",
                "block_id": "hVl",
                "elements": [
                    {
                        "type": "rich_text_section",
                        "elements": [
                            {
                                "type": "text",
                                "text": "Did everyone see this? Budget slightly lower, but 2 new holidays added!\n"
                            },
                            {
                                "type": "link",
                                "url": "https:\/\/www.seattletimes.com\/seattle-news\/politics\/king-county-passes-two-year-budget-about-7-lower-than-2020-adds-juneteenth-and-indigenous-peoples-day-as-paid-county-holidays\/"
                            }
                        ]
                    }
                ]
            }
        ],
        "thread_ts": "1605813283.307000",
        "reply_count": 4,
        "reply_users_count": 2,
        "latest_reply": "1605828207.311400",
        "reply_users": [
            "UUL14UHHP",
            "UUW3W20AU"
        ],
        "replies": [
            {
                "user": "UUL14UHHP",
                "ts": "1605815207.310700"
            },
            {
                "user": "UUW3W20AU",
                "ts": "1605821349.310900"
            },
            {
                "user": "UUL14UHHP",
                "ts": "1605821966.311100"
            },
            {
                "user": "UUW3W20AU",
                "ts": "1605828207.311400"
            }
        ],
        "subscribed": false
    },
    {
        "client_msg_id": "D5FB72CA-DB34-4EE0-875B-86BCFD00B418",
        "type": "message",
        "text": "The challenge for IT support staff is in moving from a somewhat controlled, somewhat uniform environment in which the existence of Mac and mobile were ignored, to a more diverse and uncontrollable environment in which the existence of Mac and mobile are ignored. ",
        "user": "U0NSCMBR8",
        "ts": "1605814717.310500",
        "team": "T0D1XTUAD",
        "user_team": "T0D1XTUAD",
        "source_team": "T0D1XTUAD",
        "user_profile": {
            "avatar_hash": "28a69ac871a0",
            "image_72": "https:\/\/avatars.slack-edge.com\/2016-02-24\/22896597253_28a69ac871a00b39b963_72.jpg",
            "first_name": "Al",
            "real_name": "Al Boss",
            "display_name": "",
            "team": "T0D1XTUAD",
            "name": "alboss",
            "is_restricted": false,
            "is_ultra_restricted": false
        },
        "blocks": [
            {
                "type": "rich_text",
                "block_id": "AhMiB",
                "elements": [
                    {
                        "type": "rich_text_section",
                        "elements": [
                            {
                                "type": "text",
                                "text": "The challenge for IT support staff is in moving from a somewhat controlled, somewhat uniform environment in which the existence of Mac and mobile were ignored, to a more diverse and uncontrollable environment in which the existence of Mac and mobile are ignored. "
                            }
                        ]
                    }
                ]
            }
        ],
        "thread_ts": "1605742353.304600",
        "parent_user_id": "UUJNED77D",
        "reactions": [
            {
                "name": "rolling_on_the_floor_laughing",
                "users": [
                    "UUW3W20AU"
                ],
                "count": 1
            }
        ]
    },
    {
        "client_msg_id": "c2f21d55-37ef-449b-8b5c-7130df72507e",
        "type": "message",
        "text": "Interesting! I wonder if the two new holidays will replace the 16 hours of personal holidays we currently receive.",
        "user": "UUL14UHHP",
        "ts": "1605815207.310700",
        "team": "T0D1XTUAD",
        "user_team": "T0D1XTUAD",
        "source_team": "T0D1XTUAD",
        "user_profile": {
            "avatar_hash": "0662c2f07684",
            "image_72": "https:\/\/avatars.slack-edge.com\/2020-03-04\/982524968624_0662c2f07684e471e99d_72.png",
            "first_name": "Wendy",
            "real_name": "Wendy Gable Collins",
            "display_name": "Wendy",
            "team": "T0D1XTUAD",
            "name": "wendy.collins",
            "is_restricted": false,
            "is_ultra_restricted": false
        },
        "blocks": [
            {
                "type": "rich_text",
                "block_id": "t3xtZ",
                "elements": [
                    {
                        "type": "rich_text_section",
                        "elements": [
                            {
                                "type": "text",
                                "text": "Interesting! I wonder if the two new holidays will replace the 16 hours of personal holidays we currently receive."
                            }
                        ]
                    }
                ]
            }
        ],
        "thread_ts": "1605813283.307000",
        "parent_user_id": "UUW3W20AU"
    },
    {
        "client_msg_id": "e027cd68-b0c0-4be2-926c-769356d2ff95",
        "type": "message",
        "text": "Ohhhh ... we get personal hours? Is that built into vacation hours?",
        "user": "UUW3W20AU",
        "ts": "1605821349.310900",
        "team": "T0D1XTUAD",
        "user_team": "T0D1XTUAD",
        "source_team": "T0D1XTUAD",
        "user_profile": {
            "avatar_hash": "0c87430f5419",
            "image_72": "https:\/\/avatars.slack-edge.com\/2020-03-04\/984414387030_0c87430f5419d7de3cea_72.jpg",
            "first_name": "Elizabeth",
            "real_name": "Elizabeth Inglese",
            "display_name": "Tish",
            "team": "T0D1XTUAD",
            "name": "einglese",
            "is_restricted": false,
            "is_ultra_restricted": false
        },
        "blocks": [
            {
                "type": "rich_text",
                "block_id": "IlqRp",
                "elements": [
                    {
                        "type": "rich_text_section",
                        "elements": [
                            {
                                "type": "text",
                                "text": "Ohhhh ... we get personal hours? Is that built into vacation hours?"
                            }
                        ]
                    }
                ]
            }
        ],
        "thread_ts": "1605813283.307000",
        "parent_user_id": "UUW3W20AU"
    },
    {
        "client_msg_id": "ded7d81d-e78a-4dac-ac11-ab18bb016eb8",
        "type": "message",
        "text": "<@UUW3W20AU> Yes, eight hours in October and eight in November that are automatically added to our vacation accruals.",
        "user": "UUL14UHHP",
        "ts": "1605821966.311100",
        "team": "T0D1XTUAD",
        "user_team": "T0D1XTUAD",
        "source_team": "T0D1XTUAD",
        "user_profile": {
            "avatar_hash": "0662c2f07684",
            "image_72": "https:\/\/avatars.slack-edge.com\/2020-03-04\/982524968624_0662c2f07684e471e99d_72.png",
            "first_name": "Wendy",
            "real_name": "Wendy Gable Collins",
            "display_name": "Wendy",
            "team": "T0D1XTUAD",
            "name": "wendy.collins",
            "is_restricted": false,
            "is_ultra_restricted": false
        },
        "blocks": [
            {
                "type": "rich_text",
                "block_id": "Fi\/Dx",
                "elements": [
                    {
                        "type": "rich_text_section",
                        "elements": [
                            {
                                "type": "user",
                                "user_id": "UUW3W20AU"
                            },
                            {
                                "type": "text",
                                "text": " Yes, eight hours in October and eight in November that are automatically added to our vacation accruals."
                            }
                        ]
                    }
                ]
            }
        ],
        "thread_ts": "1605813283.307000",
        "parent_user_id": "UUW3W20AU",
        "reactions": [
            {
                "name": "open_mouth",
                "users": [
                    "UUW3W20AU"
                ],
                "count": 1
            }
        ]
    },
    {
        "client_msg_id": "22802b20-799e-4bb7-829a-ac7bcb3492f3",
        "type": "message",
        "text": "Oh okay! Good to know! What a nice little birthday gift! :joy:",
        "user": "UUW3W20AU",
        "ts": "1605828207.311400",
        "team": "T0D1XTUAD",
        "user_team": "T0D1XTUAD",
        "source_team": "T0D1XTUAD",
        "user_profile": {
            "avatar_hash": "0c87430f5419",
            "image_72": "https:\/\/avatars.slack-edge.com\/2020-03-04\/984414387030_0c87430f5419d7de3cea_72.jpg",
            "first_name": "Elizabeth",
            "real_name": "Elizabeth Inglese",
            "display_name": "Tish",
            "team": "T0D1XTUAD",
            "name": "einglese",
            "is_restricted": false,
            "is_ultra_restricted": false
        },
        "blocks": [
            {
                "type": "rich_text",
                "block_id": "yVN",
                "elements": [
                    {
                        "type": "rich_text_section",
                        "elements": [
                            {
                                "type": "text",
                                "text": "Oh okay! Good to know! What a nice little birthday gift! "
                            },
                            {
                                "type": "emoji",
                                "name": "joy"
                            }
                        ]
                    }
                ]
            }
        ],
        "thread_ts": "1605813283.307000",
        "parent_user_id": "UUW3W20AU"
    }
]