[
    {
        "client_msg_id": "4b97a042-7a0d-4a6e-bfe7-2d5423688df3",
        "type": "message",
        "text": "<https:\/\/www.kuow.org\/stories\/what-s-good-silver-linings-in-the-time-of-coronavirus>",
        "user": "U7EP7P2JW",
        "ts": "1586453244.149300",
        "team": "T0D1XTUAD",
        "user_team": "T0D1XTUAD",
        "source_team": "T0D1XTUAD",
        "user_profile": {
            "avatar_hash": "7fac73a9f68f",
            "image_72": "https:\/\/avatars.slack-edge.com\/2020-11-05\/1503307917168_7fac73a9f68f9db6dfe6_72.png",
            "first_name": "Rebecca",
            "real_name": "Rebecca Watson",
            "display_name": "rebecca",
            "team": "T0D1XTUAD",
            "name": "rebecca.watson",
            "is_restricted": false,
            "is_ultra_restricted": false
        },
        "attachments": [
            {
                "title": "What's good? Silver linings in the time of coronavirus",
                "title_link": "https:\/\/www.kuow.org\/stories\/what-s-good-silver-linings-in-the-time-of-coronavirus",
                "text": "Since the outbreak of the coronavirus in our state, we’ve heard of so many selfless acts that we decided to start a blog to recording them, hoping these stories bring light into your day. Have you witnessed or experienced a random act of kindness? Write to <mailto:engage@kuow.org|engage@kuow.org> with “What’s Good’ in the subject line, and we’ll feature it here.",
                "fallback": "What's good? Silver linings in the time of coronavirus",
                "image_url": "https:\/\/kuow-prod.imgix.net\/store\/4b0f7ac7cdf03872d679e5f846a3be0b.jpg?fm=jpg&fit=max&w=1200&h=628&q=80",
                "ts": 1585514369,
                "from_url": "https:\/\/www.kuow.org\/stories\/what-s-good-silver-linings-in-the-time-of-coronavirus",
                "image_width": 375,
                "image_height": 250,
                "image_bytes": 166661,
                "service_icon": "https:\/\/www.kuow.org\/icon.png",
                "service_name": "kuow.org",
                "id": 1,
                "original_url": "https:\/\/www.kuow.org\/stories\/what-s-good-silver-linings-in-the-time-of-coronavirus"
            }
        ],
        "blocks": [
            {
                "type": "rich_text",
                "block_id": "mY0I",
                "elements": [
                    {
                        "type": "rich_text_section",
                        "elements": [
                            {
                                "type": "link",
                                "url": "https:\/\/www.kuow.org\/stories\/what-s-good-silver-linings-in-the-time-of-coronavirus"
                            }
                        ]
                    }
                ]
            }
        ],
        "thread_ts": "1586453244.149300",
        "reply_count": 4,
        "reply_users_count": 3,
        "latest_reply": "1586454389.152400",
        "reply_users": [
            "U0D1W09V4",
            "UUW3W20AU",
            "U7EP7P2JW"
        ],
        "replies": [
            {
                "user": "U0D1W09V4",
                "ts": "1586453580.151600"
            },
            {
                "user": "UUW3W20AU",
                "ts": "1586453652.151800"
            },
            {
                "user": "U7EP7P2JW",
                "ts": "1586453953.152000"
            },
            {
                "user": "UUW3W20AU",
                "ts": "1586454389.152400"
            }
        ],
        "subscribed": false
    },
    {
        "client_msg_id": "305331f5-d04f-4cc5-b4ea-6d53b44083f7",
        "type": "message",
        "text": "<@UUW3W20AU> started a Facebook page to post inspiring things people see around the city.",
        "user": "U0D1W09V4",
        "ts": "1586453580.151600",
        "team": "T0D1XTUAD",
        "user_team": "T0D1XTUAD",
        "source_team": "T0D1XTUAD",
        "user_profile": {
            "avatar_hash": "69a03f210a7e",
            "image_72": "https:\/\/avatars.slack-edge.com\/2020-04-03\/1036225284226_69a03f210a7ec4e12108_72.jpg",
            "first_name": "Beth",
            "real_name": "Beth Cheatham",
            "display_name": "beth.cheatham",
            "team": "T0D1XTUAD",
            "name": "beth.cheatham",
            "is_restricted": false,
            "is_ultra_restricted": false
        },
        "blocks": [
            {
                "type": "rich_text",
                "block_id": "p0Y6",
                "elements": [
                    {
                        "type": "rich_text_section",
                        "elements": [
                            {
                                "type": "user",
                                "user_id": "UUW3W20AU"
                            },
                            {
                                "type": "text",
                                "text": " started a Facebook page to post inspiring things people see around the city."
                            }
                        ]
                    }
                ]
            }
        ],
        "thread_ts": "1586453244.149300",
        "parent_user_id": "U7EP7P2JW"
    },
    {
        "client_msg_id": "43c2f926-ba07-40a5-8334-2234f2f5eb03",
        "type": "message",
        "text": "Oooo ... <@U7EP7P2JW> should I send my FB page to that email?",
        "user": "UUW3W20AU",
        "ts": "1586453652.151800",
        "team": "T0D1XTUAD",
        "user_team": "T0D1XTUAD",
        "source_team": "T0D1XTUAD",
        "user_profile": {
            "avatar_hash": "0c87430f5419",
            "image_72": "https:\/\/avatars.slack-edge.com\/2020-03-04\/984414387030_0c87430f5419d7de3cea_72.jpg",
            "first_name": "Elizabeth",
            "real_name": "Elizabeth Inglese",
            "display_name": "Tish",
            "team": "T0D1XTUAD",
            "name": "einglese",
            "is_restricted": false,
            "is_ultra_restricted": false
        },
        "blocks": [
            {
                "type": "rich_text",
                "block_id": "jpRt9",
                "elements": [
                    {
                        "type": "rich_text_section",
                        "elements": [
                            {
                                "type": "text",
                                "text": "Oooo ... "
                            },
                            {
                                "type": "user",
                                "user_id": "U7EP7P2JW"
                            },
                            {
                                "type": "text",
                                "text": " should I send my FB page to that email?"
                            }
                        ]
                    }
                ]
            }
        ],
        "thread_ts": "1586453244.149300",
        "parent_user_id": "U7EP7P2JW"
    },
    {
        "client_msg_id": "302135f0-dda1-4818-8280-a20e4bf6c462",
        "type": "message",
        "text": "<@UUW3W20AU> - why not?",
        "user": "U7EP7P2JW",
        "ts": "1586453953.152000",
        "team": "T0D1XTUAD",
        "user_team": "T0D1XTUAD",
        "source_team": "T0D1XTUAD",
        "user_profile": {
            "avatar_hash": "7fac73a9f68f",
            "image_72": "https:\/\/avatars.slack-edge.com\/2020-11-05\/1503307917168_7fac73a9f68f9db6dfe6_72.png",
            "first_name": "Rebecca",
            "real_name": "Rebecca Watson",
            "display_name": "rebecca",
            "team": "T0D1XTUAD",
            "name": "rebecca.watson",
            "is_restricted": false,
            "is_ultra_restricted": false
        },
        "blocks": [
            {
                "type": "rich_text",
                "block_id": "YhA",
                "elements": [
                    {
                        "type": "rich_text_section",
                        "elements": [
                            {
                                "type": "user",
                                "user_id": "UUW3W20AU"
                            },
                            {
                                "type": "text",
                                "text": " - why not?"
                            }
                        ]
                    }
                ]
            }
        ],
        "thread_ts": "1586453244.149300",
        "parent_user_id": "U7EP7P2JW"
    },
    {
        "client_msg_id": "97545e46-3661-4d69-9806-5af02b7cd011",
        "type": "message",
        "text": "Submitted! Thanks for the heads up on this <@U7EP7P2JW> and <@U0D1W09V4>! :slightly_smiling_face:",
        "user": "UUW3W20AU",
        "ts": "1586454389.152400",
        "team": "T0D1XTUAD",
        "user_team": "T0D1XTUAD",
        "source_team": "T0D1XTUAD",
        "user_profile": {
            "avatar_hash": "0c87430f5419",
            "image_72": "https:\/\/avatars.slack-edge.com\/2020-03-04\/984414387030_0c87430f5419d7de3cea_72.jpg",
            "first_name": "Elizabeth",
            "real_name": "Elizabeth Inglese",
            "display_name": "Tish",
            "team": "T0D1XTUAD",
            "name": "einglese",
            "is_restricted": false,
            "is_ultra_restricted": false
        },
        "blocks": [
            {
                "type": "rich_text",
                "block_id": "Tr9W",
                "elements": [
                    {
                        "type": "rich_text_section",
                        "elements": [
                            {
                                "type": "text",
                                "text": "Submitted! Thanks for the heads up on this "
                            },
                            {
                                "type": "user",
                                "user_id": "U7EP7P2JW"
                            },
                            {
                                "type": "text",
                                "text": " and "
                            },
                            {
                                "type": "user",
                                "user_id": "U0D1W09V4"
                            },
                            {
                                "type": "text",
                                "text": "! "
                            },
                            {
                                "type": "emoji",
                                "name": "slightly_smiling_face"
                            }
                        ]
                    }
                ]
            }
        ],
        "thread_ts": "1586453244.149300",
        "parent_user_id": "U7EP7P2JW",
        "reactions": [
            {
                "name": "+1::skin-tone-4",
                "users": [
                    "UUJNECG67"
                ],
                "count": 1
            }
        ]
    },
    {
        "client_msg_id": "02f60619-decd-448b-bf9d-cdb38bbaf295",
        "type": "message",
        "text": "Hi All, something was just brought to my attention ... not sure if everyone else already realized this, but 1 on 1 Zoom meetings with the FREE acct are unlimited. It's the group meetings that have a cap on 40 mins with the FREE acct.",
        "user": "UUW3W20AU",
        "ts": "1586455001.153400",
        "team": "T0D1XTUAD",
        "user_team": "T0D1XTUAD",
        "source_team": "T0D1XTUAD",
        "user_profile": {
            "avatar_hash": "0c87430f5419",
            "image_72": "https:\/\/avatars.slack-edge.com\/2020-03-04\/984414387030_0c87430f5419d7de3cea_72.jpg",
            "first_name": "Elizabeth",
            "real_name": "Elizabeth Inglese",
            "display_name": "Tish",
            "team": "T0D1XTUAD",
            "name": "einglese",
            "is_restricted": false,
            "is_ultra_restricted": false
        },
        "blocks": [
            {
                "type": "rich_text",
                "block_id": "KUa7",
                "elements": [
                    {
                        "type": "rich_text_section",
                        "elements": [
                            {
                                "type": "text",
                                "text": "Hi All, something was just brought to my attention ... not sure if everyone else already realized this, but 1 on 1 Zoom meetings with the FREE acct are unlimited. It's the group meetings that have a cap on 40 mins with the FREE acct."
                            }
                        ]
                    }
                ]
            }
        ]
    },
    {
        "client_msg_id": "56f95d0a-0ee9-4527-948f-4ce97efc40f6",
        "type": "message",
        "text": "Thanks for sharing, <@U7EP7P2JW>!",
        "user": "UUW4ERY1K",
        "ts": "1586458068.153800",
        "team": "T0D1XTUAD",
        "user_team": "T0D1XTUAD",
        "source_team": "T0D1XTUAD",
        "user_profile": {
            "avatar_hash": "fdf7337a53b7",
            "image_72": "https:\/\/avatars.slack-edge.com\/2020-03-27\/1032400273792_fdf7337a53b7b979eda4_72.jpg",
            "first_name": "",
            "real_name": "Warren Kagarise",
            "display_name": "Warren Kagarise",
            "team": "T0D1XTUAD",
            "name": "warren.kagarise",
            "is_restricted": false,
            "is_ultra_restricted": false
        },
        "blocks": [
            {
                "type": "rich_text",
                "block_id": "ukAR",
                "elements": [
                    {
                        "type": "rich_text_section",
                        "elements": [
                            {
                                "type": "text",
                                "text": "Thanks for sharing, "
                            },
                            {
                                "type": "user",
                                "user_id": "U7EP7P2JW"
                            },
                            {
                                "type": "text",
                                "text": "!"
                            }
                        ]
                    }
                ]
            }
        ],
        "thread_ts": "1586373198.147400",
        "parent_user_id": "U7EP7P2JW",
        "reactions": [
            {
                "name": "+1",
                "users": [
                    "U7EP7P2JW"
                ],
                "count": 1
            }
        ]
    },
    {
        "client_msg_id": "3cfe1ce6-1cfb-45b2-a214-a9a39f52f79a",
        "type": "message",
        "text": "*Hidy ho fellow DCE'rs!* \nPer the brief convo we had in our DCE WWW (\"Weekly Work &amp; Wellness\") Meeting on Wed, here is a *short poll* to gather feedback from our inaugural \"DCE COVID Cocktail Hour\" that was held last Fri. If anything, in life, we should always be trying to improve upon ourselves and things around us, and happy hour is no exception to that!",
        "user": "UUW3W20AU",
        "ts": "1586462100.157200",
        "team": "T0D1XTUAD",
        "user_team": "T0D1XTUAD",
        "source_team": "T0D1XTUAD",
        "user_profile": {
            "avatar_hash": "0c87430f5419",
            "image_72": "https:\/\/avatars.slack-edge.com\/2020-03-04\/984414387030_0c87430f5419d7de3cea_72.jpg",
            "first_name": "Elizabeth",
            "real_name": "Elizabeth Inglese",
            "display_name": "Tish",
            "team": "T0D1XTUAD",
            "name": "einglese",
            "is_restricted": false,
            "is_ultra_restricted": false
        },
        "blocks": [
            {
                "type": "rich_text",
                "block_id": "6zO",
                "elements": [
                    {
                        "type": "rich_text_section",
                        "elements": [
                            {
                                "type": "text",
                                "text": "Hidy ho fellow DCE'rs! ",
                                "style": {
                                    "bold": true
                                }
                            },
                            {
                                "type": "text",
                                "text": "\nPer the brief convo we had in our DCE WWW (\"Weekly Work & Wellness\") Meeting on Wed, here is a "
                            },
                            {
                                "type": "text",
                                "text": "short poll",
                                "style": {
                                    "bold": true
                                }
                            },
                            {
                                "type": "text",
                                "text": " to gather feedback from our inaugural \"DCE COVID Cocktail Hour\" that was held last Fri. If anything, in life, we should always be trying to improve upon ourselves and things around us, and happy hour is no exception to that!"
                            }
                        ]
                    }
                ]
            }
        ]
    },
    {
        "type": "message",
        "subtype": "bot_message",
        "text": "<@UUW3W20AU> has a poll for you! Votes in this poll are anonymous :lock:.",
        "ts": "1586462291.157400",
        "username": "Polly",
        "bot_id": "B010BFJT6BZ",
        "blocks": [
            {
                "type": "section",
                "block_id": "aOE",
                "text": {
                    "type": "mrkdwn",
                    "text": "*Does 4:30pm still work for people?*",
                    "verbatim": true
                }
            },
            {
                "type": "actions",
                "block_id": "RQf",
                "elements": [
                    {
                        "type": "button",
                        "action_id": "PollMessage(QfDBKjao6DGjbi8jL).VotingButton(0)",
                        "text": {
                            "type": "plain_text",
                            "text": "1",
                            "emoji": true
                        },
                        "value": "one"
                    },
                    {
                        "type": "button",
                        "action_id": "PollMessage(QfDBKjao6DGjbi8jL).VotingButton(1)",
                        "text": {
                            "type": "plain_text",
                            "text": "2",
                            "emoji": true
                        },
                        "value": "two"
                    },
                    {
                        "type": "button",
                        "action_id": "PollMessage(QfDBKjao6DGjbi8jL).VotingButton(2)",
                        "text": {
                            "type": "plain_text",
                            "text": "3",
                            "emoji": true
                        },
                        "value": "three"
                    },
                    {
                        "type": "button",
                        "action_id": "PollMessage(QfDBKjao6DGjbi8jL).VotingButton(3)",
                        "text": {
                            "type": "plain_text",
                            "text": "4",
                            "emoji": true
                        },
                        "value": "four"
                    },
                    {
                        "type": "button",
                        "action_id": "PollMessage(QfDBKjao6DGjbi8jL).VotingButton(4)",
                        "text": {
                            "type": "plain_text",
                            "text": "5",
                            "emoji": true
                        },
                        "value": "five"
                    }
                ]
            },
            {
                "type": "actions",
                "block_id": "F=77",
                "elements": [
                    {
                        "type": "button",
                        "action_id": "PollMessage(QfDBKjao6DGjbi8jL).VotingButton(5)",
                        "text": {
                            "type": "plain_text",
                            "text": "6",
                            "emoji": true
                        },
                        "value": "six"
                    },
                    {
                        "type": "button",
                        "action_id": "PollMessage(QfDBKjao6DGjbi8jL).AddOptionButton",
                        "text": {
                            "type": "plain_text",
                            "text": "+ Add Option",
                            "emoji": true
                        }
                    }
                ]
            },
            {
                "type": "section",
                "block_id": "43VJo",
                "fields": [
                    {
                        "type": "mrkdwn",
                        "text": "*1*: 5:00pm  \n\n`⁢ ⁢ ⁢ ⁢ ⁢ ⁢ ⁢ ⁢ ⁢ ⁢ ⁢ ⁢ ⁢ ⁢ ⁢ ⁢ ⁢ ⁢ ⁢ ⁢ ⁢ ⁢ ⁢ ⁢ ⁢ `  |  0% (0)",
                        "verbatim": true
                    },
                    {
                        "type": "mrkdwn",
                        "text": "*2*: 5:30pm  \n\n`⁢ ⁢ ⁢ ⁢ ⁢ ⁢ ⁢ ⁢ ⁢ ⁢ ⁢ ⁢ ⁢ ⁢ ⁢ ⁢ ⁢ ⁢ ⁢ ⁢ ⁢ ⁢ ⁢ ⁢ ⁢ `  |  0% (0)",
                        "verbatim": true
                    }
                ]
            },
            {
                "type": "section",
                "block_id": "=0ru",
                "fields": [
                    {
                        "type": "mrkdwn",
                        "text": "*3*: Whenever, I'm flexible  \n\n`███████████████ ⁢ ⁢ ⁢ ⁢ ⁢ ⁢ ⁢ ⁢ ⁢ ⁢`  |  63% (5)",
                        "verbatim": true
                    },
                    {
                        "type": "mrkdwn",
                        "text": "*4*: Never, I hate all of you  \n\n`⁢ ⁢ ⁢ ⁢ ⁢ ⁢ ⁢ ⁢ ⁢ ⁢ ⁢ ⁢ ⁢ ⁢ ⁢ ⁢ ⁢ ⁢ ⁢ ⁢ ⁢ ⁢ ⁢ ⁢ ⁢ `  |  0% (0)",
                        "verbatim": true
                    }
                ]
            },
            {
                "type": "section",
                "block_id": "ug7t",
                "fields": [
                    {
                        "type": "mrkdwn",
                        "text": "*5*: Stay at 4:30  \n\n`⁢ ⁢ ⁢ ⁢ ⁢ ⁢ ⁢ ⁢ ⁢ ⁢ ⁢ ⁢ ⁢ ⁢ ⁢ ⁢ ⁢ ⁢ ⁢ ⁢ ⁢ ⁢ ⁢ ⁢ ⁢ `  |  0% (0)",
                        "verbatim": true
                    },
                    {
                        "type": "mrkdwn",
                        "text": "*6*: 4:30pm  \n\n`█████████ ⁢ ⁢ ⁢ ⁢ ⁢ ⁢ ⁢ ⁢ ⁢ ⁢ ⁢ ⁢ ⁢ ⁢ ⁢ ⁢`  |  38% (3)",
                        "verbatim": true
                    }
                ]
            },
            {
                "type": "context",
                "block_id": "xVd",
                "elements": [
                    {
                        "type": "mrkdwn",
                        "text": "*Total Votes*: 8",
                        "verbatim": true
                    }
                ]
            },
            {
                "type": "actions",
                "block_id": "vGvT4",
                "elements": [
                    {
                        "type": "button",
                        "action_id": "PollMessage(QfDBKjao6DGjbi8jL).AddCommentButton",
                        "text": {
                            "type": "plain_text",
                            "text": "Add a Comment",
                            "emoji": true
                        }
                    },
                    {
                        "type": "button",
                        "action_id": "PollMessage(QfDBKjao6DGjbi8jL).ViewAllResponsesButton",
                        "text": {
                            "type": "plain_text",
                            "text": "View All Responses",
                            "emoji": true
                        }
                    }
                ]
            },
            {
                "type": "divider",
                "block_id": "ZFl+"
            },
            {
                "type": "context",
                "block_id": "NGwA\/",
                "elements": [
                    {
                        "type": "mrkdwn",
                        "text": "Owner: @Elizabeth Inglese  |  *:clock930: Closes:* <!date^1589054291^{date_short} at {time}|May 9, 2020 at 19:58 PM>  |  :lock: Responses are Anonymous",
                        "verbatim": true
                    }
                ]
            }
        ],
        "edited": {
            "user": "B010BFJT6BZ",
            "ts": "1586474927.000000"
        }
    },
    {
        "type": "message",
        "subtype": "bot_message",
        "text": "<@UUW3W20AU> has a poll for you!",
        "ts": "1586462568.158500",
        "username": "Polly",
        "bot_id": "B010BFJT6BZ",
        "blocks": [
            {
                "type": "section",
                "block_id": "raHw8",
                "text": {
                    "type": "mrkdwn",
                    "text": "*Does Friday still work for people?*",
                    "verbatim": true
                }
            },
            {
                "type": "actions",
                "block_id": "xwuv",
                "elements": [
                    {
                        "type": "button",
                        "action_id": "PollMessage(3aWTzJnDqRXGsp9fw).VotingButton(0)",
                        "text": {
                            "type": "plain_text",
                            "text": "1",
                            "emoji": true
                        },
                        "value": "one"
                    },
                    {
                        "type": "button",
                        "action_id": "PollMessage(3aWTzJnDqRXGsp9fw).VotingButton(1)",
                        "text": {
                            "type": "plain_text",
                            "text": "2",
                            "emoji": true
                        },
                        "value": "two"
                    },
                    {
                        "type": "button",
                        "action_id": "PollMessage(3aWTzJnDqRXGsp9fw).VotingButton(2)",
                        "text": {
                            "type": "plain_text",
                            "text": "3",
                            "emoji": true
                        },
                        "value": "three"
                    },
                    {
                        "type": "button",
                        "action_id": "PollMessage(3aWTzJnDqRXGsp9fw).VotingButton(3)",
                        "text": {
                            "type": "plain_text",
                            "text": "4",
                            "emoji": true
                        },
                        "value": "four"
                    },
                    {
                        "type": "button",
                        "action_id": "PollMessage(3aWTzJnDqRXGsp9fw).VotingButton(4)",
                        "text": {
                            "type": "plain_text",
                            "text": "5",
                            "emoji": true
                        },
                        "value": "five"
                    }
                ]
            },
            {
                "type": "actions",
                "block_id": "q7G",
                "elements": [
                    {
                        "type": "button",
                        "action_id": "PollMessage(3aWTzJnDqRXGsp9fw).VotingButton(5)",
                        "text": {
                            "type": "plain_text",
                            "text": "6",
                            "emoji": true
                        },
                        "value": "six"
                    },
                    {
                        "type": "button",
                        "action_id": "PollMessage(3aWTzJnDqRXGsp9fw).AddOptionButton",
                        "text": {
                            "type": "plain_text",
                            "text": "+ Add Option",
                            "emoji": true
                        }
                    }
                ]
            },
            {
                "type": "section",
                "block_id": "Azc0P",
                "fields": [
                    {
                        "type": "mrkdwn",
                        "text": "*1*: Monday is actually better because I hate Mondays and need a drink  \n\n`⁢ ⁢ ⁢ ⁢ ⁢ ⁢ ⁢ ⁢ ⁢ ⁢ ⁢ ⁢ ⁢ ⁢ ⁢ ⁢ ⁢ ⁢ ⁢ ⁢ ⁢ ⁢ ⁢ ⁢ ⁢ `  |  0% (0)",
                        "verbatim": true
                    },
                    {
                        "type": "mrkdwn",
                        "text": "*2*: Tuesday because Tuesdays are \"Taco Tuesdays\" in my house and you can't have tacos without margaritas  \n\n`⁢ ⁢ ⁢ ⁢ ⁢ ⁢ ⁢ ⁢ ⁢ ⁢ ⁢ ⁢ ⁢ ⁢ ⁢ ⁢ ⁢ ⁢ ⁢ ⁢ ⁢ ⁢ ⁢ ⁢ ⁢ `  |  0% (0)",
                        "verbatim": true
                    }
                ]
            },
            {
                "type": "section",
                "block_id": "Ws=8P",
                "fields": [
                    {
                        "type": "mrkdwn",
                        "text": "*3*: Wednesdays because Wed is hump day and I heard camels drink a lot  \n\n`⁢ ⁢ ⁢ ⁢ ⁢ ⁢ ⁢ ⁢ ⁢ ⁢ ⁢ ⁢ ⁢ ⁢ ⁢ ⁢ ⁢ ⁢ ⁢ ⁢ ⁢ ⁢ ⁢ ⁢ ⁢ `  |  0% (0)",
                        "verbatim": true
                    },
                    {
                        "type": "mrkdwn",
                        "text": "*4*: Thursdays because ... well DUH, where do you think \"Thirsty Thursdays\" were invented  \n\n`⁢ ⁢ ⁢ ⁢ ⁢ ⁢ ⁢ ⁢ ⁢ ⁢ ⁢ ⁢ ⁢ ⁢ ⁢ ⁢ ⁢ ⁢ ⁢ ⁢ ⁢ ⁢ ⁢ ⁢ ⁢ `  |  0% (0)",
                        "verbatim": true
                    }
                ]
            },
            {
                "type": "section",
                "block_id": "s12=",
                "fields": [
                    {
                        "type": "mrkdwn",
                        "text": "*5*: Friday still works for me, if it ain't broke - don't fix it  \n\n`██████████████████ ⁢ ⁢ ⁢ ⁢ ⁢ ⁢ ⁢`  |  75% (6)\n\n<@U7EP7P2JW>, <@U0D1W09V4>, <@UUL14UHHP> + 3 more",
                        "verbatim": true
                    },
                    {
                        "type": "mrkdwn",
                        "text": "*6*: All of the above because I only drink on days that end with \"Y\"  \n\n`██████ ⁢ ⁢ ⁢ ⁢ ⁢ ⁢ ⁢ ⁢ ⁢ ⁢ ⁢ ⁢ ⁢ ⁢ ⁢ ⁢ ⁢ ⁢ ⁢`  |  25% (2)\n\n<@UFDNKQCU9>, <@U0NSCMBR8>",
                        "verbatim": true
                    }
                ]
            },
            {
                "type": "context",
                "block_id": "6g5",
                "elements": [
                    {
                        "type": "mrkdwn",
                        "text": "*Total Votes*: 9",
                        "verbatim": true
                    }
                ]
            },
            {
                "type": "actions",
                "block_id": "NaKO3",
                "elements": [
                    {
                        "type": "button",
                        "action_id": "PollMessage(3aWTzJnDqRXGsp9fw).AddCommentButton",
                        "text": {
                            "type": "plain_text",
                            "text": "Add a Comment",
                            "emoji": true
                        }
                    },
                    {
                        "type": "button",
                        "action_id": "PollMessage(3aWTzJnDqRXGsp9fw).ViewAllResponsesButton",
                        "text": {
                            "type": "plain_text",
                            "text": "View All Responses",
                            "emoji": true
                        }
                    }
                ]
            },
            {
                "type": "divider",
                "block_id": "\/7a"
            },
            {
                "type": "context",
                "block_id": "3Bm7",
                "elements": [
                    {
                        "type": "mrkdwn",
                        "text": "Owner: @Elizabeth Inglese  |  *:clock930: Closes:* <!date^1589054566^{date_short} at {time}|May 9, 2020 at 20:02 PM>  |  :unlock: Responses are Non-Anonymous",
                        "verbatim": true
                    }
                ]
            }
        ],
        "edited": {
            "user": "B010BFJT6BZ",
            "ts": "1586474982.000000"
        }
    },
    {
        "client_msg_id": "25399de7-a858-4a37-ae55-eca45c8fb921",
        "type": "message",
        "text": "Sorry <@UUW3W20AU> - I just made everything worse!",
        "user": "U5Y0BDK51",
        "ts": "1586462582.158800",
        "team": "T0D1XTUAD",
        "user_team": "T0D1XTUAD",
        "source_team": "T0D1XTUAD",
        "user_profile": {
            "avatar_hash": "8ead721adcae",
            "image_72": "https:\/\/avatars.slack-edge.com\/2020-02-27\/973218989973_8ead721adcae603f0609_72.jpg",
            "first_name": "Marisa",
            "real_name": "Marisa Mellema",
            "display_name": "Marisa Mellema",
            "team": "T0D1XTUAD",
            "name": "marisam",
            "is_restricted": false,
            "is_ultra_restricted": false
        },
        "blocks": [
            {
                "type": "rich_text",
                "block_id": "4by",
                "elements": [
                    {
                        "type": "rich_text_section",
                        "elements": [
                            {
                                "type": "text",
                                "text": "Sorry "
                            },
                            {
                                "type": "user",
                                "user_id": "UUW3W20AU"
                            },
                            {
                                "type": "text",
                                "text": " - I just made everything worse!"
                            }
                        ]
                    }
                ]
            }
        ],
        "thread_ts": "1586462582.158800",
        "reply_count": 3,
        "reply_users_count": 2,
        "latest_reply": "1586472296.165100",
        "reply_users": [
            "UUW3W20AU",
            "UFDNKQCU9"
        ],
        "replies": [
            {
                "user": "UUW3W20AU",
                "ts": "1586462830.161100"
            },
            {
                "user": "UUW3W20AU",
                "ts": "1586471061.164400"
            },
            {
                "user": "UFDNKQCU9",
                "ts": "1586472296.165100"
            }
        ],
        "subscribed": false,
        "reactions": [
            {
                "name": "rolling_on_the_floor_laughing",
                "users": [
                    "UUW3W20AU"
                ],
                "count": 1
            }
        ]
    },
    {
        "client_msg_id": "dd316754-bbf3-4124-a2f2-d8259f781d08",
        "type": "message",
        "text": "What is happening??",
        "user": "U0D1V0DPG",
        "ts": "1586462591.159000",
        "team": "T0D1XTUAD",
        "user_team": "T0D1XTUAD",
        "source_team": "T0D1XTUAD",
        "user_profile": {
            "avatar_hash": "444d12cac49a",
            "image_72": "https:\/\/avatars.slack-edge.com\/2020-04-20\/1073909907794_444d12cac49a8d89b527_72.png",
            "first_name": "Alex",
            "real_name": "Alex Aragon",
            "display_name": "Alex",
            "team": "T0D1XTUAD",
            "name": "alex.aragon",
            "is_restricted": false,
            "is_ultra_restricted": false
        },
        "blocks": [
            {
                "type": "rich_text",
                "block_id": "\/pan",
                "elements": [
                    {
                        "type": "rich_text_section",
                        "elements": [
                            {
                                "type": "text",
                                "text": "What is happening??"
                            }
                        ]
                    }
                ]
            }
        ],
        "reactions": [
            {
                "name": "rolling_on_the_floor_laughing",
                "users": [
                    "UUW3W20AU"
                ],
                "count": 1
            },
            {
                "name": "joy",
                "users": [
                    "UUJNECG67",
                    "U7EP7P2JW"
                ],
                "count": 2
            }
        ]
    },
    {
        "client_msg_id": "f4eb18a2-64a7-4f7b-bd81-98a311e37814",
        "type": "message",
        "text": "haha ... I enabled \"audience can add options\" ... sorry for missing the \"keep at 4:30\" option for Q 1",
        "user": "UUW3W20AU",
        "ts": "1586462622.159800",
        "team": "T0D1XTUAD",
        "user_team": "T0D1XTUAD",
        "source_team": "T0D1XTUAD",
        "user_profile": {
            "avatar_hash": "0c87430f5419",
            "image_72": "https:\/\/avatars.slack-edge.com\/2020-03-04\/984414387030_0c87430f5419d7de3cea_72.jpg",
            "first_name": "Elizabeth",
            "real_name": "Elizabeth Inglese",
            "display_name": "Tish",
            "team": "T0D1XTUAD",
            "name": "einglese",
            "is_restricted": false,
            "is_ultra_restricted": false
        },
        "blocks": [
            {
                "type": "rich_text",
                "block_id": "+LJ",
                "elements": [
                    {
                        "type": "rich_text_section",
                        "elements": [
                            {
                                "type": "text",
                                "text": "haha ... I enabled \"audience can add options\" ... sorry for missing the \"keep at 4:30\" option for Q 1"
                            }
                        ]
                    }
                ]
            }
        ]
    },
    {
        "type": "message",
        "subtype": "bot_message",
        "text": "<@UUW3W20AU> has a poll for you!",
        "ts": "1586462721.160400",
        "username": "Polly",
        "bot_id": "B010BFJT6BZ",
        "blocks": [
            {
                "type": "section",
                "block_id": "J8T",
                "text": {
                    "type": "mrkdwn",
                    "text": "*How often should we have happy hour?*",
                    "verbatim": true
                }
            },
            {
                "type": "actions",
                "block_id": "yhs",
                "elements": [
                    {
                        "type": "button",
                        "action_id": "PollMessage(BFihbHxE3nrPdmXuA).VotingButton(0)",
                        "text": {
                            "type": "plain_text",
                            "text": "1",
                            "emoji": true
                        },
                        "value": "one"
                    },
                    {
                        "type": "button",
                        "action_id": "PollMessage(BFihbHxE3nrPdmXuA).VotingButton(1)",
                        "text": {
                            "type": "plain_text",
                            "text": "2",
                            "emoji": true
                        },
                        "value": "two"
                    },
                    {
                        "type": "button",
                        "action_id": "PollMessage(BFihbHxE3nrPdmXuA).VotingButton(2)",
                        "text": {
                            "type": "plain_text",
                            "text": "3",
                            "emoji": true
                        },
                        "value": "three"
                    },
                    {
                        "type": "button",
                        "action_id": "PollMessage(BFihbHxE3nrPdmXuA).VotingButton(3)",
                        "text": {
                            "type": "plain_text",
                            "text": "4",
                            "emoji": true
                        },
                        "value": "four"
                    },
                    {
                        "type": "button",
                        "action_id": "PollMessage(BFihbHxE3nrPdmXuA).VotingButton(4)",
                        "text": {
                            "type": "plain_text",
                            "text": "5",
                            "emoji": true
                        },
                        "value": "five"
                    }
                ]
            },
            {
                "type": "actions",
                "block_id": "+TBvj",
                "elements": [
                    {
                        "type": "button",
                        "action_id": "PollMessage(BFihbHxE3nrPdmXuA).VotingButton(5)",
                        "text": {
                            "type": "plain_text",
                            "text": "6",
                            "emoji": true
                        },
                        "value": "six"
                    },
                    {
                        "type": "button",
                        "action_id": "PollMessage(BFihbHxE3nrPdmXuA).VotingButton(6)",
                        "text": {
                            "type": "plain_text",
                            "text": "7",
                            "emoji": true
                        },
                        "value": "seven"
                    }
                ]
            },
            {
                "type": "section",
                "block_id": "PLofp",
                "fields": [
                    {
                        "type": "mrkdwn",
                        "text": "*1*: Weely  \n\n`██████ ⁢ ⁢ ⁢ ⁢ ⁢ ⁢ ⁢ ⁢ ⁢ ⁢ ⁢ ⁢ ⁢ ⁢ ⁢ ⁢ ⁢ ⁢ ⁢`  |  25% (2)\n\n<@U5Y0BDK51>, <@UUJNECG67>",
                        "verbatim": true
                    },
                    {
                        "type": "mrkdwn",
                        "text": "*2*: Every other week  \n\n`███████████████ ⁢ ⁢ ⁢ ⁢ ⁢ ⁢ ⁢ ⁢ ⁢ ⁢`  |  63% (5)\n\n<@UUJNED77D>, <@U7EP7P2JW>, <@U0D1V0DPG> + 2 more",
                        "verbatim": true
                    }
                ]
            },
            {
                "type": "section",
                "block_id": "N6pW",
                "fields": [
                    {
                        "type": "mrkdwn",
                        "text": "*3*: Monthly  \n\n`⁢ ⁢ ⁢ ⁢ ⁢ ⁢ ⁢ ⁢ ⁢ ⁢ ⁢ ⁢ ⁢ ⁢ ⁢ ⁢ ⁢ ⁢ ⁢ ⁢ ⁢ ⁢ ⁢ ⁢ ⁢ `  |  0% (0)",
                        "verbatim": true
                    },
                    {
                        "type": "mrkdwn",
                        "text": "*4*: Quarterly in conjunction with KCIT All Hands meetings  \n\n`⁢ ⁢ ⁢ ⁢ ⁢ ⁢ ⁢ ⁢ ⁢ ⁢ ⁢ ⁢ ⁢ ⁢ ⁢ ⁢ ⁢ ⁢ ⁢ ⁢ ⁢ ⁢ ⁢ ⁢ ⁢ `  |  0% (0)",
                        "verbatim": true
                    }
                ]
            },
            {
                "type": "section",
                "block_id": "jLu",
                "fields": [
                    {
                        "type": "mrkdwn",
                        "text": "*5*: Daily  \n\n`⁢ ⁢ ⁢ ⁢ ⁢ ⁢ ⁢ ⁢ ⁢ ⁢ ⁢ ⁢ ⁢ ⁢ ⁢ ⁢ ⁢ ⁢ ⁢ ⁢ ⁢ ⁢ ⁢ ⁢ ⁢ `  |  0% (0)",
                        "verbatim": true
                    },
                    {
                        "type": "mrkdwn",
                        "text": "*6*: Hourly  \n\n`███ ⁢ ⁢ ⁢ ⁢ ⁢ ⁢ ⁢ ⁢ ⁢ ⁢ ⁢ ⁢ ⁢ ⁢ ⁢ ⁢ ⁢ ⁢ ⁢ ⁢ ⁢ ⁢`  |  13% (1)\n\n<@UFDNKQCU9>",
                        "verbatim": true
                    }
                ]
            },
            {
                "type": "section",
                "block_id": "fNn",
                "fields": [
                    {
                        "type": "mrkdwn",
                        "text": "*7*: Never, I hate you people  \n\n`⁢ ⁢ ⁢ ⁢ ⁢ ⁢ ⁢ ⁢ ⁢ ⁢ ⁢ ⁢ ⁢ ⁢ ⁢ ⁢ ⁢ ⁢ ⁢ ⁢ ⁢ ⁢ ⁢ ⁢ ⁢ `  |  0% (0)",
                        "verbatim": true
                    }
                ]
            },
            {
                "type": "context",
                "block_id": "8jfE",
                "elements": [
                    {
                        "type": "mrkdwn",
                        "text": "*Total Votes*: 8",
                        "verbatim": true
                    }
                ]
            },
            {
                "type": "section",
                "block_id": "aJ\/rP",
                "text": {
                    "type": "mrkdwn",
                    "text": "*Comments (1 Total)*\n:speech_balloon: <@U0NSCMBR8>: I rather like the \"hourly\" option but that might be problematic. ",
                    "verbatim": true
                }
            },
            {
                "type": "actions",
                "block_id": "G3=",
                "elements": [
                    {
                        "type": "button",
                        "action_id": "PollMessage(BFihbHxE3nrPdmXuA).AddCommentButton",
                        "text": {
                            "type": "plain_text",
                            "text": "Add a Comment",
                            "emoji": true
                        }
                    },
                    {
                        "type": "button",
                        "action_id": "PollMessage(BFihbHxE3nrPdmXuA).ViewAllResponsesButton",
                        "text": {
                            "type": "plain_text",
                            "text": "View All Responses",
                            "emoji": true
                        }
                    }
                ]
            },
            {
                "type": "divider",
                "block_id": "5BpaC"
            },
            {
                "type": "context",
                "block_id": "z9J",
                "elements": [
                    {
                        "type": "mrkdwn",
                        "text": "Owner: @Elizabeth Inglese  |  *:clock930: Closes:* <!date^1589054721^{date_short} at {time}|May 9, 2020 at 20:05 PM>  |  :unlock: Responses are Non-Anonymous",
                        "verbatim": true
                    }
                ]
            }
        ],
        "edited": {
            "user": "B010BFJT6BZ",
            "ts": "1586478731.000000"
        }
    },
    {
        "client_msg_id": "934c9719-5c0e-4485-a5b5-e1225b973729",
        "type": "message",
        "text": "oh wait ... I already had a 4:30 option it looks like ... well, now we have 2 4:30 options ... hahaha\npeeps are gonna think \"Man, Elizabeth really wants to keep this thing at 4:30\" haha",
        "user": "UUW3W20AU",
        "ts": "1586462830.161100",
        "team": "T0D1XTUAD",
        "user_team": "T0D1XTUAD",
        "source_team": "T0D1XTUAD",
        "user_profile": {
            "avatar_hash": "0c87430f5419",
            "image_72": "https:\/\/avatars.slack-edge.com\/2020-03-04\/984414387030_0c87430f5419d7de3cea_72.jpg",
            "first_name": "Elizabeth",
            "real_name": "Elizabeth Inglese",
            "display_name": "Tish",
            "team": "T0D1XTUAD",
            "name": "einglese",
            "is_restricted": false,
            "is_ultra_restricted": false
        },
        "blocks": [
            {
                "type": "rich_text",
                "block_id": "USbyc",
                "elements": [
                    {
                        "type": "rich_text_section",
                        "elements": [
                            {
                                "type": "text",
                                "text": "oh wait ... I already had a 4:30 option it looks like ... well, now we have 2 4:30 options ... hahaha\npeeps are gonna think \"Man, Elizabeth really wants to keep this thing at 4:30\" haha"
                            }
                        ]
                    }
                ]
            }
        ],
        "thread_ts": "1586462582.158800",
        "parent_user_id": "U5Y0BDK51"
    },
    {
        "client_msg_id": "1908ab99-0f3b-46a9-aab1-7ad2dae68767",
        "type": "message",
        "text": "Update from the governor at 3:30:\n<https:\/\/www.tvw.org\/watch\/?eventID=2020041030>",
        "user": "U7EQMP760",
        "ts": "1586470805.164200",
        "team": "T0D1XTUAD",
        "user_team": "T0D1XTUAD",
        "source_team": "T0D1XTUAD",
        "user_profile": {
            "avatar_hash": "db1abed225d9",
            "image_72": "https:\/\/avatars.slack-edge.com\/2020-03-14\/990754009969_db1abed225d9635aae98_72.jpg",
            "first_name": "",
            "real_name": "Mary Delahanty",
            "display_name": "",
            "team": "T0D1XTUAD",
            "name": "mary.delahanty",
            "is_restricted": false,
            "is_ultra_restricted": false
        },
        "attachments": [
            {
                "title": "watch – TVW, Washington States' Public Affairs Network",
                "title_link": "https:\/\/www.tvw.org\/watch\/?eventID=2020041030",
                "fallback": "watch – TVW, Washington States' Public Affairs Network",
                "image_url": "https:\/\/www.tvw.org\/wp-content\/themes\/tvw\/img\/logo@2x.png",
                "from_url": "https:\/\/www.tvw.org\/watch\/?eventID=2020041030",
                "image_width": 188,
                "image_height": 162,
                "image_bytes": 17322,
                "service_icon": "https:\/\/www.tvw.org\/wp-content\/themes\/tvw\/img\/favicon.ico",
                "service_name": "tvw.org",
                "id": 1,
                "original_url": "https:\/\/www.tvw.org\/watch\/?eventID=2020041030"
            }
        ],
        "blocks": [
            {
                "type": "rich_text",
                "block_id": "0xFs",
                "elements": [
                    {
                        "type": "rich_text_section",
                        "elements": [
                            {
                                "type": "text",
                                "text": "Update from the governor at 3:30:\n"
                            },
                            {
                                "type": "link",
                                "url": "https:\/\/www.tvw.org\/watch\/?eventID=2020041030"
                            }
                        ]
                    }
                ]
            }
        ],
        "reactions": [
            {
                "name": "+1::skin-tone-4",
                "users": [
                    "UUJNECG67",
                    "U7EP7P2JW"
                ],
                "count": 2
            }
        ]
    },
    {
        "type": "message",
        "text": "<@UFDNKQCU9> HAHAHA!!",
        "files": [
            {
                "id": "F011JJP2V8S",
                "created": 1586471058,
                "timestamp": 1586471058,
                "name": "Screen Shot 2020-04-09 at 3.23.25 PM.png",
                "title": "Screen Shot 2020-04-09 at 3.23.25 PM.png",
                "mimetype": "image\/png",
                "filetype": "png",
                "pretty_type": "PNG",
                "user": "UUW3W20AU",
                "editable": false,
                "size": 18833,
                "mode": "hosted",
                "is_external": false,
                "external_type": "",
                "is_public": true,
                "public_url_shared": false,
                "display_as_bot": false,
                "username": "",
                "url_private": "https:\/\/files.slack.com\/files-pri\/T0D1XTUAD-F011JJP2V8S\/screen_shot_2020-04-09_at_3.23.25_pm.png?t=xoxe-13065946353-1831014033124-1821760734405-0591b3003861d046a3fe606fb5f44814",
                "url_private_download": "https:\/\/files.slack.com\/files-pri\/T0D1XTUAD-F011JJP2V8S\/download\/screen_shot_2020-04-09_at_3.23.25_pm.png?t=xoxe-13065946353-1831014033124-1821760734405-0591b3003861d046a3fe606fb5f44814",
                "thumb_64": "https:\/\/files.slack.com\/files-tmb\/T0D1XTUAD-F011JJP2V8S-72c8b7c8f6\/screen_shot_2020-04-09_at_3.23.25_pm_64.png?t=xoxe-13065946353-1831014033124-1821760734405-0591b3003861d046a3fe606fb5f44814",
                "thumb_80": "https:\/\/files.slack.com\/files-tmb\/T0D1XTUAD-F011JJP2V8S-72c8b7c8f6\/screen_shot_2020-04-09_at_3.23.25_pm_80.png?t=xoxe-13065946353-1831014033124-1821760734405-0591b3003861d046a3fe606fb5f44814",
                "thumb_360": "https:\/\/files.slack.com\/files-tmb\/T0D1XTUAD-F011JJP2V8S-72c8b7c8f6\/screen_shot_2020-04-09_at_3.23.25_pm_360.png?t=xoxe-13065946353-1831014033124-1821760734405-0591b3003861d046a3fe606fb5f44814",
                "thumb_360_w": 360,
                "thumb_360_h": 155,
                "thumb_480": "https:\/\/files.slack.com\/files-tmb\/T0D1XTUAD-F011JJP2V8S-72c8b7c8f6\/screen_shot_2020-04-09_at_3.23.25_pm_480.png?t=xoxe-13065946353-1831014033124-1821760734405-0591b3003861d046a3fe606fb5f44814",
                "thumb_480_w": 480,
                "thumb_480_h": 206,
                "thumb_160": "https:\/\/files.slack.com\/files-tmb\/T0D1XTUAD-F011JJP2V8S-72c8b7c8f6\/screen_shot_2020-04-09_at_3.23.25_pm_160.png?t=xoxe-13065946353-1831014033124-1821760734405-0591b3003861d046a3fe606fb5f44814",
                "image_exif_rotation": 1,
                "original_w": 638,
                "original_h": 274,
                "thumb_tiny": "AwAUADDQkdVPzPtz04pwyOpz+FBDZ4IoAPfH4UALmjNFFACbh60oORkUUUAFFFFABRRRQAUUUUAf\/9k=",
                "permalink": "https:\/\/kcwebteam.slack.com\/files\/UUW3W20AU\/F011JJP2V8S\/screen_shot_2020-04-09_at_3.23.25_pm.png",
                "permalink_public": "https:\/\/slack-files.com\/T0D1XTUAD-F011JJP2V8S-74ef1cc7b3",
                "is_starred": false,
                "has_rich_preview": false
            }
        ],
        "upload": true,
        "blocks": [
            {
                "type": "rich_text",
                "block_id": "imST",
                "elements": [
                    {
                        "type": "rich_text_section",
                        "elements": [
                            {
                                "type": "user",
                                "user_id": "UFDNKQCU9"
                            },
                            {
                                "type": "text",
                                "text": " HAHAHA!!"
                            }
                        ]
                    }
                ]
            }
        ],
        "user": "UUW3W20AU",
        "display_as_bot": false,
        "ts": "1586471061.164400",
        "client_msg_id": "f8891e1d-0150-4000-be4f-f5fc335e1325",
        "thread_ts": "1586462582.158800",
        "parent_user_id": "U5Y0BDK51"
    },
    {
        "client_msg_id": "2d8d399f-780d-407e-a54e-093e397a4fcb",
        "type": "message",
        "text": "If I don't admit I have a problem, I don't have a problem",
        "user": "UFDNKQCU9",
        "ts": "1586472296.165100",
        "team": "T0D1XTUAD",
        "user_team": "T0D1XTUAD",
        "source_team": "T0D1XTUAD",
        "user_profile": {
            "avatar_hash": "625717ebbb6e",
            "image_72": "https:\/\/avatars.slack-edge.com\/2019-01-17\/526675529362_625717ebbb6e0ba43f68_72.jpg",
            "first_name": "Earl",
            "real_name": "Earl Krygier",
            "display_name": "Krygier",
            "team": "T0D1XTUAD",
            "name": "earl.krygier",
            "is_restricted": false,
            "is_ultra_restricted": false
        },
        "blocks": [
            {
                "type": "rich_text",
                "block_id": "pWQ",
                "elements": [
                    {
                        "type": "rich_text_section",
                        "elements": [
                            {
                                "type": "text",
                                "text": "If I don't admit I have a problem, I don't have a problem"
                            }
                        ]
                    }
                ]
            }
        ],
        "thread_ts": "1586462582.158800",
        "parent_user_id": "U5Y0BDK51"
    },
    {
        "client_msg_id": "b82b851b-c6b2-4ad4-b71d-0daf91d4222a",
        "type": "message",
        "text": "New design challenges in the future for architectural firms in designing public work spaces\n<https:\/\/www.seattletimes.com\/business\/what-will-tomorrows-workplace-bring-more-elbow-room-for-starters\/>",
        "user": "UUW3W20AU",
        "ts": "1586473665.166100",
        "team": "T0D1XTUAD",
        "user_team": "T0D1XTUAD",
        "source_team": "T0D1XTUAD",
        "user_profile": {
            "avatar_hash": "0c87430f5419",
            "image_72": "https:\/\/avatars.slack-edge.com\/2020-03-04\/984414387030_0c87430f5419d7de3cea_72.jpg",
            "first_name": "Elizabeth",
            "real_name": "Elizabeth Inglese",
            "display_name": "Tish",
            "team": "T0D1XTUAD",
            "name": "einglese",
            "is_restricted": false,
            "is_ultra_restricted": false
        },
        "attachments": [
            {
                "service_name": "The Seattle Times",
                "title": "What will tomorrow’s workplace bring? More elbow room, for starters",
                "title_link": "https:\/\/www.seattletimes.com\/business\/what-will-tomorrows-workplace-bring-more-elbow-room-for-starters\/",
                "text": "Workplaces might have significant changes in the long run, including new seating arrangements and the addition of building materials that discourage the spread of germs.",
                "fallback": "The Seattle Times: What will tomorrow’s workplace bring? More elbow room, for starters",
                "image_url": "https:\/\/static.seattletimes.com\/wp-content\/uploads\/2020\/04\/04072020_tzr_tzr_162854-780x501.jpg",
                "image_width": 389,
                "image_height": 250,
                "ts": 1586283848,
                "from_url": "https:\/\/www.seattletimes.com\/business\/what-will-tomorrows-workplace-bring-more-elbow-room-for-starters\/",
                "image_bytes": 68116,
                "service_icon": "https:\/\/www.seattletimes.com\/apple-touch-icon.png?v=7kovnr5xE4",
                "id": 1,
                "original_url": "https:\/\/www.seattletimes.com\/business\/what-will-tomorrows-workplace-bring-more-elbow-room-for-starters\/"
            }
        ],
        "blocks": [
            {
                "type": "rich_text",
                "block_id": "H\/6",
                "elements": [
                    {
                        "type": "rich_text_section",
                        "elements": [
                            {
                                "type": "text",
                                "text": "New design challenges in the future for architectural firms in designing public work spaces\n"
                            },
                            {
                                "type": "link",
                                "url": "https:\/\/www.seattletimes.com\/business\/what-will-tomorrows-workplace-bring-more-elbow-room-for-starters\/"
                            }
                        ]
                    }
                ]
            }
        ]
    },
    {
        "client_msg_id": "ff50e04f-a7c3-4415-b8fe-34775df766b1",
        "type": "message",
        "text": "Parks are closed this weekend:\n<https:\/\/www.seattletimes.com\/seattle-news\/health\/seattle-to-close-major-parks-beaches-this-weekend-due-to-coronavirus-fears-during-expected-warm-weather\/>",
        "user": "U0D1V0DPG",
        "ts": "1586475738.167200",
        "team": "T0D1XTUAD",
        "user_team": "T0D1XTUAD",
        "source_team": "T0D1XTUAD",
        "user_profile": {
            "avatar_hash": "444d12cac49a",
            "image_72": "https:\/\/avatars.slack-edge.com\/2020-04-20\/1073909907794_444d12cac49a8d89b527_72.png",
            "first_name": "Alex",
            "real_name": "Alex Aragon",
            "display_name": "Alex",
            "team": "T0D1XTUAD",
            "name": "alex.aragon",
            "is_restricted": false,
            "is_ultra_restricted": false
        },
        "attachments": [
            {
                "service_name": "The Seattle Times",
                "title": "Seattle to close major parks, beaches this weekend due to coronavirus fears during expected warmer weather",
                "title_link": "https:\/\/www.seattletimes.com\/seattle-news\/health\/seattle-to-close-major-parks-beaches-this-weekend-due-to-coronavirus-fears-during-expected-warm-weather\/",
                "text": "Seattle is closing more than a dozen of the city's largest and most popular parks for the weekend because officials are worried about people crowding into the parks to enjoy the pleasant spring weather and spreading the novel coronavirus to...",
                "fallback": "The Seattle Times: Seattle to close major parks, beaches this weekend due to coronavirus fears during expected warmer weather",
                "image_url": "https:\/\/static.seattletimes.com\/wp-content\/uploads\/2020\/04\/04092020_teaser_tzr_144338-780x501.jpg",
                "image_width": 389,
                "image_height": 250,
                "ts": 1586468974,
                "from_url": "https:\/\/www.seattletimes.com\/seattle-news\/health\/seattle-to-close-major-parks-beaches-this-weekend-due-to-coronavirus-fears-during-expected-warm-weather\/",
                "image_bytes": 133676,
                "service_icon": "https:\/\/www.seattletimes.com\/apple-touch-icon.png?v=7kovnr5xE4",
                "id": 1,
                "original_url": "https:\/\/www.seattletimes.com\/seattle-news\/health\/seattle-to-close-major-parks-beaches-this-weekend-due-to-coronavirus-fears-during-expected-warm-weather\/"
            }
        ],
        "blocks": [
            {
                "type": "rich_text",
                "block_id": "AnSS",
                "elements": [
                    {
                        "type": "rich_text_section",
                        "elements": [
                            {
                                "type": "text",
                                "text": "Parks are closed this weekend:\n"
                            },
                            {
                                "type": "link",
                                "url": "https:\/\/www.seattletimes.com\/seattle-news\/health\/seattle-to-close-major-parks-beaches-this-weekend-due-to-coronavirus-fears-during-expected-warm-weather\/"
                            }
                        ]
                    }
                ]
            }
        ],
        "thread_ts": "1586475738.167200",
        "reply_count": 2,
        "reply_users_count": 1,
        "latest_reply": "1586480465.167900",
        "reply_users": [
            "UUW3W20AU"
        ],
        "replies": [
            {
                "user": "UUW3W20AU",
                "ts": "1586480375.167700"
            },
            {
                "user": "UUW3W20AU",
                "ts": "1586480465.167900"
            }
        ],
        "subscribed": false,
        "reactions": [
            {
                "name": "cry",
                "users": [
                    "U7EP7P2JW"
                ],
                "count": 1
            },
            {
                "name": "open_mouth",
                "users": [
                    "UUW3W20AU"
                ],
                "count": 1
            }
        ]
    },
    {
        "client_msg_id": "e05402f2-9da4-425b-b184-bc189b2ceaff",
        "type": "message",
        "text": "Is there a list of what parks will be closed posted somewhere? It does say that the smaller neighborhood parks will be open. I wonder if Volunteer Park will close :disappointed:\nSo I guess instead of 500 people at a larger park, 500 people trying to cram into a park a quarter of the size somewhere else because that one's still open?",
        "user": "UUW3W20AU",
        "ts": "1586480375.167700",
        "team": "T0D1XTUAD",
        "user_team": "T0D1XTUAD",
        "source_team": "T0D1XTUAD",
        "user_profile": {
            "avatar_hash": "0c87430f5419",
            "image_72": "https:\/\/avatars.slack-edge.com\/2020-03-04\/984414387030_0c87430f5419d7de3cea_72.jpg",
            "first_name": "Elizabeth",
            "real_name": "Elizabeth Inglese",
            "display_name": "Tish",
            "team": "T0D1XTUAD",
            "name": "einglese",
            "is_restricted": false,
            "is_ultra_restricted": false
        },
        "blocks": [
            {
                "type": "rich_text",
                "block_id": "XrhZ6",
                "elements": [
                    {
                        "type": "rich_text_section",
                        "elements": [
                            {
                                "type": "text",
                                "text": "Is there a list of what parks will be closed posted somewhere? It does say that the smaller neighborhood parks will be open. I wonder if Volunteer Park will close "
                            },
                            {
                                "type": "emoji",
                                "name": "disappointed"
                            },
                            {
                                "type": "text",
                                "text": "\nSo I guess instead of 500 people at a larger park, 500 people trying to cram into a park a quarter of the size somewhere else because that one's still open?"
                            }
                        ]
                    }
                ]
            }
        ],
        "thread_ts": "1586475738.167200",
        "parent_user_id": "U0D1V0DPG"
    },
    {
        "client_msg_id": "9edeb7ed-f64b-4c04-a396-4c2a98b75767",
        "type": "message",
        "text": "Found it -\n\n\"Seattle Parks and Recreation’s eight destination parks Green Lake, Lincoln, Golden Gardens, Seward Park, Magnuson Park, Gas Works, Alki Beach, and Discovery, as well as Cal Anderson, Carkeek, Woodland Park, Volunteer Park, Kubota Garden, West Seattle Stadium, and the Washington Park Arboretum will close on Friday, April 10th at 11pm and will reopen Monday, April 12 at 4:30 am.. Stan Sayres, Magnuson, Don Armeni, and Atlantic St boat launches are also closed. Trails at Lake Washington Boulevard will remain open, but group gatherings will be prohibited. Rattlesnake Lake Recreation Area and Rattlesnake Ledge Trail will remain closed. Next week, the City will is evaluating and implementing a park by park plan to ensure residents can safely utilize larger regional parks when they reopen.\"\n<https:\/\/parkways.seattle.gov\/2020\/04\/09\/continued-gatherings-weekend-closure-of-15-largest-parks-and-beaches\/>",
        "user": "UUW3W20AU",
        "ts": "1586480465.167900",
        "team": "T0D1XTUAD",
        "user_team": "T0D1XTUAD",
        "source_team": "T0D1XTUAD",
        "user_profile": {
            "avatar_hash": "0c87430f5419",
            "image_72": "https:\/\/avatars.slack-edge.com\/2020-03-04\/984414387030_0c87430f5419d7de3cea_72.jpg",
            "first_name": "Elizabeth",
            "real_name": "Elizabeth Inglese",
            "display_name": "Tish",
            "team": "T0D1XTUAD",
            "name": "einglese",
            "is_restricted": false,
            "is_ultra_restricted": false
        },
        "attachments": [
            {
                "service_name": "Parkways",
                "title": "With Continued Gatherings in Parks, Mayor Announces Weekend Closure of 15 Largest Parks and Beaches and Urges People to Stay Home - Parkways",
                "title_link": "https:\/\/parkways.seattle.gov\/2020\/04\/09\/continued-gatherings-weekend-closure-of-15-largest-parks-and-beaches\/",
                "text": "Alki, Arboretum, Cal Anderson, Carkeek, Discovery, Gas Works, Green Lake, Golden Gardens, Kubota Garden, Lincoln, Magnuson, Seward, Volunteer, West Seattle Stadium, Woodland SPD and SPR Crews and Ambassadors Will Be Onsite to Remind Individuals to Comply CDC and DOH Recommends Individuals to Wear Cloth Face Masks When in Public SEATTLE (April 9, 2020) –  Because …",
                "fallback": "Parkways: With Continued Gatherings in Parks, Mayor Announces Weekend Closure of 15 Largest Parks and Beaches and Urges People to Stay Home - Parkways",
                "ts": 1586496960,
                "from_url": "https:\/\/parkways.seattle.gov\/2020\/04\/09\/continued-gatherings-weekend-closure-of-15-largest-parks-and-beaches\/",
                "service_icon": "https:\/\/cosparkways-wpengine.netdna-ssl.com\/wp-content\/uploads\/2019\/04\/cropped-CS_logo_816bbt-180x180.jpg",
                "id": 1,
                "original_url": "https:\/\/parkways.seattle.gov\/2020\/04\/09\/continued-gatherings-weekend-closure-of-15-largest-parks-and-beaches\/"
            }
        ],
        "blocks": [
            {
                "type": "rich_text",
                "block_id": "PgU",
                "elements": [
                    {
                        "type": "rich_text_section",
                        "elements": [
                            {
                                "type": "text",
                                "text": "Found it -\n\n\"Seattle Parks and Recreation’s eight destination parks Green Lake, Lincoln, Golden Gardens, Seward Park, Magnuson Park, Gas Works, Alki Beach, and Discovery, as well as Cal Anderson, Carkeek, Woodland Park, Volunteer Park, Kubota Garden, West Seattle Stadium, and the Washington Park Arboretum will close on Friday, April 10th at 11pm and will reopen Monday, April 12 at 4:30 am.. Stan Sayres, Magnuson, Don Armeni, and Atlantic St boat launches are also closed. Trails at Lake Washington Boulevard will remain open, but group gatherings will be prohibited. Rattlesnake Lake Recreation Area and Rattlesnake Ledge Trail will remain closed. Next week, the City will is evaluating and implementing a park by park plan to ensure residents can safely utilize larger regional parks when they reopen.\"\n"
                            },
                            {
                                "type": "link",
                                "url": "https:\/\/parkways.seattle.gov\/2020\/04\/09\/continued-gatherings-weekend-closure-of-15-largest-parks-and-beaches\/"
                            }
                        ]
                    }
                ]
            }
        ],
        "thread_ts": "1586475738.167200",
        "parent_user_id": "U0D1V0DPG"
    },
    {
        "client_msg_id": "5a724d18-9ba6-44c8-92fb-cb8d9a74390c",
        "type": "message",
        "text": "There was actually a discussion going on in my neighborhood's FB group ... I think it's a great idea. Hopefully they can move forward with it.\n<http:\/\/seattlegreenways.org\/safestreetsforsocialdistancing\/?mc_cid=7687d1211e&amp;mc_eid=56e16f758f>",
        "user": "UUW3W20AU",
        "ts": "1586486515.168800",
        "team": "T0D1XTUAD",
        "user_team": "T0D1XTUAD",
        "source_team": "T0D1XTUAD",
        "user_profile": {
            "avatar_hash": "0c87430f5419",
            "image_72": "https:\/\/avatars.slack-edge.com\/2020-03-04\/984414387030_0c87430f5419d7de3cea_72.jpg",
            "first_name": "Elizabeth",
            "real_name": "Elizabeth Inglese",
            "display_name": "Tish",
            "team": "T0D1XTUAD",
            "name": "einglese",
            "is_restricted": false,
            "is_ultra_restricted": false
        },
        "attachments": [
            {
                "service_name": "Seattle Neighborhood Greenways",
                "title": "Safe Streets in the Time of Social Distancing - Seattle Neighborhood Greenways",
                "title_link": "http:\/\/seattlegreenways.org\/safestreetsforsocialdistancing\/?mc_cid=7687d1211e&mc_eid=56e16f758f",
                "text": "Public health officials currently allow walking and biking for exercise and essential transportation in Seattle as long as you stay six feet away from everyone else. This is important for both our physical and mental health, and to help save money when things are tight for so many right now (transportation is a major household …",
                "fallback": "Seattle Neighborhood Greenways: Safe Streets in the Time of Social Distancing - Seattle Neighborhood Greenways",
                "image_url": "http:\/\/seattlegreenways.org\/wp-content\/uploads\/Ally-running-in-the-street.jpg",
                "from_url": "http:\/\/seattlegreenways.org\/safestreetsforsocialdistancing\/?mc_cid=7687d1211e&mc_eid=56e16f758f",
                "image_width": 348,
                "image_height": 250,
                "image_bytes": 235721,
                "service_icon": "http:\/\/seattlegreenways.org\/favicon.ico",
                "id": 1,
                "original_url": "http:\/\/seattlegreenways.org\/safestreetsforsocialdistancing\/?mc_cid=7687d1211e&amp;mc_eid=56e16f758f"
            }
        ],
        "blocks": [
            {
                "type": "rich_text",
                "block_id": "fOF76",
                "elements": [
                    {
                        "type": "rich_text_section",
                        "elements": [
                            {
                                "type": "text",
                                "text": "There was actually a discussion going on in my neighborhood's FB group ... I think it's a great idea. Hopefully they can move forward with it.\n"
                            },
                            {
                                "type": "link",
                                "url": "http:\/\/seattlegreenways.org\/safestreetsforsocialdistancing\/?mc_cid=7687d1211e&mc_eid=56e16f758f"
                            }
                        ]
                    }
                ]
            }
        ],
        "thread_ts": "1586486515.168800",
        "reply_count": 1,
        "reply_users_count": 1,
        "latest_reply": "1586486682.170600",
        "reply_users": [
            "U0NSCMBR8"
        ],
        "replies": [
            {
                "user": "U0NSCMBR8",
                "ts": "1586486682.170600"
            }
        ],
        "subscribed": false
    },
    {
        "client_msg_id": "D19E9FF5-894F-4C8D-A45B-34792F4F1795",
        "type": "message",
        "text": "I saw that somewhere else as well. It’s a great idea, though it’d have to be well-planned. What if a parked car needs to drive away, for example?",
        "user": "U0NSCMBR8",
        "ts": "1586486682.170600",
        "team": "T0D1XTUAD",
        "user_team": "T0D1XTUAD",
        "source_team": "T0D1XTUAD",
        "user_profile": {
            "avatar_hash": "28a69ac871a0",
            "image_72": "https:\/\/avatars.slack-edge.com\/2016-02-24\/22896597253_28a69ac871a00b39b963_72.jpg",
            "first_name": "Al",
            "real_name": "Al Boss",
            "display_name": "",
            "team": "T0D1XTUAD",
            "name": "alboss",
            "is_restricted": false,
            "is_ultra_restricted": false
        },
        "blocks": [
            {
                "type": "rich_text",
                "block_id": "RBpv",
                "elements": [
                    {
                        "type": "rich_text_section",
                        "elements": [
                            {
                                "type": "text",
                                "text": "I saw that somewhere else as well. It’s a great idea, though it’d have to be well-planned. What if a parked car needs to drive away, for example?"
                            }
                        ]
                    }
                ]
            }
        ],
        "thread_ts": "1586486515.168800",
        "parent_user_id": "UUW3W20AU"
    }
]