[
    {
        "client_msg_id": "aaac4a98-1574-4015-a3bb-d896f25adcb8",
        "type": "message",
        "text": "The email from GIS said 700 servers went down. How does something like this happen? It seemed oddly coincidental with all of the other mayhem taking place.",
        "user": "UUL14UHHP",
        "ts": "1591022142.399100",
        "team": "T0D1XTUAD",
        "user_team": "T0D1XTUAD",
        "source_team": "T0D1XTUAD",
        "user_profile": {
            "avatar_hash": "0662c2f07684",
            "image_72": "https:\/\/avatars.slack-edge.com\/2020-03-04\/982524968624_0662c2f07684e471e99d_72.png",
            "first_name": "Wendy",
            "real_name": "Wendy Gable Collins",
            "display_name": "Wendy",
            "team": "T0D1XTUAD",
            "name": "wendy.collins",
            "is_restricted": false,
            "is_ultra_restricted": false
        },
        "blocks": [
            {
                "type": "rich_text",
                "block_id": "cwN",
                "elements": [
                    {
                        "type": "rich_text_section",
                        "elements": [
                            {
                                "type": "text",
                                "text": "The email from GIS said 700 servers went down. How does something like this happen? It seemed oddly coincidental with all of the other mayhem taking place."
                            }
                        ]
                    }
                ]
            }
        ],
        "thread_ts": "1591022142.399100",
        "reply_count": 4,
        "reply_users_count": 4,
        "latest_reply": "1591031105.400400",
        "reply_users": [
            "U0NSCMBR8",
            "UUJNED77D",
            "U0D1W09V4",
            "UFDNKQCU9"
        ],
        "replies": [
            {
                "user": "U0NSCMBR8",
                "ts": "1591022464.399400"
            },
            {
                "user": "UUJNED77D",
                "ts": "1591023235.399700"
            },
            {
                "user": "U0D1W09V4",
                "ts": "1591024651.400100"
            },
            {
                "user": "UFDNKQCU9",
                "ts": "1591031105.400400"
            }
        ],
        "subscribed": false
    },
    {
        "client_msg_id": "FB0A1D6C-6A8E-483B-8EF7-2C11368476D8",
        "type": "message",
        "text": "Sympathy strike. The computers are unionized.",
        "user": "U0NSCMBR8",
        "ts": "1591022464.399400",
        "team": "T0D1XTUAD",
        "user_team": "T0D1XTUAD",
        "source_team": "T0D1XTUAD",
        "user_profile": {
            "avatar_hash": "28a69ac871a0",
            "image_72": "https:\/\/avatars.slack-edge.com\/2016-02-24\/22896597253_28a69ac871a00b39b963_72.jpg",
            "first_name": "Al",
            "real_name": "Al Boss",
            "display_name": "",
            "team": "T0D1XTUAD",
            "name": "alboss",
            "is_restricted": false,
            "is_ultra_restricted": false
        },
        "edited": {
            "user": "U0NSCMBR8",
            "ts": "1591022489.000000"
        },
        "blocks": [
            {
                "type": "rich_text",
                "block_id": "5Ws",
                "elements": [
                    {
                        "type": "rich_text_section",
                        "elements": [
                            {
                                "type": "text",
                                "text": "Sympathy strike. The computers are unionized."
                            }
                        ]
                    }
                ]
            }
        ],
        "thread_ts": "1591022142.399100",
        "parent_user_id": "UUL14UHHP",
        "reactions": [
            {
                "name": "joy",
                "users": [
                    "UUL14UHHP"
                ],
                "count": 1
            }
        ]
    },
    {
        "client_msg_id": "eb5a21ac-0354-4ed2-a480-b6da68478ff3",
        "type": "message",
        "text": "• *Customers Impacted:* Countywide Outage - Multiple Servers are down impacting several departments and systems, <http:\/\/kingcounty.gov|kingcounty.gov> website is being impacted \n• *Business Impact:*  Countywide Outage - Multiple Servers are down impacting several departments and systems, <http:\/\/kingcounty.gov|kingcounty.gov> website is being impacted \n(As of 7:12 A.M.)",
        "user": "UUJNED77D",
        "ts": "1591023235.399700",
        "team": "T0D1XTUAD",
        "user_team": "T0D1XTUAD",
        "source_team": "T0D1XTUAD",
        "user_profile": {
            "avatar_hash": "5f4a213e859b",
            "image_72": "https:\/\/avatars.slack-edge.com\/2020-03-04\/982713408789_5f4a213e859b7369a972_72.jpg",
            "first_name": "Fred",
            "real_name": "Fred Bentler",
            "display_name": "Fred Bentler",
            "team": "T0D1XTUAD",
            "name": "fred.bentler",
            "is_restricted": false,
            "is_ultra_restricted": false
        },
        "blocks": [
            {
                "type": "rich_text",
                "block_id": "qPYJ",
                "elements": [
                    {
                        "type": "rich_text_list",
                        "elements": [
                            {
                                "type": "rich_text_section",
                                "elements": [
                                    {
                                        "type": "text",
                                        "text": "Customers Impacted: ",
                                        "style": {
                                            "bold": true
                                        }
                                    },
                                    {
                                        "type": "text",
                                        "text": "Countywide Outage - Multiple Servers are down impacting several departments and systems, "
                                    },
                                    {
                                        "type": "link",
                                        "url": "http:\/\/kingcounty.gov",
                                        "text": "kingcounty.gov"
                                    },
                                    {
                                        "type": "text",
                                        "text": " website is being impacted "
                                    }
                                ]
                            },
                            {
                                "type": "rich_text_section",
                                "elements": [
                                    {
                                        "type": "text",
                                        "text": "Business Impact:",
                                        "style": {
                                            "bold": true
                                        }
                                    },
                                    {
                                        "type": "text",
                                        "text": "  Countywide Outage - Multiple Servers are down impacting several departments and systems, "
                                    },
                                    {
                                        "type": "link",
                                        "url": "http:\/\/kingcounty.gov",
                                        "text": "kingcounty.gov"
                                    },
                                    {
                                        "type": "text",
                                        "text": " website is being impacted "
                                    }
                                ]
                            }
                        ],
                        "style": "bullet",
                        "indent": 0
                    },
                    {
                        "type": "rich_text_section",
                        "elements": [
                            {
                                "type": "text",
                                "text": "(As of 7:12 A.M.)"
                            }
                        ]
                    }
                ]
            }
        ],
        "thread_ts": "1591022142.399100",
        "parent_user_id": "UUL14UHHP",
        "reactions": [
            {
                "name": "open_mouth",
                "users": [
                    "UUL14UHHP"
                ],
                "count": 1
            }
        ]
    },
    {
        "client_msg_id": "74d99086-028a-428c-afbd-f2f2b9b20c42",
        "type": "message",
        "text": "I don’t know _how_ they would do it, but that is the kind of thing Russia would love to do, to amplify the chaos.",
        "user": "U0D1W09V4",
        "ts": "1591024651.400100",
        "team": "T0D1XTUAD",
        "user_team": "T0D1XTUAD",
        "source_team": "T0D1XTUAD",
        "user_profile": {
            "avatar_hash": "69a03f210a7e",
            "image_72": "https:\/\/avatars.slack-edge.com\/2020-04-03\/1036225284226_69a03f210a7ec4e12108_72.jpg",
            "first_name": "Beth",
            "real_name": "Beth Cheatham",
            "display_name": "beth.cheatham",
            "team": "T0D1XTUAD",
            "name": "beth.cheatham",
            "is_restricted": false,
            "is_ultra_restricted": false
        },
        "blocks": [
            {
                "type": "rich_text",
                "block_id": "HHnYy",
                "elements": [
                    {
                        "type": "rich_text_section",
                        "elements": [
                            {
                                "type": "text",
                                "text": "I don’t know "
                            },
                            {
                                "type": "text",
                                "text": "how",
                                "style": {
                                    "italic": true
                                }
                            },
                            {
                                "type": "text",
                                "text": " they would do it, but that is the kind of thing Russia would love to do, to amplify the chaos."
                            }
                        ]
                    }
                ]
            }
        ],
        "thread_ts": "1591022142.399100",
        "parent_user_id": "UUL14UHHP",
        "reactions": [
            {
                "name": "heavy_check_mark",
                "users": [
                    "UTV659Z8X"
                ],
                "count": 1
            }
        ]
    },
    {
        "client_msg_id": "dd979c48-4d47-4702-bace-9bae909cf116",
        "type": "message",
        "text": "It wasn’t me, I didn’t do it.",
        "user": "UFDNKQCU9",
        "ts": "1591031105.400400",
        "team": "T0D1XTUAD",
        "user_team": "T0D1XTUAD",
        "source_team": "T0D1XTUAD",
        "user_profile": {
            "avatar_hash": "625717ebbb6e",
            "image_72": "https:\/\/avatars.slack-edge.com\/2019-01-17\/526675529362_625717ebbb6e0ba43f68_72.jpg",
            "first_name": "Earl",
            "real_name": "Earl Krygier",
            "display_name": "Krygier",
            "team": "T0D1XTUAD",
            "name": "earl.krygier",
            "is_restricted": false,
            "is_ultra_restricted": false
        },
        "blocks": [
            {
                "type": "rich_text",
                "block_id": "RN\/\/0",
                "elements": [
                    {
                        "type": "rich_text_section",
                        "elements": [
                            {
                                "type": "text",
                                "text": "It wasn’t me, I didn’t do it."
                            }
                        ]
                    }
                ]
            }
        ],
        "thread_ts": "1591022142.399100",
        "parent_user_id": "UUL14UHHP"
    },
    {
        "client_msg_id": "aef2ae3e-1736-4a59-9673-f77ecb0ef063",
        "type": "message",
        "text": "Do we have a standard desktop resolution we design for, when laying out internal-facing pages? My Mac's resolution is 2880x1800, and I'm not sure how that compares to the typical County pc.",
        "user": "U7EQMP760",
        "ts": "1591034405.401900",
        "team": "T0D1XTUAD",
        "user_team": "T0D1XTUAD",
        "source_team": "T0D1XTUAD",
        "user_profile": {
            "avatar_hash": "db1abed225d9",
            "image_72": "https:\/\/avatars.slack-edge.com\/2020-03-14\/990754009969_db1abed225d9635aae98_72.jpg",
            "first_name": "",
            "real_name": "Mary Delahanty",
            "display_name": "",
            "team": "T0D1XTUAD",
            "name": "mary.delahanty",
            "is_restricted": false,
            "is_ultra_restricted": false
        },
        "blocks": [
            {
                "type": "rich_text",
                "block_id": "4HU",
                "elements": [
                    {
                        "type": "rich_text_section",
                        "elements": [
                            {
                                "type": "text",
                                "text": "Do we have a standard desktop resolution we design for, when laying out internal-facing pages? My Mac's resolution is 2880x1800, and I'm not sure how that compares to the typical County pc."
                            }
                        ]
                    }
                ]
            }
        ]
    },
    {
        "client_msg_id": "53ead6a7-1b81-4405-85fb-3ec124cbd6de",
        "type": "message",
        "text": "The refresh project is using a 1440 hd canvas within Sketch.",
        "user": "UTJPVN880",
        "ts": "1591034954.402300",
        "team": "T0D1XTUAD",
        "user_team": "T0D1XTUAD",
        "source_team": "T0D1XTUAD",
        "user_profile": {
            "avatar_hash": "e0fd7b937159",
            "image_72": "https:\/\/avatars.slack-edge.com\/2020-02-26\/972867120199_e0fd7b9371597938830e_72.png",
            "first_name": "",
            "real_name": "Matt Adleberg",
            "display_name": "Matt Adleberg",
            "team": "T0D1XTUAD",
            "name": "madleberg",
            "is_restricted": false,
            "is_ultra_restricted": false
        },
        "blocks": [
            {
                "type": "rich_text",
                "block_id": "Tr5",
                "elements": [
                    {
                        "type": "rich_text_section",
                        "elements": [
                            {
                                "type": "text",
                                "text": "The refresh project is using a 1440 hd canvas within Sketch."
                            }
                        ]
                    }
                ]
            }
        ]
    },
    {
        "client_msg_id": "8edeb2bb-9832-4410-a899-83b74e659074",
        "type": "message",
        "text": "Can anyone give me the scoop on this? It doesn't look finished :slightly_smiling_face: <https:\/\/publicinput.com\/kingcounty>",
        "user": "UTV659Z8X",
        "ts": "1591041871.402700",
        "team": "T0D1XTUAD",
        "user_team": "T0D1XTUAD",
        "source_team": "T0D1XTUAD",
        "user_profile": {
            "avatar_hash": "gcdcd1928542",
            "image_72": "https:\/\/secure.gravatar.com\/avatar\/cdcd1928542317a9b98db6f980dc1212.jpg?s=72&d=https%3A%2F%2Fa.slack-edge.com%2Fdf10d%2Fimg%2Favatars%2Fava_0021-72.png",
            "first_name": "",
            "real_name": "Joy Cordell",
            "display_name": "Joy Cordell",
            "team": "T0D1XTUAD",
            "name": "n-jcordell",
            "is_restricted": false,
            "is_ultra_restricted": false
        },
        "blocks": [
            {
                "type": "rich_text",
                "block_id": "1ZcfJ",
                "elements": [
                    {
                        "type": "rich_text_section",
                        "elements": [
                            {
                                "type": "text",
                                "text": "Can anyone give me the scoop on this? It doesn't look finished "
                            },
                            {
                                "type": "emoji",
                                "name": "slightly_smiling_face"
                            },
                            {
                                "type": "text",
                                "text": " "
                            },
                            {
                                "type": "link",
                                "url": "https:\/\/publicinput.com\/kingcounty"
                            }
                        ]
                    }
                ]
            }
        ],
        "thread_ts": "1591041871.402700",
        "reply_count": 2,
        "reply_users_count": 2,
        "latest_reply": "1591050849.404100",
        "reply_users": [
            "UUJNED77D",
            "UTV659Z8X"
        ],
        "replies": [
            {
                "user": "UUJNED77D",
                "ts": "1591050200.403900"
            },
            {
                "user": "UTV659Z8X",
                "ts": "1591050849.404100"
            }
        ],
        "subscribed": false
    },
    {
        "type": "message",
        "text": "More HIPAA training…",
        "files": [
            {
                "id": "F0150F4468H",
                "created": 1591045657,
                "timestamp": 1591045657,
                "name": "VanDerBeek.jpg",
                "title": "VanDerBeek.jpg",
                "mimetype": "image\/jpeg",
                "filetype": "jpg",
                "pretty_type": "JPEG",
                "user": "U5Y0BDK51",
                "editable": false,
                "size": 27781,
                "mode": "hosted",
                "is_external": false,
                "external_type": "",
                "is_public": true,
                "public_url_shared": false,
                "display_as_bot": false,
                "username": "",
                "url_private": "https:\/\/files.slack.com\/files-pri\/T0D1XTUAD-F0150F4468H\/vanderbeek.jpg?t=xoxe-13065946353-1831014033124-1821760734405-0591b3003861d046a3fe606fb5f44814",
                "url_private_download": "https:\/\/files.slack.com\/files-pri\/T0D1XTUAD-F0150F4468H\/download\/vanderbeek.jpg?t=xoxe-13065946353-1831014033124-1821760734405-0591b3003861d046a3fe606fb5f44814",
                "thumb_64": "https:\/\/files.slack.com\/files-tmb\/T0D1XTUAD-F0150F4468H-1c18661aa8\/vanderbeek_64.jpg?t=xoxe-13065946353-1831014033124-1821760734405-0591b3003861d046a3fe606fb5f44814",
                "thumb_80": "https:\/\/files.slack.com\/files-tmb\/T0D1XTUAD-F0150F4468H-1c18661aa8\/vanderbeek_80.jpg?t=xoxe-13065946353-1831014033124-1821760734405-0591b3003861d046a3fe606fb5f44814",
                "thumb_360": "https:\/\/files.slack.com\/files-tmb\/T0D1XTUAD-F0150F4468H-1c18661aa8\/vanderbeek_360.jpg?t=xoxe-13065946353-1831014033124-1821760734405-0591b3003861d046a3fe606fb5f44814",
                "thumb_360_w": 360,
                "thumb_360_h": 271,
                "thumb_160": "https:\/\/files.slack.com\/files-tmb\/T0D1XTUAD-F0150F4468H-1c18661aa8\/vanderbeek_160.jpg?t=xoxe-13065946353-1831014033124-1821760734405-0591b3003861d046a3fe606fb5f44814",
                "original_w": 451,
                "original_h": 340,
                "thumb_tiny": "AwAkADC4TwfUVXuIjNIimQKPT8M5qE3b8gYwfakE8u4HI49uvGKGwQ9LZflYPxjOcdecVPGrxjl8gA5GPQ4qrHOy4HQKMcjtTnuGC8EEH2pXKsW2kwWGSMDOce9RyzNGQD1Of54qq1yzKQccjGAKbLO00gYgDjGBTIIc1InSmrGzDOMD1NXmtkwgClcdSO\/GaGhorqckkjPFRykF+BgDirqQDJXJ\/wAjNM+yIXAJYA7Rx7ikkVJ3KVFWWRBbElVVgBg55PPNV6ZBeKDHehmYEZYnnPNO7Ux+oqmCJISXcksfoKlC\/N1PWorb7xqYfe\/GkhspXMKhwATjHFQ+UPU1auv9YPpUFIR\/\/9k=",
                "permalink": "https:\/\/kcwebteam.slack.com\/files\/U5Y0BDK51\/F0150F4468H\/vanderbeek.jpg",
                "permalink_public": "https:\/\/slack-files.com\/T0D1XTUAD-F0150F4468H-d9945bfd02",
                "is_starred": false,
                "has_rich_preview": false
            }
        ],
        "upload": true,
        "blocks": [
            {
                "type": "rich_text",
                "block_id": "GHXrs",
                "elements": [
                    {
                        "type": "rich_text_section",
                        "elements": [
                            {
                                "type": "text",
                                "text": "More HIPAA training…"
                            }
                        ]
                    }
                ]
            }
        ],
        "user": "U5Y0BDK51",
        "display_as_bot": false,
        "ts": "1591045660.403400",
        "client_msg_id": "bb1e7400-6698-46af-8881-05b00874e699",
        "thread_ts": "1591045660.403400",
        "reply_count": 3,
        "reply_users_count": 3,
        "latest_reply": "1591112385.404700",
        "reply_users": [
            "UFDNKQCU9",
            "UUW3W20AU",
            "UUJNECG67"
        ],
        "replies": [
            {
                "user": "UFDNKQCU9",
                "ts": "1591047351.403700"
            },
            {
                "user": "UUW3W20AU",
                "ts": "1591069040.404300"
            },
            {
                "user": "UUJNECG67",
                "ts": "1591112385.404700"
            }
        ],
        "subscribed": false,
        "reactions": [
            {
                "name": "joy",
                "users": [
                    "UUL14UHHP",
                    "UUJNECG67",
                    "U7EP7P2JW"
                ],
                "count": 3
            }
        ]
    },
    {
        "client_msg_id": "8f46eea0-5864-4d15-8868-257de3cfae6b",
        "type": "message",
        "text": "Awesome! This is almost as exciting as being forced to watch those FBI warnings at the start of a movie on DVD, but longer!",
        "user": "UFDNKQCU9",
        "ts": "1591047351.403700",
        "team": "T0D1XTUAD",
        "user_team": "T0D1XTUAD",
        "source_team": "T0D1XTUAD",
        "user_profile": {
            "avatar_hash": "625717ebbb6e",
            "image_72": "https:\/\/avatars.slack-edge.com\/2019-01-17\/526675529362_625717ebbb6e0ba43f68_72.jpg",
            "first_name": "Earl",
            "real_name": "Earl Krygier",
            "display_name": "Krygier",
            "team": "T0D1XTUAD",
            "name": "earl.krygier",
            "is_restricted": false,
            "is_ultra_restricted": false
        },
        "blocks": [
            {
                "type": "rich_text",
                "block_id": "MSrte",
                "elements": [
                    {
                        "type": "rich_text_section",
                        "elements": [
                            {
                                "type": "text",
                                "text": "Awesome! This is almost as exciting as being forced to watch those FBI warnings at the start of a movie on DVD, but longer!"
                            }
                        ]
                    }
                ]
            }
        ],
        "thread_ts": "1591045660.403400",
        "parent_user_id": "U5Y0BDK51",
        "reactions": [
            {
                "name": "grinning",
                "users": [
                    "U7EP7P2JW"
                ],
                "count": 1
            }
        ]
    },
    {
        "client_msg_id": "cc4745b6-1218-43c0-b1a8-7bc4e2e44ce0",
        "type": "message",
        "text": "Check with <@UUW4ERY1K> for the platform; if you're referring to the Clean Water plan missing a description, James Foulk should be able to coordinate on behalf of WTD.",
        "user": "UUJNED77D",
        "ts": "1591050200.403900",
        "team": "T0D1XTUAD",
        "user_team": "T0D1XTUAD",
        "source_team": "T0D1XTUAD",
        "user_profile": {
            "avatar_hash": "5f4a213e859b",
            "image_72": "https:\/\/avatars.slack-edge.com\/2020-03-04\/982713408789_5f4a213e859b7369a972_72.jpg",
            "first_name": "Fred",
            "real_name": "Fred Bentler",
            "display_name": "Fred Bentler",
            "team": "T0D1XTUAD",
            "name": "fred.bentler",
            "is_restricted": false,
            "is_ultra_restricted": false
        },
        "blocks": [
            {
                "type": "rich_text",
                "block_id": "8\/6pA",
                "elements": [
                    {
                        "type": "rich_text_section",
                        "elements": [
                            {
                                "type": "text",
                                "text": "Check with "
                            },
                            {
                                "type": "user",
                                "user_id": "UUW4ERY1K"
                            },
                            {
                                "type": "text",
                                "text": " for the platform; if you're referring to the Clean Water plan missing a description, James Foulk should be able to coordinate on behalf of WTD."
                            }
                        ]
                    }
                ]
            }
        ],
        "thread_ts": "1591041871.402700",
        "parent_user_id": "UTV659Z8X"
    },
    {
        "client_msg_id": "cbc0ee05-d428-4515-8781-ba5b18a96ea9",
        "type": "message",
        "text": "Thanks, Fred. There were two sections missing descriptions, so... I'll check with Warren.",
        "user": "UTV659Z8X",
        "ts": "1591050849.404100",
        "team": "T0D1XTUAD",
        "user_team": "T0D1XTUAD",
        "source_team": "T0D1XTUAD",
        "user_profile": {
            "avatar_hash": "gcdcd1928542",
            "image_72": "https:\/\/secure.gravatar.com\/avatar\/cdcd1928542317a9b98db6f980dc1212.jpg?s=72&d=https%3A%2F%2Fa.slack-edge.com%2Fdf10d%2Fimg%2Favatars%2Fava_0021-72.png",
            "first_name": "",
            "real_name": "Joy Cordell",
            "display_name": "Joy Cordell",
            "team": "T0D1XTUAD",
            "name": "n-jcordell",
            "is_restricted": false,
            "is_ultra_restricted": false
        },
        "blocks": [
            {
                "type": "rich_text",
                "block_id": "a9q",
                "elements": [
                    {
                        "type": "rich_text_section",
                        "elements": [
                            {
                                "type": "text",
                                "text": "Thanks, Fred. There were two sections missing descriptions, so... I'll check with Warren."
                            }
                        ]
                    }
                ]
            }
        ],
        "thread_ts": "1591041871.402700",
        "parent_user_id": "UTV659Z8X"
    },
    {
        "client_msg_id": "4fdcc614-1aa3-4053-bb0b-ed85747b86cd",
        "type": "message",
        "text": "I have to do this for the military too ... can I just use my training cert for that to cover KCIT's requirement?",
        "user": "UUW3W20AU",
        "ts": "1591069040.404300",
        "team": "T0D1XTUAD",
        "user_team": "T0D1XTUAD",
        "source_team": "T0D1XTUAD",
        "user_profile": {
            "avatar_hash": "0c87430f5419",
            "image_72": "https:\/\/avatars.slack-edge.com\/2020-03-04\/984414387030_0c87430f5419d7de3cea_72.jpg",
            "first_name": "Elizabeth",
            "real_name": "Elizabeth Inglese",
            "display_name": "Tish",
            "team": "T0D1XTUAD",
            "name": "einglese",
            "is_restricted": false,
            "is_ultra_restricted": false
        },
        "blocks": [
            {
                "type": "rich_text",
                "block_id": "WrLY6",
                "elements": [
                    {
                        "type": "rich_text_section",
                        "elements": [
                            {
                                "type": "text",
                                "text": "I have to do this for the military too ... can I just use my training cert for that to cover KCIT's requirement?"
                            }
                        ]
                    }
                ]
            }
        ],
        "thread_ts": "1591045660.403400",
        "parent_user_id": "U5Y0BDK51"
    }
]