[
    {
        "client_msg_id": "026B2E61-BC59-4C20-A865-F439C72EAF43",
        "type": "message",
        "text": "<https:\/\/www.google.com\/amp\/s\/www.wsj.com\/amp\/articles\/why-social-media-is-so-good-at-polarizing-us-11603105204|https:\/\/www.google.com\/amp\/s\/www.wsj.com\/amp\/articles\/why-social-media-is-so-good-at-polarizing-us-11603105204>",
        "user": "U7EP7P2JW",
        "ts": "1604584281.219700",
        "team": "T0D1XTUAD",
        "user_team": "T0D1XTUAD",
        "source_team": "T0D1XTUAD",
        "user_profile": {
            "avatar_hash": "7fac73a9f68f",
            "image_72": "https:\/\/avatars.slack-edge.com\/2020-11-05\/1503307917168_7fac73a9f68f9db6dfe6_72.png",
            "first_name": "Rebecca",
            "real_name": "Rebecca Watson",
            "display_name": "rebecca",
            "team": "T0D1XTUAD",
            "name": "rebecca.watson",
            "is_restricted": false,
            "is_ultra_restricted": false
        },
        "attachments": [
            {
                "service_name": "WSJ",
                "title": "Why Social Media Is So Good at Polarizing Us",
                "title_link": "https:\/\/www.google.com\/amp\/s\/www.wsj.com\/amp\/articles\/why-social-media-is-so-good-at-polarizing-us-11603105204",
                "text": "Mathematicians are teaming up with political scientists to create models of how social media divides us, and the results suggest at least one popular solution might actually make the problem worse.",
                "fallback": "WSJ: Why Social Media Is So Good at Polarizing Us",
                "image_url": "https:\/\/images.wsj.net\/im-246139\/social",
                "image_width": 500,
                "image_height": 250,
                "from_url": "https:\/\/www.google.com\/amp\/s\/www.wsj.com\/amp\/articles\/why-social-media-is-so-good-at-polarizing-us-11603105204",
                "image_bytes": 161192,
                "service_icon": "https:\/\/s.wsj.net\/media\/wsj_apple-touch-icon-180x180.png",
                "id": 1,
                "original_url": "https:\/\/www.google.com\/amp\/s\/www.wsj.com\/amp\/articles\/why-social-media-is-so-good-at-polarizing-us-11603105204"
            }
        ],
        "blocks": [
            {
                "type": "rich_text",
                "block_id": "V7KY",
                "elements": [
                    {
                        "type": "rich_text_section",
                        "elements": [
                            {
                                "type": "link",
                                "url": "https:\/\/www.google.com\/amp\/s\/www.wsj.com\/amp\/articles\/why-social-media-is-so-good-at-polarizing-us-11603105204",
                                "text": "https:\/\/www.google.com\/amp\/s\/www.wsj.com\/amp\/articles\/why-social-media-is-so-good-at-polarizing-us-11603105204"
                            }
                        ]
                    }
                ]
            }
        ],
        "thread_ts": "1604584281.219700",
        "reply_count": 1,
        "reply_users_count": 1,
        "latest_reply": "1604594710.222900",
        "reply_users": [
            "UUJNED77D"
        ],
        "replies": [
            {
                "user": "UUJNED77D",
                "ts": "1604594710.222900"
            }
        ],
        "subscribed": false
    },
    {
        "client_msg_id": "DD5939B2-4A5D-4F22-A2EB-AC6800C17ED1",
        "type": "message",
        "text": "I watched this last night as I needed a laugh and it delivered. Observational, smart comedy. Thanks <@U5Y0BDK51> ",
        "user": "U7EP7P2JW",
        "ts": "1604584470.222400",
        "team": "T0D1XTUAD",
        "user_team": "T0D1XTUAD",
        "source_team": "T0D1XTUAD",
        "user_profile": {
            "avatar_hash": "7fac73a9f68f",
            "image_72": "https:\/\/avatars.slack-edge.com\/2020-11-05\/1503307917168_7fac73a9f68f9db6dfe6_72.png",
            "first_name": "Rebecca",
            "real_name": "Rebecca Watson",
            "display_name": "rebecca",
            "team": "T0D1XTUAD",
            "name": "rebecca.watson",
            "is_restricted": false,
            "is_ultra_restricted": false
        },
        "blocks": [
            {
                "type": "rich_text",
                "block_id": "NzATI",
                "elements": [
                    {
                        "type": "rich_text_section",
                        "elements": [
                            {
                                "type": "text",
                                "text": "I watched this last night as I needed a laugh and it delivered. Observational, smart comedy. Thanks "
                            },
                            {
                                "type": "user",
                                "user_id": "U5Y0BDK51"
                            },
                            {
                                "type": "text",
                                "text": " "
                            }
                        ]
                    }
                ]
            }
        ],
        "thread_ts": "1604516083.214200",
        "parent_user_id": "U5Y0BDK51",
        "reactions": [
            {
                "name": "heart",
                "users": [
                    "UUW3W20AU"
                ],
                "count": 1
            }
        ]
    },
    {
        "client_msg_id": "0ffb8d58-b72a-4a85-8b86-f4ad3ca39df4",
        "type": "message",
        "text": "<@U7EP7P2JW> Glad you enjoyed it!",
        "user": "U5Y0BDK51",
        "ts": "1604594213.222600",
        "team": "T0D1XTUAD",
        "user_team": "T0D1XTUAD",
        "source_team": "T0D1XTUAD",
        "user_profile": {
            "avatar_hash": "8ead721adcae",
            "image_72": "https:\/\/avatars.slack-edge.com\/2020-02-27\/973218989973_8ead721adcae603f0609_72.jpg",
            "first_name": "Marisa",
            "real_name": "Marisa Mellema",
            "display_name": "Marisa Mellema",
            "team": "T0D1XTUAD",
            "name": "marisam",
            "is_restricted": false,
            "is_ultra_restricted": false
        },
        "blocks": [
            {
                "type": "rich_text",
                "block_id": "vLhaV",
                "elements": [
                    {
                        "type": "rich_text_section",
                        "elements": [
                            {
                                "type": "user",
                                "user_id": "U7EP7P2JW"
                            },
                            {
                                "type": "text",
                                "text": " Glad you enjoyed it!"
                            }
                        ]
                    }
                ]
            }
        ],
        "thread_ts": "1604516083.214200",
        "parent_user_id": "U5Y0BDK51",
        "reactions": [
            {
                "name": "+1",
                "users": [
                    "U7EP7P2JW"
                ],
                "count": 1
            }
        ]
    },
    {
        "client_msg_id": "561a99c8-dad2-4841-8502-193b36044dcb",
        "type": "message",
        "text": "E.O. Wilson delves into the evolutionary origins of grouping up and fighting enemies.  Interesting presentation on the science at <https:\/\/longnow.org\/seminars\/02012\/apr\/20\/social-conquest-earth\/>",
        "user": "UUJNED77D",
        "ts": "1604594710.222900",
        "team": "T0D1XTUAD",
        "user_team": "T0D1XTUAD",
        "source_team": "T0D1XTUAD",
        "user_profile": {
            "avatar_hash": "5f4a213e859b",
            "image_72": "https:\/\/avatars.slack-edge.com\/2020-03-04\/982713408789_5f4a213e859b7369a972_72.jpg",
            "first_name": "Fred",
            "real_name": "Fred Bentler",
            "display_name": "Fred Bentler",
            "team": "T0D1XTUAD",
            "name": "fred.bentler",
            "is_restricted": false,
            "is_ultra_restricted": false
        },
        "edited": {
            "user": "UUJNED77D",
            "ts": "1604597025.000000"
        },
        "blocks": [
            {
                "type": "rich_text",
                "block_id": "ofKN=",
                "elements": [
                    {
                        "type": "rich_text_section",
                        "elements": [
                            {
                                "type": "text",
                                "text": "E.O. Wilson delves into the evolutionary origins of grouping up and fighting enemies.  Interesting presentation on the science at "
                            },
                            {
                                "type": "link",
                                "url": "https:\/\/longnow.org\/seminars\/02012\/apr\/20\/social-conquest-earth\/"
                            }
                        ]
                    }
                ]
            }
        ],
        "thread_ts": "1604584281.219700",
        "parent_user_id": "U7EP7P2JW"
    },
    {
        "type": "message",
        "text": "Cross-posting from a11y channel",
        "user": "U7EQMP760",
        "ts": "1604616681.223400",
        "team": "T0D1XTUAD",
        "user_team": "T0D1XTUAD",
        "source_team": "T0D1XTUAD",
        "user_profile": {
            "avatar_hash": "db1abed225d9",
            "image_72": "https:\/\/avatars.slack-edge.com\/2020-03-14\/990754009969_db1abed225d9635aae98_72.jpg",
            "first_name": "",
            "real_name": "Mary Delahanty",
            "display_name": "",
            "team": "T0D1XTUAD",
            "name": "mary.delahanty",
            "is_restricted": false,
            "is_ultra_restricted": false
        },
        "attachments": [
            {
                "fallback": "[November 5th, 2020 2:49 PM] mary.delahanty: I'm working on the online Reduced Fare Pass application. There are some instructions at the start of each application type, telling the user things like what documents they'll need to upload with their application. Do we have a standard on what reading-grade-level we want text to be, in online forms like that?",
                "ts": "1604616567.002900",
                "author_id": "U7EQMP760",
                "author_subname": "Mary Delahanty",
                "channel_id": "C7EQ139S8",
                "channel_name": "a11y",
                "is_msg_unfurl": true,
                "text": "I'm working on the online Reduced Fare Pass application. There are some instructions at the start of each application type, telling the user things like what documents they'll need to upload with their application. Do we have a standard on what reading-grade-level we want text to be, in online forms like that?",
                "author_name": "Mary Delahanty",
                "author_link": "https:\/\/kcwebteam.slack.com\/team\/U7EQMP760",
                "author_icon": "https:\/\/avatars.slack-edge.com\/2020-03-14\/990754009969_db1abed225d9635aae98_48.jpg",
                "mrkdwn_in": [
                    "text"
                ],
                "color": "D0D0D0",
                "from_url": "https:\/\/kcwebteam.slack.com\/archives\/C7EQ139S8\/p1604616567002900",
                "is_share": true,
                "footer": "Posted in #a11y"
            }
        ],
        "blocks": [
            {
                "type": "rich_text",
                "block_id": "KNV",
                "elements": [
                    {
                        "type": "rich_text_section",
                        "elements": [
                            {
                                "type": "text",
                                "text": "Cross-posting from a11y channel"
                            }
                        ]
                    }
                ]
            }
        ]
    },
    {
        "client_msg_id": "52e28a71-6aea-4772-af49-b696069de387",
        "type": "message",
        "text": "Gotta love Anderson Cooper\n\n“Like an obese turtle on his back\nFlailing in the hot sun\nRealizing his time is over.”\n\n <https:\/\/twitter.com\/steve_vladeck\/status\/1324507775045636096?s=12>",
        "user": "UUJNECG67",
        "ts": "1604623496.223800",
        "team": "T0D1XTUAD",
        "user_team": "T0D1XTUAD",
        "source_team": "T0D1XTUAD",
        "user_profile": {
            "avatar_hash": "3770b096c03c",
            "image_72": "https:\/\/avatars.slack-edge.com\/2020-08-27\/1329102233075_3770b096c03ccdfc53b6_72.png",
            "first_name": "Andrea",
            "real_name": "Andrea",
            "display_name": "Andrea",
            "team": "T0D1XTUAD",
            "name": "andrea.rouleau",
            "is_restricted": false,
            "is_ultra_restricted": false
        },
        "blocks": [
            {
                "type": "rich_text",
                "block_id": "SHVm",
                "elements": [
                    {
                        "type": "rich_text_section",
                        "elements": [
                            {
                                "type": "text",
                                "text": "Gotta love Anderson Cooper\n\n“Like an obese turtle on his back\nFlailing in the hot sun\nRealizing his time is over.”\n\n "
                            },
                            {
                                "type": "link",
                                "url": "https:\/\/twitter.com\/steve_vladeck\/status\/1324507775045636096?s=12"
                            }
                        ]
                    }
                ]
            }
        ],
        "thread_ts": "1604623496.223800",
        "reply_count": 1,
        "reply_users_count": 1,
        "latest_reply": "1604626780.224300",
        "reply_users": [
            "UUL14UHHP"
        ],
        "replies": [
            {
                "user": "UUL14UHHP",
                "ts": "1604626780.224300"
            }
        ],
        "subscribed": false,
        "reactions": [
            {
                "name": "turtle",
                "users": [
                    "U0D1RV4N8",
                    "UUL14UHHP",
                    "U7EP7P2JW",
                    "U5Y0BDK51"
                ],
                "count": 4
            },
            {
                "name": "sun_with_face",
                "users": [
                    "U7EQMP760"
                ],
                "count": 1
            }
        ]
    },
    {
        "type": "message",
        "text": "",
        "files": [
            {
                "id": "F01E5AVEEV8",
                "created": 1604626771,
                "timestamp": 1604626771,
                "name": "Image from iOS.jpg",
                "title": "Image from iOS",
                "mimetype": "image\/jpeg",
                "filetype": "jpg",
                "pretty_type": "JPEG",
                "user": "UUL14UHHP",
                "editable": false,
                "size": 123358,
                "mode": "hosted",
                "is_external": false,
                "external_type": "",
                "is_public": true,
                "public_url_shared": false,
                "display_as_bot": false,
                "username": "",
                "url_private": "https:\/\/files.slack.com\/files-pri\/T0D1XTUAD-F01E5AVEEV8\/image_from_ios.jpg?t=xoxe-13065946353-1831014033124-1821760734405-0591b3003861d046a3fe606fb5f44814",
                "url_private_download": "https:\/\/files.slack.com\/files-pri\/T0D1XTUAD-F01E5AVEEV8\/download\/image_from_ios.jpg?t=xoxe-13065946353-1831014033124-1821760734405-0591b3003861d046a3fe606fb5f44814",
                "thumb_64": "https:\/\/files.slack.com\/files-tmb\/T0D1XTUAD-F01E5AVEEV8-360f01bed9\/image_from_ios_64.jpg?t=xoxe-13065946353-1831014033124-1821760734405-0591b3003861d046a3fe606fb5f44814",
                "thumb_80": "https:\/\/files.slack.com\/files-tmb\/T0D1XTUAD-F01E5AVEEV8-360f01bed9\/image_from_ios_80.jpg?t=xoxe-13065946353-1831014033124-1821760734405-0591b3003861d046a3fe606fb5f44814",
                "thumb_360": "https:\/\/files.slack.com\/files-tmb\/T0D1XTUAD-F01E5AVEEV8-360f01bed9\/image_from_ios_360.jpg?t=xoxe-13065946353-1831014033124-1821760734405-0591b3003861d046a3fe606fb5f44814",
                "thumb_360_w": 360,
                "thumb_360_h": 360,
                "thumb_480": "https:\/\/files.slack.com\/files-tmb\/T0D1XTUAD-F01E5AVEEV8-360f01bed9\/image_from_ios_480.jpg?t=xoxe-13065946353-1831014033124-1821760734405-0591b3003861d046a3fe606fb5f44814",
                "thumb_480_w": 480,
                "thumb_480_h": 480,
                "thumb_160": "https:\/\/files.slack.com\/files-tmb\/T0D1XTUAD-F01E5AVEEV8-360f01bed9\/image_from_ios_160.jpg?t=xoxe-13065946353-1831014033124-1821760734405-0591b3003861d046a3fe606fb5f44814",
                "thumb_720": "https:\/\/files.slack.com\/files-tmb\/T0D1XTUAD-F01E5AVEEV8-360f01bed9\/image_from_ios_720.jpg?t=xoxe-13065946353-1831014033124-1821760734405-0591b3003861d046a3fe606fb5f44814",
                "thumb_720_w": 720,
                "thumb_720_h": 720,
                "thumb_800": "https:\/\/files.slack.com\/files-tmb\/T0D1XTUAD-F01E5AVEEV8-360f01bed9\/image_from_ios_800.jpg?t=xoxe-13065946353-1831014033124-1821760734405-0591b3003861d046a3fe606fb5f44814",
                "thumb_800_w": 800,
                "thumb_800_h": 800,
                "thumb_960": "https:\/\/files.slack.com\/files-tmb\/T0D1XTUAD-F01E5AVEEV8-360f01bed9\/image_from_ios_960.jpg?t=xoxe-13065946353-1831014033124-1821760734405-0591b3003861d046a3fe606fb5f44814",
                "thumb_960_w": 960,
                "thumb_960_h": 960,
                "thumb_1024": "https:\/\/files.slack.com\/files-tmb\/T0D1XTUAD-F01E5AVEEV8-360f01bed9\/image_from_ios_1024.jpg?t=xoxe-13065946353-1831014033124-1821760734405-0591b3003861d046a3fe606fb5f44814",
                "thumb_1024_w": 1024,
                "thumb_1024_h": 1024,
                "original_w": 1440,
                "original_h": 1440,
                "thumb_tiny": "AwAwADDTpu44\/wDrGnHpUYLejfmKAF3N\/kGjcf8AINJub0P5ipAcigBm5v8AINPHSk3D1FL1oACcDmm\/IOu0UNljtBwO5FBQAfKORQAh2ddoP4U7avoPyoPQcZpkchbPykegPWgB2E9FpRgDjGPaocnH3W+v+RUkTbgeCMHvQAAqrHcQDnjNKxypxzxQ6B8ZHI6H0qAJNGfkwwPrQBYOCvFMjfcpc9OgqMJNIMSMFXvjqanAAXAHHTFACbx6H8qUHJ7\/AJUbV9B+VAAHQCgD\/9k=",
                "permalink": "https:\/\/kcwebteam.slack.com\/files\/UUL14UHHP\/F01E5AVEEV8\/image_from_ios.jpg",
                "permalink_public": "https:\/\/slack-files.com\/T0D1XTUAD-F01E5AVEEV8-53cc06ee5a",
                "is_starred": false,
                "has_rich_preview": false
            }
        ],
        "upload": true,
        "blocks": [
            {
                "type": "rich_text",
                "block_id": "WJJ",
                "elements": []
            }
        ],
        "user": "UUL14UHHP",
        "display_as_bot": false,
        "ts": "1604626780.224300",
        "client_msg_id": "12E05987-3717-4336-B026-AEB69A613CDE",
        "thread_ts": "1604623496.223800",
        "parent_user_id": "UUJNECG67",
        "reactions": [
            {
                "name": "rolling_on_the_floor_laughing",
                "users": [
                    "UUJNECG67"
                ],
                "count": 1
            }
        ]
    }
]