[
    {
        "type": "message",
        "text": "Going on three months and Edge still displays this error when opening pdf documents that use the latest pdf version and are password protected against editing. The \"report a problem\" button displayed in Edge doesn't work.\n\nAnyone know of a way to provide bug reports to Microsoft outside of KCIT channels?",
        "files": [
            {
                "id": "F01F53S4P7X",
                "created": 1605898450,
                "timestamp": 1605898450,
                "name": "nothing-to-see-here.png",
                "title": "nothing-to-see-here.png",
                "mimetype": "image\/png",
                "filetype": "png",
                "pretty_type": "PNG",
                "user": "UUJNED77D",
                "editable": false,
                "size": 19321,
                "mode": "hosted",
                "is_external": false,
                "external_type": "",
                "is_public": true,
                "public_url_shared": false,
                "display_as_bot": false,
                "username": "",
                "url_private": "https:\/\/files.slack.com\/files-pri\/T0D1XTUAD-F01F53S4P7X\/nothing-to-see-here.png?t=xoxe-13065946353-1831014033124-1821760734405-0591b3003861d046a3fe606fb5f44814",
                "url_private_download": "https:\/\/files.slack.com\/files-pri\/T0D1XTUAD-F01F53S4P7X\/download\/nothing-to-see-here.png?t=xoxe-13065946353-1831014033124-1821760734405-0591b3003861d046a3fe606fb5f44814",
                "thumb_64": "https:\/\/files.slack.com\/files-tmb\/T0D1XTUAD-F01F53S4P7X-515a56d43d\/nothing-to-see-here_64.png?t=xoxe-13065946353-1831014033124-1821760734405-0591b3003861d046a3fe606fb5f44814",
                "thumb_80": "https:\/\/files.slack.com\/files-tmb\/T0D1XTUAD-F01F53S4P7X-515a56d43d\/nothing-to-see-here_80.png?t=xoxe-13065946353-1831014033124-1821760734405-0591b3003861d046a3fe606fb5f44814",
                "thumb_360": "https:\/\/files.slack.com\/files-tmb\/T0D1XTUAD-F01F53S4P7X-515a56d43d\/nothing-to-see-here_360.png?t=xoxe-13065946353-1831014033124-1821760734405-0591b3003861d046a3fe606fb5f44814",
                "thumb_360_w": 289,
                "thumb_360_h": 360,
                "thumb_480": "https:\/\/files.slack.com\/files-tmb\/T0D1XTUAD-F01F53S4P7X-515a56d43d\/nothing-to-see-here_480.png?t=xoxe-13065946353-1831014033124-1821760734405-0591b3003861d046a3fe606fb5f44814",
                "thumb_480_w": 385,
                "thumb_480_h": 480,
                "thumb_160": "https:\/\/files.slack.com\/files-tmb\/T0D1XTUAD-F01F53S4P7X-515a56d43d\/nothing-to-see-here_160.png?t=xoxe-13065946353-1831014033124-1821760734405-0591b3003861d046a3fe606fb5f44814",
                "original_w": 412,
                "original_h": 514,
                "thumb_tiny": "AwAwACa\/SF1X7xA+tLUU2wKQfvMOKAHCVCPlYGng57EfWq67AMZA56mp0GByc0ALRRRQAUhUMORQT25H4UnPqfyoATylHIHOMexp9NyfU\/lRz6n8qAHUUA5ooAKZKJCB5Zx60+gjNCBlfbc\/3h+YqwM4GevekwPf86Wm3cSVgooopDP\/2Q==",
                "permalink": "https:\/\/kcwebteam.slack.com\/files\/UUJNED77D\/F01F53S4P7X\/nothing-to-see-here.png",
                "permalink_public": "https:\/\/slack-files.com\/T0D1XTUAD-F01F53S4P7X-677be43a3b",
                "is_starred": false,
                "has_rich_preview": false
            }
        ],
        "upload": false,
        "blocks": [
            {
                "type": "rich_text",
                "block_id": "DPa4",
                "elements": [
                    {
                        "type": "rich_text_section",
                        "elements": [
                            {
                                "type": "text",
                                "text": "Going on three months and Edge still displays this error when opening pdf documents that use the latest pdf version and are password protected against editing. The \"report a problem\" button displayed in Edge doesn't work.\n\nAnyone know of a way to provide bug reports to Microsoft outside of KCIT channels?"
                            }
                        ]
                    }
                ]
            }
        ],
        "user": "UUJNED77D",
        "display_as_bot": false,
        "ts": "1605898766.316400"
    },
    {
        "client_msg_id": "130301a6-2149-45af-ae6c-cd4c60c08506",
        "type": "message",
        "text": "For anyone who was hoping for the whiteboard to be available for Teams calls: I checked with Katie Suvlu and the date for moving it to GCC (the Gov cloud) has been pushed back to mid December (this is a Microsoft move not a KCIT one). There are two whiteboards: one in Teams (only allows for drawing), and a desktop one called Microsoft Whiteoard (allows dwg, text, post-its). I asked about the desktop version, but we’ll have to wait to be certain of which one (or both) we’re getting in December.",
        "user": "U0D1W09V4",
        "ts": "1605900177.320500",
        "team": "T0D1XTUAD",
        "user_team": "T0D1XTUAD",
        "source_team": "T0D1XTUAD",
        "user_profile": {
            "avatar_hash": "69a03f210a7e",
            "image_72": "https:\/\/avatars.slack-edge.com\/2020-04-03\/1036225284226_69a03f210a7ec4e12108_72.jpg",
            "first_name": "Beth",
            "real_name": "Beth Cheatham",
            "display_name": "beth.cheatham",
            "team": "T0D1XTUAD",
            "name": "beth.cheatham",
            "is_restricted": false,
            "is_ultra_restricted": false
        },
        "blocks": [
            {
                "type": "rich_text",
                "block_id": "BJb",
                "elements": [
                    {
                        "type": "rich_text_section",
                        "elements": [
                            {
                                "type": "text",
                                "text": "For anyone who was hoping for the whiteboard to be available for Teams calls: I checked with Katie Suvlu and the date for moving it to GCC (the Gov cloud) has been pushed back to mid December (this is a Microsoft move not a KCIT one). There are two whiteboards: one in Teams (only allows for drawing), and a desktop one called Microsoft Whiteoard (allows dwg, text, post-its). I asked about the desktop version, but we’ll have to wait to be certain of which one (or both) we’re getting in December."
                            }
                        ]
                    }
                ]
            }
        ],
        "reactions": [
            {
                "name": "thankyou",
                "users": [
                    "U019DU219B4",
                    "U5Y0BDK51"
                ],
                "count": 2
            }
        ]
    },
    {
        "client_msg_id": "df19554d-be1f-4ade-9b43-65c84c975cd6",
        "type": "message",
        "text": "Has anyone done a PRF for office supplies? I want to order some printer ink, and there are several lines on the PRF I'm not sure how to fill out:\n\n1. *Does this request include purchase of software or hardware?* Does ink count as hardware?\n2. *Delivery location.* Do I pick KSC, and then do I have to go in there to pick it up? (If so, how do I find it?)\n3. *Vendor information.* I was thinking of using Staples, but I don't know what to put in all the Contact fields.",
        "user": "U7EQMP760",
        "ts": "1605902911.323200",
        "team": "T0D1XTUAD",
        "user_team": "T0D1XTUAD",
        "source_team": "T0D1XTUAD",
        "user_profile": {
            "avatar_hash": "db1abed225d9",
            "image_72": "https:\/\/avatars.slack-edge.com\/2020-03-14\/990754009969_db1abed225d9635aae98_72.jpg",
            "first_name": "",
            "real_name": "Mary Delahanty",
            "display_name": "",
            "team": "T0D1XTUAD",
            "name": "mary.delahanty",
            "is_restricted": false,
            "is_ultra_restricted": false
        },
        "blocks": [
            {
                "type": "rich_text",
                "block_id": "XNKRw",
                "elements": [
                    {
                        "type": "rich_text_section",
                        "elements": [
                            {
                                "type": "text",
                                "text": "Has anyone done a PRF for office supplies? I want to order some printer ink, and there are several lines on the PRF I'm not sure how to fill out:\n\n"
                            }
                        ]
                    },
                    {
                        "type": "rich_text_list",
                        "elements": [
                            {
                                "type": "rich_text_section",
                                "elements": [
                                    {
                                        "type": "text",
                                        "text": "Does this request include purchase of software or hardware?",
                                        "style": {
                                            "bold": true
                                        }
                                    },
                                    {
                                        "type": "text",
                                        "text": " Does ink count as hardware?"
                                    }
                                ]
                            },
                            {
                                "type": "rich_text_section",
                                "elements": [
                                    {
                                        "type": "text",
                                        "text": "Delivery location.",
                                        "style": {
                                            "bold": true
                                        }
                                    },
                                    {
                                        "type": "text",
                                        "text": " Do I pick KSC, and then do I have to go in there to pick it up? (If so, how do I find it?)"
                                    }
                                ]
                            },
                            {
                                "type": "rich_text_section",
                                "elements": [
                                    {
                                        "type": "text",
                                        "text": "Vendor information.",
                                        "style": {
                                            "bold": true
                                        }
                                    },
                                    {
                                        "type": "text",
                                        "text": " I was thinking of using Staples, but I don't know what to put in all the Contact fields."
                                    }
                                ]
                            }
                        ],
                        "style": "ordered",
                        "indent": 0
                    }
                ]
            }
        ],
        "thread_ts": "1605902911.323200",
        "reply_count": 3,
        "reply_users_count": 3,
        "latest_reply": "1605904669.323900",
        "reply_users": [
            "UUJNED77D",
            "U5Y0B4XC3",
            "U7EQMP760"
        ],
        "replies": [
            {
                "user": "UUJNED77D",
                "ts": "1605903125.323400"
            },
            {
                "user": "U5Y0B4XC3",
                "ts": "1605904495.323600"
            },
            {
                "user": "U7EQMP760",
                "ts": "1605904669.323900"
            }
        ],
        "subscribed": false
    },
    {
        "client_msg_id": "ed2fed0c-46a9-437a-b551-98695bc0de3f",
        "type": "message",
        "text": "I'd try 1. No; 2. N\/A; 3. look up the ph# for a store near you.",
        "user": "UUJNED77D",
        "ts": "1605903125.323400",
        "team": "T0D1XTUAD",
        "user_team": "T0D1XTUAD",
        "source_team": "T0D1XTUAD",
        "user_profile": {
            "avatar_hash": "5f4a213e859b",
            "image_72": "https:\/\/avatars.slack-edge.com\/2020-03-04\/982713408789_5f4a213e859b7369a972_72.jpg",
            "first_name": "Fred",
            "real_name": "Fred Bentler",
            "display_name": "Fred Bentler",
            "team": "T0D1XTUAD",
            "name": "fred.bentler",
            "is_restricted": false,
            "is_ultra_restricted": false
        },
        "blocks": [
            {
                "type": "rich_text",
                "block_id": "=gAi",
                "elements": [
                    {
                        "type": "rich_text_section",
                        "elements": [
                            {
                                "type": "text",
                                "text": "I'd try 1. No; 2. N\/A; 3. look up the ph# for a store near you."
                            }
                        ]
                    }
                ]
            }
        ],
        "thread_ts": "1605902911.323200",
        "parent_user_id": "U7EQMP760"
    },
    {
        "client_msg_id": "af93fbf3-2d44-4baa-bace-b9488aa0edff",
        "type": "message",
        "text": "1. No\n2. Leave it blank, and add your address in the comments field.\n3. Just supply the vendor's name. You'll also need to attach a screen capture of the item you're ordering.\nLet me know if I can help you complete the process.",
        "user": "U5Y0B4XC3",
        "ts": "1605904495.323600",
        "team": "T0D1XTUAD",
        "user_team": "T0D1XTUAD",
        "source_team": "T0D1XTUAD",
        "user_profile": {
            "avatar_hash": "da718d235064",
            "image_72": "https:\/\/avatars.slack-edge.com\/2019-05-20\/629478633218_da718d2350648f939113_72.jpg",
            "first_name": "Pam",
            "real_name": "Pam Shales",
            "display_name": "Pam Shales",
            "team": "T0D1XTUAD",
            "name": "pshales",
            "is_restricted": false,
            "is_ultra_restricted": false
        },
        "edited": {
            "user": "U5Y0B4XC3",
            "ts": "1605904669.000000"
        },
        "blocks": [
            {
                "type": "rich_text",
                "block_id": "Cw0Y",
                "elements": [
                    {
                        "type": "rich_text_list",
                        "elements": [
                            {
                                "type": "rich_text_section",
                                "elements": [
                                    {
                                        "type": "text",
                                        "text": "No"
                                    }
                                ]
                            },
                            {
                                "type": "rich_text_section",
                                "elements": [
                                    {
                                        "type": "text",
                                        "text": "Leave it blank, and add your address in the comments field."
                                    }
                                ]
                            },
                            {
                                "type": "rich_text_section",
                                "elements": [
                                    {
                                        "type": "text",
                                        "text": "Just supply the vendor's name. You'll also need to attach a screen capture of the item you're ordering."
                                    }
                                ]
                            }
                        ],
                        "style": "ordered",
                        "indent": 0
                    },
                    {
                        "type": "rich_text_section",
                        "elements": [
                            {
                                "type": "text",
                                "text": "Let me know if I can help you complete the process."
                            }
                        ]
                    }
                ]
            }
        ],
        "thread_ts": "1605902911.323200",
        "parent_user_id": "U7EQMP760"
    },
    {
        "client_msg_id": "45f35738-4bfd-4824-9a47-257c14441259",
        "type": "message",
        "text": "Thank you both!",
        "user": "U7EQMP760",
        "ts": "1605904669.323900",
        "team": "T0D1XTUAD",
        "user_team": "T0D1XTUAD",
        "source_team": "T0D1XTUAD",
        "user_profile": {
            "avatar_hash": "db1abed225d9",
            "image_72": "https:\/\/avatars.slack-edge.com\/2020-03-14\/990754009969_db1abed225d9635aae98_72.jpg",
            "first_name": "",
            "real_name": "Mary Delahanty",
            "display_name": "",
            "team": "T0D1XTUAD",
            "name": "mary.delahanty",
            "is_restricted": false,
            "is_ultra_restricted": false
        },
        "blocks": [
            {
                "type": "rich_text",
                "block_id": "=hj9o",
                "elements": [
                    {
                        "type": "rich_text_section",
                        "elements": [
                            {
                                "type": "text",
                                "text": "Thank you both!"
                            }
                        ]
                    }
                ]
            }
        ],
        "thread_ts": "1605902911.323200",
        "parent_user_id": "U7EQMP760"
    }
]