[
    {
        "client_msg_id": "6022b3b9-78c1-43e5-92cc-cf0196561ac2",
        "type": "message",
        "text": "Elections says 90% of voters' ballots have been returned so far. WOW. That's mind-boggling.",
        "user": "U0NSCMBR8",
        "ts": "1604427397.208300",
        "team": "T0D1XTUAD",
        "user_team": "T0D1XTUAD",
        "source_team": "T0D1XTUAD",
        "user_profile": {
            "avatar_hash": "28a69ac871a0",
            "image_72": "https:\/\/avatars.slack-edge.com\/2016-02-24\/22896597253_28a69ac871a00b39b963_72.jpg",
            "first_name": "Al",
            "real_name": "Al Boss",
            "display_name": "",
            "team": "T0D1XTUAD",
            "name": "alboss",
            "is_restricted": false,
            "is_ultra_restricted": false
        },
        "blocks": [
            {
                "type": "rich_text",
                "block_id": "GYKE",
                "elements": [
                    {
                        "type": "rich_text_section",
                        "elements": [
                            {
                                "type": "text",
                                "text": "Elections says 90% of voters' ballots have been returned so far. WOW. That's mind-boggling."
                            }
                        ]
                    }
                ]
            }
        ],
        "thread_ts": "1604427397.208300",
        "reply_count": 22,
        "reply_users_count": 7,
        "latest_reply": "1604536576.219200",
        "reply_users": [
            "U0D1RV4N8",
            "U7EQMP760",
            "U5Y0BDK51",
            "UUJNED77D",
            "U0NSCMBR8",
            "U7EP7P2JW",
            "UUW3W20AU"
        ],
        "replies": [
            {
                "user": "U0D1RV4N8",
                "ts": "1604427565.208400"
            },
            {
                "user": "U7EQMP760",
                "ts": "1604428003.208900"
            },
            {
                "user": "U5Y0BDK51",
                "ts": "1604428953.209400"
            },
            {
                "user": "UUJNED77D",
                "ts": "1604429168.209600"
            },
            {
                "user": "U0NSCMBR8",
                "ts": "1604429256.209800"
            },
            {
                "user": "U7EP7P2JW",
                "ts": "1604437148.210100"
            },
            {
                "user": "UUW3W20AU",
                "ts": "1604449262.210500"
            },
            {
                "user": "UUW3W20AU",
                "ts": "1604449397.210800"
            },
            {
                "user": "U0NSCMBR8",
                "ts": "1604449609.211100"
            },
            {
                "user": "UUW3W20AU",
                "ts": "1604451487.211400"
            },
            {
                "user": "U0NSCMBR8",
                "ts": "1604451824.211600"
            },
            {
                "user": "UUJNED77D",
                "ts": "1604529561.216600"
            },
            {
                "user": "U0NSCMBR8",
                "ts": "1604529613.216800"
            },
            {
                "user": "U7EQMP760",
                "ts": "1604533590.217300"
            },
            {
                "user": "U7EQMP760",
                "ts": "1604533658.217500"
            },
            {
                "user": "U0NSCMBR8",
                "ts": "1604533962.217700"
            },
            {
                "user": "U0D1RV4N8",
                "ts": "1604534096.217900"
            },
            {
                "user": "U0NSCMBR8",
                "ts": "1604534160.218100"
            },
            {
                "user": "U0D1RV4N8",
                "ts": "1604534290.218400"
            },
            {
                "user": "U0NSCMBR8",
                "ts": "1604534351.218600"
            },
            {
                "user": "UUW3W20AU",
                "ts": "1604536409.218800"
            },
            {
                "user": "U0NSCMBR8",
                "ts": "1604536576.219200"
            }
        ],
        "subscribed": false,
        "reactions": [
            {
                "name": "astonished",
                "users": [
                    "U019DU219B4"
                ],
                "count": 1
            },
            {
                "name": "tada",
                "users": [
                    "U7EQMP760",
                    "U5Y0BDK51",
                    "U0D1W09V4",
                    "U7EP7P2JW"
                ],
                "count": 4
            }
        ]
    },
    {
        "client_msg_id": "badf4e8a-a72a-499e-8bef-06cae60b66bd",
        "type": "message",
        "text": "I haven't ventured out yet to the Ballard drop box, but it's usually the busiest in the county. (Just to look. I voted the day after I got my ballot) And the line in 2016 was REALLY long on election day. Now with this election and social distancing, I bet it's several blocks. Unless everyone voted early. Which sounds like most did.",
        "user": "U0D1RV4N8",
        "ts": "1604427565.208400",
        "team": "T0D1XTUAD",
        "user_team": "T0D1XTUAD",
        "source_team": "T0D1XTUAD",
        "user_profile": {
            "avatar_hash": "b0af0714bdde",
            "image_72": "https:\/\/avatars.slack-edge.com\/2019-05-22\/642788517284_b0af0714bddea68e9e1c_72.jpg",
            "first_name": "Derek",
            "real_name": "Derek Sheppard",
            "display_name": "Derek Sheppard",
            "team": "T0D1XTUAD",
            "name": "derek.sheppard",
            "is_restricted": false,
            "is_ultra_restricted": false
        },
        "edited": {
            "user": "U0D1RV4N8",
            "ts": "1604427608.000000"
        },
        "blocks": [
            {
                "type": "rich_text",
                "block_id": "q=a6",
                "elements": [
                    {
                        "type": "rich_text_section",
                        "elements": [
                            {
                                "type": "text",
                                "text": "I haven't ventured out yet to the Ballard drop box, but it's usually the busiest in the county. (Just to look. I voted the day after I got my ballot) And the line in 2016 was REALLY long on election day. Now with this election and social distancing, I bet it's several blocks. Unless everyone voted early. Which sounds like most did."
                            }
                        ]
                    }
                ]
            }
        ],
        "thread_ts": "1604427397.208300",
        "parent_user_id": "U0NSCMBR8"
    },
    {
        "client_msg_id": "75a8e71f-90c0-4e60-9b5f-6769de0fffec",
        "type": "message",
        "text": "I am a fragile mess today. This made me cry: <https:\/\/twitter.com\/kcelections\/status\/1323681565398872068?s=20>",
        "user": "U7EQMP760",
        "ts": "1604428003.208900",
        "team": "T0D1XTUAD",
        "user_team": "T0D1XTUAD",
        "source_team": "T0D1XTUAD",
        "user_profile": {
            "avatar_hash": "db1abed225d9",
            "image_72": "https:\/\/avatars.slack-edge.com\/2020-03-14\/990754009969_db1abed225d9635aae98_72.jpg",
            "first_name": "",
            "real_name": "Mary Delahanty",
            "display_name": "",
            "team": "T0D1XTUAD",
            "name": "mary.delahanty",
            "is_restricted": false,
            "is_ultra_restricted": false
        },
        "blocks": [
            {
                "type": "rich_text",
                "block_id": "Z1vJ",
                "elements": [
                    {
                        "type": "rich_text_section",
                        "elements": [
                            {
                                "type": "text",
                                "text": "I am a fragile mess today. This made me cry: "
                            },
                            {
                                "type": "link",
                                "url": "https:\/\/twitter.com\/kcelections\/status\/1323681565398872068?s=20"
                            }
                        ]
                    }
                ]
            }
        ],
        "thread_ts": "1604427397.208300",
        "parent_user_id": "U0NSCMBR8",
        "reactions": [
            {
                "name": "heart",
                "users": [
                    "UUW3W20AU"
                ],
                "count": 1
            }
        ]
    },
    {
        "client_msg_id": "cfadd6a4-5dee-4e4b-923d-6e6694a72827",
        "type": "message",
        "text": "<@U7EQMP760> Ditto. Fragile mess is a good description.",
        "user": "U5Y0BDK51",
        "ts": "1604428953.209400",
        "team": "T0D1XTUAD",
        "user_team": "T0D1XTUAD",
        "source_team": "T0D1XTUAD",
        "user_profile": {
            "avatar_hash": "8ead721adcae",
            "image_72": "https:\/\/avatars.slack-edge.com\/2020-02-27\/973218989973_8ead721adcae603f0609_72.jpg",
            "first_name": "Marisa",
            "real_name": "Marisa Mellema",
            "display_name": "Marisa Mellema",
            "team": "T0D1XTUAD",
            "name": "marisam",
            "is_restricted": false,
            "is_ultra_restricted": false
        },
        "blocks": [
            {
                "type": "rich_text",
                "block_id": "n8j",
                "elements": [
                    {
                        "type": "rich_text_section",
                        "elements": [
                            {
                                "type": "user",
                                "user_id": "U7EQMP760"
                            },
                            {
                                "type": "text",
                                "text": " Ditto. Fragile mess is a good description."
                            }
                        ]
                    }
                ]
            }
        ],
        "thread_ts": "1604427397.208300",
        "parent_user_id": "U0NSCMBR8"
    },
    {
        "client_msg_id": "0230c73e-dcc4-4165-bc1f-6b8dace38b41",
        "type": "message",
        "text": "This morning I read 73% so far state-wide, which should include King County's 90%.",
        "user": "UUJNED77D",
        "ts": "1604429168.209600",
        "team": "T0D1XTUAD",
        "user_team": "T0D1XTUAD",
        "source_team": "T0D1XTUAD",
        "user_profile": {
            "avatar_hash": "5f4a213e859b",
            "image_72": "https:\/\/avatars.slack-edge.com\/2020-03-04\/982713408789_5f4a213e859b7369a972_72.jpg",
            "first_name": "Fred",
            "real_name": "Fred Bentler",
            "display_name": "Fred Bentler",
            "team": "T0D1XTUAD",
            "name": "fred.bentler",
            "is_restricted": false,
            "is_ultra_restricted": false
        },
        "blocks": [
            {
                "type": "rich_text",
                "block_id": "cm\/eA",
                "elements": [
                    {
                        "type": "rich_text_section",
                        "elements": [
                            {
                                "type": "text",
                                "text": "This morning I read 73% so far state-wide, which should include King County's 90%."
                            }
                        ]
                    }
                ]
            }
        ],
        "thread_ts": "1604427397.208300",
        "parent_user_id": "U0NSCMBR8"
    },
    {
        "client_msg_id": "427c8290-9306-419c-8efe-ab6820511dd4",
        "type": "message",
        "text": "These numbers are something you normally see in dictatorships where it's vote-or-get-shot.\n\n(In some parts of our wannabe-dictatorship it's probably closer to vote-and-get-shot.)",
        "user": "U0NSCMBR8",
        "ts": "1604429256.209800",
        "team": "T0D1XTUAD",
        "user_team": "T0D1XTUAD",
        "source_team": "T0D1XTUAD",
        "user_profile": {
            "avatar_hash": "28a69ac871a0",
            "image_72": "https:\/\/avatars.slack-edge.com\/2016-02-24\/22896597253_28a69ac871a00b39b963_72.jpg",
            "first_name": "Al",
            "real_name": "Al Boss",
            "display_name": "",
            "team": "T0D1XTUAD",
            "name": "alboss",
            "is_restricted": false,
            "is_ultra_restricted": false
        },
        "edited": {
            "user": "U0NSCMBR8",
            "ts": "1604429517.000000"
        },
        "blocks": [
            {
                "type": "rich_text",
                "block_id": "BCj\/q",
                "elements": [
                    {
                        "type": "rich_text_section",
                        "elements": [
                            {
                                "type": "text",
                                "text": "These numbers are something you normally see in dictatorships where it's vote-or-get-shot.\n\n(In some parts of our wannabe-dictatorship it's probably closer to vote-and-get-shot.)"
                            }
                        ]
                    }
                ]
            }
        ],
        "thread_ts": "1604427397.208300",
        "parent_user_id": "U0NSCMBR8"
    },
    {
        "client_msg_id": "ec842d62-eee3-4346-8e8d-db7e2cc955e4",
        "type": "message",
        "text": "Wouldn’t it be great if this level of voter turnout was the new norm for all elections. I have been so discouraged by voter turnout in the past and seeing this gives me a lot of hope. :statue_of_liberty:",
        "user": "U7EP7P2JW",
        "ts": "1604437148.210100",
        "team": "T0D1XTUAD",
        "user_team": "T0D1XTUAD",
        "source_team": "T0D1XTUAD",
        "user_profile": {
            "avatar_hash": "7fac73a9f68f",
            "image_72": "https:\/\/avatars.slack-edge.com\/2020-11-05\/1503307917168_7fac73a9f68f9db6dfe6_72.png",
            "first_name": "Rebecca",
            "real_name": "Rebecca Watson",
            "display_name": "rebecca",
            "team": "T0D1XTUAD",
            "name": "rebecca.watson",
            "is_restricted": false,
            "is_ultra_restricted": false
        },
        "blocks": [
            {
                "type": "rich_text",
                "block_id": "Oje8",
                "elements": [
                    {
                        "type": "rich_text_section",
                        "elements": [
                            {
                                "type": "text",
                                "text": "Wouldn’t it be great if this level of voter turnout was the new norm for all elections. I have been so discouraged by voter turnout in the past and seeing this gives me a lot of hope. "
                            },
                            {
                                "type": "emoji",
                                "name": "statue_of_liberty"
                            }
                        ]
                    }
                ]
            }
        ],
        "thread_ts": "1604427397.208300",
        "parent_user_id": "U0NSCMBR8",
        "reactions": [
            {
                "name": "+1::skin-tone-3",
                "users": [
                    "U0NSCMBR8"
                ],
                "count": 1
            }
        ]
    },
    {
        "client_msg_id": "e0dfa54a-e128-4447-8ce0-4ec5f7f21c14",
        "type": "message",
        "text": "As in 90% of KC registered voters have voted? Or, 90% of ballots have been kicked back?",
        "user": "UUW3W20AU",
        "ts": "1604449262.210500",
        "team": "T0D1XTUAD",
        "user_team": "T0D1XTUAD",
        "source_team": "T0D1XTUAD",
        "user_profile": {
            "avatar_hash": "0c87430f5419",
            "image_72": "https:\/\/avatars.slack-edge.com\/2020-03-04\/984414387030_0c87430f5419d7de3cea_72.jpg",
            "first_name": "Elizabeth",
            "real_name": "Elizabeth Inglese",
            "display_name": "Tish",
            "team": "T0D1XTUAD",
            "name": "einglese",
            "is_restricted": false,
            "is_ultra_restricted": false
        },
        "blocks": [
            {
                "type": "rich_text",
                "block_id": "TbMY1",
                "elements": [
                    {
                        "type": "rich_text_section",
                        "elements": [
                            {
                                "type": "text",
                                "text": "As in 90% of KC registered voters have voted? Or, 90% of ballots have been kicked back?"
                            }
                        ]
                    }
                ]
            }
        ],
        "thread_ts": "1604427397.208300",
        "parent_user_id": "U0NSCMBR8"
    },
    {
        "client_msg_id": "7485dbb9-7658-4f8a-bc46-b64dfdf997bd",
        "type": "message",
        "text": "Hopefully with a positive outcome of this election, people will realize they really CAN make a difference by voting, and will continue this headway into the future.",
        "user": "UUW3W20AU",
        "ts": "1604449397.210800",
        "team": "T0D1XTUAD",
        "user_team": "T0D1XTUAD",
        "source_team": "T0D1XTUAD",
        "user_profile": {
            "avatar_hash": "0c87430f5419",
            "image_72": "https:\/\/avatars.slack-edge.com\/2020-03-04\/984414387030_0c87430f5419d7de3cea_72.jpg",
            "first_name": "Elizabeth",
            "real_name": "Elizabeth Inglese",
            "display_name": "Tish",
            "team": "T0D1XTUAD",
            "name": "einglese",
            "is_restricted": false,
            "is_ultra_restricted": false
        },
        "edited": {
            "user": "UUW3W20AU",
            "ts": "1604449414.000000"
        },
        "blocks": [
            {
                "type": "rich_text",
                "block_id": "7odcg",
                "elements": [
                    {
                        "type": "rich_text_section",
                        "elements": [
                            {
                                "type": "text",
                                "text": "Hopefully with a positive outcome of this election, people will realize they really CAN make a difference by voting, and will continue this headway into the future."
                            }
                        ]
                    }
                ]
            }
        ],
        "thread_ts": "1604427397.208300",
        "parent_user_id": "U0NSCMBR8"
    },
    {
        "client_msg_id": "d6adb8e8-da5f-454b-ac62-72c5c6a9d505",
        "type": "message",
        "text": "They said they'd received 90%, but now the radio is saying 80%. I'd think Elections would know, but either way it's an extraordinary number.",
        "user": "U0NSCMBR8",
        "ts": "1604449609.211100",
        "team": "T0D1XTUAD",
        "user_team": "T0D1XTUAD",
        "source_team": "T0D1XTUAD",
        "user_profile": {
            "avatar_hash": "28a69ac871a0",
            "image_72": "https:\/\/avatars.slack-edge.com\/2016-02-24\/22896597253_28a69ac871a00b39b963_72.jpg",
            "first_name": "Al",
            "real_name": "Al Boss",
            "display_name": "",
            "team": "T0D1XTUAD",
            "name": "alboss",
            "is_restricted": false,
            "is_ultra_restricted": false
        },
        "blocks": [
            {
                "type": "rich_text",
                "block_id": "GWLnB",
                "elements": [
                    {
                        "type": "rich_text_section",
                        "elements": [
                            {
                                "type": "text",
                                "text": "They said they'd received 90%, but now the radio is saying 80%. I'd think Elections would know, but either way it's an extraordinary number."
                            }
                        ]
                    }
                ]
            }
        ],
        "thread_ts": "1604427397.208300",
        "parent_user_id": "U0NSCMBR8"
    },
    {
        "client_msg_id": "34cb4ce1-3e75-41d4-983e-94b2805a36df",
        "type": "message",
        "text": "Yeah, isn't voter turnout usually more around 40% or something?",
        "user": "UUW3W20AU",
        "ts": "1604451487.211400",
        "team": "T0D1XTUAD",
        "user_team": "T0D1XTUAD",
        "source_team": "T0D1XTUAD",
        "user_profile": {
            "avatar_hash": "0c87430f5419",
            "image_72": "https:\/\/avatars.slack-edge.com\/2020-03-04\/984414387030_0c87430f5419d7de3cea_72.jpg",
            "first_name": "Elizabeth",
            "real_name": "Elizabeth Inglese",
            "display_name": "Tish",
            "team": "T0D1XTUAD",
            "name": "einglese",
            "is_restricted": false,
            "is_ultra_restricted": false
        },
        "blocks": [
            {
                "type": "rich_text",
                "block_id": "8n9",
                "elements": [
                    {
                        "type": "rich_text_section",
                        "elements": [
                            {
                                "type": "text",
                                "text": "Yeah, isn't voter turnout usually more around 40% or something?"
                            }
                        ]
                    }
                ]
            }
        ],
        "thread_ts": "1604427397.208300",
        "parent_user_id": "U0NSCMBR8"
    },
    {
        "client_msg_id": "1c2c096f-1519-4326-878d-6cb8e7e0a667",
        "type": "message",
        "text": "Yes.",
        "user": "U0NSCMBR8",
        "ts": "1604451824.211600",
        "team": "T0D1XTUAD",
        "user_team": "T0D1XTUAD",
        "source_team": "T0D1XTUAD",
        "user_profile": {
            "avatar_hash": "28a69ac871a0",
            "image_72": "https:\/\/avatars.slack-edge.com\/2016-02-24\/22896597253_28a69ac871a00b39b963_72.jpg",
            "first_name": "Al",
            "real_name": "Al Boss",
            "display_name": "",
            "team": "T0D1XTUAD",
            "name": "alboss",
            "is_restricted": false,
            "is_ultra_restricted": false
        },
        "blocks": [
            {
                "type": "rich_text",
                "block_id": "nUGE",
                "elements": [
                    {
                        "type": "rich_text_section",
                        "elements": [
                            {
                                "type": "text",
                                "text": "Yes."
                            }
                        ]
                    }
                ]
            }
        ],
        "thread_ts": "1604427397.208300",
        "parent_user_id": "U0NSCMBR8"
    }
]