[
    {
        "client_msg_id": "23456ec0-89d6-4658-869a-398942ebf64a",
        "type": "message",
        "text": "As a practical matter, I like to learn how search algorithms work-- and so when my kids mentioned K-pop stans were influencing video popularity in YouTube, hashtag popularity in Twitter and the prominence of apps in the App Store, I raised one eyebrow and began reading up.\n<https:\/\/www.technologyreview.com\/2020\/06\/05\/1002781\/kpop-fans-and-black-lives-matter\/>",
        "user": "UUJNED77D",
        "ts": "1591626667.420800",
        "team": "T0D1XTUAD",
        "user_team": "T0D1XTUAD",
        "source_team": "T0D1XTUAD",
        "user_profile": {
            "avatar_hash": "5f4a213e859b",
            "image_72": "https:\/\/avatars.slack-edge.com\/2020-03-04\/982713408789_5f4a213e859b7369a972_72.jpg",
            "first_name": "Fred",
            "real_name": "Fred Bentler",
            "display_name": "Fred Bentler",
            "team": "T0D1XTUAD",
            "name": "fred.bentler",
            "is_restricted": false,
            "is_ultra_restricted": false
        },
        "attachments": [
            {
                "service_name": "MIT Technology Review",
                "title": "How K-pop fans became celebrated online vigilantes",
                "title_link": "https:\/\/www.technologyreview.com\/2020\/06\/05\/1002781\/kpop-fans-and-black-lives-matter\/",
                "text": "Korean music’s vast army of online fans have been celebrated for activism during police brutality protests. But the applause has papered over a more nuanced reality.",
                "fallback": "MIT Technology Review: How K-pop fans became celebrated online vigilantes",
                "image_url": "https:\/\/wp.technologyreview.com\/wp-content\/uploads\/2020\/06\/comp2GettyImages-1143982873_web.jpg?resize=1200,600",
                "image_width": 500,
                "image_height": 250,
                "from_url": "https:\/\/www.technologyreview.com\/2020\/06\/05\/1002781\/kpop-fans-and-black-lives-matter\/",
                "image_bytes": 348144,
                "service_icon": "https:\/\/www.technologyreview.com\/static\/media\/favicon.e6925c50.ico",
                "id": 1,
                "original_url": "https:\/\/www.technologyreview.com\/2020\/06\/05\/1002781\/kpop-fans-and-black-lives-matter\/"
            }
        ],
        "blocks": [
            {
                "type": "rich_text",
                "block_id": "sgW",
                "elements": [
                    {
                        "type": "rich_text_section",
                        "elements": [
                            {
                                "type": "text",
                                "text": "As a practical matter, I like to learn how search algorithms work-- and so when my kids mentioned K-pop stans were influencing video popularity in YouTube, hashtag popularity in Twitter and the prominence of apps in the App Store, I raised one eyebrow and began reading up.\n"
                            },
                            {
                                "type": "link",
                                "url": "https:\/\/www.technologyreview.com\/2020\/06\/05\/1002781\/kpop-fans-and-black-lives-matter\/"
                            }
                        ]
                    }
                ]
            }
        ],
        "thread_ts": "1591626667.420800",
        "reply_count": 2,
        "reply_users_count": 2,
        "latest_reply": "1591634848.421800",
        "reply_users": [
            "UUJNED77D",
            "U0NSCMBR8"
        ],
        "replies": [
            {
                "user": "UUJNED77D",
                "ts": "1591627361.421500"
            },
            {
                "user": "U0NSCMBR8",
                "ts": "1591634848.421800"
            }
        ],
        "subscribed": false
    },
    {
        "client_msg_id": "d8cde31c-7360-4eb3-bbed-6c32a6b9d7d7",
        "type": "message",
        "text": "More details in this one. <https:\/\/www.vox.com\/2020\/6\/8\/21279262\/k-pop-fans-black-lives-matter-fancams-youtubers-protest-support>",
        "user": "UUJNED77D",
        "ts": "1591627361.421500",
        "team": "T0D1XTUAD",
        "user_team": "T0D1XTUAD",
        "source_team": "T0D1XTUAD",
        "user_profile": {
            "avatar_hash": "5f4a213e859b",
            "image_72": "https:\/\/avatars.slack-edge.com\/2020-03-04\/982713408789_5f4a213e859b7369a972_72.jpg",
            "first_name": "Fred",
            "real_name": "Fred Bentler",
            "display_name": "Fred Bentler",
            "team": "T0D1XTUAD",
            "name": "fred.bentler",
            "is_restricted": false,
            "is_ultra_restricted": false
        },
        "attachments": [
            {
                "service_name": "Vox",
                "title": "K-pop fans are weaponizing their fancams for Black Lives Matter",
                "title_link": "https:\/\/www.vox.com\/2020\/6\/8\/21279262\/k-pop-fans-black-lives-matter-fancams-youtubers-protest-support",
                "text": "From K-pop fancams to Disney songs, here are 5 delightful ways protest supporters are weaponizing social media",
                "fallback": "Vox: K-pop fans are weaponizing their fancams for Black Lives Matter",
                "image_url": "https:\/\/cdn.vox-cdn.com\/thumbor\/vBDSMtkaaarUrTQUyq3gYtBr06w=\/0x0:3000x1571\/fit-in\/1200x630\/cdn.vox-cdn.com\/uploads\/chorus_asset\/file\/20021476\/1207757472.jpg.jpg",
                "image_width": 478,
                "image_height": 250,
                "ts": 1591619400,
                "from_url": "https:\/\/www.vox.com\/2020\/6\/8\/21279262\/k-pop-fans-black-lives-matter-fancams-youtubers-protest-support",
                "image_bytes": 75994,
                "service_icon": "https:\/\/cdn.vox-cdn.com\/uploads\/hub\/sbnu_logo_minimal\/441\/touch_icon_iphone_retina_1000_yellow.755.png",
                "id": 1,
                "original_url": "https:\/\/www.vox.com\/2020\/6\/8\/21279262\/k-pop-fans-black-lives-matter-fancams-youtubers-protest-support"
            }
        ],
        "blocks": [
            {
                "type": "rich_text",
                "block_id": "Fs+",
                "elements": [
                    {
                        "type": "rich_text_section",
                        "elements": [
                            {
                                "type": "text",
                                "text": "More details in this one. "
                            },
                            {
                                "type": "link",
                                "url": "https:\/\/www.vox.com\/2020\/6\/8\/21279262\/k-pop-fans-black-lives-matter-fancams-youtubers-protest-support"
                            }
                        ]
                    }
                ]
            }
        ],
        "thread_ts": "1591626667.420800",
        "parent_user_id": "UUJNED77D"
    },
    {
        "client_msg_id": "f0c9f68e-2513-40d6-aa78-408d5fbe0478",
        "type": "message",
        "text": "Wow, that was fascinating! Never make creative people mad at you.",
        "user": "U0NSCMBR8",
        "ts": "1591634848.421800",
        "team": "T0D1XTUAD",
        "user_team": "T0D1XTUAD",
        "source_team": "T0D1XTUAD",
        "user_profile": {
            "avatar_hash": "28a69ac871a0",
            "image_72": "https:\/\/avatars.slack-edge.com\/2016-02-24\/22896597253_28a69ac871a00b39b963_72.jpg",
            "first_name": "Al",
            "real_name": "Al Boss",
            "display_name": "",
            "team": "T0D1XTUAD",
            "name": "alboss",
            "is_restricted": false,
            "is_ultra_restricted": false
        },
        "blocks": [
            {
                "type": "rich_text",
                "block_id": "mI\/64",
                "elements": [
                    {
                        "type": "rich_text_section",
                        "elements": [
                            {
                                "type": "text",
                                "text": "Wow, that was fascinating! Never make creative people mad at you."
                            }
                        ]
                    }
                ]
            }
        ],
        "thread_ts": "1591626667.420800",
        "parent_user_id": "UUJNED77D"
    }
]