[
    {
        "client_msg_id": "3b345206-14f2-4085-82e5-0f01746f8292",
        "type": "message",
        "text": "Looks like <http:\/\/kingcounty.gov|kingcounty.gov> is down.",
        "user": "U7EQMP760",
        "ts": "1603899354.169400",
        "team": "T0D1XTUAD",
        "user_team": "T0D1XTUAD",
        "source_team": "T0D1XTUAD",
        "user_profile": {
            "avatar_hash": "db1abed225d9",
            "image_72": "https:\/\/avatars.slack-edge.com\/2020-03-14\/990754009969_db1abed225d9635aae98_72.jpg",
            "first_name": "",
            "real_name": "Mary Delahanty",
            "display_name": "",
            "team": "T0D1XTUAD",
            "name": "mary.delahanty",
            "is_restricted": false,
            "is_ultra_restricted": false
        },
        "blocks": [
            {
                "type": "rich_text",
                "block_id": "CtFv",
                "elements": [
                    {
                        "type": "rich_text_section",
                        "elements": [
                            {
                                "type": "text",
                                "text": "Looks like "
                            },
                            {
                                "type": "link",
                                "url": "http:\/\/kingcounty.gov",
                                "text": "kingcounty.gov"
                            },
                            {
                                "type": "text",
                                "text": " is down."
                            }
                        ]
                    }
                ]
            }
        ],
        "thread_ts": "1603899354.169400",
        "reply_count": 23,
        "reply_users_count": 7,
        "latest_reply": "1603915346.181800",
        "reply_users": [
            "U0NSCMBR8",
            "U0D1W09V4",
            "UUJNED77D",
            "U7EQMP760",
            "U0D1V0DPG",
            "UFDNKQCU9",
            "U5Y0B4XC3"
        ],
        "replies": [
            {
                "user": "U0NSCMBR8",
                "ts": "1603899383.169500"
            },
            {
                "user": "U0D1W09V4",
                "ts": "1603899427.169700"
            },
            {
                "user": "U0NSCMBR8",
                "ts": "1603899439.169900"
            },
            {
                "user": "U0D1W09V4",
                "ts": "1603899477.170100"
            },
            {
                "user": "U0NSCMBR8",
                "ts": "1603899703.170300"
            },
            {
                "user": "UUJNED77D",
                "ts": "1603900704.170500"
            },
            {
                "user": "U7EQMP760",
                "ts": "1603900825.170700"
            },
            {
                "user": "U0NSCMBR8",
                "ts": "1603900873.170900"
            },
            {
                "user": "U0NSCMBR8",
                "ts": "1603901010.171100"
            },
            {
                "user": "U0D1V0DPG",
                "ts": "1603901105.171300"
            },
            {
                "user": "U0NSCMBR8",
                "ts": "1603901139.171500"
            },
            {
                "user": "U0D1V0DPG",
                "ts": "1603901148.171700"
            },
            {
                "user": "U7EQMP760",
                "ts": "1603901357.171900"
            },
            {
                "user": "U0D1W09V4",
                "ts": "1603902018.172100"
            },
            {
                "user": "U0NSCMBR8",
                "ts": "1603902032.172300"
            },
            {
                "user": "U7EQMP760",
                "ts": "1603902084.172500"
            },
            {
                "user": "U0D1V0DPG",
                "ts": "1603902103.172700"
            },
            {
                "user": "UFDNKQCU9",
                "ts": "1603902255.173000"
            },
            {
                "user": "UUJNED77D",
                "ts": "1603903897.173200"
            },
            {
                "user": "UUJNED77D",
                "ts": "1603903945.173400"
            },
            {
                "user": "U5Y0B4XC3",
                "ts": "1603913757.181100"
            },
            {
                "user": "U0NSCMBR8",
                "ts": "1603914947.181600"
            },
            {
                "user": "U0D1W09V4",
                "ts": "1603915346.181800"
            }
        ],
        "subscribed": false
    },
    {
        "client_msg_id": "3ae37dac-f5e3-44f5-9c5b-20a6af51b734",
        "type": "message",
        "text": "Must be a day that ends in “y.”",
        "user": "U0NSCMBR8",
        "ts": "1603899383.169500",
        "team": "T0D1XTUAD",
        "user_team": "T0D1XTUAD",
        "source_team": "T0D1XTUAD",
        "user_profile": {
            "avatar_hash": "28a69ac871a0",
            "image_72": "https:\/\/avatars.slack-edge.com\/2016-02-24\/22896597253_28a69ac871a00b39b963_72.jpg",
            "first_name": "Al",
            "real_name": "Al Boss",
            "display_name": "",
            "team": "T0D1XTUAD",
            "name": "alboss",
            "is_restricted": false,
            "is_ultra_restricted": false
        },
        "blocks": [
            {
                "type": "rich_text",
                "block_id": "i1JAe",
                "elements": [
                    {
                        "type": "rich_text_section",
                        "elements": [
                            {
                                "type": "text",
                                "text": "Must be a day that ends in “y.”"
                            }
                        ]
                    }
                ]
            }
        ],
        "thread_ts": "1603899354.169400",
        "parent_user_id": "U7EQMP760"
    },
    {
        "client_msg_id": "6420a408-f788-412d-b0ad-3ba1f3bc847e",
        "type": "message",
        "text": "Has it been reported?",
        "user": "U0D1W09V4",
        "ts": "1603899427.169700",
        "team": "T0D1XTUAD",
        "user_team": "T0D1XTUAD",
        "source_team": "T0D1XTUAD",
        "user_profile": {
            "avatar_hash": "69a03f210a7e",
            "image_72": "https:\/\/avatars.slack-edge.com\/2020-04-03\/1036225284226_69a03f210a7ec4e12108_72.jpg",
            "first_name": "Beth",
            "real_name": "Beth Cheatham",
            "display_name": "beth.cheatham",
            "team": "T0D1XTUAD",
            "name": "beth.cheatham",
            "is_restricted": false,
            "is_ultra_restricted": false
        },
        "blocks": [
            {
                "type": "rich_text",
                "block_id": "QHH",
                "elements": [
                    {
                        "type": "rich_text_section",
                        "elements": [
                            {
                                "type": "text",
                                "text": "Has it been reported?"
                            }
                        ]
                    }
                ]
            }
        ],
        "thread_ts": "1603899354.169400",
        "parent_user_id": "U7EQMP760"
    },
    {
        "client_msg_id": "2384ba6b-a674-40b6-ad1e-d9db067eed29",
        "type": "message",
        "text": "Doing that now.",
        "user": "U0NSCMBR8",
        "ts": "1603899439.169900",
        "team": "T0D1XTUAD",
        "user_team": "T0D1XTUAD",
        "source_team": "T0D1XTUAD",
        "user_profile": {
            "avatar_hash": "28a69ac871a0",
            "image_72": "https:\/\/avatars.slack-edge.com\/2016-02-24\/22896597253_28a69ac871a00b39b963_72.jpg",
            "first_name": "Al",
            "real_name": "Al Boss",
            "display_name": "",
            "team": "T0D1XTUAD",
            "name": "alboss",
            "is_restricted": false,
            "is_ultra_restricted": false
        },
        "blocks": [
            {
                "type": "rich_text",
                "block_id": "PGX8v",
                "elements": [
                    {
                        "type": "rich_text_section",
                        "elements": [
                            {
                                "type": "text",
                                "text": "Doing that now."
                            }
                        ]
                    }
                ]
            }
        ],
        "thread_ts": "1603899354.169400",
        "parent_user_id": "U7EQMP760"
    },
    {
        "client_msg_id": "0c236f83-9a33-4dba-a49a-ec927a16daa6",
        "type": "message",
        "text": "Of course you are :slightly_smiling_face: Thanks, Al :trophy:",
        "user": "U0D1W09V4",
        "ts": "1603899477.170100",
        "team": "T0D1XTUAD",
        "user_team": "T0D1XTUAD",
        "source_team": "T0D1XTUAD",
        "user_profile": {
            "avatar_hash": "69a03f210a7e",
            "image_72": "https:\/\/avatars.slack-edge.com\/2020-04-03\/1036225284226_69a03f210a7ec4e12108_72.jpg",
            "first_name": "Beth",
            "real_name": "Beth Cheatham",
            "display_name": "beth.cheatham",
            "team": "T0D1XTUAD",
            "name": "beth.cheatham",
            "is_restricted": false,
            "is_ultra_restricted": false
        },
        "blocks": [
            {
                "type": "rich_text",
                "block_id": "8uTv",
                "elements": [
                    {
                        "type": "rich_text_section",
                        "elements": [
                            {
                                "type": "text",
                                "text": "Of course you are "
                            },
                            {
                                "type": "emoji",
                                "name": "slightly_smiling_face"
                            },
                            {
                                "type": "text",
                                "text": " Thanks, Al "
                            },
                            {
                                "type": "emoji",
                                "name": "trophy"
                            }
                        ]
                    }
                ]
            }
        ],
        "thread_ts": "1603899354.169400",
        "parent_user_id": "U7EQMP760"
    },
    {
        "client_msg_id": "e345d86e-87fe-4a78-adcb-32b0fe412e85",
        "type": "message",
        "text": "Thanks for the heads-up, Mary.",
        "user": "U0NSCMBR8",
        "ts": "1603899703.170300",
        "team": "T0D1XTUAD",
        "user_team": "T0D1XTUAD",
        "source_team": "T0D1XTUAD",
        "user_profile": {
            "avatar_hash": "28a69ac871a0",
            "image_72": "https:\/\/avatars.slack-edge.com\/2016-02-24\/22896597253_28a69ac871a00b39b963_72.jpg",
            "first_name": "Al",
            "real_name": "Al Boss",
            "display_name": "",
            "team": "T0D1XTUAD",
            "name": "alboss",
            "is_restricted": false,
            "is_ultra_restricted": false
        },
        "blocks": [
            {
                "type": "rich_text",
                "block_id": "edk",
                "elements": [
                    {
                        "type": "rich_text_section",
                        "elements": [
                            {
                                "type": "text",
                                "text": "Thanks for the heads-up, Mary."
                            }
                        ]
                    }
                ]
            }
        ],
        "thread_ts": "1603899354.169400",
        "parent_user_id": "U7EQMP760"
    },
    {
        "client_msg_id": "7e688db9-60e2-420c-b5c3-83ede01de33e",
        "type": "message",
        "text": "Is it just me or does a crisis happen every time we have a chance to learn something\/ take training?",
        "user": "UUJNED77D",
        "ts": "1603900704.170500",
        "team": "T0D1XTUAD",
        "user_team": "T0D1XTUAD",
        "source_team": "T0D1XTUAD",
        "user_profile": {
            "avatar_hash": "5f4a213e859b",
            "image_72": "https:\/\/avatars.slack-edge.com\/2020-03-04\/982713408789_5f4a213e859b7369a972_72.jpg",
            "first_name": "Fred",
            "real_name": "Fred Bentler",
            "display_name": "Fred Bentler",
            "team": "T0D1XTUAD",
            "name": "fred.bentler",
            "is_restricted": false,
            "is_ultra_restricted": false
        },
        "blocks": [
            {
                "type": "rich_text",
                "block_id": "uNbD0",
                "elements": [
                    {
                        "type": "rich_text_section",
                        "elements": [
                            {
                                "type": "text",
                                "text": "Is it just me or does a crisis happen every time we have a chance to learn something\/ take training?"
                            }
                        ]
                    }
                ]
            }
        ],
        "thread_ts": "1603899354.169400",
        "parent_user_id": "U7EQMP760"
    },
    {
        "client_msg_id": "1a7f2815-a81b-4e6f-a42b-b4e9c852d175",
        "type": "message",
        "text": "Who do we report it to? (To whom do we report it?) For future reference.",
        "user": "U7EQMP760",
        "ts": "1603900825.170700",
        "team": "T0D1XTUAD",
        "user_team": "T0D1XTUAD",
        "source_team": "T0D1XTUAD",
        "user_profile": {
            "avatar_hash": "db1abed225d9",
            "image_72": "https:\/\/avatars.slack-edge.com\/2020-03-14\/990754009969_db1abed225d9635aae98_72.jpg",
            "first_name": "",
            "real_name": "Mary Delahanty",
            "display_name": "",
            "team": "T0D1XTUAD",
            "name": "mary.delahanty",
            "is_restricted": false,
            "is_ultra_restricted": false
        },
        "blocks": [
            {
                "type": "rich_text",
                "block_id": "LWHjR",
                "elements": [
                    {
                        "type": "rich_text_section",
                        "elements": [
                            {
                                "type": "text",
                                "text": "Who do we report it to? (To whom do we report it?) For future reference."
                            }
                        ]
                    }
                ]
            }
        ],
        "thread_ts": "1603899354.169400",
        "parent_user_id": "U7EQMP760"
    },
    {
        "client_msg_id": "6a1f835f-efcc-43ec-8b57-f5aabe93977f",
        "type": "message",
        "text": "<https:\/\/helpdesk.kingcounty.gov\/CherwellPortal\/ITSupport?_=7603aa05#0> I think.",
        "user": "U0NSCMBR8",
        "ts": "1603900873.170900",
        "team": "T0D1XTUAD",
        "user_team": "T0D1XTUAD",
        "source_team": "T0D1XTUAD",
        "user_profile": {
            "avatar_hash": "28a69ac871a0",
            "image_72": "https:\/\/avatars.slack-edge.com\/2016-02-24\/22896597253_28a69ac871a00b39b963_72.jpg",
            "first_name": "Al",
            "real_name": "Al Boss",
            "display_name": "",
            "team": "T0D1XTUAD",
            "name": "alboss",
            "is_restricted": false,
            "is_ultra_restricted": false
        },
        "blocks": [
            {
                "type": "rich_text",
                "block_id": "zULC",
                "elements": [
                    {
                        "type": "rich_text_section",
                        "elements": [
                            {
                                "type": "link",
                                "url": "https:\/\/helpdesk.kingcounty.gov\/CherwellPortal\/ITSupport?_=7603aa05#0"
                            },
                            {
                                "type": "text",
                                "text": " I think."
                            }
                        ]
                    }
                ]
            }
        ],
        "thread_ts": "1603899354.169400",
        "parent_user_id": "U7EQMP760"
    },
    {
        "client_msg_id": "c9132f3f-e112-4c1c-b678-107655c4fa21",
        "type": "message",
        "text": "<@UUJNED77D> You must have been having a lot of chances to learn something\/take training lately.",
        "user": "U0NSCMBR8",
        "ts": "1603901010.171100",
        "team": "T0D1XTUAD",
        "user_team": "T0D1XTUAD",
        "source_team": "T0D1XTUAD",
        "user_profile": {
            "avatar_hash": "28a69ac871a0",
            "image_72": "https:\/\/avatars.slack-edge.com\/2016-02-24\/22896597253_28a69ac871a00b39b963_72.jpg",
            "first_name": "Al",
            "real_name": "Al Boss",
            "display_name": "",
            "team": "T0D1XTUAD",
            "name": "alboss",
            "is_restricted": false,
            "is_ultra_restricted": false
        },
        "blocks": [
            {
                "type": "rich_text",
                "block_id": "q0k",
                "elements": [
                    {
                        "type": "rich_text_section",
                        "elements": [
                            {
                                "type": "user",
                                "user_id": "UUJNED77D"
                            },
                            {
                                "type": "text",
                                "text": " You must have been having a lot of chances to learn something\/take training lately."
                            }
                        ]
                    }
                ]
            }
        ],
        "thread_ts": "1603899354.169400",
        "parent_user_id": "U7EQMP760"
    },
    {
        "client_msg_id": "58cd4994-a8f9-4022-9821-0379efc98f5d",
        "type": "message",
        "text": "Is it still down?",
        "user": "U0D1V0DPG",
        "ts": "1603901105.171300",
        "team": "T0D1XTUAD",
        "user_team": "T0D1XTUAD",
        "source_team": "T0D1XTUAD",
        "user_profile": {
            "avatar_hash": "444d12cac49a",
            "image_72": "https:\/\/avatars.slack-edge.com\/2020-04-20\/1073909907794_444d12cac49a8d89b527_72.png",
            "first_name": "Alex",
            "real_name": "Alex Aragon",
            "display_name": "Alex",
            "team": "T0D1XTUAD",
            "name": "alex.aragon",
            "is_restricted": false,
            "is_ultra_restricted": false
        },
        "blocks": [
            {
                "type": "rich_text",
                "block_id": "eDp7A",
                "elements": [
                    {
                        "type": "rich_text_section",
                        "elements": [
                            {
                                "type": "text",
                                "text": "Is it still down?"
                            }
                        ]
                    }
                ]
            }
        ],
        "thread_ts": "1603899354.169400",
        "parent_user_id": "U7EQMP760"
    },
    {
        "client_msg_id": "8f8bc22d-da2e-4be1-9e29-79d6946b1c82",
        "type": "message",
        "text": "No, it’s back. Though I just saw a major incident that now <http:\/\/info.kingcounty.gov|info.kingcounty.gov> is down.",
        "user": "U0NSCMBR8",
        "ts": "1603901139.171500",
        "team": "T0D1XTUAD",
        "user_team": "T0D1XTUAD",
        "source_team": "T0D1XTUAD",
        "user_profile": {
            "avatar_hash": "28a69ac871a0",
            "image_72": "https:\/\/avatars.slack-edge.com\/2016-02-24\/22896597253_28a69ac871a00b39b963_72.jpg",
            "first_name": "Al",
            "real_name": "Al Boss",
            "display_name": "",
            "team": "T0D1XTUAD",
            "name": "alboss",
            "is_restricted": false,
            "is_ultra_restricted": false
        },
        "blocks": [
            {
                "type": "rich_text",
                "block_id": "4=Ae8",
                "elements": [
                    {
                        "type": "rich_text_section",
                        "elements": [
                            {
                                "type": "text",
                                "text": "No, it’s back. Though I just saw a major incident that now "
                            },
                            {
                                "type": "link",
                                "url": "http:\/\/info.kingcounty.gov",
                                "text": "info.kingcounty.gov"
                            },
                            {
                                "type": "text",
                                "text": " is down."
                            }
                        ]
                    }
                ]
            }
        ],
        "thread_ts": "1603899354.169400",
        "parent_user_id": "U7EQMP760"
    },
    {
        "client_msg_id": "7a886d88-a04a-4d56-8a68-5ed9250c553a",
        "type": "message",
        "text": "Oh no",
        "user": "U0D1V0DPG",
        "ts": "1603901148.171700",
        "team": "T0D1XTUAD",
        "user_team": "T0D1XTUAD",
        "source_team": "T0D1XTUAD",
        "user_profile": {
            "avatar_hash": "444d12cac49a",
            "image_72": "https:\/\/avatars.slack-edge.com\/2020-04-20\/1073909907794_444d12cac49a8d89b527_72.png",
            "first_name": "Alex",
            "real_name": "Alex Aragon",
            "display_name": "Alex",
            "team": "T0D1XTUAD",
            "name": "alex.aragon",
            "is_restricted": false,
            "is_ultra_restricted": false
        },
        "blocks": [
            {
                "type": "rich_text",
                "block_id": "ja9Sz",
                "elements": [
                    {
                        "type": "rich_text_section",
                        "elements": [
                            {
                                "type": "text",
                                "text": "Oh no"
                            }
                        ]
                    }
                ]
            }
        ],
        "thread_ts": "1603899354.169400",
        "parent_user_id": "U7EQMP760"
    },
    {
        "client_msg_id": "906db4c7-0b4b-49ea-8c6a-d15b4594ef9d",
        "type": "message",
        "text": "Looks like it's back up but I'm trying to log into Peoplesoft and the wheel is just spinning...",
        "user": "U7EQMP760",
        "ts": "1603901357.171900",
        "team": "T0D1XTUAD",
        "user_team": "T0D1XTUAD",
        "source_team": "T0D1XTUAD",
        "user_profile": {
            "avatar_hash": "db1abed225d9",
            "image_72": "https:\/\/avatars.slack-edge.com\/2020-03-14\/990754009969_db1abed225d9635aae98_72.jpg",
            "first_name": "",
            "real_name": "Mary Delahanty",
            "display_name": "",
            "team": "T0D1XTUAD",
            "name": "mary.delahanty",
            "is_restricted": false,
            "is_ultra_restricted": false
        },
        "blocks": [
            {
                "type": "rich_text",
                "block_id": "RyQ",
                "elements": [
                    {
                        "type": "rich_text_section",
                        "elements": [
                            {
                                "type": "text",
                                "text": "Looks like it's back up but I'm trying to log into Peoplesoft and the wheel is just spinning..."
                            }
                        ]
                    }
                ]
            }
        ],
        "thread_ts": "1603899354.169400",
        "parent_user_id": "U7EQMP760"
    },
    {
        "client_msg_id": "998c968e-c781-4670-be6f-f2ef3c6f2438",
        "type": "message",
        "text": "It’s down again",
        "user": "U0D1W09V4",
        "ts": "1603902018.172100",
        "team": "T0D1XTUAD",
        "user_team": "T0D1XTUAD",
        "source_team": "T0D1XTUAD",
        "user_profile": {
            "avatar_hash": "69a03f210a7e",
            "image_72": "https:\/\/avatars.slack-edge.com\/2020-04-03\/1036225284226_69a03f210a7ec4e12108_72.jpg",
            "first_name": "Beth",
            "real_name": "Beth Cheatham",
            "display_name": "beth.cheatham",
            "team": "T0D1XTUAD",
            "name": "beth.cheatham",
            "is_restricted": false,
            "is_ultra_restricted": false
        },
        "blocks": [
            {
                "type": "rich_text",
                "block_id": "DgZli",
                "elements": [
                    {
                        "type": "rich_text_section",
                        "elements": [
                            {
                                "type": "text",
                                "text": "It’s down again"
                            }
                        ]
                    }
                ]
            }
        ],
        "thread_ts": "1603899354.169400",
        "parent_user_id": "U7EQMP760",
        "reactions": [
            {
                "name": "dumpsterfire",
                "users": [
                    "U0NSCMBR8"
                ],
                "count": 1
            }
        ]
    },
    {
        "client_msg_id": "f2f08a28-18da-487e-a30f-684479fc9c26",
        "type": "message",
        "text": "Not it.",
        "user": "U0NSCMBR8",
        "ts": "1603902032.172300",
        "team": "T0D1XTUAD",
        "user_team": "T0D1XTUAD",
        "source_team": "T0D1XTUAD",
        "user_profile": {
            "avatar_hash": "28a69ac871a0",
            "image_72": "https:\/\/avatars.slack-edge.com\/2016-02-24\/22896597253_28a69ac871a00b39b963_72.jpg",
            "first_name": "Al",
            "real_name": "Al Boss",
            "display_name": "",
            "team": "T0D1XTUAD",
            "name": "alboss",
            "is_restricted": false,
            "is_ultra_restricted": false
        },
        "blocks": [
            {
                "type": "rich_text",
                "block_id": "Mg2",
                "elements": [
                    {
                        "type": "rich_text_section",
                        "elements": [
                            {
                                "type": "text",
                                "text": "Not it."
                            }
                        ]
                    }
                ]
            }
        ],
        "thread_ts": "1603899354.169400",
        "parent_user_id": "U7EQMP760"
    },
    {
        "client_msg_id": "a0e410b0-3ae3-49e2-9f03-0ce1aef24c6f",
        "type": "message",
        "text": "I was able to get into Peoplesoft :woman-shrugging:",
        "user": "U7EQMP760",
        "ts": "1603902084.172500",
        "team": "T0D1XTUAD",
        "user_team": "T0D1XTUAD",
        "source_team": "T0D1XTUAD",
        "user_profile": {
            "avatar_hash": "db1abed225d9",
            "image_72": "https:\/\/avatars.slack-edge.com\/2020-03-14\/990754009969_db1abed225d9635aae98_72.jpg",
            "first_name": "",
            "real_name": "Mary Delahanty",
            "display_name": "",
            "team": "T0D1XTUAD",
            "name": "mary.delahanty",
            "is_restricted": false,
            "is_ultra_restricted": false
        },
        "blocks": [
            {
                "type": "rich_text",
                "block_id": "ZVd",
                "elements": [
                    {
                        "type": "rich_text_section",
                        "elements": [
                            {
                                "type": "text",
                                "text": "I was able to get into Peoplesoft "
                            },
                            {
                                "type": "emoji",
                                "name": "woman-shrugging"
                            }
                        ]
                    }
                ]
            }
        ],
        "thread_ts": "1603899354.169400",
        "parent_user_id": "U7EQMP760"
    },
    {
        "client_msg_id": "8ff55cc5-76cd-402c-99ad-4f0905d0a6ae",
        "type": "message",
        "text": "It loads for me",
        "user": "U0D1V0DPG",
        "ts": "1603902103.172700",
        "team": "T0D1XTUAD",
        "user_team": "T0D1XTUAD",
        "source_team": "T0D1XTUAD",
        "user_profile": {
            "avatar_hash": "444d12cac49a",
            "image_72": "https:\/\/avatars.slack-edge.com\/2020-04-20\/1073909907794_444d12cac49a8d89b527_72.png",
            "first_name": "Alex",
            "real_name": "Alex Aragon",
            "display_name": "Alex",
            "team": "T0D1XTUAD",
            "name": "alex.aragon",
            "is_restricted": false,
            "is_ultra_restricted": false
        },
        "blocks": [
            {
                "type": "rich_text",
                "block_id": "fKmCn",
                "elements": [
                    {
                        "type": "rich_text_section",
                        "elements": [
                            {
                                "type": "text",
                                "text": "It loads for me"
                            }
                        ]
                    }
                ]
            }
        ],
        "thread_ts": "1603899354.169400",
        "parent_user_id": "U7EQMP760"
    },
    {
        "client_msg_id": "5b8c6208-e055-4a1e-b802-77bd79ea861a",
        "type": "message",
        "text": "Working for me too",
        "user": "UFDNKQCU9",
        "ts": "1603902255.173000",
        "team": "T0D1XTUAD",
        "user_team": "T0D1XTUAD",
        "source_team": "T0D1XTUAD",
        "user_profile": {
            "avatar_hash": "625717ebbb6e",
            "image_72": "https:\/\/avatars.slack-edge.com\/2019-01-17\/526675529362_625717ebbb6e0ba43f68_72.jpg",
            "first_name": "Earl",
            "real_name": "Earl Krygier",
            "display_name": "Krygier",
            "team": "T0D1XTUAD",
            "name": "earl.krygier",
            "is_restricted": false,
            "is_ultra_restricted": false
        },
        "blocks": [
            {
                "type": "rich_text",
                "block_id": "Pby4",
                "elements": [
                    {
                        "type": "rich_text_section",
                        "elements": [
                            {
                                "type": "text",
                                "text": "Working for me too"
                            }
                        ]
                    }
                ]
            }
        ],
        "thread_ts": "1603899354.169400",
        "parent_user_id": "U7EQMP760"
    },
    {
        "client_msg_id": "2585f232-9de2-4410-83ee-f11dbf7ab608",
        "type": "message",
        "text": "I have notifications of two outages for two minutes each this morning at 8:43 and 9:41 -- mainly <http:\/\/kingcounty.gov|kingcounty.gov> is running very slow but still returning requests.",
        "user": "UUJNED77D",
        "ts": "1603903897.173200",
        "team": "T0D1XTUAD",
        "user_team": "T0D1XTUAD",
        "source_team": "T0D1XTUAD",
        "user_profile": {
            "avatar_hash": "5f4a213e859b",
            "image_72": "https:\/\/avatars.slack-edge.com\/2020-03-04\/982713408789_5f4a213e859b7369a972_72.jpg",
            "first_name": "Fred",
            "real_name": "Fred Bentler",
            "display_name": "Fred Bentler",
            "team": "T0D1XTUAD",
            "name": "fred.bentler",
            "is_restricted": false,
            "is_ultra_restricted": false
        },
        "blocks": [
            {
                "type": "rich_text",
                "block_id": "9BFL",
                "elements": [
                    {
                        "type": "rich_text_section",
                        "elements": [
                            {
                                "type": "text",
                                "text": "I have notifications of two outages for two minutes each this morning at 8:43 and 9:41 -- mainly "
                            },
                            {
                                "type": "link",
                                "url": "http:\/\/kingcounty.gov",
                                "text": "kingcounty.gov"
                            },
                            {
                                "type": "text",
                                "text": " is running very slow but still returning requests."
                            }
                        ]
                    }
                ]
            }
        ],
        "thread_ts": "1603899354.169400",
        "parent_user_id": "U7EQMP760"
    },
    {
        "client_msg_id": "56722487-dd0a-449c-8a6b-959e44986142",
        "type": "message",
        "text": "<@U0NSCMBR8> Not today.",
        "user": "UUJNED77D",
        "ts": "1603903945.173400",
        "team": "T0D1XTUAD",
        "user_team": "T0D1XTUAD",
        "source_team": "T0D1XTUAD",
        "user_profile": {
            "avatar_hash": "5f4a213e859b",
            "image_72": "https:\/\/avatars.slack-edge.com\/2020-03-04\/982713408789_5f4a213e859b7369a972_72.jpg",
            "first_name": "Fred",
            "real_name": "Fred Bentler",
            "display_name": "Fred Bentler",
            "team": "T0D1XTUAD",
            "name": "fred.bentler",
            "is_restricted": false,
            "is_ultra_restricted": false
        },
        "blocks": [
            {
                "type": "rich_text",
                "block_id": "DrNAF",
                "elements": [
                    {
                        "type": "rich_text_section",
                        "elements": [
                            {
                                "type": "user",
                                "user_id": "U0NSCMBR8"
                            },
                            {
                                "type": "text",
                                "text": " Not today."
                            }
                        ]
                    }
                ]
            }
        ],
        "thread_ts": "1603899354.169400",
        "parent_user_id": "U7EQMP760",
        "reactions": [
            {
                "name": "slightly_smiling_face",
                "users": [
                    "U0NSCMBR8"
                ],
                "count": 1
            }
        ]
    },
    {
        "type": "message",
        "text": "<@UUW3W20AU> Look who I just found slackin’ off! ",
        "files": [
            {
                "id": "F01DB8EG5KQ",
                "created": 1603904202,
                "timestamp": 1603904202,
                "name": "Image from iOS.jpg",
                "title": "Image from iOS",
                "mimetype": "image\/jpeg",
                "filetype": "jpg",
                "pretty_type": "JPEG",
                "user": "UUJNECG67",
                "editable": false,
                "size": 512798,
                "mode": "hosted",
                "is_external": false,
                "external_type": "",
                "is_public": true,
                "public_url_shared": false,
                "display_as_bot": false,
                "username": "",
                "url_private": "https:\/\/files.slack.com\/files-pri\/T0D1XTUAD-F01DB8EG5KQ\/image_from_ios.jpg?t=xoxe-13065946353-1831014033124-1821760734405-0591b3003861d046a3fe606fb5f44814",
                "url_private_download": "https:\/\/files.slack.com\/files-pri\/T0D1XTUAD-F01DB8EG5KQ\/download\/image_from_ios.jpg?t=xoxe-13065946353-1831014033124-1821760734405-0591b3003861d046a3fe606fb5f44814",
                "thumb_64": "https:\/\/files.slack.com\/files-tmb\/T0D1XTUAD-F01DB8EG5KQ-cd2f04dc50\/image_from_ios_64.jpg?t=xoxe-13065946353-1831014033124-1821760734405-0591b3003861d046a3fe606fb5f44814",
                "thumb_80": "https:\/\/files.slack.com\/files-tmb\/T0D1XTUAD-F01DB8EG5KQ-cd2f04dc50\/image_from_ios_80.jpg?t=xoxe-13065946353-1831014033124-1821760734405-0591b3003861d046a3fe606fb5f44814",
                "thumb_360": "https:\/\/files.slack.com\/files-tmb\/T0D1XTUAD-F01DB8EG5KQ-cd2f04dc50\/image_from_ios_360.jpg?t=xoxe-13065946353-1831014033124-1821760734405-0591b3003861d046a3fe606fb5f44814",
                "thumb_360_w": 270,
                "thumb_360_h": 360,
                "thumb_480": "https:\/\/files.slack.com\/files-tmb\/T0D1XTUAD-F01DB8EG5KQ-cd2f04dc50\/image_from_ios_480.jpg?t=xoxe-13065946353-1831014033124-1821760734405-0591b3003861d046a3fe606fb5f44814",
                "thumb_480_w": 360,
                "thumb_480_h": 480,
                "thumb_160": "https:\/\/files.slack.com\/files-tmb\/T0D1XTUAD-F01DB8EG5KQ-cd2f04dc50\/image_from_ios_160.jpg?t=xoxe-13065946353-1831014033124-1821760734405-0591b3003861d046a3fe606fb5f44814",
                "thumb_720": "https:\/\/files.slack.com\/files-tmb\/T0D1XTUAD-F01DB8EG5KQ-cd2f04dc50\/image_from_ios_720.jpg?t=xoxe-13065946353-1831014033124-1821760734405-0591b3003861d046a3fe606fb5f44814",
                "thumb_720_w": 540,
                "thumb_720_h": 720,
                "thumb_800": "https:\/\/files.slack.com\/files-tmb\/T0D1XTUAD-F01DB8EG5KQ-cd2f04dc50\/image_from_ios_800.jpg?t=xoxe-13065946353-1831014033124-1821760734405-0591b3003861d046a3fe606fb5f44814",
                "thumb_800_w": 800,
                "thumb_800_h": 1067,
                "thumb_960": "https:\/\/files.slack.com\/files-tmb\/T0D1XTUAD-F01DB8EG5KQ-cd2f04dc50\/image_from_ios_960.jpg?t=xoxe-13065946353-1831014033124-1821760734405-0591b3003861d046a3fe606fb5f44814",
                "thumb_960_w": 720,
                "thumb_960_h": 960,
                "thumb_1024": "https:\/\/files.slack.com\/files-tmb\/T0D1XTUAD-F01DB8EG5KQ-cd2f04dc50\/image_from_ios_1024.jpg?t=xoxe-13065946353-1831014033124-1821760734405-0591b3003861d046a3fe606fb5f44814",
                "thumb_1024_w": 768,
                "thumb_1024_h": 1024,
                "original_w": 3024,
                "original_h": 4032,
                "thumb_tiny": "AwAwACS5JD8w25oiRlLjP5ioWuZCu7KqPpVc3BL8kk0PQFqaMo\/dYUdPSm7VK5bI\/GqQkNKXPT+tK47FoxR5+\/8ArR5Uf9\/9ah2tjjH50bW9vzpXHYreW+MkECkETE5U8981bA4wBgelVp5VO5AyjHBB4z+NFwB3VAfmy3oOaW3yV3uc+nFQIqAZcY+pzml80LkK2fTjrQImkk2uRn8qb531qsWJOSaN1FguXJrgLlYzlvX0qg2cnPJpxLKStNpoADFfukikFFFMQtFFFAH\/2Q==",
                "permalink": "https:\/\/kcwebteam.slack.com\/files\/UUJNECG67\/F01DB8EG5KQ\/image_from_ios.jpg",
                "permalink_public": "https:\/\/slack-files.com\/T0D1XTUAD-F01DB8EG5KQ-3a7d448d8d",
                "is_starred": false,
                "has_rich_preview": false
            }
        ],
        "upload": true,
        "blocks": [
            {
                "type": "rich_text",
                "block_id": "pbx",
                "elements": [
                    {
                        "type": "rich_text_section",
                        "elements": [
                            {
                                "type": "user",
                                "user_id": "UUW3W20AU"
                            },
                            {
                                "type": "text",
                                "text": " Look who I just found slackin’ off! "
                            }
                        ]
                    }
                ]
            }
        ],
        "user": "UUJNECG67",
        "display_as_bot": false,
        "ts": "1603904210.174600",
        "client_msg_id": "EB0C5D36-049A-4DA0-BBA1-D5AB9D05D7D5",
        "thread_ts": "1603904210.174600",
        "reply_count": 5,
        "reply_users_count": 4,
        "latest_reply": "1603919145.182500",
        "reply_users": [
            "U0NSCMBR8",
            "UUJNED77D",
            "UFDNKQCU9",
            "U7EP7P2JW"
        ],
        "replies": [
            {
                "user": "U0NSCMBR8",
                "ts": "1603904237.175100"
            },
            {
                "user": "UUJNED77D",
                "ts": "1603904461.175600"
            },
            {
                "user": "U0NSCMBR8",
                "ts": "1603904594.175800"
            },
            {
                "user": "UFDNKQCU9",
                "ts": "1603907175.176800"
            },
            {
                "user": "U7EP7P2JW",
                "ts": "1603919145.182500"
            }
        ],
        "subscribed": false,
        "reactions": [
            {
                "name": "grinning",
                "users": [
                    "U0D1V0DPG",
                    "U0NSCMBR8",
                    "U7EP7P2JW"
                ],
                "count": 3
            },
            {
                "name": "skull",
                "users": [
                    "U0NSCMBR8"
                ],
                "count": 1
            },
            {
                "name": "skull_and_crossbones",
                "users": [
                    "UTJPVN880",
                    "U0D1W09V4",
                    "U7EP7P2JW"
                ],
                "count": 3
            },
            {
                "name": "rolling_on_the_floor_laughing",
                "users": [
                    "UUW3W20AU"
                ],
                "count": 1
            },
            {
                "name": "mask",
                "users": [
                    "UUW3W20AU"
                ],
                "count": 1
            },
            {
                "name": "tophat",
                "users": [
                    "UUJNED77D"
                ],
                "count": 1
            }
        ]
    },
    {
        "client_msg_id": "e272c547-a78a-49ef-8653-f48409590465",
        "type": "message",
        "text": "He’s back!",
        "user": "U0NSCMBR8",
        "ts": "1603904237.175100",
        "team": "T0D1XTUAD",
        "user_team": "T0D1XTUAD",
        "source_team": "T0D1XTUAD",
        "user_profile": {
            "avatar_hash": "28a69ac871a0",
            "image_72": "https:\/\/avatars.slack-edge.com\/2016-02-24\/22896597253_28a69ac871a00b39b963_72.jpg",
            "first_name": "Al",
            "real_name": "Al Boss",
            "display_name": "",
            "team": "T0D1XTUAD",
            "name": "alboss",
            "is_restricted": false,
            "is_ultra_restricted": false
        },
        "blocks": [
            {
                "type": "rich_text",
                "block_id": "sTV",
                "elements": [
                    {
                        "type": "rich_text_section",
                        "elements": [
                            {
                                "type": "text",
                                "text": "He’s back!"
                            }
                        ]
                    }
                ]
            }
        ],
        "thread_ts": "1603904210.174600",
        "parent_user_id": "UUJNECG67"
    },
    {
        "client_msg_id": "e968430d-dbfd-4e37-8edc-5e6ac77a397e",
        "type": "message",
        "text": "Bones!",
        "user": "UUJNED77D",
        "ts": "1603904461.175600",
        "team": "T0D1XTUAD",
        "user_team": "T0D1XTUAD",
        "source_team": "T0D1XTUAD",
        "user_profile": {
            "avatar_hash": "5f4a213e859b",
            "image_72": "https:\/\/avatars.slack-edge.com\/2020-03-04\/982713408789_5f4a213e859b7369a972_72.jpg",
            "first_name": "Fred",
            "real_name": "Fred Bentler",
            "display_name": "Fred Bentler",
            "team": "T0D1XTUAD",
            "name": "fred.bentler",
            "is_restricted": false,
            "is_ultra_restricted": false
        },
        "blocks": [
            {
                "type": "rich_text",
                "block_id": "KJVmx",
                "elements": [
                    {
                        "type": "rich_text_section",
                        "elements": [
                            {
                                "type": "text",
                                "text": "Bones!"
                            }
                        ]
                    }
                ]
            }
        ],
        "thread_ts": "1603904210.174600",
        "parent_user_id": "UUJNECG67"
    },
    {
        "client_msg_id": "f0d466c3-1347-401e-99ce-4aeda414b388",
        "type": "message",
        "text": "I really want one of these: <https:\/\/www.homedepot.com\/p\/Home-Accents-Holiday-12-ft-Giant-Sized-Skeleton-with-LifeEyes-5124738\/312513260>",
        "user": "U0NSCMBR8",
        "ts": "1603904594.175800",
        "team": "T0D1XTUAD",
        "user_team": "T0D1XTUAD",
        "source_team": "T0D1XTUAD",
        "user_profile": {
            "avatar_hash": "28a69ac871a0",
            "image_72": "https:\/\/avatars.slack-edge.com\/2016-02-24\/22896597253_28a69ac871a00b39b963_72.jpg",
            "first_name": "Al",
            "real_name": "Al Boss",
            "display_name": "",
            "team": "T0D1XTUAD",
            "name": "alboss",
            "is_restricted": false,
            "is_ultra_restricted": false
        },
        "blocks": [
            {
                "type": "rich_text",
                "block_id": "+Sir",
                "elements": [
                    {
                        "type": "rich_text_section",
                        "elements": [
                            {
                                "type": "text",
                                "text": "I really want one of these: "
                            },
                            {
                                "type": "link",
                                "url": "https:\/\/www.homedepot.com\/p\/Home-Accents-Holiday-12-ft-Giant-Sized-Skeleton-with-LifeEyes-5124738\/312513260"
                            }
                        ]
                    }
                ]
            }
        ],
        "thread_ts": "1603904210.174600",
        "parent_user_id": "UUJNECG67",
        "reactions": [
            {
                "name": "open_mouth",
                "users": [
                    "UUJNECG67",
                    "UUW3W20AU"
                ],
                "count": 2
            },
            {
                "name": "skull",
                "users": [
                    "UUJNECG67"
                ],
                "count": 1
            },
            {
                "name": "black_heart",
                "users": [
                    "UUJNECG67"
                ],
                "count": 1
            }
        ]
    },
    {
        "client_msg_id": "1bf5757c-cc73-49ab-9812-0101c5234834",
        "type": "message",
        "text": "For the Sitecore Symposium is there any good videos on actually using the editor? I haven’t found anything yet",
        "user": "UFDNKQCU9",
        "ts": "1603906899.176700",
        "team": "T0D1XTUAD",
        "user_team": "T0D1XTUAD",
        "source_team": "T0D1XTUAD",
        "user_profile": {
            "avatar_hash": "625717ebbb6e",
            "image_72": "https:\/\/avatars.slack-edge.com\/2019-01-17\/526675529362_625717ebbb6e0ba43f68_72.jpg",
            "first_name": "Earl",
            "real_name": "Earl Krygier",
            "display_name": "Krygier",
            "team": "T0D1XTUAD",
            "name": "earl.krygier",
            "is_restricted": false,
            "is_ultra_restricted": false
        },
        "blocks": [
            {
                "type": "rich_text",
                "block_id": "p7OCU",
                "elements": [
                    {
                        "type": "rich_text_section",
                        "elements": [
                            {
                                "type": "text",
                                "text": "For the Sitecore Symposium is there any good videos on actually using the editor? I haven’t found anything yet"
                            }
                        ]
                    }
                ]
            }
        ],
        "thread_ts": "1603906899.176700",
        "reply_count": 8,
        "reply_users_count": 4,
        "latest_reply": "1603909771.180100",
        "reply_users": [
            "U0NSCMBR8",
            "UFDNKQCU9",
            "U0D1W09V4",
            "UUJNED77D"
        ],
        "replies": [
            {
                "user": "U0NSCMBR8",
                "ts": "1603907533.177200"
            },
            {
                "user": "UFDNKQCU9",
                "ts": "1603907631.177400"
            },
            {
                "user": "U0D1W09V4",
                "ts": "1603907726.177600"
            },
            {
                "user": "U0NSCMBR8",
                "ts": "1603907742.177800"
            },
            {
                "user": "UUJNED77D",
                "ts": "1603909633.178000"
            },
            {
                "user": "UUJNED77D",
                "ts": "1603909655.178200"
            },
            {
                "user": "U0NSCMBR8",
                "ts": "1603909717.179900"
            },
            {
                "user": "UUJNED77D",
                "ts": "1603909771.180100"
            }
        ],
        "subscribed": false
    },
    {
        "type": "message",
        "text": "",
        "files": [
            {
                "id": "F01E80LV480",
                "created": 1603907167,
                "timestamp": 1603907167,
                "name": "giphy.gif",
                "title": "giphy.gif",
                "mimetype": "image\/gif",
                "filetype": "gif",
                "pretty_type": "GIF",
                "user": "UFDNKQCU9",
                "editable": false,
                "size": 892557,
                "mode": "hosted",
                "is_external": false,
                "external_type": "",
                "is_public": true,
                "public_url_shared": false,
                "display_as_bot": false,
                "username": "",
                "url_private": "https:\/\/files.slack.com\/files-pri\/T0D1XTUAD-F01E80LV480\/giphy.gif?t=xoxe-13065946353-1831014033124-1821760734405-0591b3003861d046a3fe606fb5f44814",
                "url_private_download": "https:\/\/files.slack.com\/files-pri\/T0D1XTUAD-F01E80LV480\/download\/giphy.gif?t=xoxe-13065946353-1831014033124-1821760734405-0591b3003861d046a3fe606fb5f44814",
                "thumb_64": "https:\/\/files.slack.com\/files-tmb\/T0D1XTUAD-F01E80LV480-0c0e6161d1\/giphy_64.png?t=xoxe-13065946353-1831014033124-1821760734405-0591b3003861d046a3fe606fb5f44814",
                "thumb_80": "https:\/\/files.slack.com\/files-tmb\/T0D1XTUAD-F01E80LV480-0c0e6161d1\/giphy_80.png?t=xoxe-13065946353-1831014033124-1821760734405-0591b3003861d046a3fe606fb5f44814",
                "thumb_360": "https:\/\/files.slack.com\/files-tmb\/T0D1XTUAD-F01E80LV480-0c0e6161d1\/giphy_360.png?t=xoxe-13065946353-1831014033124-1821760734405-0591b3003861d046a3fe606fb5f44814",
                "thumb_360_w": 360,
                "thumb_360_h": 262,
                "thumb_160": "https:\/\/files.slack.com\/files-tmb\/T0D1XTUAD-F01E80LV480-0c0e6161d1\/giphy_160.png?t=xoxe-13065946353-1831014033124-1821760734405-0591b3003861d046a3fe606fb5f44814",
                "thumb_360_gif": "https:\/\/files.slack.com\/files-tmb\/T0D1XTUAD-F01E80LV480-0c0e6161d1\/giphy_360.gif?t=xoxe-13065946353-1831014033124-1821760734405-0591b3003861d046a3fe606fb5f44814",
                "original_w": 450,
                "original_h": 327,
                "deanimate": "https:\/\/files.slack.com\/files-tmb\/T0D1XTUAD-F01E80LV480-0c0e6161d1\/giphy_deanimate_gif.png?t=xoxe-13065946353-1831014033124-1821760734405-0591b3003861d046a3fe606fb5f44814",
                "deanimate_gif": "https:\/\/files.slack.com\/files-tmb\/T0D1XTUAD-F01E80LV480-0c0e6161d1\/giphy_deanimate_gif.png?t=xoxe-13065946353-1831014033124-1821760734405-0591b3003861d046a3fe606fb5f44814",
                "thumb_tiny": "AwAiADCmHKEjsDSorvKOSPxpoBL5JqRMZz3HenYBxL\/eKgjPUGlWRSy54X1NI+AVHQZzSyRKE+vc\/wBKTBEjIjD5GU\/Q1CYCp5Xj1pkMayAk5GOOKcYyn3ZCPrRYLjc5YE0FlVjg0zmllUZG3k9DVMRKziNAxwXY8Z7CnCQPGWfgE9ahWMsQXJwO1EpZsKFOPpUjJok8tD8wIPcUHDEioYllXpwvvUpCjktVCI+1Nj6inU2PqKGCHxkmVsk9KYWbAOT+dOj\/ANa\/0ph6VFiiZyRG3P8AEarMSTzVmT\/Vt\/vGqx600DP\/2Q==",
                "permalink": "https:\/\/kcwebteam.slack.com\/files\/UFDNKQCU9\/F01E80LV480\/giphy.gif",
                "permalink_public": "https:\/\/slack-files.com\/T0D1XTUAD-F01E80LV480-fb38166347",
                "is_starred": false,
                "has_rich_preview": false
            }
        ],
        "upload": false,
        "user": "UFDNKQCU9",
        "display_as_bot": false,
        "ts": "1603907175.176800",
        "thread_ts": "1603904210.174600",
        "parent_user_id": "UUJNECG67",
        "reactions": [
            {
                "name": "laughing",
                "users": [
                    "UUJNECG67",
                    "U7EP7P2JW"
                ],
                "count": 2
            },
            {
                "name": "rolling_on_the_floor_laughing",
                "users": [
                    "UUW3W20AU"
                ],
                "count": 1
            }
        ]
    },
    {
        "client_msg_id": "e6c40f27-bc41-4c02-8f1c-e084826c089f",
        "type": "message",
        "text": "Not yet. The audience seems to be senior management, none of whom would be using the editor. I suspect at best we might see someone edit a page for a drive-by demo, but I’ll be shocked if there’s anything in-depth. That’s not what this conference is for.",
        "user": "U0NSCMBR8",
        "ts": "1603907533.177200",
        "team": "T0D1XTUAD",
        "user_team": "T0D1XTUAD",
        "source_team": "T0D1XTUAD",
        "user_profile": {
            "avatar_hash": "28a69ac871a0",
            "image_72": "https:\/\/avatars.slack-edge.com\/2016-02-24\/22896597253_28a69ac871a00b39b963_72.jpg",
            "first_name": "Al",
            "real_name": "Al Boss",
            "display_name": "",
            "team": "T0D1XTUAD",
            "name": "alboss",
            "is_restricted": false,
            "is_ultra_restricted": false
        },
        "blocks": [
            {
                "type": "rich_text",
                "block_id": "BHskT",
                "elements": [
                    {
                        "type": "rich_text_section",
                        "elements": [
                            {
                                "type": "text",
                                "text": "Not yet. The audience seems to be senior management, none of whom would be using the editor. I suspect at best we might see someone edit a page for a drive-by demo, but I’ll be shocked if there’s anything in-depth. That’s not what this conference is for."
                            }
                        ]
                    }
                ]
            }
        ],
        "thread_ts": "1603906899.176700",
        "parent_user_id": "UFDNKQCU9"
    },
    {
        "client_msg_id": "71a46a13-396b-489a-8b46-9cf2ec0c51b0",
        "type": "message",
        "text": "I’ve seen the management talking about “disintermediation” which I don’t really deal with on a daily or yearly basis. I found some back end walk throughs as well but so far no-one using the tool to edit the web page.",
        "user": "UFDNKQCU9",
        "ts": "1603907631.177400",
        "team": "T0D1XTUAD",
        "user_team": "T0D1XTUAD",
        "source_team": "T0D1XTUAD",
        "user_profile": {
            "avatar_hash": "625717ebbb6e",
            "image_72": "https:\/\/avatars.slack-edge.com\/2019-01-17\/526675529362_625717ebbb6e0ba43f68_72.jpg",
            "first_name": "Earl",
            "real_name": "Earl Krygier",
            "display_name": "Krygier",
            "team": "T0D1XTUAD",
            "name": "earl.krygier",
            "is_restricted": false,
            "is_ultra_restricted": false
        },
        "blocks": [
            {
                "type": "rich_text",
                "block_id": "Ls=",
                "elements": [
                    {
                        "type": "rich_text_section",
                        "elements": [
                            {
                                "type": "text",
                                "text": "I’ve seen the management talking about “disintermediation” which I don’t really deal with on a daily or yearly basis. I found some back end walk throughs as well but so far no-one using the tool to edit the web page."
                            }
                        ]
                    }
                ]
            }
        ],
        "thread_ts": "1603906899.176700",
        "parent_user_id": "UFDNKQCU9"
    },
    {
        "client_msg_id": "78694fb5-ab05-4753-97d1-8f2d89b26d2c",
        "type": "message",
        "text": "There’s an on-demand video “Intro to Horizon”. I’m planning to watch it Friday.",
        "user": "U0D1W09V4",
        "ts": "1603907726.177600",
        "team": "T0D1XTUAD",
        "user_team": "T0D1XTUAD",
        "source_team": "T0D1XTUAD",
        "user_profile": {
            "avatar_hash": "69a03f210a7e",
            "image_72": "https:\/\/avatars.slack-edge.com\/2020-04-03\/1036225284226_69a03f210a7ec4e12108_72.jpg",
            "first_name": "Beth",
            "real_name": "Beth Cheatham",
            "display_name": "beth.cheatham",
            "team": "T0D1XTUAD",
            "name": "beth.cheatham",
            "is_restricted": false,
            "is_ultra_restricted": false
        },
        "blocks": [
            {
                "type": "rich_text",
                "block_id": "H17N",
                "elements": [
                    {
                        "type": "rich_text_section",
                        "elements": [
                            {
                                "type": "text",
                                "text": "There’s an on-demand video “Intro to Horizon”. I’m planning to watch it Friday."
                            }
                        ]
                    }
                ]
            }
        ],
        "thread_ts": "1603906899.176700",
        "parent_user_id": "UFDNKQCU9"
    },
    {
        "client_msg_id": "01949a03-b4f9-48f9-aac1-32e7290303d1",
        "type": "message",
        "text": "Everything I’ve seen in the county’s plan seems to be in favor of more intermediation, not less. All these roles and review processes are the opposite of disintermediation.",
        "user": "U0NSCMBR8",
        "ts": "1603907742.177800",
        "team": "T0D1XTUAD",
        "user_team": "T0D1XTUAD",
        "source_team": "T0D1XTUAD",
        "user_profile": {
            "avatar_hash": "28a69ac871a0",
            "image_72": "https:\/\/avatars.slack-edge.com\/2016-02-24\/22896597253_28a69ac871a00b39b963_72.jpg",
            "first_name": "Al",
            "real_name": "Al Boss",
            "display_name": "",
            "team": "T0D1XTUAD",
            "name": "alboss",
            "is_restricted": false,
            "is_ultra_restricted": false
        },
        "blocks": [
            {
                "type": "rich_text",
                "block_id": "4IM",
                "elements": [
                    {
                        "type": "rich_text_section",
                        "elements": [
                            {
                                "type": "text",
                                "text": "Everything I’ve seen in the county’s plan seems to be in favor of more intermediation, not less. All these roles and review processes are the opposite of disintermediation."
                            }
                        ]
                    }
                ]
            }
        ],
        "thread_ts": "1603906899.176700",
        "parent_user_id": "UFDNKQCU9"
    },
    {
        "client_msg_id": "2463c993-bafe-4a62-8cd8-403ea3cf2734",
        "type": "message",
        "text": "Disintermediation is the way to go to protect against blown budgets and backlash.  We should be good stewards of the online services needed by the public and KC programs.",
        "user": "UUJNED77D",
        "ts": "1603909633.178000",
        "team": "T0D1XTUAD",
        "user_team": "T0D1XTUAD",
        "source_team": "T0D1XTUAD",
        "user_profile": {
            "avatar_hash": "5f4a213e859b",
            "image_72": "https:\/\/avatars.slack-edge.com\/2020-03-04\/982713408789_5f4a213e859b7369a972_72.jpg",
            "first_name": "Fred",
            "real_name": "Fred Bentler",
            "display_name": "Fred Bentler",
            "team": "T0D1XTUAD",
            "name": "fred.bentler",
            "is_restricted": false,
            "is_ultra_restricted": false
        },
        "blocks": [
            {
                "type": "rich_text",
                "block_id": "QHmSQ",
                "elements": [
                    {
                        "type": "rich_text_section",
                        "elements": [
                            {
                                "type": "text",
                                "text": "Disintermediation is the way to go to protect against blown budgets and backlash.  We should be good stewards of the online services needed by the public and KC programs."
                            }
                        ]
                    }
                ]
            }
        ],
        "thread_ts": "1603906899.176700",
        "parent_user_id": "UFDNKQCU9"
    },
    {
        "client_msg_id": "e25b652a-1d46-4e94-9f8e-771be54d2744",
        "type": "message",
        "text": "Do we have Horizon?  What is it?",
        "user": "UUJNED77D",
        "ts": "1603909655.178200",
        "team": "T0D1XTUAD",
        "user_team": "T0D1XTUAD",
        "source_team": "T0D1XTUAD",
        "user_profile": {
            "avatar_hash": "5f4a213e859b",
            "image_72": "https:\/\/avatars.slack-edge.com\/2020-03-04\/982713408789_5f4a213e859b7369a972_72.jpg",
            "first_name": "Fred",
            "real_name": "Fred Bentler",
            "display_name": "Fred Bentler",
            "team": "T0D1XTUAD",
            "name": "fred.bentler",
            "is_restricted": false,
            "is_ultra_restricted": false
        },
        "blocks": [
            {
                "type": "rich_text",
                "block_id": "RKz0",
                "elements": [
                    {
                        "type": "rich_text_section",
                        "elements": [
                            {
                                "type": "text",
                                "text": "Do we have Horizon?  What is it?"
                            }
                        ]
                    }
                ]
            }
        ],
        "thread_ts": "1603906899.176700",
        "parent_user_id": "UFDNKQCU9"
    },
    {
        "client_msg_id": "BA4EC3E8-5FDA-4366-9A2D-6FBD8D97C2A3",
        "type": "message",
        "text": "It’s a new editor in the version of Sitecore we don’t have. Meaning version 10, not an add on product.",
        "user": "U0NSCMBR8",
        "ts": "1603909717.179900",
        "team": "T0D1XTUAD",
        "user_team": "T0D1XTUAD",
        "source_team": "T0D1XTUAD",
        "user_profile": {
            "avatar_hash": "28a69ac871a0",
            "image_72": "https:\/\/avatars.slack-edge.com\/2016-02-24\/22896597253_28a69ac871a00b39b963_72.jpg",
            "first_name": "Al",
            "real_name": "Al Boss",
            "display_name": "",
            "team": "T0D1XTUAD",
            "name": "alboss",
            "is_restricted": false,
            "is_ultra_restricted": false
        },
        "blocks": [
            {
                "type": "rich_text",
                "block_id": "ySPXL",
                "elements": [
                    {
                        "type": "rich_text_section",
                        "elements": [
                            {
                                "type": "text",
                                "text": "It’s a new editor in the version of Sitecore we don’t have. Meaning version 10, not an add on product."
                            }
                        ]
                    }
                ]
            }
        ],
        "thread_ts": "1603906899.176700",
        "parent_user_id": "UFDNKQCU9"
    },
    {
        "client_msg_id": "39ee14b8-5b1a-4c7c-bdfe-6bfe91e516ae",
        "type": "message",
        "text": "Thanks.  Horizon and horizontal have a lot in common.",
        "user": "UUJNED77D",
        "ts": "1603909771.180100",
        "team": "T0D1XTUAD",
        "user_team": "T0D1XTUAD",
        "source_team": "T0D1XTUAD",
        "user_profile": {
            "avatar_hash": "5f4a213e859b",
            "image_72": "https:\/\/avatars.slack-edge.com\/2020-03-04\/982713408789_5f4a213e859b7369a972_72.jpg",
            "first_name": "Fred",
            "real_name": "Fred Bentler",
            "display_name": "Fred Bentler",
            "team": "T0D1XTUAD",
            "name": "fred.bentler",
            "is_restricted": false,
            "is_ultra_restricted": false
        },
        "blocks": [
            {
                "type": "rich_text",
                "block_id": "Hmn",
                "elements": [
                    {
                        "type": "rich_text_section",
                        "elements": [
                            {
                                "type": "text",
                                "text": "Thanks.  Horizon and horizontal have a lot in common."
                            }
                        ]
                    }
                ]
            }
        ],
        "thread_ts": "1603906899.176700",
        "parent_user_id": "UFDNKQCU9"
    },
    {
        "client_msg_id": "cccc40a8-1c90-4054-aa0e-308fe34a1791",
        "type": "message",
        "text": "For those playing along - if you notice any of our public-facing systems failing, please CALL the helpdesk and request that an MI be called. If you submit an online ticket (even when you select the \"MI\" checkbox), it won't initiate the MI process.",
        "user": "U5Y0B4XC3",
        "ts": "1603913757.181100",
        "team": "T0D1XTUAD",
        "user_team": "T0D1XTUAD",
        "source_team": "T0D1XTUAD",
        "user_profile": {
            "avatar_hash": "da718d235064",
            "image_72": "https:\/\/avatars.slack-edge.com\/2019-05-20\/629478633218_da718d2350648f939113_72.jpg",
            "first_name": "Pam",
            "real_name": "Pam Shales",
            "display_name": "Pam Shales",
            "team": "T0D1XTUAD",
            "name": "pshales",
            "is_restricted": false,
            "is_ultra_restricted": false
        },
        "blocks": [
            {
                "type": "rich_text",
                "block_id": "f3YN",
                "elements": [
                    {
                        "type": "rich_text_section",
                        "elements": [
                            {
                                "type": "text",
                                "text": "For those playing along - if you notice any of our public-facing systems failing, please CALL the helpdesk and request that an MI be called. If you submit an online ticket (even when you select the \"MI\" checkbox), it won't initiate the MI process."
                            }
                        ]
                    }
                ]
            }
        ],
        "thread_ts": "1603899354.169400",
        "parent_user_id": "U7EQMP760"
    },
    {
        "client_msg_id": "9C447006-1E38-40C2-830A-D8C5502A33B5",
        "type": "message",
        "text": "Wow. That’s good to know. ",
        "user": "U0NSCMBR8",
        "ts": "1603914947.181600",
        "team": "T0D1XTUAD",
        "user_team": "T0D1XTUAD",
        "source_team": "T0D1XTUAD",
        "user_profile": {
            "avatar_hash": "28a69ac871a0",
            "image_72": "https:\/\/avatars.slack-edge.com\/2016-02-24\/22896597253_28a69ac871a00b39b963_72.jpg",
            "first_name": "Al",
            "real_name": "Al Boss",
            "display_name": "",
            "team": "T0D1XTUAD",
            "name": "alboss",
            "is_restricted": false,
            "is_ultra_restricted": false
        },
        "blocks": [
            {
                "type": "rich_text",
                "block_id": "L5Cd",
                "elements": [
                    {
                        "type": "rich_text_section",
                        "elements": [
                            {
                                "type": "text",
                                "text": "Wow. That’s good to know. "
                            }
                        ]
                    }
                ]
            }
        ],
        "thread_ts": "1603899354.169400",
        "parent_user_id": "U7EQMP760"
    },
    {
        "client_msg_id": "2d24c176-d817-4437-8010-85a7ee0db4b0",
        "type": "message",
        "text": "Yes, thanks, Pam. Is there a quick way to see if one is already in place so we don’t burden them with extra calls? They often don’t post it on the Cherwell landing page.",
        "user": "U0D1W09V4",
        "ts": "1603915346.181800",
        "team": "T0D1XTUAD",
        "user_team": "T0D1XTUAD",
        "source_team": "T0D1XTUAD",
        "user_profile": {
            "avatar_hash": "69a03f210a7e",
            "image_72": "https:\/\/avatars.slack-edge.com\/2020-04-03\/1036225284226_69a03f210a7ec4e12108_72.jpg",
            "first_name": "Beth",
            "real_name": "Beth Cheatham",
            "display_name": "beth.cheatham",
            "team": "T0D1XTUAD",
            "name": "beth.cheatham",
            "is_restricted": false,
            "is_ultra_restricted": false
        },
        "blocks": [
            {
                "type": "rich_text",
                "block_id": "CQ1qQ",
                "elements": [
                    {
                        "type": "rich_text_section",
                        "elements": [
                            {
                                "type": "text",
                                "text": "Yes, thanks, Pam. Is there a quick way to see if one is already in place so we don’t burden them with extra calls? They often don’t post it on the Cherwell landing page."
                            }
                        ]
                    }
                ]
            }
        ],
        "thread_ts": "1603899354.169400",
        "parent_user_id": "U7EQMP760"
    },
    {
        "bot_id": "B4M05S43S",
        "type": "message",
        "text": "skeleton",
        "user": "U7EP7P2JW",
        "ts": "1603919145.182500",
        "team": "T0D1XTUAD",
        "bot_profile": {
            "id": "B4M05S43S",
            "deleted": false,
            "name": "giphy",
            "updated": 1490131602,
            "app_id": "A0F827J2C",
            "icons": {
                "image_36": "https:\/\/a.slack-edge.com\/dc483\/img\/plugins\/giphy\/service_72.png",
                "image_48": "https:\/\/a.slack-edge.com\/dc483\/img\/plugins\/giphy\/service_48.png",
                "image_72": "https:\/\/a.slack-edge.com\/dc483\/img\/plugins\/giphy\/service_72.png"
            },
            "team_id": "T0D1XTUAD"
        },
        "blocks": [
            {
                "type": "image",
                "block_id": "WbWc",
                "image_url": "https:\/\/media1.giphy.com\/media\/QWPIBMUCSXRL2\/giphy.gif?cid=6104955e1bd670f6585354df847195610b8915eb4cecef40&rid=giphy.gif",
                "alt_text": "skeleton",
                "title": {
                    "type": "plain_text",
                    "text": "skeleton",
                    "emoji": true
                },
                "fallback": "340x255px image",
                "image_width": 340,
                "image_height": 255,
                "image_bytes": 157692,
                "is_animated": true
            },
            {
                "type": "context",
                "block_id": "M9C=4",
                "elements": [
                    {
                        "type": "image",
                        "image_url": "https:\/\/a.slack-edge.com\/dc483\/img\/plugins\/giphy\/service_32.png",
                        "alt_text": "giphy logo"
                    },
                    {
                        "type": "mrkdwn",
                        "text": "Posted using \/giphy",
                        "verbatim": false
                    }
                ]
            }
        ],
        "thread_ts": "1603904210.174600",
        "parent_user_id": "UUJNECG67",
        "reactions": [
            {
                "name": "skull",
                "users": [
                    "UUJNECG67"
                ],
                "count": 1
            }
        ]
    }
]