[
    {
        "client_msg_id": "48b42d21-60c4-458f-bd3c-19df0bb4183e",
        "type": "message",
        "text": "Has anyone completed the HIPAA training? Do we need to watch all those videos? Do I need to watch \"HIPAA for Healthcare Workers\"?",
        "user": "U7EQMP760",
        "ts": "1606945003.370100",
        "team": "T0D1XTUAD",
        "user_team": "T0D1XTUAD",
        "source_team": "T0D1XTUAD",
        "user_profile": {
            "avatar_hash": "db1abed225d9",
            "image_72": "https:\/\/avatars.slack-edge.com\/2020-03-14\/990754009969_db1abed225d9635aae98_72.jpg",
            "first_name": "",
            "real_name": "Mary Delahanty",
            "display_name": "",
            "team": "T0D1XTUAD",
            "name": "mary.delahanty",
            "is_restricted": false,
            "is_ultra_restricted": false
        },
        "blocks": [
            {
                "type": "rich_text",
                "block_id": "j3Jl0",
                "elements": [
                    {
                        "type": "rich_text_section",
                        "elements": [
                            {
                                "type": "text",
                                "text": "Has anyone completed the HIPAA training? Do we need to watch all those videos? Do I need to watch \"HIPAA for Healthcare Workers\"?"
                            }
                        ]
                    }
                ]
            }
        ],
        "thread_ts": "1606945003.370100",
        "reply_count": 8,
        "reply_users_count": 5,
        "latest_reply": "1606955144.372000",
        "reply_users": [
            "U0D1RV4N8",
            "U7EQMP760",
            "U019DU219B4",
            "UUJNED77D",
            "UUW3W20AU"
        ],
        "replies": [
            {
                "user": "U0D1RV4N8",
                "ts": "1606945098.370200"
            },
            {
                "user": "U7EQMP760",
                "ts": "1606945505.370400"
            },
            {
                "user": "U019DU219B4",
                "ts": "1606949919.370600"
            },
            {
                "user": "U7EQMP760",
                "ts": "1606950652.370800"
            },
            {
                "user": "U019DU219B4",
                "ts": "1606950768.371100"
            },
            {
                "user": "UUJNED77D",
                "ts": "1606954405.371400"
            },
            {
                "user": "UUW3W20AU",
                "ts": "1606955103.371800"
            },
            {
                "user": "UUW3W20AU",
                "ts": "1606955144.372000"
            }
        ],
        "subscribed": false
    },
    {
        "client_msg_id": "d154a34b-a766-42f4-a9f8-b561bcb33075",
        "type": "message",
        "text": "I did the text version, which is presumably faster, but does require you to answer questions at some points. Two of the sections were almost identical, but both marked as required. At least the quiz was really fast the second time through.",
        "user": "U0D1RV4N8",
        "ts": "1606945098.370200",
        "team": "T0D1XTUAD",
        "user_team": "T0D1XTUAD",
        "source_team": "T0D1XTUAD",
        "user_profile": {
            "avatar_hash": "b0af0714bdde",
            "image_72": "https:\/\/avatars.slack-edge.com\/2019-05-22\/642788517284_b0af0714bddea68e9e1c_72.jpg",
            "first_name": "Derek",
            "real_name": "Derek Sheppard",
            "display_name": "Derek Sheppard",
            "team": "T0D1XTUAD",
            "name": "derek.sheppard",
            "is_restricted": false,
            "is_ultra_restricted": false
        },
        "blocks": [
            {
                "type": "rich_text",
                "block_id": "uyu",
                "elements": [
                    {
                        "type": "rich_text_section",
                        "elements": [
                            {
                                "type": "text",
                                "text": "I did the text version, which is presumably faster, but does require you to answer questions at some points. Two of the sections were almost identical, but both marked as required. At least the quiz was really fast the second time through."
                            }
                        ]
                    }
                ]
            }
        ],
        "thread_ts": "1606945003.370100",
        "parent_user_id": "U7EQMP760"
    },
    {
        "client_msg_id": "f4f05183-50da-49d7-81ef-159e09ff9030",
        "type": "message",
        "text": "I dunno. I just started \"HIPAA for Healthcare Workers\" and so far it seems redundant with what I already saw in \"HIPAA for Business Associates.\"",
        "user": "U7EQMP760",
        "ts": "1606945505.370400",
        "team": "T0D1XTUAD",
        "user_team": "T0D1XTUAD",
        "source_team": "T0D1XTUAD",
        "user_profile": {
            "avatar_hash": "db1abed225d9",
            "image_72": "https:\/\/avatars.slack-edge.com\/2020-03-14\/990754009969_db1abed225d9635aae98_72.jpg",
            "first_name": "",
            "real_name": "Mary Delahanty",
            "display_name": "",
            "team": "T0D1XTUAD",
            "name": "mary.delahanty",
            "is_restricted": false,
            "is_ultra_restricted": false
        },
        "blocks": [
            {
                "type": "rich_text",
                "block_id": "zbsRa",
                "elements": [
                    {
                        "type": "rich_text_section",
                        "elements": [
                            {
                                "type": "text",
                                "text": "I dunno. I just started \"HIPAA for Healthcare Workers\" and so far it seems redundant with what I already saw in \"HIPAA for Business Associates.\""
                            }
                        ]
                    }
                ]
            }
        ],
        "thread_ts": "1606945003.370100",
        "parent_user_id": "U7EQMP760"
    },
    {
        "client_msg_id": "6868e1e9-db27-4f17-be5b-21f4fae13d65",
        "type": "message",
        "text": "<@U7EQMP760> I wish there was a \"HIPAA for Hippos\". That seems like it would be fun.",
        "user": "U019DU219B4",
        "ts": "1606949919.370600",
        "team": "T0D1XTUAD",
        "user_team": "T0D1XTUAD",
        "source_team": "T0D1XTUAD",
        "user_profile": {
            "avatar_hash": "b99fbed56ce5",
            "image_72": "https:\/\/avatars.slack-edge.com\/2020-08-24\/1326180875044_b99fbed56ce584617434_72.jpg",
            "first_name": "Dominique",
            "real_name": "Dominique Barni",
            "display_name": "Dominique Barni",
            "team": "T0D1XTUAD",
            "name": "n-dbarni",
            "is_restricted": false,
            "is_ultra_restricted": false
        },
        "blocks": [
            {
                "type": "rich_text",
                "block_id": "eWz",
                "elements": [
                    {
                        "type": "rich_text_section",
                        "elements": [
                            {
                                "type": "user",
                                "user_id": "U7EQMP760"
                            },
                            {
                                "type": "text",
                                "text": " I wish there was a \"HIPAA for Hippos\". That seems like it would be fun."
                            }
                        ]
                    }
                ]
            }
        ],
        "thread_ts": "1606945003.370100",
        "parent_user_id": "U7EQMP760",
        "reactions": [
            {
                "name": "plus1",
                "users": [
                    "U5Y0BDK51"
                ],
                "count": 1
            }
        ]
    },
    {
        "client_msg_id": "a018b062-13f6-4f7f-b236-1c479b4323b5",
        "type": "message",
        "text": "<@U019DU219B4> How is there no hippo emoji for me to respond to this with? There's an elephant and a rhino but no hippo!",
        "user": "U7EQMP760",
        "ts": "1606950652.370800",
        "team": "T0D1XTUAD",
        "user_team": "T0D1XTUAD",
        "source_team": "T0D1XTUAD",
        "user_profile": {
            "avatar_hash": "db1abed225d9",
            "image_72": "https:\/\/avatars.slack-edge.com\/2020-03-14\/990754009969_db1abed225d9635aae98_72.jpg",
            "first_name": "",
            "real_name": "Mary Delahanty",
            "display_name": "",
            "team": "T0D1XTUAD",
            "name": "mary.delahanty",
            "is_restricted": false,
            "is_ultra_restricted": false
        },
        "blocks": [
            {
                "type": "rich_text",
                "block_id": "oUtVd",
                "elements": [
                    {
                        "type": "rich_text_section",
                        "elements": [
                            {
                                "type": "user",
                                "user_id": "U019DU219B4"
                            },
                            {
                                "type": "text",
                                "text": " How is there no hippo emoji for me to respond to this with? There's an elephant and a rhino but no hippo!"
                            }
                        ]
                    }
                ]
            }
        ],
        "thread_ts": "1606945003.370100",
        "parent_user_id": "U7EQMP760"
    },
    {
        "bot_id": "B4M05S43S",
        "type": "message",
        "text": "hippo",
        "user": "U019DU219B4",
        "ts": "1606950768.371100",
        "team": "T0D1XTUAD",
        "bot_profile": {
            "id": "B4M05S43S",
            "deleted": false,
            "name": "giphy",
            "updated": 1490131602,
            "app_id": "A0F827J2C",
            "icons": {
                "image_36": "https:\/\/a.slack-edge.com\/dc483\/img\/plugins\/giphy\/service_72.png",
                "image_48": "https:\/\/a.slack-edge.com\/dc483\/img\/plugins\/giphy\/service_48.png",
                "image_72": "https:\/\/a.slack-edge.com\/dc483\/img\/plugins\/giphy\/service_72.png"
            },
            "team_id": "T0D1XTUAD"
        },
        "blocks": [
            {
                "type": "image",
                "block_id": "VZNx",
                "image_url": "https:\/\/media0.giphy.com\/media\/l3q2uMUtsfNZdevBe\/giphy.gif?cid=6104955edc1c4b7f94944311245b02803342bf6961d0b245&rid=giphy.gif",
                "alt_text": "hippo",
                "title": {
                    "type": "plain_text",
                    "text": "hippo",
                    "emoji": true
                },
                "fallback": "576x324px image",
                "image_width": 576,
                "image_height": 324,
                "image_bytes": 1295100,
                "is_animated": true
            },
            {
                "type": "context",
                "block_id": "9fNhZ",
                "elements": [
                    {
                        "type": "image",
                        "image_url": "https:\/\/a.slack-edge.com\/dc483\/img\/plugins\/giphy\/service_32.png",
                        "alt_text": "giphy logo"
                    },
                    {
                        "type": "mrkdwn",
                        "text": "Posted using \/giphy | GIF by <https:\/\/giphy.com\/pbs\/|PBS>",
                        "verbatim": false
                    }
                ]
            }
        ],
        "thread_ts": "1606945003.370100",
        "parent_user_id": "U7EQMP760",
        "reactions": [
            {
                "name": "+1",
                "users": [
                    "U7EQMP760"
                ],
                "count": 1
            },
            {
                "name": "rolling_on_the_floor_laughing",
                "users": [
                    "UUW3W20AU"
                ],
                "count": 1
            }
        ]
    },
    {
        "client_msg_id": "5b4b2eda-2195-4c29-9084-9465f393436c",
        "type": "message",
        "text": "It's torture.  The HIPAA training seems to spawn more HIPAA training like a virus.",
        "user": "UUJNED77D",
        "ts": "1606954405.371400",
        "team": "T0D1XTUAD",
        "user_team": "T0D1XTUAD",
        "source_team": "T0D1XTUAD",
        "user_profile": {
            "avatar_hash": "5f4a213e859b",
            "image_72": "https:\/\/avatars.slack-edge.com\/2020-03-04\/982713408789_5f4a213e859b7369a972_72.jpg",
            "first_name": "Fred",
            "real_name": "Fred Bentler",
            "display_name": "Fred Bentler",
            "team": "T0D1XTUAD",
            "name": "fred.bentler",
            "is_restricted": false,
            "is_ultra_restricted": false
        },
        "blocks": [
            {
                "type": "rich_text",
                "block_id": "lpO",
                "elements": [
                    {
                        "type": "rich_text_section",
                        "elements": [
                            {
                                "type": "text",
                                "text": "It's torture.  The HIPAA training seems to spawn more HIPAA training like a virus."
                            }
                        ]
                    }
                ]
            }
        ],
        "thread_ts": "1606945003.370100",
        "parent_user_id": "U7EQMP760",
        "reactions": [
            {
                "name": "rolling_on_the_floor_laughing",
                "users": [
                    "UUW3W20AU"
                ],
                "count": 1
            }
        ]
    },
    {
        "client_msg_id": "383b7aa0-6241-484f-97a1-0322020143f2",
        "type": "message",
        "text": "I wish there was a version for non-healthcare workers ... like IT folks who work in support of healthcare workers.",
        "user": "UUW3W20AU",
        "ts": "1606955103.371800",
        "team": "T0D1XTUAD",
        "user_team": "T0D1XTUAD",
        "source_team": "T0D1XTUAD",
        "user_profile": {
            "avatar_hash": "0c87430f5419",
            "image_72": "https:\/\/avatars.slack-edge.com\/2020-03-04\/984414387030_0c87430f5419d7de3cea_72.jpg",
            "first_name": "Elizabeth",
            "real_name": "Elizabeth Inglese",
            "display_name": "Tish",
            "team": "T0D1XTUAD",
            "name": "einglese",
            "is_restricted": false,
            "is_ultra_restricted": false
        },
        "blocks": [
            {
                "type": "rich_text",
                "block_id": "inVJ",
                "elements": [
                    {
                        "type": "rich_text_section",
                        "elements": [
                            {
                                "type": "text",
                                "text": "I wish there was a version for non-healthcare workers ... like IT folks who work in support of healthcare workers."
                            }
                        ]
                    }
                ]
            }
        ],
        "thread_ts": "1606945003.370100",
        "parent_user_id": "U7EQMP760"
    },
    {
        "client_msg_id": "0c5d1f34-51e6-4adc-9704-a22b27668907",
        "type": "message",
        "text": "But yeah, we unfortunately need to do it. It was pretty easy though from what I recall. Everything seems to be common sense.",
        "user": "UUW3W20AU",
        "ts": "1606955144.372000",
        "team": "T0D1XTUAD",
        "user_team": "T0D1XTUAD",
        "source_team": "T0D1XTUAD",
        "user_profile": {
            "avatar_hash": "0c87430f5419",
            "image_72": "https:\/\/avatars.slack-edge.com\/2020-03-04\/984414387030_0c87430f5419d7de3cea_72.jpg",
            "first_name": "Elizabeth",
            "real_name": "Elizabeth Inglese",
            "display_name": "Tish",
            "team": "T0D1XTUAD",
            "name": "einglese",
            "is_restricted": false,
            "is_ultra_restricted": false
        },
        "blocks": [
            {
                "type": "rich_text",
                "block_id": "lWwU",
                "elements": [
                    {
                        "type": "rich_text_section",
                        "elements": [
                            {
                                "type": "text",
                                "text": "But yeah, we unfortunately need to do it. It was pretty easy though from what I recall. Everything seems to be common sense."
                            }
                        ]
                    }
                ]
            }
        ],
        "thread_ts": "1606945003.370100",
        "parent_user_id": "U7EQMP760"
    }
]