[
    {
        "client_msg_id": "9c8abd7d-19b1-49cb-9f42-3aa882093368",
        "type": "message",
        "text": "Yep! I have been experiencing this too. <@U0NSCMBR8> and I recently set up a Skype call so he could help me trouble shoot something, and we ended up spending more time trouble shooting the Skype call itself then the original issue",
        "user": "UUW3W20AU",
        "ts": "1599775447.057500",
        "team": "T0D1XTUAD",
        "user_team": "T0D1XTUAD",
        "source_team": "T0D1XTUAD",
        "user_profile": {
            "avatar_hash": "0c87430f5419",
            "image_72": "https:\/\/avatars.slack-edge.com\/2020-03-04\/984414387030_0c87430f5419d7de3cea_72.jpg",
            "first_name": "Elizabeth",
            "real_name": "Elizabeth Inglese",
            "display_name": "Tish",
            "team": "T0D1XTUAD",
            "name": "einglese",
            "is_restricted": false,
            "is_ultra_restricted": false
        },
        "blocks": [
            {
                "type": "rich_text",
                "block_id": "UK5",
                "elements": [
                    {
                        "type": "rich_text_section",
                        "elements": [
                            {
                                "type": "text",
                                "text": "Yep! I have been experiencing this too. "
                            },
                            {
                                "type": "user",
                                "user_id": "U0NSCMBR8"
                            },
                            {
                                "type": "text",
                                "text": " and I recently set up a Skype call so he could help me trouble shoot something, and we ended up spending more time trouble shooting the Skype call itself then the original issue"
                            }
                        ]
                    }
                ]
            }
        ],
        "thread_ts": "1599690718.054800",
        "parent_user_id": "U0D1RV4N8"
    },
    {
        "client_msg_id": "a13f1209-3baa-4e36-bb5f-93f81dcd8a20",
        "type": "message",
        "text": "Did everyone else get the email that we're going to be migrating official to Teams and away from Skype?",
        "user": "UUW3W20AU",
        "ts": "1599775718.057800",
        "team": "T0D1XTUAD",
        "user_team": "T0D1XTUAD",
        "source_team": "T0D1XTUAD",
        "user_profile": {
            "avatar_hash": "0c87430f5419",
            "image_72": "https:\/\/avatars.slack-edge.com\/2020-03-04\/984414387030_0c87430f5419d7de3cea_72.jpg",
            "first_name": "Elizabeth",
            "real_name": "Elizabeth Inglese",
            "display_name": "Tish",
            "team": "T0D1XTUAD",
            "name": "einglese",
            "is_restricted": false,
            "is_ultra_restricted": false
        },
        "blocks": [
            {
                "type": "rich_text",
                "block_id": "97E",
                "elements": [
                    {
                        "type": "rich_text_section",
                        "elements": [
                            {
                                "type": "text",
                                "text": "Did everyone else get the email that we're going to be migrating official to Teams and away from Skype?"
                            }
                        ]
                    }
                ]
            }
        ],
        "thread_ts": "1599690718.054800",
        "parent_user_id": "U0D1RV4N8"
    },
    {
        "client_msg_id": "180df81c-4b2b-4e2e-8b95-93130017d696",
        "type": "message",
        "text": "<@UUW3W20AU> Did we ever solve either of them?",
        "user": "U0NSCMBR8",
        "ts": "1599775728.058200",
        "team": "T0D1XTUAD",
        "user_team": "T0D1XTUAD",
        "source_team": "T0D1XTUAD",
        "user_profile": {
            "avatar_hash": "28a69ac871a0",
            "image_72": "https:\/\/avatars.slack-edge.com\/2016-02-24\/22896597253_28a69ac871a00b39b963_72.jpg",
            "first_name": "Al",
            "real_name": "Al Boss",
            "display_name": "",
            "team": "T0D1XTUAD",
            "name": "alboss",
            "is_restricted": false,
            "is_ultra_restricted": false
        },
        "blocks": [
            {
                "type": "rich_text",
                "block_id": "nkfG",
                "elements": [
                    {
                        "type": "rich_text_section",
                        "elements": [
                            {
                                "type": "user",
                                "user_id": "UUW3W20AU"
                            },
                            {
                                "type": "text",
                                "text": " Did we ever solve either of them?"
                            }
                        ]
                    }
                ]
            }
        ],
        "thread_ts": "1599690718.054800",
        "parent_user_id": "U0D1RV4N8"
    },
    {
        "type": "message",
        "text": "*** ALERT* -- *ALERT* -- TISH'S HEADSET HAS BEEN FOUND!! **\nI know you all have been sitting on the edge of your seats waiting in anticipation, worrying, and wondering about this great unsolved mystery. The headset has in fact been recovered at the Devine household. It is safe.",
        "files": [
            {
                "id": "F01AUT8T80H",
                "created": 1599775860,
                "timestamp": 1599775860,
                "name": "headset.jpg",
                "title": "headset.jpg",
                "mimetype": "image\/jpeg",
                "filetype": "jpg",
                "pretty_type": "JPEG",
                "user": "UUW3W20AU",
                "editable": false,
                "size": 204902,
                "mode": "hosted",
                "is_external": false,
                "external_type": "",
                "is_public": true,
                "public_url_shared": false,
                "display_as_bot": false,
                "username": "",
                "url_private": "https:\/\/files.slack.com\/files-pri\/T0D1XTUAD-F01AUT8T80H\/headset.jpg?t=xoxe-13065946353-1831014033124-1821760734405-0591b3003861d046a3fe606fb5f44814",
                "url_private_download": "https:\/\/files.slack.com\/files-pri\/T0D1XTUAD-F01AUT8T80H\/download\/headset.jpg?t=xoxe-13065946353-1831014033124-1821760734405-0591b3003861d046a3fe606fb5f44814",
                "thumb_64": "https:\/\/files.slack.com\/files-tmb\/T0D1XTUAD-F01AUT8T80H-c30d09e5af\/headset_64.jpg?t=xoxe-13065946353-1831014033124-1821760734405-0591b3003861d046a3fe606fb5f44814",
                "thumb_80": "https:\/\/files.slack.com\/files-tmb\/T0D1XTUAD-F01AUT8T80H-c30d09e5af\/headset_80.jpg?t=xoxe-13065946353-1831014033124-1821760734405-0591b3003861d046a3fe606fb5f44814",
                "thumb_360": "https:\/\/files.slack.com\/files-tmb\/T0D1XTUAD-F01AUT8T80H-c30d09e5af\/headset_360.jpg?t=xoxe-13065946353-1831014033124-1821760734405-0591b3003861d046a3fe606fb5f44814",
                "thumb_360_w": 360,
                "thumb_360_h": 358,
                "thumb_480": "https:\/\/files.slack.com\/files-tmb\/T0D1XTUAD-F01AUT8T80H-c30d09e5af\/headset_480.jpg?t=xoxe-13065946353-1831014033124-1821760734405-0591b3003861d046a3fe606fb5f44814",
                "thumb_480_w": 480,
                "thumb_480_h": 477,
                "thumb_160": "https:\/\/files.slack.com\/files-tmb\/T0D1XTUAD-F01AUT8T80H-c30d09e5af\/headset_160.jpg?t=xoxe-13065946353-1831014033124-1821760734405-0591b3003861d046a3fe606fb5f44814",
                "thumb_720": "https:\/\/files.slack.com\/files-tmb\/T0D1XTUAD-F01AUT8T80H-c30d09e5af\/headset_720.jpg?t=xoxe-13065946353-1831014033124-1821760734405-0591b3003861d046a3fe606fb5f44814",
                "thumb_720_w": 720,
                "thumb_720_h": 716,
                "thumb_800": "https:\/\/files.slack.com\/files-tmb\/T0D1XTUAD-F01AUT8T80H-c30d09e5af\/headset_800.jpg?t=xoxe-13065946353-1831014033124-1821760734405-0591b3003861d046a3fe606fb5f44814",
                "thumb_800_w": 800,
                "thumb_800_h": 796,
                "thumb_960": "https:\/\/files.slack.com\/files-tmb\/T0D1XTUAD-F01AUT8T80H-c30d09e5af\/headset_960.jpg?t=xoxe-13065946353-1831014033124-1821760734405-0591b3003861d046a3fe606fb5f44814",
                "thumb_960_w": 960,
                "thumb_960_h": 955,
                "thumb_1024": "https:\/\/files.slack.com\/files-tmb\/T0D1XTUAD-F01AUT8T80H-c30d09e5af\/headset_1024.jpg?t=xoxe-13065946353-1831014033124-1821760734405-0591b3003861d046a3fe606fb5f44814",
                "thumb_1024_w": 1024,
                "thumb_1024_h": 1018,
                "original_w": 1076,
                "original_h": 1070,
                "thumb_tiny": "AwAvADCggL529RQwZOCOamjCrA77BngdTTNwUfMM7h3NSXfQfbweccsepxycVKIlExgQITjk7jj6VXD4iKhverGnuqXPzehwaLE3JDZsevk\/qaDbSf8APRPThDV\/zkJxz+VDinZCuYj4zkOduKaApobDNkDHPSjHPFFguLJz\/dHHYYqa0QzXadABzx6CmxGOXKH5XJ+U4q3FsttgY4fJPT2pXsMveWue\/wCdKaoveP1DAAe1QC9k4Oc+5o5gsU1NKTyMUzNLmqJF3bTlTg1ZkdXWMggMBz9aq9aXcvcUmUid3ymAOfrUA+8M9KnjWPHynP1FDRD0\/I1N0h6n\/9k=",
                "permalink": "https:\/\/kcwebteam.slack.com\/files\/UUW3W20AU\/F01AUT8T80H\/headset.jpg",
                "permalink_public": "https:\/\/slack-files.com\/T0D1XTUAD-F01AUT8T80H-0fc4672db0",
                "is_starred": false,
                "has_rich_preview": false
            }
        ],
        "upload": false,
        "blocks": [
            {
                "type": "rich_text",
                "block_id": "tsoka",
                "elements": [
                    {
                        "type": "rich_text_section",
                        "elements": [
                            {
                                "type": "text",
                                "text": "** ALERT",
                                "style": {
                                    "bold": true
                                }
                            },
                            {
                                "type": "text",
                                "text": " -- "
                            },
                            {
                                "type": "text",
                                "text": "ALERT",
                                "style": {
                                    "bold": true
                                }
                            },
                            {
                                "type": "text",
                                "text": " -- TISH'S HEADSET HAS BEEN FOUND!! **\nI know you all have been sitting on the edge of your seats waiting in anticipation, worrying, and wondering about this great unsolved mystery. The headset has in fact been recovered at the Devine household. It is safe."
                            }
                        ]
                    }
                ]
            }
        ],
        "user": "UUW3W20AU",
        "display_as_bot": false,
        "ts": "1599775867.060200",
        "thread_ts": "1599775867.060200",
        "reply_count": 3,
        "reply_users_count": 2,
        "latest_reply": "1599777435.061400",
        "reply_users": [
            "U0NSCMBR8",
            "UUW3W20AU"
        ],
        "replies": [
            {
                "user": "U0NSCMBR8",
                "ts": "1599775927.060700"
            },
            {
                "user": "UUW3W20AU",
                "ts": "1599776009.060900"
            },
            {
                "user": "U0NSCMBR8",
                "ts": "1599777435.061400"
            }
        ],
        "subscribed": false,
        "reactions": [
            {
                "name": "joy_cat",
                "users": [
                    "U019DU219B4",
                    "UUJNECG67"
                ],
                "count": 2
            }
        ]
    },
    {
        "client_msg_id": "7e4fa011-e403-45e6-970d-6b84eee7dce3",
        "type": "message",
        "text": "Not the Skype issue. We moved over to Zoom and solved the original issue there. :rolling_on_the_floor_laughing:",
        "user": "UUW3W20AU",
        "ts": "1599775909.060500",
        "team": "T0D1XTUAD",
        "user_team": "T0D1XTUAD",
        "source_team": "T0D1XTUAD",
        "user_profile": {
            "avatar_hash": "0c87430f5419",
            "image_72": "https:\/\/avatars.slack-edge.com\/2020-03-04\/984414387030_0c87430f5419d7de3cea_72.jpg",
            "first_name": "Elizabeth",
            "real_name": "Elizabeth Inglese",
            "display_name": "Tish",
            "team": "T0D1XTUAD",
            "name": "einglese",
            "is_restricted": false,
            "is_ultra_restricted": false
        },
        "blocks": [
            {
                "type": "rich_text",
                "block_id": "thFu3",
                "elements": [
                    {
                        "type": "rich_text_section",
                        "elements": [
                            {
                                "type": "text",
                                "text": "Not the Skype issue. We moved over to Zoom and solved the original issue there. "
                            },
                            {
                                "type": "emoji",
                                "name": "rolling_on_the_floor_laughing"
                            }
                        ]
                    }
                ]
            }
        ],
        "thread_ts": "1599690718.054800",
        "parent_user_id": "U0D1RV4N8"
    },
    {
        "client_msg_id": "5beb3289-31c6-4faa-bf5d-63a2c72e801a",
        "type": "message",
        "text": "Please tell me that’s an actual photo of Megann’s cat and your headset.",
        "user": "U0NSCMBR8",
        "ts": "1599775927.060700",
        "team": "T0D1XTUAD",
        "user_team": "T0D1XTUAD",
        "source_team": "T0D1XTUAD",
        "user_profile": {
            "avatar_hash": "28a69ac871a0",
            "image_72": "https:\/\/avatars.slack-edge.com\/2016-02-24\/22896597253_28a69ac871a00b39b963_72.jpg",
            "first_name": "Al",
            "real_name": "Al Boss",
            "display_name": "",
            "team": "T0D1XTUAD",
            "name": "alboss",
            "is_restricted": false,
            "is_ultra_restricted": false
        },
        "blocks": [
            {
                "type": "rich_text",
                "block_id": "KJB",
                "elements": [
                    {
                        "type": "rich_text_section",
                        "elements": [
                            {
                                "type": "text",
                                "text": "Please tell me that’s an actual photo of Megann’s cat and your headset."
                            }
                        ]
                    }
                ]
            }
        ],
        "thread_ts": "1599775867.060200",
        "parent_user_id": "UUW3W20AU"
    },
    {
        "client_msg_id": "064439e9-aaa5-48d5-b8b0-8a82701fafe2",
        "type": "message",
        "text": "I wish! haha",
        "user": "UUW3W20AU",
        "ts": "1599776009.060900",
        "team": "T0D1XTUAD",
        "user_team": "T0D1XTUAD",
        "source_team": "T0D1XTUAD",
        "user_profile": {
            "avatar_hash": "0c87430f5419",
            "image_72": "https:\/\/avatars.slack-edge.com\/2020-03-04\/984414387030_0c87430f5419d7de3cea_72.jpg",
            "first_name": "Elizabeth",
            "real_name": "Elizabeth Inglese",
            "display_name": "Tish",
            "team": "T0D1XTUAD",
            "name": "einglese",
            "is_restricted": false,
            "is_ultra_restricted": false
        },
        "blocks": [
            {
                "type": "rich_text",
                "block_id": "jihme",
                "elements": [
                    {
                        "type": "rich_text_section",
                        "elements": [
                            {
                                "type": "text",
                                "text": "I wish! haha"
                            }
                        ]
                    }
                ]
            }
        ],
        "thread_ts": "1599775867.060200",
        "parent_user_id": "UUW3W20AU"
    },
    {
        "client_msg_id": "98672b0b-ffde-4706-985c-cf125a13711d",
        "type": "message",
        "text": "I followed teh steps in this thread. I don’t have enough data or experience to say it “fixed” the issue, but I was able to make it through an entire meeting this afternoon with only a few moments of dropped audio. <https:\/\/answers.microsoft.com\/en-us\/msoffice\/forum\/all\/skype-for-business-on-mac-keeps-freezingcrashing\/8c1510cb-885b-447e-9505-2e05720ba04e>",
        "user": "U0D1RV4N8",
        "ts": "1599776651.061100",
        "team": "T0D1XTUAD",
        "user_team": "T0D1XTUAD",
        "source_team": "T0D1XTUAD",
        "user_profile": {
            "avatar_hash": "b0af0714bdde",
            "image_72": "https:\/\/avatars.slack-edge.com\/2019-05-22\/642788517284_b0af0714bddea68e9e1c_72.jpg",
            "first_name": "Derek",
            "real_name": "Derek Sheppard",
            "display_name": "Derek Sheppard",
            "team": "T0D1XTUAD",
            "name": "derek.sheppard",
            "is_restricted": false,
            "is_ultra_restricted": false
        },
        "attachments": [
            {
                "title": "Skype for Business on Mac keeps freezing\/crashing",
                "title_link": "https:\/\/answers.microsoft.com\/en-us\/msoffice\/forum\/all\/skype-for-business-on-mac-keeps-freezingcrashing\/8c1510cb-885b-447e-9505-2e05720ba04e",
                "text": "For about a week now my Skype for Business on Mac (MacOS 10.13.3) has been unusable. The applications takes a long time open, and when it does, clicking to change aspects (Changing from Chat to",
                "fallback": "Skype for Business on Mac keeps freezing\/crashing",
                "from_url": "https:\/\/answers.microsoft.com\/en-us\/msoffice\/forum\/all\/skype-for-business-on-mac-keeps-freezingcrashing\/8c1510cb-885b-447e-9505-2e05720ba04e",
                "thumb_url": "http:\/\/answers.microsoft.com\/static\/images\/icon_fb_answers3.png",
                "thumb_width": 75,
                "thumb_height": 75,
                "service_icon": "https:\/\/answers.microsoft.com\/favicon.ico",
                "service_name": "answers.microsoft.com",
                "id": 1,
                "original_url": "https:\/\/answers.microsoft.com\/en-us\/msoffice\/forum\/all\/skype-for-business-on-mac-keeps-freezingcrashing\/8c1510cb-885b-447e-9505-2e05720ba04e"
            }
        ],
        "blocks": [
            {
                "type": "rich_text",
                "block_id": "udcq",
                "elements": [
                    {
                        "type": "rich_text_section",
                        "elements": [
                            {
                                "type": "text",
                                "text": "I followed teh steps in this thread. I don’t have enough data or experience to say it “fixed” the issue, but I was able to make it through an entire meeting this afternoon with only a few moments of dropped audio. "
                            },
                            {
                                "type": "link",
                                "url": "https:\/\/answers.microsoft.com\/en-us\/msoffice\/forum\/all\/skype-for-business-on-mac-keeps-freezingcrashing\/8c1510cb-885b-447e-9505-2e05720ba04e"
                            }
                        ]
                    }
                ]
            }
        ],
        "thread_ts": "1599690718.054800",
        "parent_user_id": "U0D1RV4N8"
    },
    {
        "client_msg_id": "856bdbd9-3022-48ed-855e-0509a9a66cad",
        "type": "message",
        "text": "<@UUHCZU5UJ> The ball’s in your court.",
        "user": "U0NSCMBR8",
        "ts": "1599777435.061400",
        "team": "T0D1XTUAD",
        "user_team": "T0D1XTUAD",
        "source_team": "T0D1XTUAD",
        "user_profile": {
            "avatar_hash": "28a69ac871a0",
            "image_72": "https:\/\/avatars.slack-edge.com\/2016-02-24\/22896597253_28a69ac871a00b39b963_72.jpg",
            "first_name": "Al",
            "real_name": "Al Boss",
            "display_name": "",
            "team": "T0D1XTUAD",
            "name": "alboss",
            "is_restricted": false,
            "is_ultra_restricted": false
        },
        "blocks": [
            {
                "type": "rich_text",
                "block_id": "cdu",
                "elements": [
                    {
                        "type": "rich_text_section",
                        "elements": [
                            {
                                "type": "user",
                                "user_id": "UUHCZU5UJ"
                            },
                            {
                                "type": "text",
                                "text": " The ball’s in your court."
                            }
                        ]
                    }
                ]
            }
        ],
        "thread_ts": "1599775867.060200",
        "parent_user_id": "UUW3W20AU",
        "reactions": [
            {
                "name": "grinning",
                "users": [
                    "U7EP7P2JW"
                ],
                "count": 1
            }
        ]
    },
    {
        "client_msg_id": "7e243664-b0c1-4a8b-95e2-14ef2b64fafe",
        "type": "message",
        "text": "Okay, that actually makes sense, <@U0D1RV4N8>. If we were keeping Skype for more than another couple months, I’d package up a little clickable utility that’d just run all this from a desktop icon, but it’s probably not worth the effort.",
        "user": "U0NSCMBR8",
        "ts": "1599777703.061600",
        "team": "T0D1XTUAD",
        "user_team": "T0D1XTUAD",
        "source_team": "T0D1XTUAD",
        "user_profile": {
            "avatar_hash": "28a69ac871a0",
            "image_72": "https:\/\/avatars.slack-edge.com\/2016-02-24\/22896597253_28a69ac871a00b39b963_72.jpg",
            "first_name": "Al",
            "real_name": "Al Boss",
            "display_name": "",
            "team": "T0D1XTUAD",
            "name": "alboss",
            "is_restricted": false,
            "is_ultra_restricted": false
        },
        "blocks": [
            {
                "type": "rich_text",
                "block_id": "IC=",
                "elements": [
                    {
                        "type": "rich_text_section",
                        "elements": [
                            {
                                "type": "text",
                                "text": "Okay, that actually makes sense, "
                            },
                            {
                                "type": "user",
                                "user_id": "U0D1RV4N8"
                            },
                            {
                                "type": "text",
                                "text": ". If we were keeping Skype for more than another couple months, I’d package up a little clickable utility that’d just run all this from a desktop icon, but it’s probably not worth the effort."
                            }
                        ]
                    }
                ]
            }
        ],
        "thread_ts": "1599690718.054800",
        "parent_user_id": "U0D1RV4N8"
    },
    {
        "client_msg_id": "b49a9192-8be2-435d-a4da-b872d4d0db13",
        "type": "message",
        "text": "<@UUW3W20AU> That’s what I thought we did--abandon Skype and just fix the actual problem.",
        "user": "U0NSCMBR8",
        "ts": "1599777729.061800",
        "team": "T0D1XTUAD",
        "user_team": "T0D1XTUAD",
        "source_team": "T0D1XTUAD",
        "user_profile": {
            "avatar_hash": "28a69ac871a0",
            "image_72": "https:\/\/avatars.slack-edge.com\/2016-02-24\/22896597253_28a69ac871a00b39b963_72.jpg",
            "first_name": "Al",
            "real_name": "Al Boss",
            "display_name": "",
            "team": "T0D1XTUAD",
            "name": "alboss",
            "is_restricted": false,
            "is_ultra_restricted": false
        },
        "blocks": [
            {
                "type": "rich_text",
                "block_id": "mkt",
                "elements": [
                    {
                        "type": "rich_text_section",
                        "elements": [
                            {
                                "type": "user",
                                "user_id": "UUW3W20AU"
                            },
                            {
                                "type": "text",
                                "text": " That’s what I thought we did--abandon Skype and just fix the actual problem."
                            }
                        ]
                    }
                ]
            }
        ],
        "thread_ts": "1599690718.054800",
        "parent_user_id": "U0D1RV4N8"
    },
    {
        "client_msg_id": "2b740b28-124b-4826-a39b-4551c3bcf7b7",
        "type": "message",
        "text": "Oh, that’s smart <@U0NSCMBR8> But I’d probably spend my whole weekend programming that. And then I’d realize I was taking the Fearless Maintenance Lifehacks course, and cry.",
        "user": "U0D1RV4N8",
        "ts": "1599777806.062000",
        "team": "T0D1XTUAD",
        "user_team": "T0D1XTUAD",
        "source_team": "T0D1XTUAD",
        "user_profile": {
            "avatar_hash": "b0af0714bdde",
            "image_72": "https:\/\/avatars.slack-edge.com\/2019-05-22\/642788517284_b0af0714bddea68e9e1c_72.jpg",
            "first_name": "Derek",
            "real_name": "Derek Sheppard",
            "display_name": "Derek Sheppard",
            "team": "T0D1XTUAD",
            "name": "derek.sheppard",
            "is_restricted": false,
            "is_ultra_restricted": false
        },
        "blocks": [
            {
                "type": "rich_text",
                "block_id": "npK",
                "elements": [
                    {
                        "type": "rich_text_section",
                        "elements": [
                            {
                                "type": "text",
                                "text": "Oh, that’s smart "
                            },
                            {
                                "type": "user",
                                "user_id": "U0NSCMBR8"
                            },
                            {
                                "type": "text",
                                "text": " But I’d probably spend my whole weekend programming that. And then I’d realize I was taking the Fearless Maintenance Lifehacks course, and cry."
                            }
                        ]
                    }
                ]
            }
        ],
        "thread_ts": "1599690718.054800",
        "parent_user_id": "U0D1RV4N8"
    },
    {
        "client_msg_id": "97417fe9-5139-4740-a5f4-b05917f840d7",
        "type": "message",
        "text": "I have the certificate in Fearless Maintenance Lifehacks. It’s not worth getting.",
        "user": "U0NSCMBR8",
        "ts": "1599778127.062200",
        "team": "T0D1XTUAD",
        "user_team": "T0D1XTUAD",
        "source_team": "T0D1XTUAD",
        "user_profile": {
            "avatar_hash": "28a69ac871a0",
            "image_72": "https:\/\/avatars.slack-edge.com\/2016-02-24\/22896597253_28a69ac871a00b39b963_72.jpg",
            "first_name": "Al",
            "real_name": "Al Boss",
            "display_name": "",
            "team": "T0D1XTUAD",
            "name": "alboss",
            "is_restricted": false,
            "is_ultra_restricted": false
        },
        "blocks": [
            {
                "type": "rich_text",
                "block_id": "N2Qen",
                "elements": [
                    {
                        "type": "rich_text_section",
                        "elements": [
                            {
                                "type": "text",
                                "text": "I have the certificate in Fearless Maintenance Lifehacks. It’s not worth getting."
                            }
                        ]
                    }
                ]
            }
        ],
        "thread_ts": "1599690718.054800",
        "parent_user_id": "U0D1RV4N8",
        "reactions": [
            {
                "name": "homer_spinning",
                "users": [
                    "U0D1RV4N8"
                ],
                "count": 1
            }
        ]
    },
    {
        "client_msg_id": "9134335e-27a6-4550-b426-2dfa555cbc0e",
        "type": "message",
        "text": "<https:\/\/kcemployees.com\/2020\/09\/03\/king-county-is-moving-to-microsoft-teams-from-skype\/>",
        "user": "UUW3W20AU",
        "ts": "1599789014.062900",
        "team": "T0D1XTUAD",
        "user_team": "T0D1XTUAD",
        "source_team": "T0D1XTUAD",
        "user_profile": {
            "avatar_hash": "0c87430f5419",
            "image_72": "https:\/\/avatars.slack-edge.com\/2020-03-04\/984414387030_0c87430f5419d7de3cea_72.jpg",
            "first_name": "Elizabeth",
            "real_name": "Elizabeth Inglese",
            "display_name": "Tish",
            "team": "T0D1XTUAD",
            "name": "einglese",
            "is_restricted": false,
            "is_ultra_restricted": false
        },
        "attachments": [
            {
                "service_name": "Employee News",
                "service_url": "http:\/\/kcemployees.com",
                "title": "King County is moving to Microsoft Teams from Skype ",
                "title_link": "https:\/\/kcemployees.com\/2020\/09\/03\/king-county-is-moving-to-microsoft-teams-from-skype\/",
                "author_name": "Lilia Cabello Drain",
                "author_link": "https:\/\/kcemployees.com\/author\/liliacd\/",
                "thumb_url": "https:\/\/kingcountynews.files.wordpress.com\/2020\/01\/ms-teams.jpg?fit=200%2C150",
                "thumb_width": 182,
                "thumb_height": 102,
                "text": "Microsoft Teams will soon be the hub for communication and collaboration. Teams provides communication with phone calls, meetings and IMs; collaboration tools for the shared work, and support for virtual large meetings with Teams Live Events.\nWhat are the benefits?&nbsp;With&nbsp;Teams&nbsp;as&nbsp;the&nbsp;hub, working together will be easier:\nIM \/ Chat:&nbsp;Send&nbsp;IMs&nbsp;(instant messages)&nbsp;and&nbsp;chat with&nbsp;individuals, teams or groups,&nbsp;all in one location.\nMeet:&nbsp;Invite anyone with an email address to join&nbsp;a&nbsp;meeting&nbsp;to&nbsp;collaborate&nbsp;in&nbsp;real-time,&nbsp;share screens&nbsp;or use&nbsp;a&nbsp;digital whiteboard.\nCall:&nbsp;Make&nbsp;and&nbsp;receive calls&nbsp;within King County&nbsp;or&nbsp;to&nbsp;outside&nbsp;people or&nbsp;groups&nbsp;with no app&nbsp;needed.\nCollaborate:&nbsp;The new&nbsp;&ldquo;one-stop&rdquo; location for SharePoint, OneNote and Office tools.\nWhat will the&nbsp;move&nbsp;to Teams look like?&nbsp;The&nbsp;move&nbsp;will happen in&nbsp;two&nbsp;phases:&nbsp;The first users will&nbsp;move&nbsp;from Skype&nbsp;to Teams&nbsp;in October.&nbsp;Most&nbsp;employees will&nbsp;move by Dec.&nbsp;31.\nDuring the transition, Skype and Teams will coexist. That means:\nCalls&nbsp;and&nbsp;instant messages&nbsp;between&nbsp;Skype and Teams&nbsp;will work.\nUsers&nbsp;can attend Teams&nbsp;meetings&nbsp;Skype meetings,&nbsp;no matter which&nbsp;one&nbsp;&nbsp;is being used.\nAfter the&nbsp;move,&nbsp;Teams will be&nbsp;the&nbsp;single&nbsp;communication tool.\nZoom meetings will continue to be available for specific&nbsp;cases.\nHow will&nbsp;users&nbsp;be supported&nbsp;through&nbsp;this&nbsp;change?\nUsers&nbsp;may already have&nbsp;Teams on&nbsp;their&nbsp;computer. If not,&nbsp;they will&nbsp;get it&nbsp;soon.\nOnline training&nbsp;for Teams&nbsp;and live Q&amp;A sessions&nbsp;will be available.\nEach&nbsp;agency&nbsp;or department&nbsp;will have&nbsp;resident Teams&nbsp;experts&nbsp;to help.\nFor questions or more information,&nbsp;view&nbsp;the Skype-to-Teams FAQs, or,&nbsp;submit a Helpdesk ticket&nbsp;to work directly with a KCIT Trainer.",
                "fallback": "Employee News Link: King County is moving to Microsoft Teams from Skype ",
                "from_url": "https:\/\/kcemployees.com\/2020\/09\/03\/king-county-is-moving-to-microsoft-teams-from-skype\/",
                "service_icon": "https:\/\/secure.gravatar.com\/blavatar\/0d4f6b25d181a077f618d72aa70d81b8?s=114",
                "id": 1,
                "original_url": "https:\/\/kcemployees.com\/2020\/09\/03\/king-county-is-moving-to-microsoft-teams-from-skype\/"
            }
        ],
        "blocks": [
            {
                "type": "rich_text",
                "block_id": "0O=NA",
                "elements": [
                    {
                        "type": "rich_text_section",
                        "elements": [
                            {
                                "type": "link",
                                "url": "https:\/\/kcemployees.com\/2020\/09\/03\/king-county-is-moving-to-microsoft-teams-from-skype\/"
                            }
                        ]
                    }
                ]
            }
        ],
        "thread_ts": "1599789014.062900",
        "reply_count": 1,
        "reply_users_count": 1,
        "latest_reply": "1599841503.063400",
        "reply_users": [
            "U0NSCMBR8"
        ],
        "replies": [
            {
                "user": "U0NSCMBR8",
                "ts": "1599841503.063400"
            }
        ],
        "subscribed": false
    }
]