[
    {
        "client_msg_id": "39869b99-9ef1-433d-afbe-0bd0734b6452",
        "type": "message",
        "text": "If anyone is interested in a side gig teaching a remote college class, here are a couple opportunities from Cascadia College. They’re great to work for; I just have too much going on to take on a class. If you’re interested or know anyone who would be, the dean is Erik Tingelstad, <mailto:etingelstad@cascadia.edu|etingelstad@cascadia.edu>\n\nThe “Brian B” he refers to is one of the main faculty members there. His course materials are extensive, so you’d not have to write curriculum from scratch.\n\n• BIT 105 is a 2 credit course for the web app program called Careers in Professional Technology. It basically meets once a week, remotely this fall on Wednesdays at 3:30. You’d be working with students get a better understanding of the field, how to interview, prepare materials, etc. Previous instructors have brought in contacts as guest speakers and our advisor to the program has helped assist in the class previously so there’s a built in support mechanism. \n \n• The other class is BIT 271 – 5 credits, Mobile User Interface Design. Brian B has always taught this so there are good materials to share. You’re helping students work through design stages on a variety of mobile applications from concept to design. Brian’s on sabbatical in fall but I’d try to arrange for a meeting with him before hand to go over the course and materials.\n",
        "user": "U0NSCMBR8",
        "ts": "1596562307.081700",
        "team": "T0D1XTUAD",
        "user_team": "T0D1XTUAD",
        "source_team": "T0D1XTUAD",
        "user_profile": {
            "avatar_hash": "28a69ac871a0",
            "image_72": "https:\/\/avatars.slack-edge.com\/2016-02-24\/22896597253_28a69ac871a00b39b963_72.jpg",
            "first_name": "Al",
            "real_name": "Al Boss",
            "display_name": "",
            "team": "T0D1XTUAD",
            "name": "alboss",
            "is_restricted": false,
            "is_ultra_restricted": false
        },
        "blocks": [
            {
                "type": "rich_text",
                "block_id": "5=eeE",
                "elements": [
                    {
                        "type": "rich_text_section",
                        "elements": [
                            {
                                "type": "text",
                                "text": "If anyone is interested in a side gig teaching a remote college class, here are a couple opportunities from Cascadia College. They’re great to work for; I just have too much going on to take on a class. If you’re interested or know anyone who would be, the dean is Erik Tingelstad, "
                            },
                            {
                                "type": "link",
                                "url": "mailto:etingelstad@cascadia.edu",
                                "text": "etingelstad@cascadia.edu"
                            },
                            {
                                "type": "text",
                                "text": "\n\nThe “Brian B” he refers to is one of the main faculty members there. His course materials are extensive, so you’d not have to write curriculum from scratch.\n\n"
                            }
                        ]
                    },
                    {
                        "type": "rich_text_list",
                        "elements": [
                            {
                                "type": "rich_text_section",
                                "elements": [
                                    {
                                        "type": "text",
                                        "text": "BIT 105 is a 2 credit course for the web app program called Careers in Professional Technology. It basically meets once a week, remotely this fall on Wednesdays at 3:30. You’d be working with students get a better understanding of the field, how to interview, prepare materials, etc. Previous instructors have brought in contacts as guest speakers and our advisor to the program has helped assist in the class previously so there’s a built in support mechanism. "
                                    }
                                ]
                            }
                        ],
                        "style": "bullet",
                        "indent": 0
                    },
                    {
                        "type": "rich_text_section",
                        "elements": [
                            {
                                "type": "text",
                                "text": " \n"
                            }
                        ]
                    },
                    {
                        "type": "rich_text_list",
                        "elements": [
                            {
                                "type": "rich_text_section",
                                "elements": [
                                    {
                                        "type": "text",
                                        "text": "The other class is BIT 271 – 5 credits, Mobile User Interface Design. Brian B has always taught this so there are good materials to share. You’re helping students work through design stages on a variety of mobile applications from concept to design. Brian’s on sabbatical in fall but I’d try to arrange for a meeting with him before hand to go over the course and materials."
                                    }
                                ]
                            }
                        ],
                        "style": "bullet",
                        "indent": 0
                    },
                    {
                        "type": "rich_text_section",
                        "elements": []
                    }
                ]
            }
        ]
    },
    {
        "client_msg_id": "01b3137f-5655-4ce7-89df-1f4ae76d67d4",
        "type": "message",
        "text": "With the initial launch of King County's upgraded Sitecore content management system and website design last Friday at <https:\/\/kingcounty.gov\/en\/>, King County has begun its transition to a cleaner IT footprint-- part of King County's high-priority initiative to respond to climate change.  The new web system is hosted in Microsoft’s Azure cloud platform, and I'm projecting that Microsoft’s efforts to go carbon negative this decade will reduce our emissions from our web operations.  They're developing an IT footprint calculator for customers to check progress.\n\nMicrosoft’s work is described at <https:\/\/youtu.be\/KoGS-MUOTe8>.\n\nInterestingly a former King County colleague, Elizabeth Willmott, now heads up Microsoft’s Carbon Program.",
        "user": "UUJNED77D",
        "ts": "1596566424.082800",
        "team": "T0D1XTUAD",
        "user_team": "T0D1XTUAD",
        "source_team": "T0D1XTUAD",
        "user_profile": {
            "avatar_hash": "5f4a213e859b",
            "image_72": "https:\/\/avatars.slack-edge.com\/2020-03-04\/982713408789_5f4a213e859b7369a972_72.jpg",
            "first_name": "Fred",
            "real_name": "Fred Bentler",
            "display_name": "Fred Bentler",
            "team": "T0D1XTUAD",
            "name": "fred.bentler",
            "is_restricted": false,
            "is_ultra_restricted": false
        },
        "attachments": [
            {
                "service_name": "YouTube",
                "service_url": "https:\/\/www.youtube.com\/",
                "title": "Progress on Microsoft's goal to be carbon negative by 2030",
                "title_link": "https:\/\/youtu.be\/KoGS-MUOTe8",
                "author_name": "Microsoft",
                "author_link": "https:\/\/www.youtube.com\/user\/Microsoft",
                "thumb_url": "https:\/\/i.ytimg.com\/vi\/KoGS-MUOTe8\/hqdefault.jpg",
                "thumb_width": 480,
                "thumb_height": 360,
                "fallback": "YouTube Video: Progress on Microsoft's goal to be carbon negative by 2030",
                "video_html": "<iframe width=\"400\" height=\"225\" src=\"https:\/\/www.youtube.com\/embed\/KoGS-MUOTe8?feature=oembed&autoplay=1&iv_load_policy=3\" frameborder=\"0\" allow=\"accelerometer; autoplay; encrypted-media; gyroscope; picture-in-picture\" allowfullscreen><\/iframe>",
                "video_html_width": 400,
                "video_html_height": 225,
                "from_url": "https:\/\/youtu.be\/KoGS-MUOTe8",
                "service_icon": "https:\/\/a.slack-edge.com\/80588\/img\/unfurl_icons\/youtube.png",
                "id": 1,
                "original_url": "https:\/\/youtu.be\/KoGS-MUOTe8"
            }
        ],
        "blocks": [
            {
                "type": "rich_text",
                "block_id": "5AxOo",
                "elements": [
                    {
                        "type": "rich_text_section",
                        "elements": [
                            {
                                "type": "text",
                                "text": "With the initial launch of King County's upgraded Sitecore content management system and website design last Friday at "
                            },
                            {
                                "type": "link",
                                "url": "https:\/\/kingcounty.gov\/en\/"
                            },
                            {
                                "type": "text",
                                "text": ", King County has begun its transition to a cleaner IT footprint-- part of King County's high-priority initiative to respond to climate change.  The new web system is hosted in Microsoft’s Azure cloud platform, and I'm projecting that Microsoft’s efforts to go carbon negative this decade will reduce our emissions from our web operations.  They're developing an IT footprint calculator for customers to check progress.\n\nMicrosoft’s work is described at "
                            },
                            {
                                "type": "link",
                                "url": "https:\/\/youtu.be\/KoGS-MUOTe8"
                            },
                            {
                                "type": "text",
                                "text": ".\n\nInterestingly a former King County colleague, Elizabeth Willmott, now heads up Microsoft’s Carbon Program."
                            }
                        ]
                    }
                ]
            }
        ]
    }
]