[
    {
        "client_msg_id": "af331a1e-fa7f-4c6d-9793-9286c79e9f76",
        "type": "message",
        "text": "I'm pretty sure that's why I'm here, to receive this amazing message. I can die now.",
        "user": "UTV659Z8X",
        "ts": "1587744299.228500",
        "team": "T0D1XTUAD",
        "user_team": "T0D1XTUAD",
        "source_team": "T0D1XTUAD",
        "user_profile": {
            "avatar_hash": "gcdcd1928542",
            "image_72": "https:\/\/secure.gravatar.com\/avatar\/cdcd1928542317a9b98db6f980dc1212.jpg?s=72&d=https%3A%2F%2Fa.slack-edge.com%2Fdf10d%2Fimg%2Favatars%2Fava_0021-72.png",
            "first_name": "",
            "real_name": "Joy Cordell",
            "display_name": "Joy Cordell",
            "team": "T0D1XTUAD",
            "name": "n-jcordell",
            "is_restricted": false,
            "is_ultra_restricted": false
        },
        "blocks": [
            {
                "type": "rich_text",
                "block_id": "7Os",
                "elements": [
                    {
                        "type": "rich_text_section",
                        "elements": [
                            {
                                "type": "text",
                                "text": "I'm pretty sure that's why I'm here, to receive this amazing message. I can die now."
                            }
                        ]
                    }
                ]
            }
        ],
        "thread_ts": "1587699263.227500",
        "parent_user_id": "U0NSCMBR8",
        "reactions": [
            {
                "name": "joy",
                "users": [
                    "U0NSCMBR8"
                ],
                "count": 1
            }
        ]
    },
    {
        "client_msg_id": "7472a887-e1ac-4de9-b816-3e50e36ee52b",
        "type": "message",
        "text": "Joy, that response just made my day. But you’re not allowed to die now.",
        "user": "U0NSCMBR8",
        "ts": "1587747815.229400",
        "team": "T0D1XTUAD",
        "user_team": "T0D1XTUAD",
        "source_team": "T0D1XTUAD",
        "user_profile": {
            "avatar_hash": "28a69ac871a0",
            "image_72": "https:\/\/avatars.slack-edge.com\/2016-02-24\/22896597253_28a69ac871a00b39b963_72.jpg",
            "first_name": "Al",
            "real_name": "Al Boss",
            "display_name": "",
            "team": "T0D1XTUAD",
            "name": "alboss",
            "is_restricted": false,
            "is_ultra_restricted": false
        },
        "edited": {
            "user": "U0NSCMBR8",
            "ts": "1587747830.000000"
        },
        "blocks": [
            {
                "type": "rich_text",
                "block_id": "94+ww",
                "elements": [
                    {
                        "type": "rich_text_section",
                        "elements": [
                            {
                                "type": "text",
                                "text": "Joy, that response just made my day. But you’re not allowed to die now."
                            }
                        ]
                    }
                ]
            }
        ],
        "thread_ts": "1587699263.227500",
        "parent_user_id": "U0NSCMBR8",
        "reactions": [
            {
                "name": "grin",
                "users": [
                    "UTV659Z8X"
                ],
                "count": 1
            }
        ]
    },
    {
        "client_msg_id": "4689f222-de92-4ae6-b9cf-6f46625940e3",
        "type": "message",
        "text": "OH DEAR GOD! Just when I thought the Shpritzer (TM) Toilet Paper Back Up System manual was the best thing I've ever read ... Al goes and writes this! hahahahahaaaaaaa",
        "user": "UUW3W20AU",
        "ts": "1587748066.229700",
        "team": "T0D1XTUAD",
        "user_team": "T0D1XTUAD",
        "source_team": "T0D1XTUAD",
        "user_profile": {
            "avatar_hash": "0c87430f5419",
            "image_72": "https:\/\/avatars.slack-edge.com\/2020-03-04\/984414387030_0c87430f5419d7de3cea_72.jpg",
            "first_name": "Elizabeth",
            "real_name": "Elizabeth Inglese",
            "display_name": "Tish",
            "team": "T0D1XTUAD",
            "name": "einglese",
            "is_restricted": false,
            "is_ultra_restricted": false
        },
        "blocks": [
            {
                "type": "rich_text",
                "block_id": "rAWI",
                "elements": [
                    {
                        "type": "rich_text_section",
                        "elements": [
                            {
                                "type": "text",
                                "text": "OH DEAR GOD! Just when I thought the Shpritzer (TM) Toilet Paper Back Up System manual was the best thing I've ever read ... Al goes and writes this! hahahahahaaaaaaa"
                            }
                        ]
                    }
                ]
            }
        ],
        "thread_ts": "1587699263.227500",
        "parent_user_id": "U0NSCMBR8"
    },
    {
        "client_msg_id": "b5ce7e34-5b6b-48a9-af80-32aee4e911fd",
        "type": "message",
        "text": "So I wasn't the only one who got that cryptic text last night!?",
        "user": "UUW3W20AU",
        "ts": "1587748112.230500",
        "team": "T0D1XTUAD",
        "user_team": "T0D1XTUAD",
        "source_team": "T0D1XTUAD",
        "user_profile": {
            "avatar_hash": "0c87430f5419",
            "image_72": "https:\/\/avatars.slack-edge.com\/2020-03-04\/984414387030_0c87430f5419d7de3cea_72.jpg",
            "first_name": "Elizabeth",
            "real_name": "Elizabeth Inglese",
            "display_name": "Tish",
            "team": "T0D1XTUAD",
            "name": "einglese",
            "is_restricted": false,
            "is_ultra_restricted": false
        },
        "blocks": [
            {
                "type": "rich_text",
                "block_id": "lMEW",
                "elements": [
                    {
                        "type": "rich_text_section",
                        "elements": [
                            {
                                "type": "text",
                                "text": "So I wasn't the only one who got that cryptic text last night!?"
                            }
                        ]
                    }
                ]
            }
        ],
        "thread_ts": "1587695757.227100",
        "parent_user_id": "U0D1W09V4"
    },
    {
        "client_msg_id": "6d8685b7-98e1-4363-8cde-5a48481ed6d5",
        "type": "message",
        "text": "No. I sat there thinking, do I ignore this and risk that someone doesn’t get the rescue help they need, or do I call 911 and risk being a dork. I went with being a dork. She said nearly all of King County was calling them. She was laughing. I think it was still early.",
        "user": "U0D1W09V4",
        "ts": "1587748489.230900",
        "team": "T0D1XTUAD",
        "user_team": "T0D1XTUAD",
        "source_team": "T0D1XTUAD",
        "user_profile": {
            "avatar_hash": "69a03f210a7e",
            "image_72": "https:\/\/avatars.slack-edge.com\/2020-04-03\/1036225284226_69a03f210a7ec4e12108_72.jpg",
            "first_name": "Beth",
            "real_name": "Beth Cheatham",
            "display_name": "beth.cheatham",
            "team": "T0D1XTUAD",
            "name": "beth.cheatham",
            "is_restricted": false,
            "is_ultra_restricted": false
        },
        "blocks": [
            {
                "type": "rich_text",
                "block_id": "hmEC",
                "elements": [
                    {
                        "type": "rich_text_section",
                        "elements": [
                            {
                                "type": "text",
                                "text": "No. I sat there thinking, do I ignore this and risk that someone doesn’t get the rescue help they need, or do I call 911 and risk being a dork. I went with being a dork. She said nearly all of King County was calling them. She was laughing. I think it was still early."
                            }
                        ]
                    }
                ]
            }
        ],
        "thread_ts": "1587695757.227100",
        "parent_user_id": "U0D1W09V4"
    },
    {
        "client_msg_id": "622de989-6f7c-4ba2-9f64-c20624b3e3f9",
        "type": "message",
        "text": "I thought it was someone's cry for help who was drowning because their car went off a bridge into a river!",
        "user": "UUW3W20AU",
        "ts": "1587748556.231100",
        "team": "T0D1XTUAD",
        "user_team": "T0D1XTUAD",
        "source_team": "T0D1XTUAD",
        "user_profile": {
            "avatar_hash": "0c87430f5419",
            "image_72": "https:\/\/avatars.slack-edge.com\/2020-03-04\/984414387030_0c87430f5419d7de3cea_72.jpg",
            "first_name": "Elizabeth",
            "real_name": "Elizabeth Inglese",
            "display_name": "Tish",
            "team": "T0D1XTUAD",
            "name": "einglese",
            "is_restricted": false,
            "is_ultra_restricted": false
        },
        "blocks": [
            {
                "type": "rich_text",
                "block_id": "QWbs",
                "elements": [
                    {
                        "type": "rich_text_section",
                        "elements": [
                            {
                                "type": "text",
                                "text": "I thought it was someone's cry for help who was drowning because their car went off a bridge into a river!"
                            }
                        ]
                    }
                ]
            }
        ],
        "thread_ts": "1587695757.227100",
        "parent_user_id": "U0D1W09V4"
    },
    {
        "client_msg_id": "a32b20b6-e952-4b61-aa51-e1371dd552b9",
        "type": "message",
        "text": "It was a King County Marine Rescue person sending a message asking for additional resources. It was someone in the river. I think he was in a big hurry, so it was urgent",
        "user": "U0D1W09V4",
        "ts": "1587748859.231300",
        "team": "T0D1XTUAD",
        "user_team": "T0D1XTUAD",
        "source_team": "T0D1XTUAD",
        "user_profile": {
            "avatar_hash": "69a03f210a7e",
            "image_72": "https:\/\/avatars.slack-edge.com\/2020-04-03\/1036225284226_69a03f210a7ec4e12108_72.jpg",
            "first_name": "Beth",
            "real_name": "Beth Cheatham",
            "display_name": "beth.cheatham",
            "team": "T0D1XTUAD",
            "name": "beth.cheatham",
            "is_restricted": false,
            "is_ultra_restricted": false
        },
        "blocks": [
            {
                "type": "rich_text",
                "block_id": "3dFw=",
                "elements": [
                    {
                        "type": "rich_text_section",
                        "elements": [
                            {
                                "type": "text",
                                "text": "It was a King County Marine Rescue person sending a message asking for additional resources. It was someone in the river. I think he was in a big hurry, so it was urgent"
                            }
                        ]
                    }
                ]
            }
        ],
        "thread_ts": "1587695757.227100",
        "parent_user_id": "U0D1W09V4"
    },
    {
        "client_msg_id": "32f1670d-10cc-4d5e-b24e-d2fb854c6e8c",
        "type": "message",
        "text": "We (visual designers) used to get calls at work from inmates in the KC prison ... I also thought it was maybe one of the prisoners finally hacking into our alert system",
        "user": "UUW3W20AU",
        "ts": "1587748916.231500",
        "team": "T0D1XTUAD",
        "user_team": "T0D1XTUAD",
        "source_team": "T0D1XTUAD",
        "user_profile": {
            "avatar_hash": "0c87430f5419",
            "image_72": "https:\/\/avatars.slack-edge.com\/2020-03-04\/984414387030_0c87430f5419d7de3cea_72.jpg",
            "first_name": "Elizabeth",
            "real_name": "Elizabeth Inglese",
            "display_name": "Tish",
            "team": "T0D1XTUAD",
            "name": "einglese",
            "is_restricted": false,
            "is_ultra_restricted": false
        },
        "blocks": [
            {
                "type": "rich_text",
                "block_id": "4Bc",
                "elements": [
                    {
                        "type": "rich_text_section",
                        "elements": [
                            {
                                "type": "text",
                                "text": "We (visual designers) used to get calls at work from inmates in the KC prison ... I also thought it was maybe one of the prisoners finally hacking into our alert system"
                            }
                        ]
                    }
                ]
            }
        ],
        "thread_ts": "1587695757.227100",
        "parent_user_id": "U0D1W09V4"
    },
    {
        "client_msg_id": "494fa10e-f7da-42e2-a63d-6057da1d0c49",
        "type": "message",
        "text": "Happy Friday all you hunkerdowners!\nJust trying to keep y’all safe. Don’t be injecting cleaning agents into your body this weekend. :syringe:\n<https:\/\/www.politico.com\/news\/2020\/04\/24\/lysol-maker-warns-against-injecting-disinfectants-trump-coronavirus-theory-206268>",
        "user": "UUJNECG67",
        "ts": "1587749092.233700",
        "team": "T0D1XTUAD",
        "user_team": "T0D1XTUAD",
        "source_team": "T0D1XTUAD",
        "user_profile": {
            "avatar_hash": "3770b096c03c",
            "image_72": "https:\/\/avatars.slack-edge.com\/2020-08-27\/1329102233075_3770b096c03ccdfc53b6_72.png",
            "first_name": "Andrea",
            "real_name": "Andrea",
            "display_name": "Andrea",
            "team": "T0D1XTUAD",
            "name": "andrea.rouleau",
            "is_restricted": false,
            "is_ultra_restricted": false
        },
        "attachments": [
            {
                "service_name": "POLITICO",
                "title": "Trump gets stung from all sides after floating injections of disinfectants",
                "title_link": "https:\/\/www.politico.com\/news\/2020\/04\/24\/lysol-maker-warns-against-injecting-disinfectants-trump-coronavirus-theory-206268",
                "text": "The president, who has championed unproven coronavirus treatments, embraced the dangerous practice as a potential cure.",
                "fallback": "POLITICO: Trump gets stung from all sides after floating injections of disinfectants",
                "image_url": "https:\/\/static.politico.com\/b4\/e2\/ef527d404717947676f99ce8600d\/200424-donald-trump-gty-773.jpg",
                "from_url": "https:\/\/www.politico.com\/news\/2020\/04\/24\/lysol-maker-warns-against-injecting-disinfectants-trump-coronavirus-theory-206268",
                "image_width": 375,
                "image_height": 250,
                "image_bytes": 2024747,
                "service_icon": "https:\/\/www.politico.com\/favicon.ico",
                "id": 1,
                "original_url": "https:\/\/www.politico.com\/news\/2020\/04\/24\/lysol-maker-warns-against-injecting-disinfectants-trump-coronavirus-theory-206268"
            }
        ],
        "blocks": [
            {
                "type": "rich_text",
                "block_id": "IYKJ",
                "elements": [
                    {
                        "type": "rich_text_section",
                        "elements": [
                            {
                                "type": "text",
                                "text": "Happy Friday all you hunkerdowners!\nJust trying to keep y’all safe. Don’t be injecting cleaning agents into your body this weekend. "
                            },
                            {
                                "type": "emoji",
                                "name": "syringe"
                            },
                            {
                                "type": "text",
                                "text": "\n"
                            },
                            {
                                "type": "link",
                                "url": "https:\/\/www.politico.com\/news\/2020\/04\/24\/lysol-maker-warns-against-injecting-disinfectants-trump-coronavirus-theory-206268"
                            }
                        ]
                    }
                ]
            }
        ],
        "thread_ts": "1587749092.233700",
        "reply_count": 3,
        "reply_users_count": 3,
        "latest_reply": "1587768869.237200",
        "reply_users": [
            "U0NSCMBR8",
            "UUW3W20AU",
            "UUJNED77D"
        ],
        "replies": [
            {
                "user": "U0NSCMBR8",
                "ts": "1587749136.233900"
            },
            {
                "user": "UUW3W20AU",
                "ts": "1587750436.236200"
            },
            {
                "user": "UUJNED77D",
                "ts": "1587768869.237200"
            }
        ],
        "subscribed": false,
        "reactions": [
            {
                "name": "woman-facepalming",
                "users": [
                    "UUW3W20AU"
                ],
                "count": 1
            }
        ]
    },
    {
        "client_msg_id": "274fef4e-b0c8-4b9a-ab61-0f7086d49d98",
        "type": "message",
        "text": "I’m guessing he said that Democrats should try this but not Republicans.",
        "user": "U0NSCMBR8",
        "ts": "1587749136.233900",
        "team": "T0D1XTUAD",
        "user_team": "T0D1XTUAD",
        "source_team": "T0D1XTUAD",
        "user_profile": {
            "avatar_hash": "28a69ac871a0",
            "image_72": "https:\/\/avatars.slack-edge.com\/2016-02-24\/22896597253_28a69ac871a00b39b963_72.jpg",
            "first_name": "Al",
            "real_name": "Al Boss",
            "display_name": "",
            "team": "T0D1XTUAD",
            "name": "alboss",
            "is_restricted": false,
            "is_ultra_restricted": false
        },
        "blocks": [
            {
                "type": "rich_text",
                "block_id": "\/HMYb",
                "elements": [
                    {
                        "type": "rich_text_section",
                        "elements": [
                            {
                                "type": "text",
                                "text": "I’m guessing he said that Democrats should try this but not Republicans."
                            }
                        ]
                    }
                ]
            }
        ],
        "thread_ts": "1587749092.233700",
        "parent_user_id": "UUJNECG67"
    },
    {
        "client_msg_id": "c0aa57b9-dc86-4fca-a29d-bc72556503fb",
        "type": "message",
        "text": "I don’t know whether to laugh or cry at this type of leadership!",
        "user": "UUYA52R62",
        "ts": "1587749501.234900",
        "team": "T0D1XTUAD",
        "user_team": "T0D1XTUAD",
        "source_team": "T0D1XTUAD",
        "user_profile": {
            "avatar_hash": "f531e7d6faab",
            "image_72": "https:\/\/avatars.slack-edge.com\/2020-03-04\/982723133077_f531e7d6faab4698e662_72.jpg",
            "first_name": "Laurel",
            "real_name": "Laurel Preston",
            "display_name": "Laurel Preston",
            "team": "T0D1XTUAD",
            "name": "laurel.preston",
            "is_restricted": false,
            "is_ultra_restricted": false
        },
        "blocks": [
            {
                "type": "rich_text",
                "block_id": "soV",
                "elements": [
                    {
                        "type": "rich_text_section",
                        "elements": [
                            {
                                "type": "text",
                                "text": "I don’t know whether to laugh or cry at this type of leadership!"
                            }
                        ]
                    }
                ]
            }
        ],
        "thread_ts": "1587749501.234900",
        "reply_count": 1,
        "reply_users_count": 1,
        "latest_reply": "1587753583.236900",
        "reply_users": [
            "U5Y0B4XC3"
        ],
        "replies": [
            {
                "user": "U5Y0B4XC3",
                "ts": "1587753583.236900"
            }
        ],
        "subscribed": false,
        "reactions": [
            {
                "name": "sob",
                "users": [
                    "U7EQMP760",
                    "UUJNECG67",
                    "UUL14UHHP"
                ],
                "count": 3
            }
        ]
    },
    {
        "client_msg_id": "adcb5698-9072-4db9-b251-705e70bff2b6",
        "type": "message",
        "text": "I’d like to suggest he take his own advice. I’m sure the results will be something to celebrate.",
        "user": "UUJNECG67",
        "ts": "1587749687.235900",
        "team": "T0D1XTUAD",
        "user_team": "T0D1XTUAD",
        "source_team": "T0D1XTUAD",
        "user_profile": {
            "avatar_hash": "3770b096c03c",
            "image_72": "https:\/\/avatars.slack-edge.com\/2020-08-27\/1329102233075_3770b096c03ccdfc53b6_72.png",
            "first_name": "Andrea",
            "real_name": "Andrea",
            "display_name": "Andrea",
            "team": "T0D1XTUAD",
            "name": "andrea.rouleau",
            "is_restricted": false,
            "is_ultra_restricted": false
        },
        "blocks": [
            {
                "type": "rich_text",
                "block_id": "Pal",
                "elements": [
                    {
                        "type": "rich_text_section",
                        "elements": [
                            {
                                "type": "text",
                                "text": "I’d like to suggest he take his own advice. I’m sure the results will be something to celebrate."
                            }
                        ]
                    }
                ]
            }
        ],
        "reactions": [
            {
                "name": "+1",
                "users": [
                    "UFDNKQCU9",
                    "UUL14UHHP"
                ],
                "count": 2
            },
            {
                "name": "joy",
                "users": [
                    "UUW3W20AU"
                ],
                "count": 1
            }
        ]
    },
    {
        "client_msg_id": "6dfa678d-db56-49d6-9995-f761594bb30d",
        "type": "message",
        "text": "A buddy of mine marked himself \"safe from injecting disinfectant\" on FB this a.m., haha",
        "user": "UUW3W20AU",
        "ts": "1587750436.236200",
        "team": "T0D1XTUAD",
        "user_team": "T0D1XTUAD",
        "source_team": "T0D1XTUAD",
        "user_profile": {
            "avatar_hash": "0c87430f5419",
            "image_72": "https:\/\/avatars.slack-edge.com\/2020-03-04\/984414387030_0c87430f5419d7de3cea_72.jpg",
            "first_name": "Elizabeth",
            "real_name": "Elizabeth Inglese",
            "display_name": "Tish",
            "team": "T0D1XTUAD",
            "name": "einglese",
            "is_restricted": false,
            "is_ultra_restricted": false
        },
        "blocks": [
            {
                "type": "rich_text",
                "block_id": "BjWL",
                "elements": [
                    {
                        "type": "rich_text_section",
                        "elements": [
                            {
                                "type": "text",
                                "text": "A buddy of mine marked himself \"safe from injecting disinfectant\" on FB this a.m., haha"
                            }
                        ]
                    }
                ]
            }
        ],
        "thread_ts": "1587749092.233700",
        "parent_user_id": "UUJNECG67",
        "reactions": [
            {
                "name": "+1::skin-tone-4",
                "users": [
                    "UUJNECG67",
                    "UFDNKQCU9"
                ],
                "count": 2
            },
            {
                "name": "rolling_on_the_floor_laughing",
                "users": [
                    "U0NSCMBR8"
                ],
                "count": 1
            },
            {
                "name": "syringe",
                "users": [
                    "U0NSCMBR8"
                ],
                "count": 1
            }
        ]
    },
    {
        "client_msg_id": "e361d2bf-0d7f-42d7-8934-ea1f1a3e1c8e",
        "type": "message",
        "text": "&lt;&gt; Leadership",
        "user": "U5Y0B4XC3",
        "ts": "1587753583.236900",
        "team": "T0D1XTUAD",
        "user_team": "T0D1XTUAD",
        "source_team": "T0D1XTUAD",
        "user_profile": {
            "avatar_hash": "da718d235064",
            "image_72": "https:\/\/avatars.slack-edge.com\/2019-05-20\/629478633218_da718d2350648f939113_72.jpg",
            "first_name": "Pam",
            "real_name": "Pam Shales",
            "display_name": "Pam Shales",
            "team": "T0D1XTUAD",
            "name": "pshales",
            "is_restricted": false,
            "is_ultra_restricted": false
        },
        "blocks": [
            {
                "type": "rich_text",
                "block_id": "7viK",
                "elements": [
                    {
                        "type": "rich_text_section",
                        "elements": [
                            {
                                "type": "text",
                                "text": "<> Leadership"
                            }
                        ]
                    }
                ]
            }
        ],
        "thread_ts": "1587749501.234900",
        "parent_user_id": "UUYA52R62"
    },
    {
        "client_msg_id": "a949e18d-36a9-4767-8775-e2a4e4967ed2",
        "type": "message",
        "text": "The technical term for injecting disinfectants is \"embalming\".",
        "user": "UUJNED77D",
        "ts": "1587768869.237200",
        "team": "T0D1XTUAD",
        "user_team": "T0D1XTUAD",
        "source_team": "T0D1XTUAD",
        "user_profile": {
            "avatar_hash": "5f4a213e859b",
            "image_72": "https:\/\/avatars.slack-edge.com\/2020-03-04\/982713408789_5f4a213e859b7369a972_72.jpg",
            "first_name": "Fred",
            "real_name": "Fred Bentler",
            "display_name": "Fred Bentler",
            "team": "T0D1XTUAD",
            "name": "fred.bentler",
            "is_restricted": false,
            "is_ultra_restricted": false
        },
        "edited": {
            "user": "UUJNED77D",
            "ts": "1587998193.000000"
        },
        "blocks": [
            {
                "type": "rich_text",
                "block_id": "U4EQ",
                "elements": [
                    {
                        "type": "rich_text_section",
                        "elements": [
                            {
                                "type": "text",
                                "text": "The technical term for injecting disinfectants is \"embalming\"."
                            }
                        ]
                    }
                ]
            }
        ],
        "thread_ts": "1587749092.233700",
        "parent_user_id": "UUJNECG67"
    },
    {
        "client_msg_id": "539df686-6875-47f1-95c6-b8ff26390eef",
        "type": "message",
        "text": "I love how some businesses have been so nimble. Neat Pike Place Market Mother’s Day gift idea <https:\/\/shop.savorseattletours.com\/collections\/market-essentials-box\/products\/5-4-5-10-iconic-market-box-mothers-day-special>",
        "user": "U0D1W09V4",
        "ts": "1587782741.238400",
        "team": "T0D1XTUAD",
        "user_team": "T0D1XTUAD",
        "source_team": "T0D1XTUAD",
        "user_profile": {
            "avatar_hash": "69a03f210a7e",
            "image_72": "https:\/\/avatars.slack-edge.com\/2020-04-03\/1036225284226_69a03f210a7ec4e12108_72.jpg",
            "first_name": "Beth",
            "real_name": "Beth Cheatham",
            "display_name": "beth.cheatham",
            "team": "T0D1XTUAD",
            "name": "beth.cheatham",
            "is_restricted": false,
            "is_ultra_restricted": false
        },
        "attachments": [
            {
                "service_name": "Savor Seattle Food Delivery",
                "title": "5\/4 - 5\/10: Iconic Market Box - Mother's Day Special!",
                "title_link": "https:\/\/shop.savorseattletours.com\/collections\/market-essentials-box\/products\/5-4-5-10-iconic-market-box-mothers-day-special",
                "text": "The Iconic Market Box is a collection of your favorite Pike Place Market vendors. Each week, we feature a different mix of artisan Market foods, giving you a true taste of what Pike Place Market is all about! Delivery* is available through the week and special delivery on Sunday for Mother's Day. Curbside pickup is ava",
                "fallback": "Savor Seattle Food Delivery: 5\/4 - 5\/10: Iconic Market Box - Mother's Day Special!",
                "image_url": "http:\/\/cdn.shopify.com\/s\/files\/1\/0357\/1138\/5733\/products\/Wk7WholeAssortment-Square_1200x1200.jpg?v=1587711110",
                "from_url": "https:\/\/shop.savorseattletours.com\/collections\/market-essentials-box\/products\/5-4-5-10-iconic-market-box-mothers-day-special",
                "image_width": 250,
                "image_height": 250,
                "image_bytes": 39671,
                "id": 1,
                "original_url": "https:\/\/shop.savorseattletours.com\/collections\/market-essentials-box\/products\/5-4-5-10-iconic-market-box-mothers-day-special"
            }
        ],
        "blocks": [
            {
                "type": "rich_text",
                "block_id": "iMP",
                "elements": [
                    {
                        "type": "rich_text_section",
                        "elements": [
                            {
                                "type": "text",
                                "text": "I love how some businesses have been so nimble. Neat Pike Place Market Mother’s Day gift idea "
                            },
                            {
                                "type": "link",
                                "url": "https:\/\/shop.savorseattletours.com\/collections\/market-essentials-box\/products\/5-4-5-10-iconic-market-box-mothers-day-special"
                            }
                        ]
                    }
                ]
            }
        ],
        "reactions": [
            {
                "name": "heart",
                "users": [
                    "UUJNECG67",
                    "U7EP7P2JW"
                ],
                "count": 2
            },
            {
                "name": "+1",
                "users": [
                    "U7EP7P2JW",
                    "UUJNED77D"
                ],
                "count": 2
            },
            {
                "name": "pray",
                "users": [
                    "UUJNED77D"
                ],
                "count": 1
            }
        ]
    }
]