[
    {
        "client_msg_id": "571ac41a-fc1b-4c84-a507-8b401f48135c",
        "type": "message",
        "text": "_Warning: community development geek alert._ In today’s check-in, <@UUHCZU5UJ> <@U7EQMP760> brought up the devastating effects the pandemic and post-pandemic migration out of offices might have on downtown businesses.\n\nSome of what I read claims that our society snaps back into old habits quickly and therefore patterns of workplace location will return, which won’t save the current downtown businesses but will spawn replacements, and in 5-10 years the big picture will look the same even though countless individual lives will have been tossed around like fall leaves.\n\nSome of what I read completely disagrees, saying the whole paradigm of where we do our work has changed and enough people like it this way that the support structures will have to change along with it. In theory, that would shift infrastructure like restaurants, stores, and services back into neighborhoods, like it used to be before everyone got automobiles. Transit will focus more on moving people around their neighborhoods to this new infrastructure. Downtowns will remain a destination for things that require density, like entertainment, certain services, things that require heavy-duty infrastructure, and offices that function best when not remote. Neighborhoods will get better broadband infrastructure, and there will be a rise of telecenters and co-working spaces and such things to serve the social and physical needs people can’t get in home offices. A lot of this school of thought is pretty far-fetched and would take a long time to work out.\n\nBoth these views seem pretty extreme; I imagine what we’ll actually see over time is pieces of both.\n\nI’m torn. I think spending time near where you live instead of just watching TV and sleeping there could be a big cultural improvement, particularly if it got people out of cars time spent on long commutes. On the other hand, I moved to a city because I like cities: I like the  the energy and the spontaneous generation and the diversity and the choices and the entertainment and excess, and if I wanted to give that up I’d move to an island somewhere. (Mind you, with the bridge out, the island came to me, but that’s not what I had in mind.) So, I’m not sure what to make of it.",
        "user": "U0NSCMBR8",
        "ts": "1597078052.090400",
        "team": "T0D1XTUAD",
        "user_team": "T0D1XTUAD",
        "source_team": "T0D1XTUAD",
        "user_profile": {
            "avatar_hash": "28a69ac871a0",
            "image_72": "https:\/\/avatars.slack-edge.com\/2016-02-24\/22896597253_28a69ac871a00b39b963_72.jpg",
            "first_name": "Al",
            "real_name": "Al Boss",
            "display_name": "",
            "team": "T0D1XTUAD",
            "name": "alboss",
            "is_restricted": false,
            "is_ultra_restricted": false
        },
        "blocks": [
            {
                "type": "rich_text",
                "block_id": "g\/1ad",
                "elements": [
                    {
                        "type": "rich_text_section",
                        "elements": [
                            {
                                "type": "text",
                                "text": "Warning: community development geek alert. ",
                                "style": {
                                    "italic": true
                                }
                            },
                            {
                                "type": "text",
                                "text": "In today’s check-in, "
                            },
                            {
                                "type": "user",
                                "user_id": "UUHCZU5UJ"
                            },
                            {
                                "type": "text",
                                "text": " "
                            },
                            {
                                "type": "user",
                                "user_id": "U7EQMP760"
                            },
                            {
                                "type": "text",
                                "text": " brought up the devastating effects the pandemic and post-pandemic migration out of offices might have on downtown businesses.\n\nSome of what I read claims that our society snaps back into old habits quickly and therefore patterns of workplace location will return, which won’t save the current downtown businesses but will spawn replacements, and in 5-10 years the big picture will look the same even though countless individual lives will have been tossed around like fall leaves.\n\nSome of what I read completely disagrees, saying the whole paradigm of where we do our work has changed and enough people like it this way that the support structures will have to change along with it. In theory, that would shift infrastructure like restaurants, stores, and services back into neighborhoods, like it used to be before everyone got automobiles. Transit will focus more on moving people around their neighborhoods to this new infrastructure. Downtowns will remain a destination for things that require density, like entertainment, certain services, things that require heavy-duty infrastructure, and offices that function best when not remote. Neighborhoods will get better broadband infrastructure, and there will be a rise of telecenters and co-working spaces and such things to serve the social and physical needs people can’t get in home offices. A lot of this school of thought is pretty far-fetched and would take a long time to work out.\n\nBoth these views seem pretty extreme; I imagine what we’ll actually see over time is pieces of both.\n\nI’m torn. I think spending time near where you live instead of just watching TV and sleeping there could be a big cultural improvement, particularly if it got people out of cars time spent on long commutes. On the other hand, I moved to a city because I like cities: I like the  the energy and the spontaneous generation and the diversity and the choices and the entertainment and excess, and if I wanted to give that up I’d move to an island somewhere. (Mind you, with the bridge out, the island came to me, but that’s not what I had in mind.) So, I’m not sure what to make of it."
                            }
                        ]
                    }
                ]
            }
        ],
        "thread_ts": "1597078052.090400",
        "reply_count": 2,
        "reply_users_count": 2,
        "latest_reply": "1597102171.096700",
        "reply_users": [
            "UUW3W20AU",
            "U0NSCMBR8"
        ],
        "replies": [
            {
                "user": "UUW3W20AU",
                "ts": "1597094586.096500"
            },
            {
                "user": "U0NSCMBR8",
                "ts": "1597102171.096700"
            }
        ],
        "subscribed": false,
        "reactions": [
            {
                "name": "disappointed",
                "users": [
                    "UUW3W20AU"
                ],
                "count": 1
            }
        ]
    },
    {
        "client_msg_id": "6737ad9c-4a38-4b00-a2bb-b8fdc7d0d366",
        "type": "message",
        "text": "'",
        "user": "U0D1RV4N8",
        "ts": "1597078100.090600",
        "team": "T0D1XTUAD",
        "user_team": "T0D1XTUAD",
        "source_team": "T0D1XTUAD",
        "user_profile": {
            "avatar_hash": "b0af0714bdde",
            "image_72": "https:\/\/avatars.slack-edge.com\/2019-05-22\/642788517284_b0af0714bddea68e9e1c_72.jpg",
            "first_name": "Derek",
            "real_name": "Derek Sheppard",
            "display_name": "Derek Sheppard",
            "team": "T0D1XTUAD",
            "name": "derek.sheppard",
            "is_restricted": false,
            "is_ultra_restricted": false
        },
        "blocks": [
            {
                "type": "rich_text",
                "block_id": "Aw2DY",
                "elements": [
                    {
                        "type": "rich_text_section",
                        "elements": [
                            {
                                "type": "text",
                                "text": "'"
                            }
                        ]
                    }
                ]
            }
        ],
        "thread_ts": "1597078100.090600",
        "reply_count": 8,
        "reply_users_count": 4,
        "latest_reply": "1597094360.096200",
        "reply_users": [
            "U0NSCMBR8",
            "U0D1RV4N8",
            "U5Y0BDK51",
            "UUW3W20AU"
        ],
        "replies": [
            {
                "user": "U0NSCMBR8",
                "ts": "1597078131.090700"
            },
            {
                "user": "U0D1RV4N8",
                "ts": "1597078158.091000"
            },
            {
                "user": "U0NSCMBR8",
                "ts": "1597078179.091200"
            },
            {
                "user": "U0D1RV4N8",
                "ts": "1597078244.091400"
            },
            {
                "user": "U0NSCMBR8",
                "ts": "1597078287.091600"
            },
            {
                "user": "U5Y0BDK51",
                "ts": "1597078306.091800"
            },
            {
                "user": "U0NSCMBR8",
                "ts": "1597078351.092000"
            },
            {
                "user": "UUW3W20AU",
                "ts": "1597094360.096200"
            }
        ],
        "subscribed": false
    },
    {
        "client_msg_id": "396daba9-e2f5-44f2-9918-30e01b526c08",
        "type": "message",
        "text": "I’m not quite sure how to respond to that.",
        "user": "U0NSCMBR8",
        "ts": "1597078131.090700",
        "team": "T0D1XTUAD",
        "user_team": "T0D1XTUAD",
        "source_team": "T0D1XTUAD",
        "user_profile": {
            "avatar_hash": "28a69ac871a0",
            "image_72": "https:\/\/avatars.slack-edge.com\/2016-02-24\/22896597253_28a69ac871a00b39b963_72.jpg",
            "first_name": "Al",
            "real_name": "Al Boss",
            "display_name": "",
            "team": "T0D1XTUAD",
            "name": "alboss",
            "is_restricted": false,
            "is_ultra_restricted": false
        },
        "blocks": [
            {
                "type": "rich_text",
                "block_id": "UZV",
                "elements": [
                    {
                        "type": "rich_text_section",
                        "elements": [
                            {
                                "type": "text",
                                "text": "I’m not quite sure how to respond to that."
                            }
                        ]
                    }
                ]
            }
        ],
        "thread_ts": "1597078100.090600",
        "parent_user_id": "U0D1RV4N8"
    },
    {
        "client_msg_id": "3c1e2155-a020-4cfe-bc43-c753856bddfc",
        "type": "message",
        "text": "Accidental keyboard mash.",
        "user": "U0D1RV4N8",
        "ts": "1597078158.091000",
        "team": "T0D1XTUAD",
        "user_team": "T0D1XTUAD",
        "source_team": "T0D1XTUAD",
        "user_profile": {
            "avatar_hash": "b0af0714bdde",
            "image_72": "https:\/\/avatars.slack-edge.com\/2019-05-22\/642788517284_b0af0714bddea68e9e1c_72.jpg",
            "first_name": "Derek",
            "real_name": "Derek Sheppard",
            "display_name": "Derek Sheppard",
            "team": "T0D1XTUAD",
            "name": "derek.sheppard",
            "is_restricted": false,
            "is_ultra_restricted": false
        },
        "blocks": [
            {
                "type": "rich_text",
                "block_id": "jR125",
                "elements": [
                    {
                        "type": "rich_text_section",
                        "elements": [
                            {
                                "type": "text",
                                "text": "Accidental keyboard mash."
                            }
                        ]
                    }
                ]
            }
        ],
        "thread_ts": "1597078100.090600",
        "parent_user_id": "U0D1RV4N8"
    },
    {
        "client_msg_id": "23d77204-31f7-42da-a942-4c656939cf6f",
        "type": "message",
        "text": "Their second album was the best.",
        "user": "U0NSCMBR8",
        "ts": "1597078179.091200",
        "team": "T0D1XTUAD",
        "user_team": "T0D1XTUAD",
        "source_team": "T0D1XTUAD",
        "user_profile": {
            "avatar_hash": "28a69ac871a0",
            "image_72": "https:\/\/avatars.slack-edge.com\/2016-02-24\/22896597253_28a69ac871a00b39b963_72.jpg",
            "first_name": "Al",
            "real_name": "Al Boss",
            "display_name": "",
            "team": "T0D1XTUAD",
            "name": "alboss",
            "is_restricted": false,
            "is_ultra_restricted": false
        },
        "blocks": [
            {
                "type": "rich_text",
                "block_id": "3X2",
                "elements": [
                    {
                        "type": "rich_text_section",
                        "elements": [
                            {
                                "type": "text",
                                "text": "Their second album was the best."
                            }
                        ]
                    }
                ]
            }
        ],
        "thread_ts": "1597078100.090600",
        "parent_user_id": "U0D1RV4N8"
    },
    {
        "client_msg_id": "f6867dd1-cda4-4b89-8334-5f48ef20483e",
        "type": "message",
        "text": "Real fans prefer the b-sides on their demo.",
        "user": "U0D1RV4N8",
        "ts": "1597078244.091400",
        "team": "T0D1XTUAD",
        "user_team": "T0D1XTUAD",
        "source_team": "T0D1XTUAD",
        "user_profile": {
            "avatar_hash": "b0af0714bdde",
            "image_72": "https:\/\/avatars.slack-edge.com\/2019-05-22\/642788517284_b0af0714bddea68e9e1c_72.jpg",
            "first_name": "Derek",
            "real_name": "Derek Sheppard",
            "display_name": "Derek Sheppard",
            "team": "T0D1XTUAD",
            "name": "derek.sheppard",
            "is_restricted": false,
            "is_ultra_restricted": false
        },
        "blocks": [
            {
                "type": "rich_text",
                "block_id": "Hx4",
                "elements": [
                    {
                        "type": "rich_text_section",
                        "elements": [
                            {
                                "type": "text",
                                "text": "Real fans prefer the b-sides on their demo."
                            }
                        ]
                    }
                ]
            }
        ],
        "thread_ts": "1597078100.090600",
        "parent_user_id": "U0D1RV4N8"
    },
    {
        "client_msg_id": "105e6d00-43e1-4c91-b785-12b6f634d327",
        "type": "message",
        "text": "Vinyl always wins.",
        "user": "U0NSCMBR8",
        "ts": "1597078287.091600",
        "team": "T0D1XTUAD",
        "user_team": "T0D1XTUAD",
        "source_team": "T0D1XTUAD",
        "user_profile": {
            "avatar_hash": "28a69ac871a0",
            "image_72": "https:\/\/avatars.slack-edge.com\/2016-02-24\/22896597253_28a69ac871a00b39b963_72.jpg",
            "first_name": "Al",
            "real_name": "Al Boss",
            "display_name": "",
            "team": "T0D1XTUAD",
            "name": "alboss",
            "is_restricted": false,
            "is_ultra_restricted": false
        },
        "blocks": [
            {
                "type": "rich_text",
                "block_id": "xira",
                "elements": [
                    {
                        "type": "rich_text_section",
                        "elements": [
                            {
                                "type": "text",
                                "text": "Vinyl always wins."
                            }
                        ]
                    }
                ]
            }
        ],
        "thread_ts": "1597078100.090600",
        "parent_user_id": "U0D1RV4N8"
    },
    {
        "client_msg_id": "227a4b89-8c01-4147-b191-8d55006ecd90",
        "type": "message",
        "text": ":point_up::skin-tone-3: this just made my morning",
        "user": "U5Y0BDK51",
        "ts": "1597078306.091800",
        "team": "T0D1XTUAD",
        "user_team": "T0D1XTUAD",
        "source_team": "T0D1XTUAD",
        "user_profile": {
            "avatar_hash": "8ead721adcae",
            "image_72": "https:\/\/avatars.slack-edge.com\/2020-02-27\/973218989973_8ead721adcae603f0609_72.jpg",
            "first_name": "Marisa",
            "real_name": "Marisa Mellema",
            "display_name": "Marisa Mellema",
            "team": "T0D1XTUAD",
            "name": "marisam",
            "is_restricted": false,
            "is_ultra_restricted": false
        },
        "blocks": [
            {
                "type": "rich_text",
                "block_id": "9=QV9",
                "elements": [
                    {
                        "type": "rich_text_section",
                        "elements": [
                            {
                                "type": "emoji",
                                "name": "point_up",
                                "skin_tone": 3
                            },
                            {
                                "type": "text",
                                "text": " this just made my morning"
                            }
                        ]
                    }
                ]
            }
        ],
        "thread_ts": "1597078100.090600",
        "parent_user_id": "U0D1RV4N8",
        "reactions": [
            {
                "name": "the_horns::skin-tone-3",
                "users": [
                    "U0NSCMBR8"
                ],
                "count": 1
            }
        ]
    },
    {
        "client_msg_id": "e486f211-0a20-43d7-8ad1-c769493e1ecd",
        "type": "message",
        "text": "My work here is done. It’s 9:52am, that’s quittin’ time in the entertainment group!",
        "user": "U0NSCMBR8",
        "ts": "1597078351.092000",
        "team": "T0D1XTUAD",
        "user_team": "T0D1XTUAD",
        "source_team": "T0D1XTUAD",
        "user_profile": {
            "avatar_hash": "28a69ac871a0",
            "image_72": "https:\/\/avatars.slack-edge.com\/2016-02-24\/22896597253_28a69ac871a00b39b963_72.jpg",
            "first_name": "Al",
            "real_name": "Al Boss",
            "display_name": "",
            "team": "T0D1XTUAD",
            "name": "alboss",
            "is_restricted": false,
            "is_ultra_restricted": false
        },
        "blocks": [
            {
                "type": "rich_text",
                "block_id": "3u6H",
                "elements": [
                    {
                        "type": "rich_text_section",
                        "elements": [
                            {
                                "type": "text",
                                "text": "My work here is done. It’s 9:52am, that’s quittin’ time in the entertainment group!"
                            }
                        ]
                    }
                ]
            }
        ],
        "thread_ts": "1597078100.090600",
        "parent_user_id": "U0D1RV4N8",
        "reactions": [
            {
                "name": "dvd",
                "users": [
                    "U0D1RV4N8",
                    "U7EP7P2JW"
                ],
                "count": 2
            }
        ]
    },
    {
        "client_msg_id": "a54081d8-368e-45cc-98ad-4b1938eacef2",
        "type": "message",
        "text": "Apparently the county’s spam system intercepts emails sent from LucidChart, so if you share something in that tool don’t count on the recipient seeing the email unless they peruse their intercepted mail. (I found a couple from the IA document that <@U0D1W09V4> is working on.)\n\nThis is probably going to happen in most third-party tools that send email that’s made to be from a <http:\/\/kingcounty.gov|kingcounty.gov> address. I’ve noticed it with a couple other tools here as well.",
        "user": "U0NSCMBR8",
        "ts": "1597084900.095700",
        "team": "T0D1XTUAD",
        "user_team": "T0D1XTUAD",
        "source_team": "T0D1XTUAD",
        "user_profile": {
            "avatar_hash": "28a69ac871a0",
            "image_72": "https:\/\/avatars.slack-edge.com\/2016-02-24\/22896597253_28a69ac871a00b39b963_72.jpg",
            "first_name": "Al",
            "real_name": "Al Boss",
            "display_name": "",
            "team": "T0D1XTUAD",
            "name": "alboss",
            "is_restricted": false,
            "is_ultra_restricted": false
        },
        "blocks": [
            {
                "type": "rich_text",
                "block_id": "nLx",
                "elements": [
                    {
                        "type": "rich_text_section",
                        "elements": [
                            {
                                "type": "text",
                                "text": "Apparently the county’s spam system intercepts emails sent from LucidChart, so if you share something in that tool don’t count on the recipient seeing the email unless they peruse their intercepted mail. (I found a couple from the IA document that "
                            },
                            {
                                "type": "user",
                                "user_id": "U0D1W09V4"
                            },
                            {
                                "type": "text",
                                "text": " is working on.)\n\nThis is probably going to happen in most third-party tools that send email that’s made to be from a "
                            },
                            {
                                "type": "link",
                                "url": "http:\/\/kingcounty.gov",
                                "text": "kingcounty.gov"
                            },
                            {
                                "type": "text",
                                "text": " address. I’ve noticed it with a couple other tools here as well."
                            }
                        ]
                    }
                ]
            }
        ],
        "thread_ts": "1597084900.095700",
        "reply_count": 2,
        "reply_users_count": 2,
        "latest_reply": "1597085665.096000",
        "reply_users": [
            "UTV659Z8X",
            "U0NSCMBR8"
        ],
        "replies": [
            {
                "user": "UTV659Z8X",
                "ts": "1597085521.095800"
            },
            {
                "user": "U0NSCMBR8",
                "ts": "1597085665.096000"
            }
        ],
        "subscribed": false
    },
    {
        "client_msg_id": "66d4766e-8bea-418e-be73-26b5c313764f",
        "type": "message",
        "text": "I've pretty much been getting LucidChart emails, but on my Other tab in Outlook. There's also an issue with saving that I ran into--tech support said that it can happen if the network isn't stable. I did a new sitemap and it wouldn't save and you also can't copy stuff out of Lucidchart to save elsewhere. I sent a message to tech support and left my laptop on over the weekend. By Monday it had saved, and tech support did get back to me. But it was a bit of a nailbiter.",
        "user": "UTV659Z8X",
        "ts": "1597085521.095800",
        "team": "T0D1XTUAD",
        "user_team": "T0D1XTUAD",
        "source_team": "T0D1XTUAD",
        "user_profile": {
            "avatar_hash": "gcdcd1928542",
            "image_72": "https:\/\/secure.gravatar.com\/avatar\/cdcd1928542317a9b98db6f980dc1212.jpg?s=72&d=https%3A%2F%2Fa.slack-edge.com%2Fdf10d%2Fimg%2Favatars%2Fava_0021-72.png",
            "first_name": "",
            "real_name": "Joy Cordell",
            "display_name": "Joy Cordell",
            "team": "T0D1XTUAD",
            "name": "n-jcordell",
            "is_restricted": false,
            "is_ultra_restricted": false
        },
        "blocks": [
            {
                "type": "rich_text",
                "block_id": "14r\/",
                "elements": [
                    {
                        "type": "rich_text_section",
                        "elements": [
                            {
                                "type": "text",
                                "text": "I've pretty much been getting LucidChart emails, but on my Other tab in Outlook. There's also an issue with saving that I ran into--tech support said that it can happen if the network isn't stable. I did a new sitemap and it wouldn't save and you also can't copy stuff out of Lucidchart to save elsewhere. I sent a message to tech support and left my laptop on over the weekend. By Monday it had saved, and tech support did get back to me. But it was a bit of a nailbiter."
                            }
                        ]
                    }
                ]
            }
        ],
        "thread_ts": "1597084900.095700",
        "parent_user_id": "U0NSCMBR8"
    },
    {
        "client_msg_id": "639ade2c-4a24-4820-8fe9-772d2a5f0d57",
        "type": "message",
        "text": "Yikes. A definite nailbiter.",
        "user": "U0NSCMBR8",
        "ts": "1597085665.096000",
        "team": "T0D1XTUAD",
        "user_team": "T0D1XTUAD",
        "source_team": "T0D1XTUAD",
        "user_profile": {
            "avatar_hash": "28a69ac871a0",
            "image_72": "https:\/\/avatars.slack-edge.com\/2016-02-24\/22896597253_28a69ac871a00b39b963_72.jpg",
            "first_name": "Al",
            "real_name": "Al Boss",
            "display_name": "",
            "team": "T0D1XTUAD",
            "name": "alboss",
            "is_restricted": false,
            "is_ultra_restricted": false
        },
        "blocks": [
            {
                "type": "rich_text",
                "block_id": "Y9vZ0",
                "elements": [
                    {
                        "type": "rich_text_section",
                        "elements": [
                            {
                                "type": "text",
                                "text": "Yikes. A definite nailbiter."
                            }
                        ]
                    }
                ]
            }
        ],
        "thread_ts": "1597084900.095700",
        "parent_user_id": "U0NSCMBR8"
    },
    {
        "client_msg_id": "b6cbbe69-d654-461d-9491-d9194b809d1e",
        "type": "message",
        "text": "hahahaha ... this is great!",
        "user": "UUW3W20AU",
        "ts": "1597094360.096200",
        "team": "T0D1XTUAD",
        "user_team": "T0D1XTUAD",
        "source_team": "T0D1XTUAD",
        "user_profile": {
            "avatar_hash": "0c87430f5419",
            "image_72": "https:\/\/avatars.slack-edge.com\/2020-03-04\/984414387030_0c87430f5419d7de3cea_72.jpg",
            "first_name": "Elizabeth",
            "real_name": "Elizabeth Inglese",
            "display_name": "Tish",
            "team": "T0D1XTUAD",
            "name": "einglese",
            "is_restricted": false,
            "is_ultra_restricted": false
        },
        "blocks": [
            {
                "type": "rich_text",
                "block_id": "TjZe",
                "elements": [
                    {
                        "type": "rich_text_section",
                        "elements": [
                            {
                                "type": "text",
                                "text": "hahahaha ... this is great!"
                            }
                        ]
                    }
                ]
            }
        ],
        "thread_ts": "1597078100.090600",
        "parent_user_id": "U0D1RV4N8"
    },
    {
        "client_msg_id": "2c1d58d0-0f42-46b8-a0e6-d94848c460a8",
        "type": "message",
        "text": "I keep thinking about that older Vietnamese guy who owns the hole in the wall tailor shop across from KSC on Jackson. He's been there for decades sustaining that business. Would be sad to see him go under because of this.\nI have been wondering why I'm still paying so much to live in Seattle ... \"location, location, location\" is not really valid right now.",
        "user": "UUW3W20AU",
        "ts": "1597094586.096500",
        "team": "T0D1XTUAD",
        "user_team": "T0D1XTUAD",
        "source_team": "T0D1XTUAD",
        "user_profile": {
            "avatar_hash": "0c87430f5419",
            "image_72": "https:\/\/avatars.slack-edge.com\/2020-03-04\/984414387030_0c87430f5419d7de3cea_72.jpg",
            "first_name": "Elizabeth",
            "real_name": "Elizabeth Inglese",
            "display_name": "Tish",
            "team": "T0D1XTUAD",
            "name": "einglese",
            "is_restricted": false,
            "is_ultra_restricted": false
        },
        "blocks": [
            {
                "type": "rich_text",
                "block_id": "R7W3z",
                "elements": [
                    {
                        "type": "rich_text_section",
                        "elements": [
                            {
                                "type": "text",
                                "text": "I keep thinking about that older Vietnamese guy who owns the hole in the wall tailor shop across from KSC on Jackson. He's been there for decades sustaining that business. Would be sad to see him go under because of this.\nI have been wondering why I'm still paying so much to live in Seattle ... \"location, location, location\" is not really valid right now."
                            }
                        ]
                    }
                ]
            }
        ],
        "thread_ts": "1597078052.090400",
        "parent_user_id": "U0NSCMBR8"
    },
    {
        "client_msg_id": "b366f9a7-242f-4a59-9a7d-93e4c6315e89",
        "type": "message",
        "text": "I was thinking of him (the tailor) as well; that’s funny. I’m pretty sure he lives above the shop. I saw him there a week ago Sunday when I was downtown clearing out my veal-fattening pen.\n\nAnd I’m pretty sure you’re paying so much to live in Seattle for the music, which I have faith will somehow bounce back, even if the venues are gone and new ones have to claw their way back. Technology is amazing in what it can do, but it’s nowhere near able to replicate the energy of a live show.",
        "user": "U0NSCMBR8",
        "ts": "1597102171.096700",
        "team": "T0D1XTUAD",
        "user_team": "T0D1XTUAD",
        "source_team": "T0D1XTUAD",
        "user_profile": {
            "avatar_hash": "28a69ac871a0",
            "image_72": "https:\/\/avatars.slack-edge.com\/2016-02-24\/22896597253_28a69ac871a00b39b963_72.jpg",
            "first_name": "Al",
            "real_name": "Al Boss",
            "display_name": "",
            "team": "T0D1XTUAD",
            "name": "alboss",
            "is_restricted": false,
            "is_ultra_restricted": false
        },
        "blocks": [
            {
                "type": "rich_text",
                "block_id": "JqdJB",
                "elements": [
                    {
                        "type": "rich_text_section",
                        "elements": [
                            {
                                "type": "text",
                                "text": "I was thinking of him (the tailor) as well; that’s funny. I’m pretty sure he lives above the shop. I saw him there a week ago Sunday when I was downtown clearing out my veal-fattening pen.\n\nAnd I’m pretty sure you’re paying so much to live in Seattle for the music, which I have faith will somehow bounce back, even if the venues are gone and new ones have to claw their way back. Technology is amazing in what it can do, but it’s nowhere near able to replicate the energy of a live show."
                            }
                        ]
                    }
                ]
            }
        ],
        "thread_ts": "1597078052.090400",
        "parent_user_id": "U0NSCMBR8"
    },
    {
        "client_msg_id": "8e0d75d8-7191-4af1-8b7a-f0333d911842",
        "type": "message",
        "text": "In the “Fascinating mapping” category, we have this tool that lets you use a slider to set the number of people at a given event, and see the odds of there being someone there with COVID-19.\n\n62% for a hundred-person event in King County. (80% in Pierce County, so no Tacoma Dome for me. And 100% in Chelan County.)\nWith only 25 people at the event, it’s still 22% odds here in King County. (And 79% in Okanogan County, so that’s a “No.“)\nRestrict the event to 10 people and we have a 9% risk of someone actively harboring the virus. (Or go to Douglas County and it’s 51%. Yipe.)\n\n<https:\/\/covid19risk.biosci.gatech.edu\/>",
        "user": "U0NSCMBR8",
        "ts": "1597107295.101500",
        "team": "T0D1XTUAD",
        "user_team": "T0D1XTUAD",
        "source_team": "T0D1XTUAD",
        "user_profile": {
            "avatar_hash": "28a69ac871a0",
            "image_72": "https:\/\/avatars.slack-edge.com\/2016-02-24\/22896597253_28a69ac871a00b39b963_72.jpg",
            "first_name": "Al",
            "real_name": "Al Boss",
            "display_name": "",
            "team": "T0D1XTUAD",
            "name": "alboss",
            "is_restricted": false,
            "is_ultra_restricted": false
        },
        "blocks": [
            {
                "type": "rich_text",
                "block_id": "YpKe",
                "elements": [
                    {
                        "type": "rich_text_section",
                        "elements": [
                            {
                                "type": "text",
                                "text": "In the “Fascinating mapping” category, we have this tool that lets you use a slider to set the number of people at a given event, and see the odds of there being someone there with COVID-19.\n\n62% for a hundred-person event in King County. (80% in Pierce County, so no Tacoma Dome for me. And 100% in Chelan County.)\nWith only 25 people at the event, it’s still 22% odds here in King County. (And 79% in Okanogan County, so that’s a “No.“)\nRestrict the event to 10 people and we have a 9% risk of someone actively harboring the virus. (Or go to Douglas County and it’s 51%. Yipe.)\n\n"
                            },
                            {
                                "type": "link",
                                "url": "https:\/\/covid19risk.biosci.gatech.edu\/"
                            }
                        ]
                    }
                ]
            }
        ],
        "thread_ts": "1597107295.101500",
        "reply_count": 2,
        "reply_users_count": 2,
        "latest_reply": "1597155894.102300",
        "reply_users": [
            "UUW3W20AU",
            "UTV659Z8X"
        ],
        "replies": [
            {
                "user": "UUW3W20AU",
                "ts": "1597114626.102000"
            },
            {
                "user": "UTV659Z8X",
                "ts": "1597155894.102300"
            }
        ],
        "subscribed": false,
        "reactions": [
            {
                "name": "+1",
                "users": [
                    "UTJPVN880"
                ],
                "count": 1
            }
        ]
    },
    {
        "client_msg_id": "d4dd373a-5e02-4e4d-8b11-6c5f068ec2f3",
        "type": "message",
        "text": "Thanks <@U0NSCMBR8> this is a really great post!",
        "user": "UTJPVN880",
        "ts": "1597108693.101800",
        "team": "T0D1XTUAD",
        "user_team": "T0D1XTUAD",
        "source_team": "T0D1XTUAD",
        "user_profile": {
            "avatar_hash": "e0fd7b937159",
            "image_72": "https:\/\/avatars.slack-edge.com\/2020-02-26\/972867120199_e0fd7b9371597938830e_72.png",
            "first_name": "",
            "real_name": "Matt Adleberg",
            "display_name": "Matt Adleberg",
            "team": "T0D1XTUAD",
            "name": "madleberg",
            "is_restricted": false,
            "is_ultra_restricted": false
        },
        "blocks": [
            {
                "type": "rich_text",
                "block_id": "Fx4y",
                "elements": [
                    {
                        "type": "rich_text_section",
                        "elements": [
                            {
                                "type": "text",
                                "text": "Thanks "
                            },
                            {
                                "type": "user",
                                "user_id": "U0NSCMBR8"
                            },
                            {
                                "type": "text",
                                "text": " this is a really great post!"
                            }
                        ]
                    }
                ]
            }
        ]
    },
    {
        "client_msg_id": "c5eb0a48-7e99-470d-ba13-7c85f19cf2ee",
        "type": "message",
        "text": "This is seriously brilliant!",
        "user": "UUW3W20AU",
        "ts": "1597114626.102000",
        "team": "T0D1XTUAD",
        "user_team": "T0D1XTUAD",
        "source_team": "T0D1XTUAD",
        "user_profile": {
            "avatar_hash": "0c87430f5419",
            "image_72": "https:\/\/avatars.slack-edge.com\/2020-03-04\/984414387030_0c87430f5419d7de3cea_72.jpg",
            "first_name": "Elizabeth",
            "real_name": "Elizabeth Inglese",
            "display_name": "Tish",
            "team": "T0D1XTUAD",
            "name": "einglese",
            "is_restricted": false,
            "is_ultra_restricted": false
        },
        "edited": {
            "user": "UUW3W20AU",
            "ts": "1597114641.000000"
        },
        "blocks": [
            {
                "type": "rich_text",
                "block_id": "Lpcfd",
                "elements": [
                    {
                        "type": "rich_text_section",
                        "elements": [
                            {
                                "type": "text",
                                "text": "This is seriously brilliant!"
                            }
                        ]
                    }
                ]
            }
        ],
        "thread_ts": "1597107295.101500",
        "parent_user_id": "U0NSCMBR8"
    }
]