[
    {
        "client_msg_id": "4ae8fc4c-ca78-47c2-8294-49ac4159f398",
        "type": "message",
        "text": "Sharing an article that is both thought-provoking and hopeful.\n“Distancing does not necessarily mean loss, but can open up new possibilities... the physical distance that the virus forced upon us also created new closeness. We met people who we would never have met otherwise. We contacted old friends more often, strengthened ties that had become loose. Families, neighbours, friends, have become closer and sometimes even solved hidden conflicts.”\n<https:\/\/www.horx.com\/en\/48-the-post-corona-world>",
        "user": "U0NSCMBR8",
        "ts": "1585663332.056500",
        "team": "T0D1XTUAD",
        "user_team": "T0D1XTUAD",
        "source_team": "T0D1XTUAD",
        "user_profile": {
            "avatar_hash": "28a69ac871a0",
            "image_72": "https:\/\/avatars.slack-edge.com\/2016-02-24\/22896597253_28a69ac871a00b39b963_72.jpg",
            "first_name": "Al",
            "real_name": "Al Boss",
            "display_name": "",
            "team": "T0D1XTUAD",
            "name": "alboss",
            "is_restricted": false,
            "is_ultra_restricted": false
        },
        "blocks": [
            {
                "type": "rich_text",
                "block_id": "aKhi",
                "elements": [
                    {
                        "type": "rich_text_section",
                        "elements": [
                            {
                                "type": "text",
                                "text": "Sharing an article that is both thought-provoking and hopeful.\n“Distancing does not necessarily mean loss, but can open up new possibilities... the physical distance that the virus forced upon us also created new closeness. We met people who we would never have met otherwise. We contacted old friends more often, strengthened ties that had become loose. Families, neighbours, friends, have become closer and sometimes even solved hidden conflicts.”\n"
                            },
                            {
                                "type": "link",
                                "url": "https:\/\/www.horx.com\/en\/48-the-post-corona-world"
                            }
                        ]
                    }
                ]
            }
        ],
        "reactions": [
            {
                "name": "heart",
                "users": [
                    "UTJQGG2MT"
                ],
                "count": 1
            }
        ]
    },
    {
        "client_msg_id": "5dc4d1dd-2b80-4f7f-a71d-ab8669f011f3",
        "type": "message",
        "text": "There’s also a very interesting global call-out from the UN, for creatives: <https:\/\/www.talenthouse.com\/i\/united-nations-global-call-out-to-creatives-help-stop-the-spread-of-covid-19>",
        "user": "U0NSCMBR8",
        "ts": "1585663780.057700",
        "team": "T0D1XTUAD",
        "user_team": "T0D1XTUAD",
        "source_team": "T0D1XTUAD",
        "user_profile": {
            "avatar_hash": "28a69ac871a0",
            "image_72": "https:\/\/avatars.slack-edge.com\/2016-02-24\/22896597253_28a69ac871a00b39b963_72.jpg",
            "first_name": "Al",
            "real_name": "Al Boss",
            "display_name": "",
            "team": "T0D1XTUAD",
            "name": "alboss",
            "is_restricted": false,
            "is_ultra_restricted": false
        },
        "edited": {
            "user": "U0NSCMBR8",
            "ts": "1585663797.000000"
        },
        "attachments": [
            {
                "service_name": "Talenthouse",
                "title": "United Nations Global Call Out To Creatives - help stop the spread of COVID-19",
                "title_link": "https:\/\/www.talenthouse.com\/i\/united-nations-global-call-out-to-creatives-help-stop-the-spread-of-covid-19",
                "text": "The UN has issued an open call to creatives around the world, giving you the power to change the world.",
                "fallback": "Talenthouse: United Nations Global Call Out To Creatives - help stop the spread of COVID-19",
                "image_url": "https:\/\/talenthouse-res.cloudinary.com\/image\/upload\/c_limit,f_auto,h_630,q_85,w_1200\/v1\/invites\/vrolgqskmdlv1egzcg4h.jpg",
                "from_url": "https:\/\/www.talenthouse.com\/i\/united-nations-global-call-out-to-creatives-help-stop-the-spread-of-covid-19",
                "image_width": 375,
                "image_height": 250,
                "image_bytes": 47514,
                "service_icon": "https:\/\/d1kg5xhpkii99b.cloudfront.net\/images\/favicon.ico",
                "id": 1,
                "original_url": "https:\/\/www.talenthouse.com\/i\/united-nations-global-call-out-to-creatives-help-stop-the-spread-of-covid-19"
            }
        ],
        "blocks": [
            {
                "type": "rich_text",
                "block_id": "Y=qg",
                "elements": [
                    {
                        "type": "rich_text_section",
                        "elements": [
                            {
                                "type": "text",
                                "text": "There’s also a very interesting global call-out from the UN, for creatives: "
                            },
                            {
                                "type": "link",
                                "url": "https:\/\/www.talenthouse.com\/i\/united-nations-global-call-out-to-creatives-help-stop-the-spread-of-covid-19"
                            }
                        ]
                    }
                ]
            }
        ],
        "reactions": [
            {
                "name": "clap",
                "users": [
                    "UTV659Z8X"
                ],
                "count": 1
            },
            {
                "name": "+1",
                "users": [
                    "U7EP7P2JW"
                ],
                "count": 1
            }
        ]
    },
    {
        "client_msg_id": "a2863e72-80ee-4893-a7ac-d99af3be7ac8",
        "type": "message",
        "text": "Someone posted a collection of animal co-worker photos. Warning--you might be unable to leave this page for a long time. <https:\/\/www.askamanager.org\/2020\/03\/here-are-your-animal-coworkers.html>",
        "user": "U0NSCMBR8",
        "ts": "1585672832.059100",
        "team": "T0D1XTUAD",
        "user_team": "T0D1XTUAD",
        "source_team": "T0D1XTUAD",
        "user_profile": {
            "avatar_hash": "28a69ac871a0",
            "image_72": "https:\/\/avatars.slack-edge.com\/2016-02-24\/22896597253_28a69ac871a00b39b963_72.jpg",
            "first_name": "Al",
            "real_name": "Al Boss",
            "display_name": "",
            "team": "T0D1XTUAD",
            "name": "alboss",
            "is_restricted": false,
            "is_ultra_restricted": false
        },
        "edited": {
            "user": "U0NSCMBR8",
            "ts": "1585673997.000000"
        },
        "attachments": [
            {
                "service_name": "Ask a Manager",
                "title": "here are your animal coworkers — Ask a Manager",
                "title_link": "https:\/\/www.askamanager.org\/2020\/03\/here-are-your-animal-coworkers.html",
                "text": "With so many people working from home with animal coworkers, obviously we need to see photos of your new colleagues. When I put out a call for pictures",
                "fallback": "Ask a Manager: here are your animal coworkers — Ask a Manager",
                "image_url": "https:\/\/www.askamanager.org\/wp-content\/uploads\/2014\/04\/bannersmfb.png",
                "image_width": 296,
                "image_height": 250,
                "ts": 1585603797,
                "from_url": "https:\/\/www.askamanager.org\/2020\/03\/here-are-your-animal-coworkers.html",
                "image_bytes": 64167,
                "service_icon": "https:\/\/www.askamanager.org\/apple-touch-icon.png",
                "id": 1,
                "original_url": "https:\/\/www.askamanager.org\/2020\/03\/here-are-your-animal-coworkers.html"
            }
        ],
        "blocks": [
            {
                "type": "rich_text",
                "block_id": "Upl0v",
                "elements": [
                    {
                        "type": "rich_text_section",
                        "elements": [
                            {
                                "type": "text",
                                "text": "Someone posted a collection of animal co-worker photos. Warning--you might be unable to leave this page for a long time. "
                            },
                            {
                                "type": "link",
                                "url": "https:\/\/www.askamanager.org\/2020\/03\/here-are-your-animal-coworkers.html"
                            }
                        ]
                    }
                ]
            }
        ],
        "thread_ts": "1585672832.059100",
        "reply_count": 6,
        "reply_users_count": 4,
        "latest_reply": "1585769378.063500",
        "reply_users": [
            "U0NSCMBR8",
            "U0D1RV4N8",
            "UUW3W20AU",
            "UUJNED77D"
        ],
        "replies": [
            {
                "user": "U0NSCMBR8",
                "ts": "1585674219.059400"
            },
            {
                "user": "U0NSCMBR8",
                "ts": "1585679116.060000"
            },
            {
                "user": "U0NSCMBR8",
                "ts": "1585679274.060400"
            },
            {
                "user": "U0D1RV4N8",
                "ts": "1585684719.060900"
            },
            {
                "user": "UUW3W20AU",
                "ts": "1585688924.061300"
            },
            {
                "user": "UUJNED77D",
                "ts": "1585769378.063500"
            }
        ],
        "subscribed": false
    },
    {
        "type": "message",
        "text": "OMG.",
        "files": [
            {
                "id": "F0114UVRU05",
                "created": 1585674215,
                "timestamp": 1585674215,
                "name": "image.png",
                "title": "image.png",
                "mimetype": "image\/png",
                "filetype": "png",
                "pretty_type": "PNG",
                "user": "U0NSCMBR8",
                "editable": false,
                "size": 150143,
                "mode": "hosted",
                "is_external": false,
                "external_type": "",
                "is_public": true,
                "public_url_shared": false,
                "display_as_bot": false,
                "username": "",
                "url_private": "https:\/\/files.slack.com\/files-pri\/T0D1XTUAD-F0114UVRU05\/image.png?t=xoxe-13065946353-1831014033124-1821760734405-0591b3003861d046a3fe606fb5f44814",
                "url_private_download": "https:\/\/files.slack.com\/files-pri\/T0D1XTUAD-F0114UVRU05\/download\/image.png?t=xoxe-13065946353-1831014033124-1821760734405-0591b3003861d046a3fe606fb5f44814",
                "thumb_64": "https:\/\/files.slack.com\/files-tmb\/T0D1XTUAD-F0114UVRU05-6244b5a10e\/image_64.png?t=xoxe-13065946353-1831014033124-1821760734405-0591b3003861d046a3fe606fb5f44814",
                "thumb_80": "https:\/\/files.slack.com\/files-tmb\/T0D1XTUAD-F0114UVRU05-6244b5a10e\/image_80.png?t=xoxe-13065946353-1831014033124-1821760734405-0591b3003861d046a3fe606fb5f44814",
                "thumb_360": "https:\/\/files.slack.com\/files-tmb\/T0D1XTUAD-F0114UVRU05-6244b5a10e\/image_360.png?t=xoxe-13065946353-1831014033124-1821760734405-0591b3003861d046a3fe606fb5f44814",
                "thumb_360_w": 279,
                "thumb_360_h": 360,
                "thumb_160": "https:\/\/files.slack.com\/files-tmb\/T0D1XTUAD-F0114UVRU05-6244b5a10e\/image_160.png?t=xoxe-13065946353-1831014033124-1821760734405-0591b3003861d046a3fe606fb5f44814",
                "image_exif_rotation": 1,
                "original_w": 314,
                "original_h": 405,
                "thumb_tiny": "AwAwACW5dTNAqsoBy2OajN3tznGB1NGo\/wCrj\/3xWdOpadsDjtQBp\/aSei5FKJ2JwYz1xWXHMyyAE\/L0rQjIOP8Ae9aALlFFFAFS\/GUjB7uKpvEnnKD05H41evcYjz\/f\/pVY7ckn170AU\/LBcAcCrscbhl\/eZGR1FQeVjLZPtVmMMGXnPNAF+iiigCveIzqm1S2G549qhWJuf3bVdwfX9KTB\/wAigCk8LsAAh685FOWNw4+Q9at8+n6UuD6\/pQAtFAooA\/\/Z",
                "permalink": "https:\/\/kcwebteam.slack.com\/files\/U0NSCMBR8\/F0114UVRU05\/image.png",
                "permalink_public": "https:\/\/slack-files.com\/T0D1XTUAD-F0114UVRU05-0754c33fad",
                "is_starred": false,
                "has_rich_preview": false
            }
        ],
        "upload": true,
        "blocks": [
            {
                "type": "rich_text",
                "block_id": "rBMi",
                "elements": [
                    {
                        "type": "rich_text_section",
                        "elements": [
                            {
                                "type": "text",
                                "text": "OMG."
                            }
                        ]
                    }
                ]
            }
        ],
        "user": "U0NSCMBR8",
        "display_as_bot": false,
        "ts": "1585674219.059400",
        "client_msg_id": "44ed7d0e-90f1-4c81-967d-9b5ec9c0c2dd",
        "thread_ts": "1585672832.059100",
        "parent_user_id": "U0NSCMBR8",
        "reactions": [
            {
                "name": "rolling_on_the_floor_laughing",
                "users": [
                    "UTJQGG2MT"
                ],
                "count": 1
            }
        ]
    },
    {
        "type": "message",
        "text": "",
        "files": [
            {
                "id": "F01178TRYMV",
                "created": 1585679110,
                "timestamp": 1585679110,
                "name": "image.png",
                "title": "image.png",
                "mimetype": "image\/png",
                "filetype": "png",
                "pretty_type": "PNG",
                "user": "U0NSCMBR8",
                "editable": false,
                "size": 116188,
                "mode": "hosted",
                "is_external": false,
                "external_type": "",
                "is_public": true,
                "public_url_shared": false,
                "display_as_bot": false,
                "username": "",
                "url_private": "https:\/\/files.slack.com\/files-pri\/T0D1XTUAD-F01178TRYMV\/image.png?t=xoxe-13065946353-1831014033124-1821760734405-0591b3003861d046a3fe606fb5f44814",
                "url_private_download": "https:\/\/files.slack.com\/files-pri\/T0D1XTUAD-F01178TRYMV\/download\/image.png?t=xoxe-13065946353-1831014033124-1821760734405-0591b3003861d046a3fe606fb5f44814",
                "thumb_64": "https:\/\/files.slack.com\/files-tmb\/T0D1XTUAD-F01178TRYMV-7e727a14ad\/image_64.png?t=xoxe-13065946353-1831014033124-1821760734405-0591b3003861d046a3fe606fb5f44814",
                "thumb_80": "https:\/\/files.slack.com\/files-tmb\/T0D1XTUAD-F01178TRYMV-7e727a14ad\/image_80.png?t=xoxe-13065946353-1831014033124-1821760734405-0591b3003861d046a3fe606fb5f44814",
                "thumb_360": "https:\/\/files.slack.com\/files-tmb\/T0D1XTUAD-F01178TRYMV-7e727a14ad\/image_360.png?t=xoxe-13065946353-1831014033124-1821760734405-0591b3003861d046a3fe606fb5f44814",
                "thumb_360_w": 290,
                "thumb_360_h": 360,
                "thumb_160": "https:\/\/files.slack.com\/files-tmb\/T0D1XTUAD-F01178TRYMV-7e727a14ad\/image_160.png?t=xoxe-13065946353-1831014033124-1821760734405-0591b3003861d046a3fe606fb5f44814",
                "image_exif_rotation": 1,
                "original_w": 325,
                "original_h": 404,
                "thumb_tiny": "AwAwACbQlZkQlRkjtVf7TID80YH51Yl+4agFJjHNOyx7tozjNPt5TKmWAB9qrz\/6o+\/FPhlijVVLgNjPNAMtUUUUxEcxxGTWbcXJ2YQ4Per18cWr\/h\/OswqGFIYi3D7dpOeeM1IqMbkIwwSQT7VEIMnrVmL5ZXkb04zTEalFA6UUAV75We1dVBJ44H1rMSOdTzC5HptNbWDnr+lIcj3\/AAoAzljcrkRuPYinmJiMFGwR6Ve59\/ypcH1\/SgBR0ooGaKAP\/9k=",
                "permalink": "https:\/\/kcwebteam.slack.com\/files\/U0NSCMBR8\/F01178TRYMV\/image.png",
                "permalink_public": "https:\/\/slack-files.com\/T0D1XTUAD-F01178TRYMV-97c41169d4",
                "is_starred": false,
                "has_rich_preview": false
            }
        ],
        "upload": true,
        "user": "U0NSCMBR8",
        "display_as_bot": false,
        "ts": "1585679116.060000",
        "client_msg_id": "ce482c44-ef04-4578-a66a-95c5d8c0f1bc",
        "thread_ts": "1585672832.059100",
        "parent_user_id": "U0NSCMBR8"
    },
    {
        "type": "message",
        "text": "",
        "files": [
            {
                "id": "F01156J2F3P",
                "created": 1585679271,
                "timestamp": 1585679271,
                "name": "image.png",
                "title": "image.png",
                "mimetype": "image\/png",
                "filetype": "png",
                "pretty_type": "PNG",
                "user": "U0NSCMBR8",
                "editable": false,
                "size": 105670,
                "mode": "hosted",
                "is_external": false,
                "external_type": "",
                "is_public": true,
                "public_url_shared": false,
                "display_as_bot": false,
                "username": "",
                "url_private": "https:\/\/files.slack.com\/files-pri\/T0D1XTUAD-F01156J2F3P\/image.png?t=xoxe-13065946353-1831014033124-1821760734405-0591b3003861d046a3fe606fb5f44814",
                "url_private_download": "https:\/\/files.slack.com\/files-pri\/T0D1XTUAD-F01156J2F3P\/download\/image.png?t=xoxe-13065946353-1831014033124-1821760734405-0591b3003861d046a3fe606fb5f44814",
                "thumb_64": "https:\/\/files.slack.com\/files-tmb\/T0D1XTUAD-F01156J2F3P-7b47067d96\/image_64.png?t=xoxe-13065946353-1831014033124-1821760734405-0591b3003861d046a3fe606fb5f44814",
                "thumb_80": "https:\/\/files.slack.com\/files-tmb\/T0D1XTUAD-F01156J2F3P-7b47067d96\/image_80.png?t=xoxe-13065946353-1831014033124-1821760734405-0591b3003861d046a3fe606fb5f44814",
                "thumb_360": "https:\/\/files.slack.com\/files-tmb\/T0D1XTUAD-F01156J2F3P-7b47067d96\/image_360.png?t=xoxe-13065946353-1831014033124-1821760734405-0591b3003861d046a3fe606fb5f44814",
                "thumb_360_w": 263,
                "thumb_360_h": 360,
                "thumb_480": "https:\/\/files.slack.com\/files-tmb\/T0D1XTUAD-F01156J2F3P-7b47067d96\/image_480.png?t=xoxe-13065946353-1831014033124-1821760734405-0591b3003861d046a3fe606fb5f44814",
                "thumb_480_w": 351,
                "thumb_480_h": 480,
                "thumb_160": "https:\/\/files.slack.com\/files-tmb\/T0D1XTUAD-F01156J2F3P-7b47067d96\/image_160.png?t=xoxe-13065946353-1831014033124-1821760734405-0591b3003861d046a3fe606fb5f44814",
                "image_exif_rotation": 1,
                "original_w": 356,
                "original_h": 487,
                "thumb_tiny": "AwAwACPTqjcXNxCTgLtycZFXqp3w3Q8dqAKo1Gc9k\/KtK3cyQI7YyRk4rEwOBzn6Vs2Yxaxg\/wB2gCaiiigAqjODJld2Pm71erJMhS6kJGRkg5+tAERhPJDYx7VrWwxboMY+XpWU7lmMqqAh681qWhzbRn\/ZoAmooooAQnmm8eg\/KnEEmkwRQAmB\/dX8qUHHSkwTS7TQA6iiigD\/2Q==",
                "permalink": "https:\/\/kcwebteam.slack.com\/files\/U0NSCMBR8\/F01156J2F3P\/image.png",
                "permalink_public": "https:\/\/slack-files.com\/T0D1XTUAD-F01156J2F3P-8606be03a9",
                "is_starred": false,
                "has_rich_preview": false
            }
        ],
        "upload": true,
        "user": "U0NSCMBR8",
        "display_as_bot": false,
        "ts": "1585679274.060400",
        "client_msg_id": "993cd47f-56e5-4ff3-8d63-40c4093cbd38",
        "thread_ts": "1585672832.059100",
        "parent_user_id": "U0NSCMBR8",
        "reactions": [
            {
                "name": "rolling_on_the_floor_laughing",
                "users": [
                    "U7EQMP760"
                ],
                "count": 1
            }
        ]
    },
    {
        "type": "message",
        "text": "I’ve got Moxie working hard for me.",
        "files": [
            {
                "id": "F0117FZ5RL7",
                "created": 1585684704,
                "timestamp": 1585684704,
                "name": "IMG_20200331_125005_1.jpg",
                "title": "IMG_20200331_125005_1.jpg",
                "mimetype": "image\/jpeg",
                "filetype": "jpg",
                "pretty_type": "JPEG",
                "user": "U0D1RV4N8",
                "editable": false,
                "size": 3312948,
                "mode": "hosted",
                "is_external": false,
                "external_type": "",
                "is_public": true,
                "public_url_shared": false,
                "display_as_bot": false,
                "username": "",
                "url_private": "https:\/\/files.slack.com\/files-pri\/T0D1XTUAD-F0117FZ5RL7\/img_20200331_125005_1.jpg?t=xoxe-13065946353-1831014033124-1821760734405-0591b3003861d046a3fe606fb5f44814",
                "url_private_download": "https:\/\/files.slack.com\/files-pri\/T0D1XTUAD-F0117FZ5RL7\/download\/img_20200331_125005_1.jpg?t=xoxe-13065946353-1831014033124-1821760734405-0591b3003861d046a3fe606fb5f44814",
                "thumb_64": "https:\/\/files.slack.com\/files-tmb\/T0D1XTUAD-F0117FZ5RL7-2e5cdcaf18\/img_20200331_125005_1_64.jpg?t=xoxe-13065946353-1831014033124-1821760734405-0591b3003861d046a3fe606fb5f44814",
                "thumb_80": "https:\/\/files.slack.com\/files-tmb\/T0D1XTUAD-F0117FZ5RL7-2e5cdcaf18\/img_20200331_125005_1_80.jpg?t=xoxe-13065946353-1831014033124-1821760734405-0591b3003861d046a3fe606fb5f44814",
                "thumb_360": "https:\/\/files.slack.com\/files-tmb\/T0D1XTUAD-F0117FZ5RL7-2e5cdcaf18\/img_20200331_125005_1_360.jpg?t=xoxe-13065946353-1831014033124-1821760734405-0591b3003861d046a3fe606fb5f44814",
                "thumb_360_w": 360,
                "thumb_360_h": 270,
                "thumb_480": "https:\/\/files.slack.com\/files-tmb\/T0D1XTUAD-F0117FZ5RL7-2e5cdcaf18\/img_20200331_125005_1_480.jpg?t=xoxe-13065946353-1831014033124-1821760734405-0591b3003861d046a3fe606fb5f44814",
                "thumb_480_w": 480,
                "thumb_480_h": 360,
                "thumb_160": "https:\/\/files.slack.com\/files-tmb\/T0D1XTUAD-F0117FZ5RL7-2e5cdcaf18\/img_20200331_125005_1_160.jpg?t=xoxe-13065946353-1831014033124-1821760734405-0591b3003861d046a3fe606fb5f44814",
                "thumb_720": "https:\/\/files.slack.com\/files-tmb\/T0D1XTUAD-F0117FZ5RL7-2e5cdcaf18\/img_20200331_125005_1_720.jpg?t=xoxe-13065946353-1831014033124-1821760734405-0591b3003861d046a3fe606fb5f44814",
                "thumb_720_w": 720,
                "thumb_720_h": 540,
                "thumb_800": "https:\/\/files.slack.com\/files-tmb\/T0D1XTUAD-F0117FZ5RL7-2e5cdcaf18\/img_20200331_125005_1_800.jpg?t=xoxe-13065946353-1831014033124-1821760734405-0591b3003861d046a3fe606fb5f44814",
                "thumb_800_w": 800,
                "thumb_800_h": 600,
                "thumb_960": "https:\/\/files.slack.com\/files-tmb\/T0D1XTUAD-F0117FZ5RL7-2e5cdcaf18\/img_20200331_125005_1_960.jpg?t=xoxe-13065946353-1831014033124-1821760734405-0591b3003861d046a3fe606fb5f44814",
                "thumb_960_w": 960,
                "thumb_960_h": 720,
                "thumb_1024": "https:\/\/files.slack.com\/files-tmb\/T0D1XTUAD-F0117FZ5RL7-2e5cdcaf18\/img_20200331_125005_1_1024.jpg?t=xoxe-13065946353-1831014033124-1821760734405-0591b3003861d046a3fe606fb5f44814",
                "thumb_1024_w": 1024,
                "thumb_1024_h": 768,
                "image_exif_rotation": 1,
                "original_w": 4608,
                "original_h": 3456,
                "thumb_tiny": "AwAkADCxbv5kKN3I5qSqFjMFjZG7HIp4vctgphfrzQBcJqMyDbk\/LnsTUE9wDAxjPNRRzeZGcnLk9PagB4uGeYKowoPJ9RUpbJqlDlWYkc5wKmZ8dDzSGV7Z9k4+YIDwWx0oaPDnbICvd+1NKgYOPxBqw8kMiqGR1x6HINMLEQjck+UGdR3xihlccshB9cc1aFyqhVjC479qd9pH8UbD6c0CK5GWVlPQfrTJCx4Pf1GKvLLA\/Uj\/AIEMVFdxKYleIjg4OORSsO6KicjB5FEnHSiOllqVuU9iOnKSOhI+lMpwqiR5lYdcN9RVy3ANtJxjIziqD1oWv\/Hs\/wDu0xH\/2Q==",
                "permalink": "https:\/\/kcwebteam.slack.com\/files\/U0D1RV4N8\/F0117FZ5RL7\/img_20200331_125005_1.jpg",
                "permalink_public": "https:\/\/slack-files.com\/T0D1XTUAD-F0117FZ5RL7-87aa330c5c",
                "is_starred": false,
                "has_rich_preview": false
            }
        ],
        "upload": true,
        "blocks": [
            {
                "type": "rich_text",
                "block_id": "vI5",
                "elements": [
                    {
                        "type": "rich_text_section",
                        "elements": [
                            {
                                "type": "text",
                                "text": "I’ve got Moxie working hard for me."
                            }
                        ]
                    }
                ]
            }
        ],
        "user": "U0D1RV4N8",
        "display_as_bot": false,
        "ts": "1585684719.060900",
        "client_msg_id": "d019894a-9123-4135-8c01-c23ad486eed2",
        "thread_ts": "1585672832.059100",
        "parent_user_id": "U0NSCMBR8",
        "reactions": [
            {
                "name": "cat2",
                "users": [
                    "U7EQMP760"
                ],
                "count": 1
            }
        ]
    },
    {
        "client_msg_id": "ed5c4702-23c1-4ccc-b4e4-74d1d4ec959d",
        "type": "message",
        "text": "I love how the dogs are mostly looking like, \"Why aren't you playing with me?\" and the cats look like, \"Why the hell are you still HERE?\"",
        "user": "UUW3W20AU",
        "ts": "1585688924.061300",
        "team": "T0D1XTUAD",
        "user_team": "T0D1XTUAD",
        "source_team": "T0D1XTUAD",
        "user_profile": {
            "avatar_hash": "0c87430f5419",
            "image_72": "https:\/\/avatars.slack-edge.com\/2020-03-04\/984414387030_0c87430f5419d7de3cea_72.jpg",
            "first_name": "Elizabeth",
            "real_name": "Elizabeth Inglese",
            "display_name": "Tish",
            "team": "T0D1XTUAD",
            "name": "einglese",
            "is_restricted": false,
            "is_ultra_restricted": false
        },
        "blocks": [
            {
                "type": "rich_text",
                "block_id": "nXhuC",
                "elements": [
                    {
                        "type": "rich_text_section",
                        "elements": [
                            {
                                "type": "text",
                                "text": "I love how the dogs are mostly looking like, \"Why aren't you playing with me?\" and the cats look like, \"Why the hell are you still HERE?\""
                            }
                        ]
                    }
                ]
            }
        ],
        "thread_ts": "1585672832.059100",
        "parent_user_id": "U0NSCMBR8",
        "reactions": [
            {
                "name": "rolling_on_the_floor_laughing",
                "users": [
                    "U0NSCMBR8"
                ],
                "count": 1
            }
        ]
    }
]