[
    {
        "client_msg_id": "216c8d5a-979d-4138-b1bb-03eb8b1ba9ce",
        "type": "message",
        "text": "In case anyone need this today - jellyfish + ambient music\n<https:\/\/www.montereybayaquarium.org\/animals\/live-cams\/jelly-cam>",
        "user": "U5Y0BDK51",
        "ts": "1604510715.212600",
        "team": "T0D1XTUAD",
        "user_team": "T0D1XTUAD",
        "source_team": "T0D1XTUAD",
        "user_profile": {
            "avatar_hash": "8ead721adcae",
            "image_72": "https:\/\/avatars.slack-edge.com\/2020-02-27\/973218989973_8ead721adcae603f0609_72.jpg",
            "first_name": "Marisa",
            "real_name": "Marisa Mellema",
            "display_name": "Marisa Mellema",
            "team": "T0D1XTUAD",
            "name": "marisam",
            "is_restricted": false,
            "is_ultra_restricted": false
        },
        "attachments": [
            {
                "title": "Jelly | Live cam | Monterey Bay Aquarium",
                "title_link": "https:\/\/www.montereybayaquarium.org\/animals\/live-cams\/jelly-cam",
                "text": "See our breathtaking sea nettles drift and pulse.",
                "fallback": "Jelly | Live cam | Monterey Bay Aquarium",
                "thumb_url": "https:\/\/www.montereybayaquarium.org\/globalassets\/mba\/images\/animals\/invertebrates\/sea-nettles-rw12-396-3x2.jpg",
                "from_url": "https:\/\/www.montereybayaquarium.org\/animals\/live-cams\/jelly-cam",
                "thumb_width": 1200,
                "thumb_height": 800,
                "service_icon": "https:\/\/www.montereybayaquarium.org\/Static\/img\/icons\/apple-touch-icon.png",
                "service_name": "montereybayaquarium.org",
                "id": 1,
                "original_url": "https:\/\/www.montereybayaquarium.org\/animals\/live-cams\/jelly-cam"
            }
        ],
        "blocks": [
            {
                "type": "rich_text",
                "block_id": "SGRM",
                "elements": [
                    {
                        "type": "rich_text_section",
                        "elements": [
                            {
                                "type": "text",
                                "text": "In case anyone need this today - jellyfish + ambient music\n"
                            },
                            {
                                "type": "link",
                                "url": "https:\/\/www.montereybayaquarium.org\/animals\/live-cams\/jelly-cam"
                            }
                        ]
                    }
                ]
            }
        ],
        "thread_ts": "1604510715.212600",
        "reply_count": 2,
        "reply_users_count": 2,
        "latest_reply": "1604511119.213200",
        "reply_users": [
            "UUJNED77D",
            "UUW3W20AU"
        ],
        "replies": [
            {
                "user": "UUJNED77D",
                "ts": "1604511096.212900"
            },
            {
                "user": "UUW3W20AU",
                "ts": "1604511119.213200"
            }
        ],
        "subscribed": false,
        "reactions": [
            {
                "name": "rolling_on_the_floor_laughing",
                "users": [
                    "UUW3W20AU"
                ],
                "count": 1
            },
            {
                "name": "octopus",
                "users": [
                    "U7EQMP760",
                    "U7EP7P2JW"
                ],
                "count": 2
            },
            {
                "name": "peace_symbol",
                "users": [
                    "UUW3W20AU"
                ],
                "count": 1
            },
            {
                "name": "woman_in_lotus_position",
                "users": [
                    "UUW3W20AU"
                ],
                "count": 1
            }
        ]
    },
    {
        "client_msg_id": "a082ea3b-f109-4de7-87ef-f1a756361354",
        "type": "message",
        "text": "That reminds me - I have a set of desktop backgrounds (including one like this, with jellyfish from the Vancouver aquarium) that I uploaded to Sitecore 7 for publishers to choose from.  Any possibility to do something similar with Sitecore 9.x - 10.x?  I did this as a workplace improvement initiative based on findings like this:\n<https:\/\/www.nbcnews.com\/better\/health\/why-natural-scenery-improves-your-mood-makes-you-more-productive-ncna860806>",
        "user": "UUJNED77D",
        "ts": "1604511096.212900",
        "team": "T0D1XTUAD",
        "user_team": "T0D1XTUAD",
        "source_team": "T0D1XTUAD",
        "user_profile": {
            "avatar_hash": "5f4a213e859b",
            "image_72": "https:\/\/avatars.slack-edge.com\/2020-03-04\/982713408789_5f4a213e859b7369a972_72.jpg",
            "first_name": "Fred",
            "real_name": "Fred Bentler",
            "display_name": "Fred Bentler",
            "team": "T0D1XTUAD",
            "name": "fred.bentler",
            "is_restricted": false,
            "is_ultra_restricted": false
        },
        "attachments": [
            {
                "service_name": "NBC News",
                "title": "Why everyone should have a plant on their desk",
                "title_link": "https:\/\/www.nbcnews.com\/better\/health\/why-natural-scenery-improves-your-mood-makes-you-more-productive-ncna860806",
                "text": "You’ll experience less stress and more motivation when you’re surrounded by plants, water and other natural elements.",
                "fallback": "NBC News: Why everyone should have a plant on their desk",
                "image_url": "https:\/\/media2.s-nbcnews.com\/j\/newscms\/2018_14\/2384931\/180402-office-plant-al-1412_24d364c62a2b7e8f95b9fd8c78dd3b6e.nbcnews-fp-1024-512.jpg",
                "image_width": 500,
                "image_height": 250,
                "from_url": "https:\/\/www.nbcnews.com\/better\/health\/why-natural-scenery-improves-your-mood-makes-you-more-productive-ncna860806",
                "image_bytes": 42193,
                "service_icon": "https:\/\/nodeassets.nbcnews.com\/cdnassets\/projects\/ramen\/favicon\/nbcnews\/all-other-sizes-PNG.ico\/apple-icon.png",
                "id": 1,
                "original_url": "https:\/\/www.nbcnews.com\/better\/health\/why-natural-scenery-improves-your-mood-makes-you-more-productive-ncna860806"
            }
        ],
        "blocks": [
            {
                "type": "rich_text",
                "block_id": "olYLm",
                "elements": [
                    {
                        "type": "rich_text_section",
                        "elements": [
                            {
                                "type": "text",
                                "text": "That reminds me - I have a set of desktop backgrounds (including one like this, with jellyfish from the Vancouver aquarium) that I uploaded to Sitecore 7 for publishers to choose from.  Any possibility to do something similar with Sitecore 9.x - 10.x?  I did this as a workplace improvement initiative based on findings like this:\n"
                            },
                            {
                                "type": "link",
                                "url": "https:\/\/www.nbcnews.com\/better\/health\/why-natural-scenery-improves-your-mood-makes-you-more-productive-ncna860806"
                            }
                        ]
                    }
                ]
            }
        ],
        "thread_ts": "1604510715.212600",
        "parent_user_id": "U5Y0BDK51"
    },
    {
        "client_msg_id": "3c9bcfbc-304a-4504-82e8-3a04496fc518",
        "type": "message",
        "text": "I was listening to <@U0D1V0DPG>’s Joe Pera thing last night.",
        "user": "UUW3W20AU",
        "ts": "1604511119.213200",
        "team": "T0D1XTUAD",
        "user_team": "T0D1XTUAD",
        "source_team": "T0D1XTUAD",
        "user_profile": {
            "avatar_hash": "0c87430f5419",
            "image_72": "https:\/\/avatars.slack-edge.com\/2020-03-04\/984414387030_0c87430f5419d7de3cea_72.jpg",
            "first_name": "Elizabeth",
            "real_name": "Elizabeth Inglese",
            "display_name": "Tish",
            "team": "T0D1XTUAD",
            "name": "einglese",
            "is_restricted": false,
            "is_ultra_restricted": false
        },
        "blocks": [
            {
                "type": "rich_text",
                "block_id": "0Og6",
                "elements": [
                    {
                        "type": "rich_text_section",
                        "elements": [
                            {
                                "type": "text",
                                "text": "I was listening to "
                            },
                            {
                                "type": "user",
                                "user_id": "U0D1V0DPG"
                            },
                            {
                                "type": "text",
                                "text": "’s Joe Pera thing last night."
                            }
                        ]
                    }
                ]
            }
        ],
        "thread_ts": "1604510715.212600",
        "parent_user_id": "U5Y0BDK51",
        "reactions": [
            {
                "name": "ohyea",
                "users": [
                    "U0D1V0DPG"
                ],
                "count": 1
            }
        ]
    },
    {
        "client_msg_id": "205a3e33-a60d-418d-be16-4f98954c9aab",
        "type": "message",
        "text": "Tom Papa - You’re Doing Great\n<https:\/\/www.netflix.com\/title\/81103777>",
        "user": "U5Y0BDK51",
        "ts": "1604516083.214200",
        "team": "T0D1XTUAD",
        "user_team": "T0D1XTUAD",
        "source_team": "T0D1XTUAD",
        "user_profile": {
            "avatar_hash": "8ead721adcae",
            "image_72": "https:\/\/avatars.slack-edge.com\/2020-02-27\/973218989973_8ead721adcae603f0609_72.jpg",
            "first_name": "Marisa",
            "real_name": "Marisa Mellema",
            "display_name": "Marisa Mellema",
            "team": "T0D1XTUAD",
            "name": "marisam",
            "is_restricted": false,
            "is_ultra_restricted": false
        },
        "attachments": [
            {
                "title": "Tom Papa: You're Doing Great! | Netflix Official Site",
                "title_link": "https:\/\/www.netflix.com\/title\/81103777",
                "text": "Comedian Tom Papa takes on body image issues, social media, pets, Staten Island, the \"old days\" and more in a special from his home state of New Jersey.",
                "fallback": "Tom Papa: You're Doing Great! | Netflix Official Site",
                "image_url": "https:\/\/occ-0-2433-2705.1.nflxso.net\/dnm\/api\/v6\/E8vDc_W8CLv7-yMQu8KMEC7Rrr8\/AAAABXRGbs9NjpPz7s16_wQVksVUhRzPenZ_MhmD7EIV67TaH1aIf2j6ZAtX2qD3S5HWFHoIamziT7009K1ja9XqyDDJfy1g.jpg?r=bfc",
                "from_url": "https:\/\/www.netflix.com\/title\/81103777",
                "image_width": 444,
                "image_height": 250,
                "image_bytes": 137454,
                "service_icon": "https:\/\/assets.nflxext.com\/us\/ffe\/siteui\/common\/icons\/nficon2016.png",
                "service_name": "netflix.com",
                "id": 1,
                "original_url": "https:\/\/www.netflix.com\/title\/81103777"
            }
        ],
        "blocks": [
            {
                "type": "rich_text",
                "block_id": "1+6",
                "elements": [
                    {
                        "type": "rich_text_section",
                        "elements": [
                            {
                                "type": "text",
                                "text": "Tom Papa - You’re Doing Great\n"
                            },
                            {
                                "type": "link",
                                "url": "https:\/\/www.netflix.com\/title\/81103777"
                            }
                        ]
                    }
                ]
            }
        ],
        "thread_ts": "1604516083.214200",
        "reply_count": 3,
        "reply_users_count": 3,
        "latest_reply": "1604594213.222600",
        "reply_users": [
            "UUW3W20AU",
            "U7EP7P2JW",
            "U5Y0BDK51"
        ],
        "replies": [
            {
                "user": "UUW3W20AU",
                "ts": "1604516865.214600"
            },
            {
                "user": "U7EP7P2JW",
                "ts": "1604584470.222400"
            },
            {
                "user": "U5Y0BDK51",
                "ts": "1604594213.222600"
            }
        ],
        "subscribed": false,
        "reactions": [
            {
                "name": "+1::skin-tone-4",
                "users": [
                    "UUJNECG67",
                    "U7EP7P2JW"
                ],
                "count": 2
            },
            {
                "name": "heart",
                "users": [
                    "UUW3W20AU"
                ],
                "count": 1
            },
            {
                "name": "+1",
                "users": [
                    "UTJPVN880"
                ],
                "count": 1
            }
        ]
    },
    {
        "client_msg_id": "4437a20c-a6f5-4927-a075-e61df80b1809",
        "type": "message",
        "text": "Thanks <@U5Y0BDK51>!!",
        "user": "UUW3W20AU",
        "ts": "1604516865.214600",
        "team": "T0D1XTUAD",
        "user_team": "T0D1XTUAD",
        "source_team": "T0D1XTUAD",
        "user_profile": {
            "avatar_hash": "0c87430f5419",
            "image_72": "https:\/\/avatars.slack-edge.com\/2020-03-04\/984414387030_0c87430f5419d7de3cea_72.jpg",
            "first_name": "Elizabeth",
            "real_name": "Elizabeth Inglese",
            "display_name": "Tish",
            "team": "T0D1XTUAD",
            "name": "einglese",
            "is_restricted": false,
            "is_ultra_restricted": false
        },
        "blocks": [
            {
                "type": "rich_text",
                "block_id": "Bce",
                "elements": [
                    {
                        "type": "rich_text_section",
                        "elements": [
                            {
                                "type": "text",
                                "text": "Thanks "
                            },
                            {
                                "type": "user",
                                "user_id": "U5Y0BDK51"
                            },
                            {
                                "type": "text",
                                "text": "!!"
                            }
                        ]
                    }
                ]
            }
        ],
        "thread_ts": "1604516083.214200",
        "parent_user_id": "U5Y0BDK51"
    },
    {
        "client_msg_id": "c5415be2-6ac9-45de-9e35-782d9e54d753",
        "type": "message",
        "text": "Changeover to Teams will be happening tomorrow, not tonight.",
        "user": "U7EQMP760",
        "ts": "1604516876.215000",
        "team": "T0D1XTUAD",
        "user_team": "T0D1XTUAD",
        "source_team": "T0D1XTUAD",
        "user_profile": {
            "avatar_hash": "db1abed225d9",
            "image_72": "https:\/\/avatars.slack-edge.com\/2020-03-14\/990754009969_db1abed225d9635aae98_72.jpg",
            "first_name": "",
            "real_name": "Mary Delahanty",
            "display_name": "",
            "team": "T0D1XTUAD",
            "name": "mary.delahanty",
            "is_restricted": false,
            "is_ultra_restricted": false
        },
        "blocks": [
            {
                "type": "rich_text",
                "block_id": "PsoqL",
                "elements": [
                    {
                        "type": "rich_text_section",
                        "elements": [
                            {
                                "type": "text",
                                "text": "Changeover to Teams will be happening tomorrow, not tonight."
                            }
                        ]
                    }
                ]
            }
        ],
        "thread_ts": "1604516876.215000",
        "reply_count": 6,
        "reply_users_count": 4,
        "latest_reply": "1604536485.219000",
        "reply_users": [
            "UFDNKQCU9",
            "U7EQMP760",
            "UUW3W20AU",
            "UUJNED77D"
        ],
        "replies": [
            {
                "user": "UFDNKQCU9",
                "ts": "1604517553.215200"
            },
            {
                "user": "U7EQMP760",
                "ts": "1604518422.215400"
            },
            {
                "user": "UUW3W20AU",
                "ts": "1604521656.215800"
            },
            {
                "user": "UUW3W20AU",
                "ts": "1604521722.216300"
            },
            {
                "user": "UUJNED77D",
                "ts": "1604530941.217000"
            },
            {
                "user": "UUW3W20AU",
                "ts": "1604536485.219000"
            }
        ],
        "subscribed": false
    },
    {
        "client_msg_id": "8ac6ad1c-5e2f-4098-9274-369d1368b7e6",
        "type": "message",
        "text": "People need to discover the mute button",
        "user": "UFDNKQCU9",
        "ts": "1604517553.215200",
        "team": "T0D1XTUAD",
        "user_team": "T0D1XTUAD",
        "source_team": "T0D1XTUAD",
        "user_profile": {
            "avatar_hash": "625717ebbb6e",
            "image_72": "https:\/\/avatars.slack-edge.com\/2019-01-17\/526675529362_625717ebbb6e0ba43f68_72.jpg",
            "first_name": "Earl",
            "real_name": "Earl Krygier",
            "display_name": "Krygier",
            "team": "T0D1XTUAD",
            "name": "earl.krygier",
            "is_restricted": false,
            "is_ultra_restricted": false
        },
        "blocks": [
            {
                "type": "rich_text",
                "block_id": "i=pM",
                "elements": [
                    {
                        "type": "rich_text_section",
                        "elements": [
                            {
                                "type": "text",
                                "text": "People need to discover the mute button"
                            }
                        ]
                    }
                ]
            }
        ],
        "thread_ts": "1604516876.215000",
        "parent_user_id": "U7EQMP760",
        "reactions": [
            {
                "name": "rolling_on_the_floor_laughing",
                "users": [
                    "UUW3W20AU"
                ],
                "count": 1
            }
        ]
    },
    {
        "client_msg_id": "b6bdfedb-a03e-41b1-8e8e-7825ba611dba",
        "type": "message",
        "text": "Pizza or pho?",
        "user": "U7EQMP760",
        "ts": "1604518422.215400",
        "team": "T0D1XTUAD",
        "user_team": "T0D1XTUAD",
        "source_team": "T0D1XTUAD",
        "user_profile": {
            "avatar_hash": "db1abed225d9",
            "image_72": "https:\/\/avatars.slack-edge.com\/2020-03-14\/990754009969_db1abed225d9635aae98_72.jpg",
            "first_name": "",
            "real_name": "Mary Delahanty",
            "display_name": "",
            "team": "T0D1XTUAD",
            "name": "mary.delahanty",
            "is_restricted": false,
            "is_ultra_restricted": false
        },
        "blocks": [
            {
                "type": "rich_text",
                "block_id": "nfjHH",
                "elements": [
                    {
                        "type": "rich_text_section",
                        "elements": [
                            {
                                "type": "text",
                                "text": "Pizza or pho?"
                            }
                        ]
                    }
                ]
            }
        ],
        "thread_ts": "1604516876.215000",
        "parent_user_id": "U7EQMP760",
        "reactions": [
            {
                "name": "joy",
                "users": [
                    "UFDNKQCU9",
                    "U7EP7P2JW",
                    "UUL14UHHP"
                ],
                "count": 3
            }
        ]
    },
    {
        "client_msg_id": "0f06eed3-ee29-4d88-ad7b-6d6330c5e6a3",
        "type": "message",
        "text": "<@UFDNKQCU9> people still won't be able to figure that out. Not sure if you were in the training today, but the instructor even accidentally muted himself. :woman-facepalming:",
        "user": "UUW3W20AU",
        "ts": "1604521656.215800",
        "team": "T0D1XTUAD",
        "user_team": "T0D1XTUAD",
        "source_team": "T0D1XTUAD",
        "user_profile": {
            "avatar_hash": "0c87430f5419",
            "image_72": "https:\/\/avatars.slack-edge.com\/2020-03-04\/984414387030_0c87430f5419d7de3cea_72.jpg",
            "first_name": "Elizabeth",
            "real_name": "Elizabeth Inglese",
            "display_name": "Tish",
            "team": "T0D1XTUAD",
            "name": "einglese",
            "is_restricted": false,
            "is_ultra_restricted": false
        },
        "blocks": [
            {
                "type": "rich_text",
                "block_id": "t3tmE",
                "elements": [
                    {
                        "type": "rich_text_section",
                        "elements": [
                            {
                                "type": "user",
                                "user_id": "UFDNKQCU9"
                            },
                            {
                                "type": "text",
                                "text": " people still won't be able to figure that out. Not sure if you were in the training today, but the instructor even accidentally muted himself. "
                            },
                            {
                                "type": "emoji",
                                "name": "woman-facepalming"
                            }
                        ]
                    }
                ]
            }
        ],
        "thread_ts": "1604516876.215000",
        "parent_user_id": "U7EQMP760"
    },
    {
        "client_msg_id": "72154cc3-52d5-4552-ace6-dc14b8dbf25c",
        "type": "message",
        "text": "BTW, just in case anyone wasn't in the training ... the instructor did say that a reboot of your KC machines will help push the update. So, to reboot machines by Fri. And for those of us who are VPN'ing into our work machines via our home computers, to remotely reboot our machines from home.",
        "user": "UUW3W20AU",
        "ts": "1604521722.216300",
        "team": "T0D1XTUAD",
        "user_team": "T0D1XTUAD",
        "source_team": "T0D1XTUAD",
        "user_profile": {
            "avatar_hash": "0c87430f5419",
            "image_72": "https:\/\/avatars.slack-edge.com\/2020-03-04\/984414387030_0c87430f5419d7de3cea_72.jpg",
            "first_name": "Elizabeth",
            "real_name": "Elizabeth Inglese",
            "display_name": "Tish",
            "team": "T0D1XTUAD",
            "name": "einglese",
            "is_restricted": false,
            "is_ultra_restricted": false
        },
        "blocks": [
            {
                "type": "rich_text",
                "block_id": "G40IB",
                "elements": [
                    {
                        "type": "rich_text_section",
                        "elements": [
                            {
                                "type": "text",
                                "text": "BTW, just in case anyone wasn't in the training ... the instructor did say that a reboot of your KC machines will help push the update. So, to reboot machines by Fri. And for those of us who are VPN'ing into our work machines via our home computers, to remotely reboot our machines from home."
                            }
                        ]
                    }
                ]
            }
        ],
        "thread_ts": "1604516876.215000",
        "parent_user_id": "U7EQMP760"
    },
    {
        "client_msg_id": "c3fb3279-7d22-49cc-9ae7-59211fe67913",
        "type": "message",
        "text": "Looks like Biden's set to win 270 with Michigan and Nevada leaning his way.",
        "user": "UUJNED77D",
        "ts": "1604529561.216600",
        "team": "T0D1XTUAD",
        "user_team": "T0D1XTUAD",
        "source_team": "T0D1XTUAD",
        "user_profile": {
            "avatar_hash": "5f4a213e859b",
            "image_72": "https:\/\/avatars.slack-edge.com\/2020-03-04\/982713408789_5f4a213e859b7369a972_72.jpg",
            "first_name": "Fred",
            "real_name": "Fred Bentler",
            "display_name": "Fred Bentler",
            "team": "T0D1XTUAD",
            "name": "fred.bentler",
            "is_restricted": false,
            "is_ultra_restricted": false
        },
        "blocks": [
            {
                "type": "rich_text",
                "block_id": "UaH",
                "elements": [
                    {
                        "type": "rich_text_section",
                        "elements": [
                            {
                                "type": "text",
                                "text": "Looks like Biden's set to win 270 with Michigan and Nevada leaning his way."
                            }
                        ]
                    }
                ]
            }
        ],
        "thread_ts": "1604427397.208300",
        "parent_user_id": "U0NSCMBR8"
    },
    {
        "client_msg_id": "bb31574b-49cd-408e-b9b1-1048cd29f216",
        "type": "message",
        "text": "Let the tension ~begin~ continue. I won't exhale till inauguration day--if then.",
        "user": "U0NSCMBR8",
        "ts": "1604529613.216800",
        "team": "T0D1XTUAD",
        "user_team": "T0D1XTUAD",
        "source_team": "T0D1XTUAD",
        "user_profile": {
            "avatar_hash": "28a69ac871a0",
            "image_72": "https:\/\/avatars.slack-edge.com\/2016-02-24\/22896597253_28a69ac871a00b39b963_72.jpg",
            "first_name": "Al",
            "real_name": "Al Boss",
            "display_name": "",
            "team": "T0D1XTUAD",
            "name": "alboss",
            "is_restricted": false,
            "is_ultra_restricted": false
        },
        "blocks": [
            {
                "type": "rich_text",
                "block_id": "Nbx",
                "elements": [
                    {
                        "type": "rich_text_section",
                        "elements": [
                            {
                                "type": "text",
                                "text": "Let the tension "
                            },
                            {
                                "type": "text",
                                "text": "begin",
                                "style": {
                                    "strike": true
                                }
                            },
                            {
                                "type": "text",
                                "text": " continue. I won't exhale till inauguration day--if then."
                            }
                        ]
                    }
                ]
            }
        ],
        "thread_ts": "1604427397.208300",
        "parent_user_id": "U0NSCMBR8"
    },
    {
        "client_msg_id": "1cf4d3a2-d570-46fb-a9c3-b9a3d6700bb6",
        "type": "message",
        "text": "<@UUW3W20AU> Someone else muted everyone, including Scott.  It was possible for any of us to \"mute all\" by expanding the participants list and clicking the button at the top.\n\nHigh school students would do that to by brother-in-law when he tried to teach last spring - some joker would mute all and he wouldn't know for a while... he figured he wasn't well suited for the covid instruction environment and decided to retire.",
        "user": "UUJNED77D",
        "ts": "1604530941.217000",
        "team": "T0D1XTUAD",
        "user_team": "T0D1XTUAD",
        "source_team": "T0D1XTUAD",
        "user_profile": {
            "avatar_hash": "5f4a213e859b",
            "image_72": "https:\/\/avatars.slack-edge.com\/2020-03-04\/982713408789_5f4a213e859b7369a972_72.jpg",
            "first_name": "Fred",
            "real_name": "Fred Bentler",
            "display_name": "Fred Bentler",
            "team": "T0D1XTUAD",
            "name": "fred.bentler",
            "is_restricted": false,
            "is_ultra_restricted": false
        },
        "blocks": [
            {
                "type": "rich_text",
                "block_id": "Fe02",
                "elements": [
                    {
                        "type": "rich_text_section",
                        "elements": [
                            {
                                "type": "user",
                                "user_id": "UUW3W20AU"
                            },
                            {
                                "type": "text",
                                "text": " Someone else muted everyone, including Scott.  It was possible for any of us to \"mute all\" by expanding the participants list and clicking the button at the top.\n\nHigh school students would do that to by brother-in-law when he tried to teach last spring - some joker would mute all and he wouldn't know for a while... he figured he wasn't well suited for the covid instruction environment and decided to retire."
                            }
                        ]
                    }
                ]
            }
        ],
        "thread_ts": "1604516876.215000",
        "parent_user_id": "U7EQMP760",
        "reactions": [
            {
                "name": "rolling_on_the_floor_laughing",
                "users": [
                    "U7EQMP760"
                ],
                "count": 1
            }
        ]
    },
    {
        "client_msg_id": "b9fd2102-4195-4d8f-b923-03ce6716f31f",
        "type": "message",
        "text": "<@UUJNED77D> DON'T JINX IT!",
        "user": "U7EQMP760",
        "ts": "1604533590.217300",
        "team": "T0D1XTUAD",
        "user_team": "T0D1XTUAD",
        "source_team": "T0D1XTUAD",
        "user_profile": {
            "avatar_hash": "db1abed225d9",
            "image_72": "https:\/\/avatars.slack-edge.com\/2020-03-14\/990754009969_db1abed225d9635aae98_72.jpg",
            "first_name": "",
            "real_name": "Mary Delahanty",
            "display_name": "",
            "team": "T0D1XTUAD",
            "name": "mary.delahanty",
            "is_restricted": false,
            "is_ultra_restricted": false
        },
        "blocks": [
            {
                "type": "rich_text",
                "block_id": "bAv",
                "elements": [
                    {
                        "type": "rich_text_section",
                        "elements": [
                            {
                                "type": "user",
                                "user_id": "UUJNED77D"
                            },
                            {
                                "type": "text",
                                "text": " DON'T JINX IT!"
                            }
                        ]
                    }
                ]
            }
        ],
        "thread_ts": "1604427397.208300",
        "parent_user_id": "U0NSCMBR8"
    },
    {
        "client_msg_id": "11c38f26-7eed-4774-92af-015a2fb59054",
        "type": "message",
        "text": "Arizona is not officially in Biden's column yet.",
        "user": "U7EQMP760",
        "ts": "1604533658.217500",
        "team": "T0D1XTUAD",
        "user_team": "T0D1XTUAD",
        "source_team": "T0D1XTUAD",
        "user_profile": {
            "avatar_hash": "db1abed225d9",
            "image_72": "https:\/\/avatars.slack-edge.com\/2020-03-14\/990754009969_db1abed225d9635aae98_72.jpg",
            "first_name": "",
            "real_name": "Mary Delahanty",
            "display_name": "",
            "team": "T0D1XTUAD",
            "name": "mary.delahanty",
            "is_restricted": false,
            "is_ultra_restricted": false
        },
        "blocks": [
            {
                "type": "rich_text",
                "block_id": "Rza4b",
                "elements": [
                    {
                        "type": "rich_text_section",
                        "elements": [
                            {
                                "type": "text",
                                "text": "Arizona is not officially in Biden's column yet."
                            }
                        ]
                    }
                ]
            }
        ],
        "thread_ts": "1604427397.208300",
        "parent_user_id": "U0NSCMBR8"
    },
    {
        "client_msg_id": "5213b43b-5315-46e9-8b74-10965886ffcd",
        "type": "message",
        "text": "Nathan spent the day applying for Waikato Institute of Technology, on the North Island somewhere not far from Auckland. I told him he has to take us with him.",
        "user": "U0NSCMBR8",
        "ts": "1604533962.217700",
        "team": "T0D1XTUAD",
        "user_team": "T0D1XTUAD",
        "source_team": "T0D1XTUAD",
        "user_profile": {
            "avatar_hash": "28a69ac871a0",
            "image_72": "https:\/\/avatars.slack-edge.com\/2016-02-24\/22896597253_28a69ac871a00b39b963_72.jpg",
            "first_name": "Al",
            "real_name": "Al Boss",
            "display_name": "",
            "team": "T0D1XTUAD",
            "name": "alboss",
            "is_restricted": false,
            "is_ultra_restricted": false
        },
        "blocks": [
            {
                "type": "rich_text",
                "block_id": "u8y",
                "elements": [
                    {
                        "type": "rich_text_section",
                        "elements": [
                            {
                                "type": "text",
                                "text": "Nathan spent the day applying for Waikato Institute of Technology, on the North Island somewhere not far from Auckland. I told him he has to take us with him."
                            }
                        ]
                    }
                ]
            }
        ],
        "thread_ts": "1604427397.208300",
        "parent_user_id": "U0NSCMBR8",
        "reactions": [
            {
                "name": "+1",
                "users": [
                    "U7EP7P2JW"
                ],
                "count": 1
            }
        ]
    },
    {
        "client_msg_id": "cc821d83-1e75-49a1-92fc-57f6355c0f12",
        "type": "message",
        "text": "I've always been a Nathan fan. The most Nathan fan there ever was.",
        "user": "U0D1RV4N8",
        "ts": "1604534096.217900",
        "team": "T0D1XTUAD",
        "user_team": "T0D1XTUAD",
        "source_team": "T0D1XTUAD",
        "user_profile": {
            "avatar_hash": "b0af0714bdde",
            "image_72": "https:\/\/avatars.slack-edge.com\/2019-05-22\/642788517284_b0af0714bddea68e9e1c_72.jpg",
            "first_name": "Derek",
            "real_name": "Derek Sheppard",
            "display_name": "Derek Sheppard",
            "team": "T0D1XTUAD",
            "name": "derek.sheppard",
            "is_restricted": false,
            "is_ultra_restricted": false
        },
        "blocks": [
            {
                "type": "rich_text",
                "block_id": "3dz+",
                "elements": [
                    {
                        "type": "rich_text_section",
                        "elements": [
                            {
                                "type": "text",
                                "text": "I've always been a Nathan fan. The most Nathan fan there ever was."
                            }
                        ]
                    }
                ]
            }
        ],
        "thread_ts": "1604427397.208300",
        "parent_user_id": "U0NSCMBR8"
    },
    {
        "client_msg_id": "63487a08-cbd2-4026-8e61-674ab91ad4df",
        "type": "message",
        "text": "I'll send him right over.",
        "user": "U0NSCMBR8",
        "ts": "1604534160.218100",
        "team": "T0D1XTUAD",
        "user_team": "T0D1XTUAD",
        "source_team": "T0D1XTUAD",
        "user_profile": {
            "avatar_hash": "28a69ac871a0",
            "image_72": "https:\/\/avatars.slack-edge.com\/2016-02-24\/22896597253_28a69ac871a00b39b963_72.jpg",
            "first_name": "Al",
            "real_name": "Al Boss",
            "display_name": "",
            "team": "T0D1XTUAD",
            "name": "alboss",
            "is_restricted": false,
            "is_ultra_restricted": false
        },
        "blocks": [
            {
                "type": "rich_text",
                "block_id": "jRw8N",
                "elements": [
                    {
                        "type": "rich_text_section",
                        "elements": [
                            {
                                "type": "text",
                                "text": "I'll send him right over."
                            }
                        ]
                    }
                ]
            }
        ],
        "thread_ts": "1604427397.208300",
        "parent_user_id": "U0NSCMBR8"
    },
    {
        "client_msg_id": "dc963553-a435-43b3-9030-78c2528be8d4",
        "type": "message",
        "text": "I'll send \"on angel dust\" Harold your way.",
        "user": "U0D1RV4N8",
        "ts": "1604534290.218400",
        "team": "T0D1XTUAD",
        "user_team": "T0D1XTUAD",
        "source_team": "T0D1XTUAD",
        "user_profile": {
            "avatar_hash": "b0af0714bdde",
            "image_72": "https:\/\/avatars.slack-edge.com\/2019-05-22\/642788517284_b0af0714bddea68e9e1c_72.jpg",
            "first_name": "Derek",
            "real_name": "Derek Sheppard",
            "display_name": "Derek Sheppard",
            "team": "T0D1XTUAD",
            "name": "derek.sheppard",
            "is_restricted": false,
            "is_ultra_restricted": false
        },
        "blocks": [
            {
                "type": "rich_text",
                "block_id": "9jbe",
                "elements": [
                    {
                        "type": "rich_text_section",
                        "elements": [
                            {
                                "type": "text",
                                "text": "I'll send \"on angel dust\" Harold your way."
                            }
                        ]
                    }
                ]
            }
        ],
        "thread_ts": "1604427397.208300",
        "parent_user_id": "U0NSCMBR8"
    },
    {
        "client_msg_id": "35351b0b-687c-49bb-9f14-bde0fb0af794",
        "type": "message",
        "text": "Haha, I wonder which of us would cave first?",
        "user": "U0NSCMBR8",
        "ts": "1604534351.218600",
        "team": "T0D1XTUAD",
        "user_team": "T0D1XTUAD",
        "source_team": "T0D1XTUAD",
        "user_profile": {
            "avatar_hash": "28a69ac871a0",
            "image_72": "https:\/\/avatars.slack-edge.com\/2016-02-24\/22896597253_28a69ac871a00b39b963_72.jpg",
            "first_name": "Al",
            "real_name": "Al Boss",
            "display_name": "",
            "team": "T0D1XTUAD",
            "name": "alboss",
            "is_restricted": false,
            "is_ultra_restricted": false
        },
        "blocks": [
            {
                "type": "rich_text",
                "block_id": "gKO",
                "elements": [
                    {
                        "type": "rich_text_section",
                        "elements": [
                            {
                                "type": "text",
                                "text": "Haha, I wonder which of us would cave first?"
                            }
                        ]
                    }
                ]
            }
        ],
        "thread_ts": "1604427397.208300",
        "parent_user_id": "U0NSCMBR8"
    },
    {
        "client_msg_id": "1f62d4bd-7da5-4d17-aa60-af94b4c37e89",
        "type": "message",
        "text": "Is \"Angel Dust\" feline street slang for cat nip?",
        "user": "UUW3W20AU",
        "ts": "1604536409.218800",
        "team": "T0D1XTUAD",
        "user_team": "T0D1XTUAD",
        "source_team": "T0D1XTUAD",
        "user_profile": {
            "avatar_hash": "0c87430f5419",
            "image_72": "https:\/\/avatars.slack-edge.com\/2020-03-04\/984414387030_0c87430f5419d7de3cea_72.jpg",
            "first_name": "Elizabeth",
            "real_name": "Elizabeth Inglese",
            "display_name": "Tish",
            "team": "T0D1XTUAD",
            "name": "einglese",
            "is_restricted": false,
            "is_ultra_restricted": false
        },
        "blocks": [
            {
                "type": "rich_text",
                "block_id": "eKzzr",
                "elements": [
                    {
                        "type": "rich_text_section",
                        "elements": [
                            {
                                "type": "text",
                                "text": "Is \"Angel Dust\" feline street slang for cat nip?"
                            }
                        ]
                    }
                ]
            }
        ],
        "thread_ts": "1604427397.208300",
        "parent_user_id": "U0NSCMBR8"
    },
    {
        "client_msg_id": "10a5ab27-3b33-44c9-84af-bc67cc8349d7",
        "type": "message",
        "text": "You'd think the option for any participant to be able to \"mute all\" would be a feature the host could disable when setting up the meeting, no?",
        "user": "UUW3W20AU",
        "ts": "1604536485.219000",
        "team": "T0D1XTUAD",
        "user_team": "T0D1XTUAD",
        "source_team": "T0D1XTUAD",
        "user_profile": {
            "avatar_hash": "0c87430f5419",
            "image_72": "https:\/\/avatars.slack-edge.com\/2020-03-04\/984414387030_0c87430f5419d7de3cea_72.jpg",
            "first_name": "Elizabeth",
            "real_name": "Elizabeth Inglese",
            "display_name": "Tish",
            "team": "T0D1XTUAD",
            "name": "einglese",
            "is_restricted": false,
            "is_ultra_restricted": false
        },
        "blocks": [
            {
                "type": "rich_text",
                "block_id": "sHz",
                "elements": [
                    {
                        "type": "rich_text_section",
                        "elements": [
                            {
                                "type": "text",
                                "text": "You'd think the option for any participant to be able to \"mute all\" would be a feature the host could disable when setting up the meeting, no?"
                            }
                        ]
                    }
                ]
            }
        ],
        "thread_ts": "1604516876.215000",
        "parent_user_id": "U7EQMP760"
    },
    {
        "client_msg_id": "e0e069f2-970e-4080-b5e3-86213a95f271",
        "type": "message",
        "text": "I think he just means that Harold tends to race about like a mad creature for 23 hours and 47 minutes, then fall asleep for 13 minutes, then wake up and repeat, leaving a bloody path of devastation and destruction in his wake. In other words, he's a typical kitten.",
        "user": "U0NSCMBR8",
        "ts": "1604536576.219200",
        "team": "T0D1XTUAD",
        "user_team": "T0D1XTUAD",
        "source_team": "T0D1XTUAD",
        "user_profile": {
            "avatar_hash": "28a69ac871a0",
            "image_72": "https:\/\/avatars.slack-edge.com\/2016-02-24\/22896597253_28a69ac871a00b39b963_72.jpg",
            "first_name": "Al",
            "real_name": "Al Boss",
            "display_name": "",
            "team": "T0D1XTUAD",
            "name": "alboss",
            "is_restricted": false,
            "is_ultra_restricted": false
        },
        "blocks": [
            {
                "type": "rich_text",
                "block_id": "XMZJ",
                "elements": [
                    {
                        "type": "rich_text_section",
                        "elements": [
                            {
                                "type": "text",
                                "text": "I think he just means that Harold tends to race about like a mad creature for 23 hours and 47 minutes, then fall asleep for 13 minutes, then wake up and repeat, leaving a bloody path of devastation and destruction in his wake. In other words, he's a typical kitten."
                            }
                        ]
                    }
                ]
            }
        ],
        "thread_ts": "1604427397.208300",
        "parent_user_id": "U0NSCMBR8",
        "reactions": [
            {
                "name": "rolling_on_the_floor_laughing",
                "users": [
                    "UUW3W20AU"
                ],
                "count": 1
            }
        ]
    }
]