[
    {
        "client_msg_id": "95A1C1BA-1BC1-48E5-AD54-B4E3A16980C6",
        "type": "message",
        "text": "So, you can successfully connect to VPN and hold the VPN connection, right? That “can’t connect to server kc.kingcounty.lcl” message is normal if you aren’t behind the firewall or on VPN, but doesn’t make sense if you have a VPN connection. ",
        "user": "U0NSCMBR8",
        "ts": "1608654792.003400",
        "team": "T0D1XTUAD",
        "user_team": "T0D1XTUAD",
        "source_team": "T0D1XTUAD",
        "user_profile": {
            "avatar_hash": "28a69ac871a0",
            "image_72": "https:\/\/avatars.slack-edge.com\/2016-02-24\/22896597253_28a69ac871a00b39b963_72.jpg",
            "first_name": "Al",
            "real_name": "Al Boss",
            "display_name": "",
            "team": "T0D1XTUAD",
            "name": "alboss",
            "is_restricted": false,
            "is_ultra_restricted": false
        },
        "blocks": [
            {
                "type": "rich_text",
                "block_id": "tVp",
                "elements": [
                    {
                        "type": "rich_text_section",
                        "elements": [
                            {
                                "type": "text",
                                "text": "So, you can successfully connect to VPN and hold the VPN connection, right? That “can’t connect to server kc.kingcounty.lcl” message is normal if you aren’t behind the firewall or on VPN, but doesn’t make sense if you have a VPN connection. "
                            }
                        ]
                    }
                ]
            }
        ],
        "thread_ts": "1608601010.490900",
        "parent_user_id": "UUW3W20AU"
    },
    {
        "client_msg_id": "5fbfd1d2-29bb-4cbe-bbb3-46d02e9e4e41",
        "type": "message",
        "text": "Exactly. I have an established VPN connection, but am still getting the \"There was a problem connecting to the server\" msg.",
        "user": "UUW3W20AU",
        "ts": "1608658005.003600",
        "team": "T0D1XTUAD",
        "user_team": "T0D1XTUAD",
        "source_team": "T0D1XTUAD",
        "user_profile": {
            "avatar_hash": "0c87430f5419",
            "image_72": "https:\/\/avatars.slack-edge.com\/2020-03-04\/984414387030_0c87430f5419d7de3cea_72.jpg",
            "first_name": "Elizabeth",
            "real_name": "Elizabeth Inglese",
            "display_name": "Tish",
            "team": "T0D1XTUAD",
            "name": "einglese",
            "is_restricted": false,
            "is_ultra_restricted": false
        },
        "blocks": [
            {
                "type": "rich_text",
                "block_id": "yPg2B",
                "elements": [
                    {
                        "type": "rich_text_section",
                        "elements": [
                            {
                                "type": "text",
                                "text": "Exactly. I have an established VPN connection, but am still getting the \"There was a problem connecting to the server\" msg."
                            }
                        ]
                    }
                ]
            }
        ],
        "thread_ts": "1608601010.490900",
        "parent_user_id": "UUW3W20AU"
    },
    {
        "client_msg_id": "25997463-7080-4771-a04b-a559137bc6db",
        "type": "message",
        "text": "Submitted a help desk ticket and the first trouble shooting instruction they gave me was to download AnyConnect and establish a VPN connection. I can see how this is going to go. :woman-facepalming:",
        "user": "UUW3W20AU",
        "ts": "1608658059.003800",
        "team": "T0D1XTUAD",
        "user_team": "T0D1XTUAD",
        "source_team": "T0D1XTUAD",
        "user_profile": {
            "avatar_hash": "0c87430f5419",
            "image_72": "https:\/\/avatars.slack-edge.com\/2020-03-04\/984414387030_0c87430f5419d7de3cea_72.jpg",
            "first_name": "Elizabeth",
            "real_name": "Elizabeth Inglese",
            "display_name": "Tish",
            "team": "T0D1XTUAD",
            "name": "einglese",
            "is_restricted": false,
            "is_ultra_restricted": false
        },
        "blocks": [
            {
                "type": "rich_text",
                "block_id": "FdwZL",
                "elements": [
                    {
                        "type": "rich_text_section",
                        "elements": [
                            {
                                "type": "text",
                                "text": "Submitted a help desk ticket and the first trouble shooting instruction they gave me was to download AnyConnect and establish a VPN connection. I can see how this is going to go. "
                            },
                            {
                                "type": "emoji",
                                "name": "woman-facepalming"
                            }
                        ]
                    }
                ]
            }
        ],
        "thread_ts": "1608601010.490900",
        "parent_user_id": "UUW3W20AU"
    },
    {
        "client_msg_id": "DBF12208-330B-41EE-8544-C5492D516CB1",
        "type": "message",
        "text": "You’re in Finder, using the “connect to server” menu pick, and trying to connect to something like <sms:\/\/kcitserv.kc.kingcounty.lcl|sms:\/\/kcitserv.kc.kingcounty.lcl>, when you get this message?",
        "user": "U0NSCMBR8",
        "ts": "1608658199.006600",
        "team": "T0D1XTUAD",
        "user_team": "T0D1XTUAD",
        "source_team": "T0D1XTUAD",
        "user_profile": {
            "avatar_hash": "28a69ac871a0",
            "image_72": "https:\/\/avatars.slack-edge.com\/2016-02-24\/22896597253_28a69ac871a00b39b963_72.jpg",
            "first_name": "Al",
            "real_name": "Al Boss",
            "display_name": "",
            "team": "T0D1XTUAD",
            "name": "alboss",
            "is_restricted": false,
            "is_ultra_restricted": false
        },
        "edited": {
            "user": "U0NSCMBR8",
            "ts": "1608658244.000000"
        },
        "blocks": [
            {
                "type": "rich_text",
                "block_id": "+rDWo",
                "elements": [
                    {
                        "type": "rich_text_section",
                        "elements": [
                            {
                                "type": "text",
                                "text": "You’re in Finder, using the “connect to server” menu pick, and trying to connect to something like "
                            },
                            {
                                "type": "link",
                                "url": "sms:\/\/kcitserv.kc.kingcounty.lcl",
                                "text": "sms:\/\/kcitserv.kc.kingcounty.lcl"
                            },
                            {
                                "type": "text",
                                "text": ", when you get this message?"
                            }
                        ]
                    }
                ]
            }
        ],
        "thread_ts": "1608601010.490900",
        "parent_user_id": "UUW3W20AU"
    },
    {
        "client_msg_id": "6002d725-dbb6-4a87-88b6-cac8019e7386",
        "type": "message",
        "text": "Yep!",
        "user": "UUW3W20AU",
        "ts": "1608658270.006900",
        "team": "T0D1XTUAD",
        "user_team": "T0D1XTUAD",
        "source_team": "T0D1XTUAD",
        "user_profile": {
            "avatar_hash": "0c87430f5419",
            "image_72": "https:\/\/avatars.slack-edge.com\/2020-03-04\/984414387030_0c87430f5419d7de3cea_72.jpg",
            "first_name": "Elizabeth",
            "real_name": "Elizabeth Inglese",
            "display_name": "Tish",
            "team": "T0D1XTUAD",
            "name": "einglese",
            "is_restricted": false,
            "is_ultra_restricted": false
        },
        "blocks": [
            {
                "type": "rich_text",
                "block_id": "bdLNS",
                "elements": [
                    {
                        "type": "rich_text_section",
                        "elements": [
                            {
                                "type": "text",
                                "text": "Yep!"
                            }
                        ]
                    }
                ]
            }
        ],
        "thread_ts": "1608601010.490900",
        "parent_user_id": "UUW3W20AU"
    },
    {
        "type": "message",
        "text": "",
        "files": [
            {
                "id": "F01HCS4C74M",
                "created": 1608658583,
                "timestamp": 1608658583,
                "name": "Screen Shot 2020-12-22 at 9.33.45 AM.png",
                "title": "Screen Shot 2020-12-22 at 9.33.45 AM.png",
                "mimetype": "image\/png",
                "filetype": "png",
                "pretty_type": "PNG",
                "user": "UUW3W20AU",
                "editable": false,
                "size": 351512,
                "mode": "hosted",
                "is_external": false,
                "external_type": "",
                "is_public": true,
                "public_url_shared": false,
                "display_as_bot": false,
                "username": "",
                "url_private": "https:\/\/files.slack.com\/files-pri\/T0D1XTUAD-F01HCS4C74M\/screen_shot_2020-12-22_at_9.33.45_am.png?t=xoxe-13065946353-1831014033124-1821760734405-0591b3003861d046a3fe606fb5f44814",
                "url_private_download": "https:\/\/files.slack.com\/files-pri\/T0D1XTUAD-F01HCS4C74M\/download\/screen_shot_2020-12-22_at_9.33.45_am.png?t=xoxe-13065946353-1831014033124-1821760734405-0591b3003861d046a3fe606fb5f44814",
                "thumb_64": "https:\/\/files.slack.com\/files-tmb\/T0D1XTUAD-F01HCS4C74M-507200ada6\/screen_shot_2020-12-22_at_9.33.45_am_64.png?t=xoxe-13065946353-1831014033124-1821760734405-0591b3003861d046a3fe606fb5f44814",
                "thumb_80": "https:\/\/files.slack.com\/files-tmb\/T0D1XTUAD-F01HCS4C74M-507200ada6\/screen_shot_2020-12-22_at_9.33.45_am_80.png?t=xoxe-13065946353-1831014033124-1821760734405-0591b3003861d046a3fe606fb5f44814",
                "thumb_360": "https:\/\/files.slack.com\/files-tmb\/T0D1XTUAD-F01HCS4C74M-507200ada6\/screen_shot_2020-12-22_at_9.33.45_am_360.png?t=xoxe-13065946353-1831014033124-1821760734405-0591b3003861d046a3fe606fb5f44814",
                "thumb_360_w": 360,
                "thumb_360_h": 236,
                "thumb_480": "https:\/\/files.slack.com\/files-tmb\/T0D1XTUAD-F01HCS4C74M-507200ada6\/screen_shot_2020-12-22_at_9.33.45_am_480.png?t=xoxe-13065946353-1831014033124-1821760734405-0591b3003861d046a3fe606fb5f44814",
                "thumb_480_w": 480,
                "thumb_480_h": 315,
                "thumb_160": "https:\/\/files.slack.com\/files-tmb\/T0D1XTUAD-F01HCS4C74M-507200ada6\/screen_shot_2020-12-22_at_9.33.45_am_160.png?t=xoxe-13065946353-1831014033124-1821760734405-0591b3003861d046a3fe606fb5f44814",
                "thumb_720": "https:\/\/files.slack.com\/files-tmb\/T0D1XTUAD-F01HCS4C74M-507200ada6\/screen_shot_2020-12-22_at_9.33.45_am_720.png?t=xoxe-13065946353-1831014033124-1821760734405-0591b3003861d046a3fe606fb5f44814",
                "thumb_720_w": 720,
                "thumb_720_h": 472,
                "thumb_800": "https:\/\/files.slack.com\/files-tmb\/T0D1XTUAD-F01HCS4C74M-507200ada6\/screen_shot_2020-12-22_at_9.33.45_am_800.png?t=xoxe-13065946353-1831014033124-1821760734405-0591b3003861d046a3fe606fb5f44814",
                "thumb_800_w": 800,
                "thumb_800_h": 525,
                "original_w": 866,
                "original_h": 568,
                "thumb_tiny": "AwAfADC4zBAue\/vRuGwNjr705kVwNwzijbhQF4AoAbvA7GjeD2P50u1vX9aXDev60AHP90\/mKXHFMPyfebAPvTldT8oYEgUWAXB9aDu7EfjTfNTH3v0o81P736UAOGe5FL+NM81M\/e\/Q0edH\/e\/Q0AOIB6nP1FG0Dpj8qb50f979DR50ePvfoaAP\/9k=",
                "permalink": "https:\/\/kcwebteam.slack.com\/files\/UUW3W20AU\/F01HCS4C74M\/screen_shot_2020-12-22_at_9.33.45_am.png",
                "permalink_public": "https:\/\/slack-files.com\/T0D1XTUAD-F01HCS4C74M-07a1cf5fff",
                "is_starred": false,
                "has_rich_preview": false
            }
        ],
        "upload": false,
        "user": "UUW3W20AU",
        "display_as_bot": false,
        "ts": "1608658586.012700",
        "thread_ts": "1608601010.490900",
        "parent_user_id": "UUW3W20AU"
    },
    {
        "client_msg_id": "E7651CBA-D7B0-4516-BB55-737DE6B24B37",
        "type": "message",
        "text": "Hmmmm... so either it isn’t finding the server, or it doesn’t think you should be allowed in. While on VPN, go into \/Applications\/Utilities, open Terminal, and type in the word ping, a space, and the server name, then press enter. So, from my example above it would be:\n`ping kcitserv.kc.kingcounty.lcl (enter)`",
        "user": "U0NSCMBR8",
        "ts": "1608658621.013300",
        "team": "T0D1XTUAD",
        "user_team": "T0D1XTUAD",
        "source_team": "T0D1XTUAD",
        "user_profile": {
            "avatar_hash": "28a69ac871a0",
            "image_72": "https:\/\/avatars.slack-edge.com\/2016-02-24\/22896597253_28a69ac871a00b39b963_72.jpg",
            "first_name": "Al",
            "real_name": "Al Boss",
            "display_name": "",
            "team": "T0D1XTUAD",
            "name": "alboss",
            "is_restricted": false,
            "is_ultra_restricted": false
        },
        "edited": {
            "user": "U0NSCMBR8",
            "ts": "1608658636.000000"
        },
        "blocks": [
            {
                "type": "rich_text",
                "block_id": "fyfLM",
                "elements": [
                    {
                        "type": "rich_text_section",
                        "elements": [
                            {
                                "type": "text",
                                "text": "Hmmmm... so either it isn’t finding the server, or it doesn’t think you should be allowed in. While on VPN, go into \/Applications\/Utilities, open Terminal, and type in the word ping, a space, and the server name, then press enter. So, from my example above it would be:\n"
                            },
                            {
                                "type": "text",
                                "text": "ping kcitserv.kc.kingcounty.lcl (enter)",
                                "style": {
                                    "code": true
                                }
                            }
                        ]
                    }
                ]
            }
        ],
        "thread_ts": "1608601010.490900",
        "parent_user_id": "UUW3W20AU"
    },
    {
        "client_msg_id": "55441127-92AD-4195-919D-D196178D7ACF",
        "type": "message",
        "text": "What’s the server name you’re trying to connect to?",
        "user": "U0NSCMBR8",
        "ts": "1608658676.014400",
        "team": "T0D1XTUAD",
        "user_team": "T0D1XTUAD",
        "source_team": "T0D1XTUAD",
        "user_profile": {
            "avatar_hash": "28a69ac871a0",
            "image_72": "https:\/\/avatars.slack-edge.com\/2016-02-24\/22896597253_28a69ac871a00b39b963_72.jpg",
            "first_name": "Al",
            "real_name": "Al Boss",
            "display_name": "",
            "team": "T0D1XTUAD",
            "name": "alboss",
            "is_restricted": false,
            "is_ultra_restricted": false
        },
        "blocks": [
            {
                "type": "rich_text",
                "block_id": "FNh",
                "elements": [
                    {
                        "type": "rich_text_section",
                        "elements": [
                            {
                                "type": "text",
                                "text": "What’s the server name you’re trying to connect to?"
                            }
                        ]
                    }
                ]
            }
        ],
        "thread_ts": "1608601010.490900",
        "parent_user_id": "UUW3W20AU"
    },
    {
        "client_msg_id": "EBDF6AA2-1E92-4C4D-997A-7060A11DE682",
        "type": "message",
        "text": "That error looks like it’s trying to reach a server called kc.kingcounty.lcl but that’s not a server, it’s the domain. It’s like saying `problem connecting to the server .gov`\n \nI wonder if the server name is funky?",
        "user": "U0NSCMBR8",
        "ts": "1608658844.016500",
        "team": "T0D1XTUAD",
        "user_team": "T0D1XTUAD",
        "source_team": "T0D1XTUAD",
        "user_profile": {
            "avatar_hash": "28a69ac871a0",
            "image_72": "https:\/\/avatars.slack-edge.com\/2016-02-24\/22896597253_28a69ac871a00b39b963_72.jpg",
            "first_name": "Al",
            "real_name": "Al Boss",
            "display_name": "",
            "team": "T0D1XTUAD",
            "name": "alboss",
            "is_restricted": false,
            "is_ultra_restricted": false
        },
        "edited": {
            "user": "U0NSCMBR8",
            "ts": "1608658895.000000"
        },
        "blocks": [
            {
                "type": "rich_text",
                "block_id": "x7hS",
                "elements": [
                    {
                        "type": "rich_text_section",
                        "elements": [
                            {
                                "type": "text",
                                "text": "That error looks like it’s trying to reach a server called kc.kingcounty.lcl but that’s not a server, it’s the domain. It’s like saying "
                            },
                            {
                                "type": "text",
                                "text": "problem connecting to the server .gov",
                                "style": {
                                    "code": true
                                }
                            },
                            {
                                "type": "text",
                                "text": "\n \n"
                            },
                            {
                                "type": "text",
                                "text": "I wonder if the server name is funky?"
                            }
                        ]
                    }
                ]
            }
        ],
        "thread_ts": "1608601010.490900",
        "parent_user_id": "UUW3W20AU"
    },
    {
        "client_msg_id": "1e6d1cfe-ed23-4ede-bbaf-b0bed48c462f",
        "type": "message",
        "text": "This is the server name: <smb:\/\/kc.kingcounty.lcl\/dnrp\/KCIT\/VC>",
        "user": "UUW3W20AU",
        "ts": "1608659319.016800",
        "team": "T0D1XTUAD",
        "user_team": "T0D1XTUAD",
        "source_team": "T0D1XTUAD",
        "user_profile": {
            "avatar_hash": "0c87430f5419",
            "image_72": "https:\/\/avatars.slack-edge.com\/2020-03-04\/984414387030_0c87430f5419d7de3cea_72.jpg",
            "first_name": "Elizabeth",
            "real_name": "Elizabeth Inglese",
            "display_name": "Tish",
            "team": "T0D1XTUAD",
            "name": "einglese",
            "is_restricted": false,
            "is_ultra_restricted": false
        },
        "blocks": [
            {
                "type": "rich_text",
                "block_id": "2QGyA",
                "elements": [
                    {
                        "type": "rich_text_section",
                        "elements": [
                            {
                                "type": "text",
                                "text": "This is the server name: "
                            },
                            {
                                "type": "link",
                                "url": "smb:\/\/kc.kingcounty.lcl\/dnrp\/KCIT\/VC"
                            }
                        ]
                    }
                ]
            }
        ],
        "thread_ts": "1608601010.490900",
        "parent_user_id": "UUW3W20AU"
    },
    {
        "client_msg_id": "31B226D2-1083-4E2A-9CE3-B0C6AD3EB7FB",
        "type": "message",
        "text": "Ah ha! Yeah, it’s not gonna find that.\n\nTry maybe <smb:\/\/dnrp.kc.kingcounty.lcl\/KCIT\/VC|smb:\/\/dnrp.kc.kingcounty.lcl\/KCIT\/VC>",
        "user": "U0NSCMBR8",
        "ts": "1608659455.018000",
        "team": "T0D1XTUAD",
        "user_team": "T0D1XTUAD",
        "source_team": "T0D1XTUAD",
        "user_profile": {
            "avatar_hash": "28a69ac871a0",
            "image_72": "https:\/\/avatars.slack-edge.com\/2016-02-24\/22896597253_28a69ac871a00b39b963_72.jpg",
            "first_name": "Al",
            "real_name": "Al Boss",
            "display_name": "",
            "team": "T0D1XTUAD",
            "name": "alboss",
            "is_restricted": false,
            "is_ultra_restricted": false
        },
        "blocks": [
            {
                "type": "rich_text",
                "block_id": "f00",
                "elements": [
                    {
                        "type": "rich_text_section",
                        "elements": [
                            {
                                "type": "text",
                                "text": "Ah ha! Yeah, it’s not gonna find that.\n"
                            },
                            {
                                "type": "text",
                                "text": "\n"
                            },
                            {
                                "type": "text",
                                "text": "Try maybe "
                            },
                            {
                                "type": "link",
                                "url": "smb:\/\/dnrp.kc.kingcounty.lcl\/KCIT\/VC",
                                "text": "smb:\/\/dnrp.kc.kingcounty.lcl\/KCIT\/VC"
                            }
                        ]
                    }
                ]
            }
        ],
        "thread_ts": "1608601010.490900",
        "parent_user_id": "UUW3W20AU"
    },
    {
        "client_msg_id": "b7770fe0-fb7c-4192-b51f-e404eb91446c",
        "type": "message",
        "text": "It tells me \"unknown host\" with the first thing you suggested I try.",
        "user": "UUW3W20AU",
        "ts": "1608659600.020300",
        "team": "T0D1XTUAD",
        "user_team": "T0D1XTUAD",
        "source_team": "T0D1XTUAD",
        "user_profile": {
            "avatar_hash": "0c87430f5419",
            "image_72": "https:\/\/avatars.slack-edge.com\/2020-03-04\/984414387030_0c87430f5419d7de3cea_72.jpg",
            "first_name": "Elizabeth",
            "real_name": "Elizabeth Inglese",
            "display_name": "Tish",
            "team": "T0D1XTUAD",
            "name": "einglese",
            "is_restricted": false,
            "is_ultra_restricted": false
        },
        "blocks": [
            {
                "type": "rich_text",
                "block_id": "Kd\/XJ",
                "elements": [
                    {
                        "type": "rich_text_section",
                        "elements": [
                            {
                                "type": "text",
                                "text": "It tells me \"unknown host\" with the first thing you suggested I try."
                            }
                        ]
                    }
                ]
            }
        ],
        "thread_ts": "1608601010.490900",
        "parent_user_id": "UUW3W20AU"
    },
    {
        "client_msg_id": "568AA486-8D95-4273-8286-487A74067789",
        "type": "message",
        "text": "Yeah, that was a wild guess.\n\nThere’s something missing that goes in front of the kc.kingcounty.lcl. We could guess all day. It’s probably easiest to find it in a computer that can connect. Had you connected successfully from your home computer?\n",
        "user": "U0NSCMBR8",
        "ts": "1608659723.023000",
        "team": "T0D1XTUAD",
        "user_team": "T0D1XTUAD",
        "source_team": "T0D1XTUAD",
        "user_profile": {
            "avatar_hash": "28a69ac871a0",
            "image_72": "https:\/\/avatars.slack-edge.com\/2016-02-24\/22896597253_28a69ac871a00b39b963_72.jpg",
            "first_name": "Al",
            "real_name": "Al Boss",
            "display_name": "",
            "team": "T0D1XTUAD",
            "name": "alboss",
            "is_restricted": false,
            "is_ultra_restricted": false
        },
        "blocks": [
            {
                "type": "rich_text",
                "block_id": "8I12",
                "elements": [
                    {
                        "type": "rich_text_section",
                        "elements": [
                            {
                                "type": "text",
                                "text": "Yeah, that was a wild guess.\n"
                            },
                            {
                                "type": "text",
                                "text": "\nThere’s something missing that goes in front of the kc.kingcounty.lcl. We could guess all day. It’s probably easiest to find it in a computer that can connect. Had you connected successfully from your home computer?\n"
                            }
                        ]
                    }
                ]
            }
        ],
        "thread_ts": "1608601010.490900",
        "parent_user_id": "UUW3W20AU"
    },
    {
        "type": "message",
        "text": "Ugh, can't connect to that server name either.",
        "files": [
            {
                "id": "F01H981GQ4E",
                "created": 1608659988,
                "timestamp": 1608659988,
                "name": "Screen Shot 2020-12-22 at 9.59.05 AM.png",
                "title": "Screen Shot 2020-12-22 at 9.59.05 AM.png",
                "mimetype": "image\/png",
                "filetype": "png",
                "pretty_type": "PNG",
                "user": "UUW3W20AU",
                "editable": false,
                "size": 110800,
                "mode": "hosted",
                "is_external": false,
                "external_type": "",
                "is_public": true,
                "public_url_shared": false,
                "display_as_bot": false,
                "username": "",
                "url_private": "https:\/\/files.slack.com\/files-pri\/T0D1XTUAD-F01H981GQ4E\/screen_shot_2020-12-22_at_9.59.05_am.png?t=xoxe-13065946353-1831014033124-1821760734405-0591b3003861d046a3fe606fb5f44814",
                "url_private_download": "https:\/\/files.slack.com\/files-pri\/T0D1XTUAD-F01H981GQ4E\/download\/screen_shot_2020-12-22_at_9.59.05_am.png?t=xoxe-13065946353-1831014033124-1821760734405-0591b3003861d046a3fe606fb5f44814",
                "thumb_64": "https:\/\/files.slack.com\/files-tmb\/T0D1XTUAD-F01H981GQ4E-8003687c44\/screen_shot_2020-12-22_at_9.59.05_am_64.png?t=xoxe-13065946353-1831014033124-1821760734405-0591b3003861d046a3fe606fb5f44814",
                "thumb_80": "https:\/\/files.slack.com\/files-tmb\/T0D1XTUAD-F01H981GQ4E-8003687c44\/screen_shot_2020-12-22_at_9.59.05_am_80.png?t=xoxe-13065946353-1831014033124-1821760734405-0591b3003861d046a3fe606fb5f44814",
                "thumb_360": "https:\/\/files.slack.com\/files-tmb\/T0D1XTUAD-F01H981GQ4E-8003687c44\/screen_shot_2020-12-22_at_9.59.05_am_360.png?t=xoxe-13065946353-1831014033124-1821760734405-0591b3003861d046a3fe606fb5f44814",
                "thumb_360_w": 360,
                "thumb_360_h": 148,
                "thumb_480": "https:\/\/files.slack.com\/files-tmb\/T0D1XTUAD-F01H981GQ4E-8003687c44\/screen_shot_2020-12-22_at_9.59.05_am_480.png?t=xoxe-13065946353-1831014033124-1821760734405-0591b3003861d046a3fe606fb5f44814",
                "thumb_480_w": 480,
                "thumb_480_h": 197,
                "thumb_160": "https:\/\/files.slack.com\/files-tmb\/T0D1XTUAD-F01H981GQ4E-8003687c44\/screen_shot_2020-12-22_at_9.59.05_am_160.png?t=xoxe-13065946353-1831014033124-1821760734405-0591b3003861d046a3fe606fb5f44814",
                "thumb_720": "https:\/\/files.slack.com\/files-tmb\/T0D1XTUAD-F01H981GQ4E-8003687c44\/screen_shot_2020-12-22_at_9.59.05_am_720.png?t=xoxe-13065946353-1831014033124-1821760734405-0591b3003861d046a3fe606fb5f44814",
                "thumb_720_w": 720,
                "thumb_720_h": 296,
                "thumb_800": "https:\/\/files.slack.com\/files-tmb\/T0D1XTUAD-F01H981GQ4E-8003687c44\/screen_shot_2020-12-22_at_9.59.05_am_800.png?t=xoxe-13065946353-1831014033124-1821760734405-0591b3003861d046a3fe606fb5f44814",
                "thumb_800_w": 800,
                "thumb_800_h": 329,
                "original_w": 856,
                "original_h": 352,
                "thumb_tiny": "AwATADC47hMZ7+9LuG0Nzg+9K0avjcM4o24AC8AUAN3j0P50bx6H86dtb1\/WjDev60AIDkcKfzFOxxTGOz7zYB96cHU5UNk4osAze3rQHbPWmmgdRQBJuPrRuPrTaKAFJJ64P4UA+w\/KkpRQB\/\/Z",
                "permalink": "https:\/\/kcwebteam.slack.com\/files\/UUW3W20AU\/F01H981GQ4E\/screen_shot_2020-12-22_at_9.59.05_am.png",
                "permalink_public": "https:\/\/slack-files.com\/T0D1XTUAD-F01H981GQ4E-d5c5d9a004",
                "is_starred": false,
                "has_rich_preview": false
            }
        ],
        "upload": false,
        "blocks": [
            {
                "type": "rich_text",
                "block_id": "fWh",
                "elements": [
                    {
                        "type": "rich_text_section",
                        "elements": [
                            {
                                "type": "text",
                                "text": "Ugh, can't connect to that server name either."
                            }
                        ]
                    }
                ]
            }
        ],
        "user": "UUW3W20AU",
        "display_as_bot": false,
        "ts": "1608659992.023200",
        "thread_ts": "1608601010.490900",
        "parent_user_id": "UUW3W20AU"
    },
    {
        "client_msg_id": "5F0053F7-FFAE-45A1-B924-999E4F994457",
        "type": "message",
        "text": "That’s not a surprise. I don’t know the server name and was guessing. ",
        "user": "U0NSCMBR8",
        "ts": "1608660087.024300",
        "team": "T0D1XTUAD",
        "user_team": "T0D1XTUAD",
        "source_team": "T0D1XTUAD",
        "user_profile": {
            "avatar_hash": "28a69ac871a0",
            "image_72": "https:\/\/avatars.slack-edge.com\/2016-02-24\/22896597253_28a69ac871a00b39b963_72.jpg",
            "first_name": "Al",
            "real_name": "Al Boss",
            "display_name": "",
            "team": "T0D1XTUAD",
            "name": "alboss",
            "is_restricted": false,
            "is_ultra_restricted": false
        },
        "blocks": [
            {
                "type": "rich_text",
                "block_id": "Xrix",
                "elements": [
                    {
                        "type": "rich_text_section",
                        "elements": [
                            {
                                "type": "text",
                                "text": "That’s not a surprise. I don’t know the server name and was guessing. "
                            }
                        ]
                    }
                ]
            }
        ],
        "thread_ts": "1608601010.490900",
        "parent_user_id": "UUW3W20AU"
    },
    {
        "client_msg_id": "36E12A82-D9B2-4233-BECD-6B017AE4E614",
        "type": "message",
        "text": "I bet <@UFDNKQCU9> knows the fully-qualified domain name for the server that has the VC directory.",
        "user": "U0NSCMBR8",
        "ts": "1608663760.026000",
        "team": "T0D1XTUAD",
        "user_team": "T0D1XTUAD",
        "source_team": "T0D1XTUAD",
        "user_profile": {
            "avatar_hash": "28a69ac871a0",
            "image_72": "https:\/\/avatars.slack-edge.com\/2016-02-24\/22896597253_28a69ac871a00b39b963_72.jpg",
            "first_name": "Al",
            "real_name": "Al Boss",
            "display_name": "",
            "team": "T0D1XTUAD",
            "name": "alboss",
            "is_restricted": false,
            "is_ultra_restricted": false
        },
        "blocks": [
            {
                "type": "rich_text",
                "block_id": "isbn",
                "elements": [
                    {
                        "type": "rich_text_section",
                        "elements": [
                            {
                                "type": "text",
                                "text": "I bet "
                            },
                            {
                                "type": "user",
                                "user_id": "UFDNKQCU9"
                            },
                            {
                                "type": "text",
                                "text": " knows the fully-qualified domain name for the server that has the VC directory."
                            }
                        ]
                    }
                ]
            }
        ],
        "thread_ts": "1608601010.490900",
        "parent_user_id": "UUW3W20AU"
    },
    {
        "client_msg_id": "2783b94e-3bbe-46ac-9ea7-9a99be4ed377",
        "type": "message",
        "text": "This one? dnrp.kingcounty.lcl",
        "user": "UFDNKQCU9",
        "ts": "1608664071.026200",
        "team": "T0D1XTUAD",
        "user_team": "T0D1XTUAD",
        "source_team": "T0D1XTUAD",
        "user_profile": {
            "avatar_hash": "625717ebbb6e",
            "image_72": "https:\/\/avatars.slack-edge.com\/2019-01-17\/526675529362_625717ebbb6e0ba43f68_72.jpg",
            "first_name": "Earl",
            "real_name": "Earl Krygier",
            "display_name": "Krygier",
            "team": "T0D1XTUAD",
            "name": "earl.krygier",
            "is_restricted": false,
            "is_ultra_restricted": false
        },
        "blocks": [
            {
                "type": "rich_text",
                "block_id": "xgd",
                "elements": [
                    {
                        "type": "rich_text_section",
                        "elements": [
                            {
                                "type": "text",
                                "text": "This one? dnrp.kingcounty.lcl"
                            }
                        ]
                    }
                ]
            }
        ],
        "thread_ts": "1608601010.490900",
        "parent_user_id": "UUW3W20AU"
    },
    {
        "client_msg_id": "69C27AEC-8D2F-49C2-BB7F-4306BFBA8A80",
        "type": "message",
        "text": "Ah ha, Tish, that might be the answer! Try\n<smb:\/\/dnrp.kingcounty.lcl\/KCIT\/VC\/|smb:\/\/dnrp.kingcounty.lcl\/KCIT\/VC\/>\nOr if that doesn’t work \n<smb:\/\/dnrp.kingcounty.lcl\/DNRP\/KCIT\/VC\/|smb:\/\/dnrp.kingcounty.lcl\/DNRP\/KCIT\/VC\/>",
        "user": "U0NSCMBR8",
        "ts": "1608664293.028900",
        "team": "T0D1XTUAD",
        "user_team": "T0D1XTUAD",
        "source_team": "T0D1XTUAD",
        "user_profile": {
            "avatar_hash": "28a69ac871a0",
            "image_72": "https:\/\/avatars.slack-edge.com\/2016-02-24\/22896597253_28a69ac871a00b39b963_72.jpg",
            "first_name": "Al",
            "real_name": "Al Boss",
            "display_name": "",
            "team": "T0D1XTUAD",
            "name": "alboss",
            "is_restricted": false,
            "is_ultra_restricted": false
        },
        "blocks": [
            {
                "type": "rich_text",
                "block_id": "wz0n",
                "elements": [
                    {
                        "type": "rich_text_section",
                        "elements": [
                            {
                                "type": "text",
                                "text": "Ah ha, Tish, that might be the answer! Try\n"
                            },
                            {
                                "type": "link",
                                "url": "smb:\/\/dnrp.kingcounty.lcl\/KCIT\/VC\/",
                                "text": "smb:\/\/dnrp.kingcounty.lcl\/KCIT\/VC\/"
                            },
                            {
                                "type": "text",
                                "text": "\nOr if that doesn’t work \n"
                            },
                            {
                                "type": "link",
                                "url": "smb:\/\/dnrp.kingcounty.lcl\/DNRP\/KCIT\/VC\/",
                                "text": "smb:\/\/dnrp.kingcounty.lcl\/DNRP\/KCIT\/VC\/"
                            }
                        ]
                    }
                ]
            }
        ],
        "thread_ts": "1608601010.490900",
        "parent_user_id": "UUW3W20AU"
    },
    {
        "client_msg_id": "06861d35-3bae-4582-8202-da016f8a66e6",
        "type": "message",
        "text": "To get into the VC folder I have to use my dnrp\/username login.  Crap, its been a while since I’ve done it and its not working.",
        "user": "UFDNKQCU9",
        "ts": "1608664666.029100",
        "team": "T0D1XTUAD",
        "user_team": "T0D1XTUAD",
        "source_team": "T0D1XTUAD",
        "user_profile": {
            "avatar_hash": "625717ebbb6e",
            "image_72": "https:\/\/avatars.slack-edge.com\/2019-01-17\/526675529362_625717ebbb6e0ba43f68_72.jpg",
            "first_name": "Earl",
            "real_name": "Earl Krygier",
            "display_name": "Krygier",
            "team": "T0D1XTUAD",
            "name": "earl.krygier",
            "is_restricted": false,
            "is_ultra_restricted": false
        },
        "blocks": [
            {
                "type": "rich_text",
                "block_id": "TaO",
                "elements": [
                    {
                        "type": "rich_text_section",
                        "elements": [
                            {
                                "type": "text",
                                "text": "To get into the VC folder I have to use my dnrp\/username login.  Crap, its been a while since I’ve done it and its not working."
                            }
                        ]
                    }
                ]
            }
        ],
        "thread_ts": "1608601010.490900",
        "parent_user_id": "UUW3W20AU"
    },
    {
        "client_msg_id": "480c03f5-fe40-4304-8f50-eb8d29bba470",
        "type": "message",
        "text": "might be dnrp\\username…. need to wait 15 mins",
        "user": "UFDNKQCU9",
        "ts": "1608664973.029300",
        "team": "T0D1XTUAD",
        "user_team": "T0D1XTUAD",
        "source_team": "T0D1XTUAD",
        "user_profile": {
            "avatar_hash": "625717ebbb6e",
            "image_72": "https:\/\/avatars.slack-edge.com\/2019-01-17\/526675529362_625717ebbb6e0ba43f68_72.jpg",
            "first_name": "Earl",
            "real_name": "Earl Krygier",
            "display_name": "Krygier",
            "team": "T0D1XTUAD",
            "name": "earl.krygier",
            "is_restricted": false,
            "is_ultra_restricted": false
        },
        "blocks": [
            {
                "type": "rich_text",
                "block_id": "NEe",
                "elements": [
                    {
                        "type": "rich_text_section",
                        "elements": [
                            {
                                "type": "text",
                                "text": "might be dnrp\\username…. need to wait 15 mins"
                            }
                        ]
                    }
                ]
            }
        ],
        "thread_ts": "1608601010.490900",
        "parent_user_id": "UUW3W20AU"
    },
    {
        "client_msg_id": "45D227EC-C45D-4D40-9E3A-EE76A8AEB95E",
        "type": "message",
        "text": "When you figure it out can you post the step-by-step instructions here for <@UUW3W20AU> ?",
        "user": "U0NSCMBR8",
        "ts": "1608665679.030500",
        "team": "T0D1XTUAD",
        "user_team": "T0D1XTUAD",
        "source_team": "T0D1XTUAD",
        "user_profile": {
            "avatar_hash": "28a69ac871a0",
            "image_72": "https:\/\/avatars.slack-edge.com\/2016-02-24\/22896597253_28a69ac871a00b39b963_72.jpg",
            "first_name": "Al",
            "real_name": "Al Boss",
            "display_name": "",
            "team": "T0D1XTUAD",
            "name": "alboss",
            "is_restricted": false,
            "is_ultra_restricted": false
        },
        "blocks": [
            {
                "type": "rich_text",
                "block_id": "Kjo",
                "elements": [
                    {
                        "type": "rich_text_section",
                        "elements": [
                            {
                                "type": "text",
                                "text": "When you figure it out can you post the step-by-step instructions here for "
                            },
                            {
                                "type": "user",
                                "user_id": "UUW3W20AU"
                            },
                            {
                                "type": "text",
                                "text": " ?"
                            }
                        ]
                    }
                ]
            }
        ],
        "thread_ts": "1608601010.490900",
        "parent_user_id": "UUW3W20AU"
    },
    {
        "client_msg_id": "e3e4b38c-72d3-4fc0-900d-dc9d8bbc5190",
        "type": "message",
        "text": "Nope ... none of those variations work.",
        "user": "UUW3W20AU",
        "ts": "1608665692.030700",
        "team": "T0D1XTUAD",
        "user_team": "T0D1XTUAD",
        "source_team": "T0D1XTUAD",
        "user_profile": {
            "avatar_hash": "0c87430f5419",
            "image_72": "https:\/\/avatars.slack-edge.com\/2020-03-04\/984414387030_0c87430f5419d7de3cea_72.jpg",
            "first_name": "Elizabeth",
            "real_name": "Elizabeth Inglese",
            "display_name": "Tish",
            "team": "T0D1XTUAD",
            "name": "einglese",
            "is_restricted": false,
            "is_ultra_restricted": false
        },
        "blocks": [
            {
                "type": "rich_text",
                "block_id": "3eH",
                "elements": [
                    {
                        "type": "rich_text_section",
                        "elements": [
                            {
                                "type": "text",
                                "text": "Nope ... none of those variations work."
                            }
                        ]
                    }
                ]
            }
        ],
        "thread_ts": "1608601010.490900",
        "parent_user_id": "UUW3W20AU"
    },
    {
        "client_msg_id": "51d67a58-db39-4aac-b8a1-52a11ae8919f",
        "type": "message",
        "text": "The first one I tried was the one I had originally saved to my work iMac that I used to use to connect to in the office, and that one worked fine. Now all of a sudden it isn't.",
        "user": "UUW3W20AU",
        "ts": "1608665725.030900",
        "team": "T0D1XTUAD",
        "user_team": "T0D1XTUAD",
        "source_team": "T0D1XTUAD",
        "user_profile": {
            "avatar_hash": "0c87430f5419",
            "image_72": "https:\/\/avatars.slack-edge.com\/2020-03-04\/984414387030_0c87430f5419d7de3cea_72.jpg",
            "first_name": "Elizabeth",
            "real_name": "Elizabeth Inglese",
            "display_name": "Tish",
            "team": "T0D1XTUAD",
            "name": "einglese",
            "is_restricted": false,
            "is_ultra_restricted": false
        },
        "blocks": [
            {
                "type": "rich_text",
                "block_id": "=lkjh",
                "elements": [
                    {
                        "type": "rich_text_section",
                        "elements": [
                            {
                                "type": "text",
                                "text": "The first one I tried was the one I had originally saved to my work iMac that I used to use to connect to in the office, and that one worked fine. Now all of a sudden it isn't."
                            }
                        ]
                    }
                ]
            }
        ],
        "thread_ts": "1608601010.490900",
        "parent_user_id": "UUW3W20AU"
    },
    {
        "client_msg_id": "5cb39e43-f348-44f8-a60b-ff4f6ba702ba",
        "type": "message",
        "text": "OMG, the guy they've assigned to this (really nice dude), but he sent me instructions on how to reset your password on a PC laptop. AAAAHHHH!!!",
        "user": "UUW3W20AU",
        "ts": "1608665859.031100",
        "team": "T0D1XTUAD",
        "user_team": "T0D1XTUAD",
        "source_team": "T0D1XTUAD",
        "user_profile": {
            "avatar_hash": "0c87430f5419",
            "image_72": "https:\/\/avatars.slack-edge.com\/2020-03-04\/984414387030_0c87430f5419d7de3cea_72.jpg",
            "first_name": "Elizabeth",
            "real_name": "Elizabeth Inglese",
            "display_name": "Tish",
            "team": "T0D1XTUAD",
            "name": "einglese",
            "is_restricted": false,
            "is_ultra_restricted": false
        },
        "blocks": [
            {
                "type": "rich_text",
                "block_id": "kf1",
                "elements": [
                    {
                        "type": "rich_text_section",
                        "elements": [
                            {
                                "type": "text",
                                "text": "OMG, the guy they've assigned to this (really nice dude), but he sent me instructions on how to reset your password on a PC laptop. AAAAHHHH!!!"
                            }
                        ]
                    }
                ]
            }
        ],
        "thread_ts": "1608601010.490900",
        "parent_user_id": "UUW3W20AU",
        "reactions": [
            {
                "name": "rolling_on_the_floor_laughing",
                "users": [
                    "UFDNKQCU9"
                ],
                "count": 1
            }
        ]
    },
    {
        "client_msg_id": "d769b6c3-fac8-4b6f-ac4c-99cd7dfcd7ba",
        "type": "message",
        "text": "it was connecting to kc.kingcounty.lcl and I used “dnrp\\username” in the name field. Let me see if I can reverse engineer what I’ve set up. I might have hacked my host at one time for the Mac to see the VC server.",
        "user": "UFDNKQCU9",
        "ts": "1608665933.031300",
        "team": "T0D1XTUAD",
        "user_team": "T0D1XTUAD",
        "source_team": "T0D1XTUAD",
        "user_profile": {
            "avatar_hash": "625717ebbb6e",
            "image_72": "https:\/\/avatars.slack-edge.com\/2019-01-17\/526675529362_625717ebbb6e0ba43f68_72.jpg",
            "first_name": "Earl",
            "real_name": "Earl Krygier",
            "display_name": "Krygier",
            "team": "T0D1XTUAD",
            "name": "earl.krygier",
            "is_restricted": false,
            "is_ultra_restricted": false
        },
        "blocks": [
            {
                "type": "rich_text",
                "block_id": "7cJo",
                "elements": [
                    {
                        "type": "rich_text_section",
                        "elements": [
                            {
                                "type": "text",
                                "text": "it was connecting to kc.kingcounty.lcl and I used “dnrp\\username” in the name field. Let me see if I can reverse engineer what I’ve set up. I might have hacked my host at one time for the Mac to see the VC server."
                            }
                        ]
                    }
                ]
            }
        ],
        "thread_ts": "1608601010.490900",
        "parent_user_id": "UUW3W20AU"
    },
    {
        "client_msg_id": "b96ab13c-5c44-4854-abb8-07f7d8b05edb",
        "type": "message",
        "text": "Use Go menu\nConnect to Server\n<smb:\/\/kc.kingcounty.lcl\/dnrp\/KCIT\/VC>\n\nlogin with dnrp\\“your abbreviated kc username”\npassword: “your KC password”",
        "user": "UFDNKQCU9",
        "ts": "1608666948.031600",
        "team": "T0D1XTUAD",
        "user_team": "T0D1XTUAD",
        "source_team": "T0D1XTUAD",
        "user_profile": {
            "avatar_hash": "625717ebbb6e",
            "image_72": "https:\/\/avatars.slack-edge.com\/2019-01-17\/526675529362_625717ebbb6e0ba43f68_72.jpg",
            "first_name": "Earl",
            "real_name": "Earl Krygier",
            "display_name": "Krygier",
            "team": "T0D1XTUAD",
            "name": "earl.krygier",
            "is_restricted": false,
            "is_ultra_restricted": false
        },
        "blocks": [
            {
                "type": "rich_text",
                "block_id": "SUDR",
                "elements": [
                    {
                        "type": "rich_text_section",
                        "elements": [
                            {
                                "type": "text",
                                "text": "Use Go menu\nConnect to Server\n"
                            },
                            {
                                "type": "link",
                                "url": "smb:\/\/kc.kingcounty.lcl\/dnrp\/KCIT\/VC"
                            },
                            {
                                "type": "text",
                                "text": "\n\nlogin with dnrp\\“your abbreviated kc username”\npassword: “your KC password”"
                            }
                        ]
                    }
                ]
            }
        ],
        "thread_ts": "1608601010.490900",
        "parent_user_id": "UUW3W20AU"
    },
    {
        "client_msg_id": "f171a042-8ac6-4901-96f4-73447e612e3c",
        "type": "message",
        "text": "If its still saying it can’t find the kc.kingcounty.lcl server then modify your host file:\n10.5.1.147      kc.kingcounty.lcl",
        "user": "UFDNKQCU9",
        "ts": "1608666985.031800",
        "team": "T0D1XTUAD",
        "user_team": "T0D1XTUAD",
        "source_team": "T0D1XTUAD",
        "user_profile": {
            "avatar_hash": "625717ebbb6e",
            "image_72": "https:\/\/avatars.slack-edge.com\/2019-01-17\/526675529362_625717ebbb6e0ba43f68_72.jpg",
            "first_name": "Earl",
            "real_name": "Earl Krygier",
            "display_name": "Krygier",
            "team": "T0D1XTUAD",
            "name": "earl.krygier",
            "is_restricted": false,
            "is_ultra_restricted": false
        },
        "blocks": [
            {
                "type": "rich_text",
                "block_id": "h9vvW",
                "elements": [
                    {
                        "type": "rich_text_section",
                        "elements": [
                            {
                                "type": "text",
                                "text": "If its still saying it can’t find the kc.kingcounty.lcl server then modify your host file:\n10.5.1.147      kc.kingcounty.lcl"
                            }
                        ]
                    }
                ]
            }
        ],
        "thread_ts": "1608601010.490900",
        "parent_user_id": "UUW3W20AU"
    },
    {
        "client_msg_id": "1176133b-f888-4633-958b-69ac86fffa41",
        "type": "message",
        "text": "In case you missed the email about mobile devices, it has a link to instructions (<https:\/\/aka.ms\/mysecurityinfo>) for how to add multiple authentication options for MFA. I highly recommend it in case your phone battery dies or other hazards. I’ve set up about three additional options.",
        "user": "U0D1W09V4",
        "ts": "1608668360.033600",
        "team": "T0D1XTUAD",
        "user_team": "T0D1XTUAD",
        "source_team": "T0D1XTUAD",
        "user_profile": {
            "avatar_hash": "69a03f210a7e",
            "image_72": "https:\/\/avatars.slack-edge.com\/2020-04-03\/1036225284226_69a03f210a7ec4e12108_72.jpg",
            "first_name": "Beth",
            "real_name": "Beth Cheatham",
            "display_name": "beth.cheatham",
            "team": "T0D1XTUAD",
            "name": "beth.cheatham",
            "is_restricted": false,
            "is_ultra_restricted": false
        },
        "blocks": [
            {
                "type": "rich_text",
                "block_id": "+yJ",
                "elements": [
                    {
                        "type": "rich_text_section",
                        "elements": [
                            {
                                "type": "text",
                                "text": "In case you missed the email about mobile devices, it has a link to instructions ("
                            },
                            {
                                "type": "link",
                                "url": "https:\/\/aka.ms\/mysecurityinfo"
                            },
                            {
                                "type": "text",
                                "text": ") for how to add multiple authentication options for MFA. I highly recommend it in case your phone battery dies or other hazards. I’ve set up about three additional options."
                            }
                        ]
                    }
                ]
            }
        ],
        "reactions": [
            {
                "name": "raised_hands",
                "users": [
                    "U01G86DP99U"
                ],
                "count": 1
            }
        ]
    },
    {
        "type": "message",
        "text": "First thing didn't work. When I try and connect to 10.5.1.147 it asks me the following -",
        "files": [
            {
                "id": "F01HGKSARC3",
                "created": 1608671295,
                "timestamp": 1608671295,
                "name": "Screen Shot 2020-12-22 at 9.59.05 AM.png",
                "title": "Screen Shot 2020-12-22 at 9.59.05 AM.png",
                "mimetype": "image\/png",
                "filetype": "png",
                "pretty_type": "PNG",
                "user": "UUW3W20AU",
                "editable": false,
                "size": 110800,
                "mode": "hosted",
                "is_external": false,
                "external_type": "",
                "is_public": true,
                "public_url_shared": false,
                "display_as_bot": false,
                "username": "",
                "url_private": "https:\/\/files.slack.com\/files-pri\/T0D1XTUAD-F01HGKSARC3\/screen_shot_2020-12-22_at_9.59.05_am.png?t=xoxe-13065946353-1831014033124-1821760734405-0591b3003861d046a3fe606fb5f44814",
                "url_private_download": "https:\/\/files.slack.com\/files-pri\/T0D1XTUAD-F01HGKSARC3\/download\/screen_shot_2020-12-22_at_9.59.05_am.png?t=xoxe-13065946353-1831014033124-1821760734405-0591b3003861d046a3fe606fb5f44814",
                "thumb_64": "https:\/\/files.slack.com\/files-tmb\/T0D1XTUAD-F01HGKSARC3-37f5e90e07\/screen_shot_2020-12-22_at_9.59.05_am_64.png?t=xoxe-13065946353-1831014033124-1821760734405-0591b3003861d046a3fe606fb5f44814",
                "thumb_80": "https:\/\/files.slack.com\/files-tmb\/T0D1XTUAD-F01HGKSARC3-37f5e90e07\/screen_shot_2020-12-22_at_9.59.05_am_80.png?t=xoxe-13065946353-1831014033124-1821760734405-0591b3003861d046a3fe606fb5f44814",
                "thumb_360": "https:\/\/files.slack.com\/files-tmb\/T0D1XTUAD-F01HGKSARC3-37f5e90e07\/screen_shot_2020-12-22_at_9.59.05_am_360.png?t=xoxe-13065946353-1831014033124-1821760734405-0591b3003861d046a3fe606fb5f44814",
                "thumb_360_w": 360,
                "thumb_360_h": 148,
                "thumb_480": "https:\/\/files.slack.com\/files-tmb\/T0D1XTUAD-F01HGKSARC3-37f5e90e07\/screen_shot_2020-12-22_at_9.59.05_am_480.png?t=xoxe-13065946353-1831014033124-1821760734405-0591b3003861d046a3fe606fb5f44814",
                "thumb_480_w": 480,
                "thumb_480_h": 197,
                "thumb_160": "https:\/\/files.slack.com\/files-tmb\/T0D1XTUAD-F01HGKSARC3-37f5e90e07\/screen_shot_2020-12-22_at_9.59.05_am_160.png?t=xoxe-13065946353-1831014033124-1821760734405-0591b3003861d046a3fe606fb5f44814",
                "thumb_720": "https:\/\/files.slack.com\/files-tmb\/T0D1XTUAD-F01HGKSARC3-37f5e90e07\/screen_shot_2020-12-22_at_9.59.05_am_720.png?t=xoxe-13065946353-1831014033124-1821760734405-0591b3003861d046a3fe606fb5f44814",
                "thumb_720_w": 720,
                "thumb_720_h": 296,
                "thumb_800": "https:\/\/files.slack.com\/files-tmb\/T0D1XTUAD-F01HGKSARC3-37f5e90e07\/screen_shot_2020-12-22_at_9.59.05_am_800.png?t=xoxe-13065946353-1831014033124-1821760734405-0591b3003861d046a3fe606fb5f44814",
                "thumb_800_w": 800,
                "thumb_800_h": 329,
                "original_w": 856,
                "original_h": 352,
                "thumb_tiny": "AwATADC47hMZ7+9LuG0Nzg+9K0avjcM4o24AC8AUAN3j0P50bx6H86dtb1\/WjDev60AIDkcKfzFOxxTGOz7zYB96cHU5UNk4osAze3rQHbPWmmgdRQBJuPrRuPrTaKAFJJ64P4UA+w\/KkpRQB\/\/Z",
                "permalink": "https:\/\/kcwebteam.slack.com\/files\/UUW3W20AU\/F01HGKSARC3\/screen_shot_2020-12-22_at_9.59.05_am.png",
                "permalink_public": "https:\/\/slack-files.com\/T0D1XTUAD-F01HGKSARC3-804d63837f",
                "is_starred": false,
                "has_rich_preview": false
            }
        ],
        "upload": false,
        "blocks": [
            {
                "type": "rich_text",
                "block_id": "YOD=z",
                "elements": [
                    {
                        "type": "rich_text_section",
                        "elements": [
                            {
                                "type": "text",
                                "text": "First thing didn't work. When I try and connect to 10.5.1.147 it asks me the following -"
                            }
                        ]
                    }
                ]
            }
        ],
        "user": "UUW3W20AU",
        "display_as_bot": false,
        "ts": "1608671297.033700",
        "thread_ts": "1608601010.490900",
        "parent_user_id": "UUW3W20AU"
    },
    {
        "client_msg_id": "a1106b43-c7df-42cd-bc53-4b26ebec2942",
        "type": "message",
        "text": "Call me on teams and we can go over it with screen share",
        "user": "UFDNKQCU9",
        "ts": "1608673495.034100",
        "team": "T0D1XTUAD",
        "user_team": "T0D1XTUAD",
        "source_team": "T0D1XTUAD",
        "user_profile": {
            "avatar_hash": "625717ebbb6e",
            "image_72": "https:\/\/avatars.slack-edge.com\/2019-01-17\/526675529362_625717ebbb6e0ba43f68_72.jpg",
            "first_name": "Earl",
            "real_name": "Earl Krygier",
            "display_name": "Krygier",
            "team": "T0D1XTUAD",
            "name": "earl.krygier",
            "is_restricted": false,
            "is_ultra_restricted": false
        },
        "blocks": [
            {
                "type": "rich_text",
                "block_id": "Tcjvn",
                "elements": [
                    {
                        "type": "rich_text_section",
                        "elements": [
                            {
                                "type": "text",
                                "text": "Call me on teams and we can go over it with screen share"
                            }
                        ]
                    }
                ]
            }
        ],
        "thread_ts": "1608601010.490900",
        "parent_user_id": "UUW3W20AU"
    },
    {
        "type": "message",
        "text": "",
        "files": [
            {
                "id": "F01H9LVGP0E",
                "created": 1608671512,
                "timestamp": 1608671512,
                "name": "Screen Shot 2020-12-22 at 1.07.36 PM.png",
                "title": "Screen Shot 2020-12-22 at 1.07.36 PM.png",
                "mimetype": "image\/png",
                "filetype": "png",
                "pretty_type": "PNG",
                "user": "UUW3W20AU",
                "editable": false,
                "size": 122172,
                "mode": "hosted",
                "is_external": false,
                "external_type": "",
                "is_public": true,
                "public_url_shared": false,
                "display_as_bot": false,
                "username": "",
                "url_private": "https:\/\/files.slack.com\/files-pri\/T0D1XTUAD-F01H9LVGP0E\/screen_shot_2020-12-22_at_1.07.36_pm.png?t=xoxe-13065946353-1831014033124-1821760734405-0591b3003861d046a3fe606fb5f44814",
                "url_private_download": "https:\/\/files.slack.com\/files-pri\/T0D1XTUAD-F01H9LVGP0E\/download\/screen_shot_2020-12-22_at_1.07.36_pm.png?t=xoxe-13065946353-1831014033124-1821760734405-0591b3003861d046a3fe606fb5f44814",
                "thumb_64": "https:\/\/files.slack.com\/files-tmb\/T0D1XTUAD-F01H9LVGP0E-57082343a7\/screen_shot_2020-12-22_at_1.07.36_pm_64.png?t=xoxe-13065946353-1831014033124-1821760734405-0591b3003861d046a3fe606fb5f44814",
                "thumb_80": "https:\/\/files.slack.com\/files-tmb\/T0D1XTUAD-F01H9LVGP0E-57082343a7\/screen_shot_2020-12-22_at_1.07.36_pm_80.png?t=xoxe-13065946353-1831014033124-1821760734405-0591b3003861d046a3fe606fb5f44814",
                "thumb_360": "https:\/\/files.slack.com\/files-tmb\/T0D1XTUAD-F01H9LVGP0E-57082343a7\/screen_shot_2020-12-22_at_1.07.36_pm_360.png?t=xoxe-13065946353-1831014033124-1821760734405-0591b3003861d046a3fe606fb5f44814",
                "thumb_360_w": 360,
                "thumb_360_h": 306,
                "thumb_480": "https:\/\/files.slack.com\/files-tmb\/T0D1XTUAD-F01H9LVGP0E-57082343a7\/screen_shot_2020-12-22_at_1.07.36_pm_480.png?t=xoxe-13065946353-1831014033124-1821760734405-0591b3003861d046a3fe606fb5f44814",
                "thumb_480_w": 480,
                "thumb_480_h": 409,
                "thumb_160": "https:\/\/files.slack.com\/files-tmb\/T0D1XTUAD-F01H9LVGP0E-57082343a7\/screen_shot_2020-12-22_at_1.07.36_pm_160.png?t=xoxe-13065946353-1831014033124-1821760734405-0591b3003861d046a3fe606fb5f44814",
                "thumb_720": "https:\/\/files.slack.com\/files-tmb\/T0D1XTUAD-F01H9LVGP0E-57082343a7\/screen_shot_2020-12-22_at_1.07.36_pm_720.png?t=xoxe-13065946353-1831014033124-1821760734405-0591b3003861d046a3fe606fb5f44814",
                "thumb_720_w": 720,
                "thumb_720_h": 613,
                "thumb_800": "https:\/\/files.slack.com\/files-tmb\/T0D1XTUAD-F01H9LVGP0E-57082343a7\/screen_shot_2020-12-22_at_1.07.36_pm_800.png?t=xoxe-13065946353-1831014033124-1821760734405-0591b3003861d046a3fe606fb5f44814",
                "thumb_800_w": 800,
                "thumb_800_h": 681,
                "original_w": 846,
                "original_h": 720,
                "thumb_tiny": "AwAoADC6zBTglvXilyOOTzzTZIVkIJ7CkIdcKm3AHcUwH5B\/vflR\/wB9flUY+0HoIx+BpcXP\/TP9aLCuPAAPAIz7UuPc1Hi5\/wCmf60q+cGG\/Zt9qLBckoABzkUUq96QxaPxo\/Gj8aAD8aRugpfxpG6D60AJRxTaSgB\/H+TScf5NNooAVidvy4z7mkUvu+YKB9aD0ptO4H\/\/2Q==",
                "permalink": "https:\/\/kcwebteam.slack.com\/files\/UUW3W20AU\/F01H9LVGP0E\/screen_shot_2020-12-22_at_1.07.36_pm.png",
                "permalink_public": "https:\/\/slack-files.com\/T0D1XTUAD-F01H9LVGP0E-c5d23377ba",
                "is_starred": false,
                "has_rich_preview": false
            }
        ],
        "upload": false,
        "user": "UUW3W20AU",
        "display_as_bot": false,
        "ts": "1608674200.034300",
        "thread_ts": "1608601010.490900",
        "parent_user_id": "UUW3W20AU"
    },
    {
        "client_msg_id": "2e563f23-c65f-4827-83f5-d64ab8836160",
        "type": "message",
        "text": "Don’t put the IP address in Go to server. You’ll need to modify your host file.\n*Edit HOSTS file in Mac Terminal*\nCmd+spacebar to open Spotlight and search for Terminal.\nOpen Terminal and to open the hosts file, enter the following command:\nsudo nano \/private\/etc\/hosts\nPress Return.\nTerminal will now ask you to enter your Computer Administrator Password.\nYou want to paste this in below the localhost:\n10.5.1.147      kc.kingcounty.lcl\n\nThen Save\nThis video gives a quick rundown on it. <https:\/\/www.youtube.com\/watch?v=yDbzxyxvC4s>",
        "user": "UFDNKQCU9",
        "ts": "1608674745.034700",
        "team": "T0D1XTUAD",
        "user_team": "T0D1XTUAD",
        "source_team": "T0D1XTUAD",
        "user_profile": {
            "avatar_hash": "625717ebbb6e",
            "image_72": "https:\/\/avatars.slack-edge.com\/2019-01-17\/526675529362_625717ebbb6e0ba43f68_72.jpg",
            "first_name": "Earl",
            "real_name": "Earl Krygier",
            "display_name": "Krygier",
            "team": "T0D1XTUAD",
            "name": "earl.krygier",
            "is_restricted": false,
            "is_ultra_restricted": false
        },
        "attachments": [
            {
                "service_name": "YouTube",
                "service_url": "https:\/\/www.youtube.com\/",
                "title": "How to Edit Hosts File on Your Mac Computer",
                "title_link": "https:\/\/www.youtube.com\/watch?v=yDbzxyxvC4s",
                "author_name": "iGeeksBlog",
                "author_link": "https:\/\/www.youtube.com\/user\/iGeeksBlog",
                "thumb_url": "https:\/\/i.ytimg.com\/vi\/yDbzxyxvC4s\/hqdefault.jpg",
                "thumb_width": 480,
                "thumb_height": 360,
                "fallback": "YouTube Video: How to Edit Hosts File on Your Mac Computer",
                "video_html": "<iframe width=\"400\" height=\"225\" src=\"https:\/\/www.youtube.com\/embed\/yDbzxyxvC4s?feature=oembed&autoplay=1&iv_load_policy=3\" frameborder=\"0\" allow=\"accelerometer; autoplay; clipboard-write; encrypted-media; gyroscope; picture-in-picture\" allowfullscreen><\/iframe>",
                "video_html_width": 400,
                "video_html_height": 225,
                "from_url": "https:\/\/www.youtube.com\/watch?v=yDbzxyxvC4s",
                "service_icon": "https:\/\/a.slack-edge.com\/80588\/img\/unfurl_icons\/youtube.png",
                "id": 1,
                "original_url": "https:\/\/www.youtube.com\/watch?v=yDbzxyxvC4s"
            }
        ],
        "blocks": [
            {
                "type": "rich_text",
                "block_id": "Hmzg",
                "elements": [
                    {
                        "type": "rich_text_section",
                        "elements": [
                            {
                                "type": "text",
                                "text": "Don’t put the IP address in Go to server. You’ll need to modify your host file.\n"
                            },
                            {
                                "type": "text",
                                "text": "Edit HOSTS file in Mac Terminal",
                                "style": {
                                    "bold": true
                                }
                            },
                            {
                                "type": "text",
                                "text": "\nCmd+spacebar to open Spotlight and search for Terminal.\nOpen Terminal and to open the hosts file, enter the following command:\nsudo nano \/private\/etc\/hosts\nPress Return.\nTerminal will now ask you to enter your Computer Administrator Password.\nYou want to paste this in below the localhost:\n10.5.1.147      kc.kingcounty.lcl\n\nThen Save\nThis video gives a quick rundown on it. "
                            },
                            {
                                "type": "link",
                                "url": "https:\/\/www.youtube.com\/watch?v=yDbzxyxvC4s"
                            }
                        ]
                    }
                ]
            }
        ],
        "thread_ts": "1608601010.490900",
        "parent_user_id": "UUW3W20AU"
    }
]