[
    {
        "client_msg_id": "65025cdc-ead6-45b3-a7c7-8e8d01cb5fc9",
        "type": "message",
        "text": "Skype on Mobile question (may have missed this in an email): I was going to log in to Skype on my phone for a  15 min stand-up to see if I had access. Skype is prompting me for a PIN number which I have never seen before. Anyone else?",
        "user": "U7EP7P2JW",
        "ts": "1591205898.411000",
        "team": "T0D1XTUAD",
        "user_team": "T0D1XTUAD",
        "source_team": "T0D1XTUAD",
        "user_profile": {
            "avatar_hash": "7fac73a9f68f",
            "image_72": "https:\/\/avatars.slack-edge.com\/2020-11-05\/1503307917168_7fac73a9f68f9db6dfe6_72.png",
            "first_name": "Rebecca",
            "real_name": "Rebecca Watson",
            "display_name": "rebecca",
            "team": "T0D1XTUAD",
            "name": "rebecca.watson",
            "is_restricted": false,
            "is_ultra_restricted": false
        },
        "blocks": [
            {
                "type": "rich_text",
                "block_id": "SbhHu",
                "elements": [
                    {
                        "type": "rich_text_section",
                        "elements": [
                            {
                                "type": "text",
                                "text": "Skype on Mobile question (may have missed this in an email): I was going to log in to Skype on my phone for a  15 min stand-up to see if I had access. Skype is prompting me for a PIN number which I have never seen before. Anyone else?"
                            }
                        ]
                    }
                ]
            }
        ]
    },
    {
        "client_msg_id": "ba6d6efe-6e7a-4af0-9349-fb6a5de937f7",
        "type": "message",
        "text": "I get that prompt for a second but then it goes away, I think because the facial recognition takes precedence. It’s probably the same PIN that you use for your voice mail, or that you would use for your voice mail if it was 1996 and you used voice mail.",
        "user": "U0NSCMBR8",
        "ts": "1591207717.412500",
        "team": "T0D1XTUAD",
        "user_team": "T0D1XTUAD",
        "source_team": "T0D1XTUAD",
        "user_profile": {
            "avatar_hash": "28a69ac871a0",
            "image_72": "https:\/\/avatars.slack-edge.com\/2016-02-24\/22896597253_28a69ac871a00b39b963_72.jpg",
            "first_name": "Al",
            "real_name": "Al Boss",
            "display_name": "",
            "team": "T0D1XTUAD",
            "name": "alboss",
            "is_restricted": false,
            "is_ultra_restricted": false
        },
        "blocks": [
            {
                "type": "rich_text",
                "block_id": "fiL",
                "elements": [
                    {
                        "type": "rich_text_section",
                        "elements": [
                            {
                                "type": "text",
                                "text": "I get that prompt for a second but then it goes away, I think because the facial recognition takes precedence. It’s probably the same PIN that you use for your voice mail, or that you would use for your voice mail if it was 1996 and you used voice mail."
                            }
                        ]
                    }
                ]
            }
        ]
    },
    {
        "client_msg_id": "5cd8c663-4968-406f-a92d-2e01515ee4a6",
        "type": "message",
        "text": "Is it your phone security pin? The Company Portal (King County phone management app) allows fingerprint\/with password backup, but I’m assuming it allows a pin passcode on some phones?",
        "user": "U0D1W09V4",
        "ts": "1591208369.414400",
        "team": "T0D1XTUAD",
        "user_team": "T0D1XTUAD",
        "source_team": "T0D1XTUAD",
        "user_profile": {
            "avatar_hash": "69a03f210a7e",
            "image_72": "https:\/\/avatars.slack-edge.com\/2020-04-03\/1036225284226_69a03f210a7ec4e12108_72.jpg",
            "first_name": "Beth",
            "real_name": "Beth Cheatham",
            "display_name": "beth.cheatham",
            "team": "T0D1XTUAD",
            "name": "beth.cheatham",
            "is_restricted": false,
            "is_ultra_restricted": false
        },
        "blocks": [
            {
                "type": "rich_text",
                "block_id": "mJc",
                "elements": [
                    {
                        "type": "rich_text_section",
                        "elements": [
                            {
                                "type": "text",
                                "text": "Is it your phone security pin? The Company Portal (King County phone management app) allows fingerprint\/with password backup, but I’m assuming it allows a pin passcode on some phones?"
                            }
                        ]
                    }
                ]
            }
        ]
    },
    {
        "client_msg_id": "28be9945-21fa-42ee-b338-a091faf3e8cc",
        "type": "message",
        "text": "I have just never had it happen, just logged in like on a desktop. I have absolutely no idea what my PIN is as I very rarely use my KC phone.",
        "user": "U7EP7P2JW",
        "ts": "1591208823.415800",
        "team": "T0D1XTUAD",
        "user_team": "T0D1XTUAD",
        "source_team": "T0D1XTUAD",
        "user_profile": {
            "avatar_hash": "7fac73a9f68f",
            "image_72": "https:\/\/avatars.slack-edge.com\/2020-11-05\/1503307917168_7fac73a9f68f9db6dfe6_72.png",
            "first_name": "Rebecca",
            "real_name": "Rebecca Watson",
            "display_name": "rebecca",
            "team": "T0D1XTUAD",
            "name": "rebecca.watson",
            "is_restricted": false,
            "is_ultra_restricted": false
        },
        "blocks": [
            {
                "type": "rich_text",
                "block_id": "A7bDp",
                "elements": [
                    {
                        "type": "rich_text_section",
                        "elements": [
                            {
                                "type": "text",
                                "text": "I have just never had it happen, just logged in like on a desktop. I have absolutely no idea what my PIN is as I very rarely use my KC phone."
                            }
                        ]
                    }
                ]
            }
        ]
    },
    {
        "client_msg_id": "91bf79e6-66d0-4083-9e99-b9478c1f9809",
        "type": "message",
        "text": "Okay - I got in. I was able to set my PIN in Skype. Thanks everyone.",
        "user": "U7EP7P2JW",
        "ts": "1591209364.416400",
        "team": "T0D1XTUAD",
        "user_team": "T0D1XTUAD",
        "source_team": "T0D1XTUAD",
        "user_profile": {
            "avatar_hash": "7fac73a9f68f",
            "image_72": "https:\/\/avatars.slack-edge.com\/2020-11-05\/1503307917168_7fac73a9f68f9db6dfe6_72.png",
            "first_name": "Rebecca",
            "real_name": "Rebecca Watson",
            "display_name": "rebecca",
            "team": "T0D1XTUAD",
            "name": "rebecca.watson",
            "is_restricted": false,
            "is_ultra_restricted": false
        },
        "blocks": [
            {
                "type": "rich_text",
                "block_id": "v5v",
                "elements": [
                    {
                        "type": "rich_text_section",
                        "elements": [
                            {
                                "type": "text",
                                "text": "Okay - I got in. I was able to set my PIN in Skype. Thanks everyone."
                            }
                        ]
                    }
                ]
            }
        ],
        "reactions": [
            {
                "name": "nana",
                "users": [
                    "UUJNECG67"
                ],
                "count": 1
            }
        ]
    },
    {
        "bot_id": "B4M05S43S",
        "type": "message",
        "text": "",
        "user": "UUW3W20AU",
        "ts": "1591236880.416900",
        "team": "T0D1XTUAD",
        "bot_profile": {
            "id": "B4M05S43S",
            "deleted": false,
            "name": "giphy",
            "updated": 1490131602,
            "app_id": "A0F827J2C",
            "icons": {
                "image_36": "https:\/\/a.slack-edge.com\/dc483\/img\/plugins\/giphy\/service_72.png",
                "image_48": "https:\/\/a.slack-edge.com\/dc483\/img\/plugins\/giphy\/service_48.png",
                "image_72": "https:\/\/a.slack-edge.com\/dc483\/img\/plugins\/giphy\/service_72.png"
            },
            "team_id": "T0D1XTUAD"
        },
        "attachments": [
            {
                "fallback": "giphy: https:\/\/giphy.com\/gifs\/tvland-mom-wine-best-26FPst2UjefrkhcvS",
                "image_url": "https:\/\/media1.giphy.com\/media\/26FPst2UjefrkhcvS\/giphy-downsized.gif?cid=6104955e06f5f4f4c87ebb6ec23c03758d5478eda64c9c90&rid=giphy-downsized.gif",
                "image_width": 512,
                "image_height": 288,
                "image_bytes": 1907842,
                "is_animated": true,
                "title": "booze",
                "footer": "Posted using \/giphy | GIF by <https:\/\/giphy.com\/tvland\/|TV Land>",
                "id": 1,
                "title_link": "https:\/\/giphy.com\/gifs\/tvland-mom-wine-best-26FPst2UjefrkhcvS"
            }
        ],
        "thread_ts": "1591126359.407500",
        "parent_user_id": "UUJNECG67",
        "reactions": [
            {
                "name": "joy",
                "users": [
                    "UUJNECG67"
                ],
                "count": 1
            }
        ]
    }
]