[
    {
        "client_msg_id": "3cc707d2-51c1-4ed7-b127-108c954a645d",
        "type": "message",
        "text": "I recently “upgraded” my 2009 MacBook to a 2012, and with the OS updates, lost my also super old copy of Photoshop because it was only 32 bit. Ages ago I used Gimp as a free alternative, but any other free or cheap image editing options you’d recommend? Ability to create layer masks a plus.",
        "user": "U0D1RV4N8",
        "ts": "1594144538.005900",
        "team": "T0D1XTUAD",
        "user_team": "T0D1XTUAD",
        "source_team": "T0D1XTUAD",
        "user_profile": {
            "avatar_hash": "b0af0714bdde",
            "image_72": "https:\/\/avatars.slack-edge.com\/2019-05-22\/642788517284_b0af0714bddea68e9e1c_72.jpg",
            "first_name": "Derek",
            "real_name": "Derek Sheppard",
            "display_name": "Derek Sheppard",
            "team": "T0D1XTUAD",
            "name": "derek.sheppard",
            "is_restricted": false,
            "is_ultra_restricted": false
        },
        "blocks": [
            {
                "type": "rich_text",
                "block_id": "n6O",
                "elements": [
                    {
                        "type": "rich_text_section",
                        "elements": [
                            {
                                "type": "text",
                                "text": "I recently “upgraded” my 2009 MacBook to a 2012, and with the OS updates, lost my also super old copy of Photoshop because it was only 32 bit. Ages ago I used Gimp as a free alternative, but any other free or cheap image editing options you’d recommend? Ability to create layer masks a plus."
                            }
                        ]
                    }
                ]
            }
        ],
        "thread_ts": "1594144538.005900",
        "reply_count": 19,
        "reply_users_count": 6,
        "latest_reply": "1594239840.017000",
        "reply_users": [
            "UTV659Z8X",
            "U0D1RV4N8",
            "UTJPVN880",
            "U0NSCMBR8",
            "U0D1W09V4",
            "U7EP7P2JW"
        ],
        "replies": [
            {
                "user": "UTV659Z8X",
                "ts": "1594144838.006000"
            },
            {
                "user": "UTV659Z8X",
                "ts": "1594144849.006200"
            },
            {
                "user": "U0D1RV4N8",
                "ts": "1594144917.006400"
            },
            {
                "user": "UTV659Z8X",
                "ts": "1594145404.006600"
            },
            {
                "user": "U0D1RV4N8",
                "ts": "1594145427.006800"
            },
            {
                "user": "UTV659Z8X",
                "ts": "1594145649.007000"
            },
            {
                "user": "UTJPVN880",
                "ts": "1594147685.010300"
            },
            {
                "user": "UTJPVN880",
                "ts": "1594147748.011200"
            },
            {
                "user": "U0NSCMBR8",
                "ts": "1594147888.011800"
            },
            {
                "user": "U0D1W09V4",
                "ts": "1594147955.012000"
            },
            {
                "user": "U7EP7P2JW",
                "ts": "1594148035.012400"
            },
            {
                "user": "UTV659Z8X",
                "ts": "1594148038.012700"
            },
            {
                "user": "U0NSCMBR8",
                "ts": "1594148278.013500"
            },
            {
                "user": "U7EP7P2JW",
                "ts": "1594148433.013900"
            },
            {
                "user": "U0NSCMBR8",
                "ts": "1594148550.014200"
            },
            {
                "user": "U7EP7P2JW",
                "ts": "1594148683.014400"
            },
            {
                "user": "U7EP7P2JW",
                "ts": "1594148743.014800"
            },
            {
                "user": "U0D1RV4N8",
                "ts": "1594239757.016800"
            },
            {
                "user": "U0D1RV4N8",
                "ts": "1594239840.017000"
            }
        ],
        "subscribed": false
    },
    {
        "client_msg_id": "fcc2b93c-9449-4a4f-89af-e7b0dc08dd22",
        "type": "message",
        "text": "What was the highest update you could get with that? Just curious.",
        "user": "UTV659Z8X",
        "ts": "1594144838.006000",
        "team": "T0D1XTUAD",
        "user_team": "T0D1XTUAD",
        "source_team": "T0D1XTUAD",
        "user_profile": {
            "avatar_hash": "gcdcd1928542",
            "image_72": "https:\/\/secure.gravatar.com\/avatar\/cdcd1928542317a9b98db6f980dc1212.jpg?s=72&d=https%3A%2F%2Fa.slack-edge.com%2Fdf10d%2Fimg%2Favatars%2Fava_0021-72.png",
            "first_name": "",
            "real_name": "Joy Cordell",
            "display_name": "Joy Cordell",
            "team": "T0D1XTUAD",
            "name": "n-jcordell",
            "is_restricted": false,
            "is_ultra_restricted": false
        },
        "blocks": [
            {
                "type": "rich_text",
                "block_id": "9aqz",
                "elements": [
                    {
                        "type": "rich_text_section",
                        "elements": [
                            {
                                "type": "text",
                                "text": "What was the highest update you could get with that? Just curious."
                            }
                        ]
                    }
                ]
            }
        ],
        "thread_ts": "1594144538.005900",
        "parent_user_id": "U0D1RV4N8"
    },
    {
        "client_msg_id": "f4394d64-f453-42fb-a619-d252c6730a50",
        "type": "message",
        "text": "OS",
        "user": "UTV659Z8X",
        "ts": "1594144849.006200",
        "team": "T0D1XTUAD",
        "user_team": "T0D1XTUAD",
        "source_team": "T0D1XTUAD",
        "user_profile": {
            "avatar_hash": "gcdcd1928542",
            "image_72": "https:\/\/secure.gravatar.com\/avatar\/cdcd1928542317a9b98db6f980dc1212.jpg?s=72&d=https%3A%2F%2Fa.slack-edge.com%2Fdf10d%2Fimg%2Favatars%2Fava_0021-72.png",
            "first_name": "",
            "real_name": "Joy Cordell",
            "display_name": "Joy Cordell",
            "team": "T0D1XTUAD",
            "name": "n-jcordell",
            "is_restricted": false,
            "is_ultra_restricted": false
        },
        "blocks": [
            {
                "type": "rich_text",
                "block_id": "i1WVI",
                "elements": [
                    {
                        "type": "rich_text_section",
                        "elements": [
                            {
                                "type": "text",
                                "text": "OS"
                            }
                        ]
                    }
                ]
            }
        ],
        "thread_ts": "1594144538.005900",
        "parent_user_id": "U0D1RV4N8"
    },
    {
        "client_msg_id": "d6097e54-2144-4315-baa5-26a80ad90165",
        "type": "message",
        "text": "<@UTV659Z8X> 10.11 El Capitan I believe it was.",
        "user": "U0D1RV4N8",
        "ts": "1594144917.006400",
        "team": "T0D1XTUAD",
        "user_team": "T0D1XTUAD",
        "source_team": "T0D1XTUAD",
        "user_profile": {
            "avatar_hash": "b0af0714bdde",
            "image_72": "https:\/\/avatars.slack-edge.com\/2019-05-22\/642788517284_b0af0714bddea68e9e1c_72.jpg",
            "first_name": "Derek",
            "real_name": "Derek Sheppard",
            "display_name": "Derek Sheppard",
            "team": "T0D1XTUAD",
            "name": "derek.sheppard",
            "is_restricted": false,
            "is_ultra_restricted": false
        },
        "blocks": [
            {
                "type": "rich_text",
                "block_id": "WMc",
                "elements": [
                    {
                        "type": "rich_text_section",
                        "elements": [
                            {
                                "type": "user",
                                "user_id": "UTV659Z8X"
                            },
                            {
                                "type": "text",
                                "text": " 10.11 El Capitan I believe it was."
                            }
                        ]
                    }
                ]
            }
        ],
        "thread_ts": "1594144538.005900",
        "parent_user_id": "U0D1RV4N8"
    },
    {
        "client_msg_id": "87a775e6-96d0-4332-9e47-4bd6fcc30014",
        "type": "message",
        "text": "wow, I just checked my MacBook Pro and it looks like it's a mid-2010 (although I'm sure I bought it later, maybe 2011?). 10.13.6 and I'm running High Sierra, although I think I may be able to go one more up. I've postpone updates so I don't have to fiddle with things",
        "user": "UTV659Z8X",
        "ts": "1594145404.006600",
        "team": "T0D1XTUAD",
        "user_team": "T0D1XTUAD",
        "source_team": "T0D1XTUAD",
        "user_profile": {
            "avatar_hash": "gcdcd1928542",
            "image_72": "https:\/\/secure.gravatar.com\/avatar\/cdcd1928542317a9b98db6f980dc1212.jpg?s=72&d=https%3A%2F%2Fa.slack-edge.com%2Fdf10d%2Fimg%2Favatars%2Fava_0021-72.png",
            "first_name": "",
            "real_name": "Joy Cordell",
            "display_name": "Joy Cordell",
            "team": "T0D1XTUAD",
            "name": "n-jcordell",
            "is_restricted": false,
            "is_ultra_restricted": false
        },
        "blocks": [
            {
                "type": "rich_text",
                "block_id": "TCM",
                "elements": [
                    {
                        "type": "rich_text_section",
                        "elements": [
                            {
                                "type": "text",
                                "text": "wow, I just checked my MacBook Pro and it looks like it's a mid-2010 (although I'm sure I bought it later, maybe 2011?). 10.13.6 and I'm running High Sierra, although I think I may be able to go one more up. I've postpone updates so I don't have to fiddle with things"
                            }
                        ]
                    }
                ]
            }
        ],
        "thread_ts": "1594144538.005900",
        "parent_user_id": "U0D1RV4N8"
    },
    {
        "client_msg_id": "60074170-c86a-4803-8628-0be3200ab921",
        "type": "message",
        "text": "<@UTV659Z8X> That was for the old machine. The 2012 is running the current OS. 10.15 Catalina.",
        "user": "U0D1RV4N8",
        "ts": "1594145427.006800",
        "team": "T0D1XTUAD",
        "user_team": "T0D1XTUAD",
        "source_team": "T0D1XTUAD",
        "user_profile": {
            "avatar_hash": "b0af0714bdde",
            "image_72": "https:\/\/avatars.slack-edge.com\/2019-05-22\/642788517284_b0af0714bddea68e9e1c_72.jpg",
            "first_name": "Derek",
            "real_name": "Derek Sheppard",
            "display_name": "Derek Sheppard",
            "team": "T0D1XTUAD",
            "name": "derek.sheppard",
            "is_restricted": false,
            "is_ultra_restricted": false
        },
        "blocks": [
            {
                "type": "rich_text",
                "block_id": "HGOFU",
                "elements": [
                    {
                        "type": "rich_text_section",
                        "elements": [
                            {
                                "type": "user",
                                "user_id": "UTV659Z8X"
                            },
                            {
                                "type": "text",
                                "text": " That was for the old machine. The 2012 is running the current OS. 10.15 Catalina."
                            }
                        ]
                    }
                ]
            }
        ],
        "thread_ts": "1594144538.005900",
        "parent_user_id": "U0D1RV4N8"
    },
    {
        "client_msg_id": "690c7011-d7ea-40d7-8f00-92c9f5a70316",
        "type": "message",
        "text": "I was just looking at the Software Help page on the KC site this morning. It says we use RealPlayer for audio files. Is that still the case?",
        "user": "UTV659Z8X",
        "ts": "1594145649.007000",
        "team": "T0D1XTUAD",
        "user_team": "T0D1XTUAD",
        "source_team": "T0D1XTUAD",
        "user_profile": {
            "avatar_hash": "gcdcd1928542",
            "image_72": "https:\/\/secure.gravatar.com\/avatar\/cdcd1928542317a9b98db6f980dc1212.jpg?s=72&d=https%3A%2F%2Fa.slack-edge.com%2Fdf10d%2Fimg%2Favatars%2Fava_0021-72.png",
            "first_name": "",
            "real_name": "Joy Cordell",
            "display_name": "Joy Cordell",
            "team": "T0D1XTUAD",
            "name": "n-jcordell",
            "is_restricted": false,
            "is_ultra_restricted": false
        },
        "blocks": [
            {
                "type": "rich_text",
                "block_id": "JOi",
                "elements": [
                    {
                        "type": "rich_text_section",
                        "elements": [
                            {
                                "type": "text",
                                "text": "I was just looking at the Software Help page on the KC site this morning. It says we use RealPlayer for audio files. Is that still the case?"
                            }
                        ]
                    }
                ]
            }
        ],
        "thread_ts": "1594144538.005900",
        "parent_user_id": "U0D1RV4N8",
        "reactions": [
            {
                "name": "rolling_on_the_floor_laughing",
                "users": [
                    "UTJPVN880",
                    "U7EP7P2JW"
                ],
                "count": 2
            },
            {
                "name": "laughing",
                "users": [
                    "UTJPVN880"
                ],
                "count": 1
            },
            {
                "name": "joy",
                "users": [
                    "UTJPVN880"
                ],
                "count": 1
            }
        ]
    },
    {
        "client_msg_id": "943613ea-5fc1-4e02-b174-60a993d70ed8",
        "type": "message",
        "text": "All joking aside, have we <!here> in KCIT made any sort of official move to make Edge or Chrome our new \"official\" browser?",
        "user": "UTJQGG2MT",
        "ts": "1594147536.008200",
        "team": "T0D1XTUAD",
        "user_team": "T0D1XTUAD",
        "source_team": "T0D1XTUAD",
        "user_profile": {
            "avatar_hash": "ea01aedbdf08",
            "image_72": "https:\/\/avatars.slack-edge.com\/2020-09-21\/1370342944630_ea01aedbdf0893e7c9db_72.jpg",
            "first_name": "Jaime",
            "real_name": "Jaime Schatz",
            "display_name": "Jaime Schatz",
            "team": "T0D1XTUAD",
            "name": "jschatz",
            "is_restricted": false,
            "is_ultra_restricted": false
        },
        "blocks": [
            {
                "type": "rich_text",
                "block_id": "mYO",
                "elements": [
                    {
                        "type": "rich_text_section",
                        "elements": [
                            {
                                "type": "text",
                                "text": "All joking aside, have we "
                            },
                            {
                                "type": "broadcast",
                                "range": "here"
                            },
                            {
                                "type": "text",
                                "text": " in KCIT made any sort of official move to make Edge or Chrome our new \"official\" browser?"
                            }
                        ]
                    }
                ]
            }
        ],
        "thread_ts": "1594147536.008200",
        "reply_count": 17,
        "reply_users_count": 6,
        "latest_reply": "1594652183.029600",
        "reply_users": [
            "U0NSCMBR8",
            "U0D1W09V4",
            "UTJQGG2MT",
            "UUGC2FFGX",
            "U0D1RV4N8",
            "UUJNED77D"
        ],
        "replies": [
            {
                "user": "U0NSCMBR8",
                "ts": "1594147763.011500"
            },
            {
                "user": "U0D1W09V4",
                "ts": "1594148233.013100"
            },
            {
                "user": "U0D1W09V4",
                "ts": "1594148277.013300"
            },
            {
                "user": "U0NSCMBR8",
                "ts": "1594148316.013700"
            },
            {
                "user": "UTJQGG2MT",
                "ts": "1594148737.014600"
            },
            {
                "user": "U0D1W09V4",
                "ts": "1594149406.015000"
            },
            {
                "user": "UUGC2FFGX",
                "ts": "1594160443.015400"
            },
            {
                "user": "U0D1RV4N8",
                "ts": "1594309217.020100"
            },
            {
                "user": "UTJQGG2MT",
                "ts": "1594311116.020500"
            },
            {
                "user": "U0D1RV4N8",
                "ts": "1594311522.020700"
            },
            {
                "user": "U0NSCMBR8",
                "ts": "1594320389.021900"
            },
            {
                "user": "UTJQGG2MT",
                "ts": "1594320462.022100"
            },
            {
                "user": "U0NSCMBR8",
                "ts": "1594321403.022500"
            },
            {
                "user": "UUGC2FFGX",
                "ts": "1594342959.024200"
            },
            {
                "user": "U0NSCMBR8",
                "ts": "1594343242.028300"
            },
            {
                "user": "UTJQGG2MT",
                "ts": "1594394550.028800"
            },
            {
                "user": "UUJNED77D",
                "ts": "1594652183.029600"
            }
        ],
        "subscribed": false
    },
    {
        "client_msg_id": "668ba65d-4588-4bf9-9b05-251493045712",
        "type": "message",
        "text": "<@U0D1RV4N8> Sketch is fun.  But I would jump on Figma I think.",
        "user": "UTJPVN880",
        "ts": "1594147685.010300",
        "team": "T0D1XTUAD",
        "user_team": "T0D1XTUAD",
        "source_team": "T0D1XTUAD",
        "user_profile": {
            "avatar_hash": "e0fd7b937159",
            "image_72": "https:\/\/avatars.slack-edge.com\/2020-02-26\/972867120199_e0fd7b9371597938830e_72.png",
            "first_name": "",
            "real_name": "Matt Adleberg",
            "display_name": "Matt Adleberg",
            "team": "T0D1XTUAD",
            "name": "madleberg",
            "is_restricted": false,
            "is_ultra_restricted": false
        },
        "blocks": [
            {
                "type": "rich_text",
                "block_id": "Wjm",
                "elements": [
                    {
                        "type": "rich_text_section",
                        "elements": [
                            {
                                "type": "user",
                                "user_id": "U0D1RV4N8"
                            },
                            {
                                "type": "text",
                                "text": " Sketch is fun.  But I would jump on Figma I think."
                            }
                        ]
                    }
                ]
            }
        ],
        "thread_ts": "1594144538.005900",
        "parent_user_id": "U0D1RV4N8",
        "reactions": [
            {
                "name": "+1",
                "users": [
                    "U0D1RV4N8"
                ],
                "count": 1
            }
        ]
    },
    {
        "client_msg_id": "2a93d6c5-c536-4aa0-b970-00a5dfb805ce",
        "type": "message",
        "text": "And wow, realplayer is actually still a thing?",
        "user": "UTJPVN880",
        "ts": "1594147748.011200",
        "team": "T0D1XTUAD",
        "user_team": "T0D1XTUAD",
        "source_team": "T0D1XTUAD",
        "user_profile": {
            "avatar_hash": "e0fd7b937159",
            "image_72": "https:\/\/avatars.slack-edge.com\/2020-02-26\/972867120199_e0fd7b9371597938830e_72.png",
            "first_name": "",
            "real_name": "Matt Adleberg",
            "display_name": "Matt Adleberg",
            "team": "T0D1XTUAD",
            "name": "madleberg",
            "is_restricted": false,
            "is_ultra_restricted": false
        },
        "blocks": [
            {
                "type": "rich_text",
                "block_id": "9vi",
                "elements": [
                    {
                        "type": "rich_text_section",
                        "elements": [
                            {
                                "type": "text",
                                "text": "And wow, realplayer is actually still a thing?"
                            }
                        ]
                    }
                ]
            }
        ],
        "thread_ts": "1594144538.005900",
        "parent_user_id": "U0D1RV4N8"
    },
    {
        "client_msg_id": "89c74dff-86c0-41ef-816e-e25a355212d5",
        "type": "message",
        "text": "My team has been recommending it but we’re too little.\n\nI had originally thought that the changeover to Windows 10 would come with KCIT making certain to uninstall Internet Explorer and make Edge the default, since it’s a Microsoft product and we tend to require those. I was disappointed to learn that this was not the case, and most computers still default to IE.",
        "user": "U0NSCMBR8",
        "ts": "1594147763.011500",
        "team": "T0D1XTUAD",
        "user_team": "T0D1XTUAD",
        "source_team": "T0D1XTUAD",
        "user_profile": {
            "avatar_hash": "28a69ac871a0",
            "image_72": "https:\/\/avatars.slack-edge.com\/2016-02-24\/22896597253_28a69ac871a00b39b963_72.jpg",
            "first_name": "Al",
            "real_name": "Al Boss",
            "display_name": "",
            "team": "T0D1XTUAD",
            "name": "alboss",
            "is_restricted": false,
            "is_ultra_restricted": false
        },
        "blocks": [
            {
                "type": "rich_text",
                "block_id": "S1br",
                "elements": [
                    {
                        "type": "rich_text_section",
                        "elements": [
                            {
                                "type": "text",
                                "text": "My team has been recommending it but we’re too little.\n\nI had originally thought that the changeover to Windows 10 would come with KCIT making certain to uninstall Internet Explorer and make Edge the default, since it’s a Microsoft product and we tend to require those. I was disappointed to learn that this was not the case, and most computers still default to IE."
                            }
                        ]
                    }
                ]
            }
        ],
        "thread_ts": "1594147536.008200",
        "parent_user_id": "UTJQGG2MT"
    },
    {
        "client_msg_id": "99f2005c-fe36-4156-a6dd-c327c295b531",
        "type": "message",
        "text": "<@UTV659Z8X> We require people go to the museum in order to listen to audio.\n\nThat’s some seriously outdated help that you found. King County hasn’t had a RealAudio server since somewhere around 2007.",
        "user": "U0NSCMBR8",
        "ts": "1594147888.011800",
        "team": "T0D1XTUAD",
        "user_team": "T0D1XTUAD",
        "source_team": "T0D1XTUAD",
        "user_profile": {
            "avatar_hash": "28a69ac871a0",
            "image_72": "https:\/\/avatars.slack-edge.com\/2016-02-24\/22896597253_28a69ac871a00b39b963_72.jpg",
            "first_name": "Al",
            "real_name": "Al Boss",
            "display_name": "",
            "team": "T0D1XTUAD",
            "name": "alboss",
            "is_restricted": false,
            "is_ultra_restricted": false
        },
        "blocks": [
            {
                "type": "rich_text",
                "block_id": "za9",
                "elements": [
                    {
                        "type": "rich_text_section",
                        "elements": [
                            {
                                "type": "user",
                                "user_id": "UTV659Z8X"
                            },
                            {
                                "type": "text",
                                "text": " We require people go to the museum in order to listen to audio.\n\nThat’s some seriously outdated help that you found. King County hasn’t had a RealAudio server since somewhere around 2007."
                            }
                        ]
                    }
                ]
            }
        ],
        "thread_ts": "1594144538.005900",
        "parent_user_id": "U0D1RV4N8",
        "reactions": [
            {
                "name": "grinning",
                "users": [
                    "UTV659Z8X"
                ],
                "count": 1
            }
        ]
    },
    {
        "client_msg_id": "4fca6072-a05e-4550-9717-124c4ee4de53",
        "type": "message",
        "text": "These apparently have layer masks. <https:\/\/wp-modula.com\/free-photoshop-alternatives\/> I’ve only tried Pixlr, which I liked for it’s ease of use, but I was thinking of for our content editors, not an advanced user.",
        "user": "U0D1W09V4",
        "ts": "1594147955.012000",
        "team": "T0D1XTUAD",
        "user_team": "T0D1XTUAD",
        "source_team": "T0D1XTUAD",
        "user_profile": {
            "avatar_hash": "69a03f210a7e",
            "image_72": "https:\/\/avatars.slack-edge.com\/2020-04-03\/1036225284226_69a03f210a7ec4e12108_72.jpg",
            "first_name": "Beth",
            "real_name": "Beth Cheatham",
            "display_name": "beth.cheatham",
            "team": "T0D1XTUAD",
            "name": "beth.cheatham",
            "is_restricted": false,
            "is_ultra_restricted": false
        },
        "attachments": [
            {
                "service_name": "Modula",
                "title": "Top 8 \"best\" free Photoshop alternatives that are actually GOOD",
                "title_link": "https:\/\/wp-modula.com\/free-photoshop-alternatives\/",
                "text": "Editing your photographs doesn't have to break the bank. Check out these free Photoshop alternatives for editing and save money.",
                "fallback": "Modula: Top 8 \"best\" free Photoshop alternatives that are actually GOOD",
                "thumb_url": "https:\/\/wp-modula.com\/wp-content\/uploads\/2019\/08\/free-photoshop-alternatives.jpg",
                "ts": 1566119405,
                "from_url": "https:\/\/wp-modula.com\/free-photoshop-alternatives\/",
                "thumb_width": 1280,
                "thumb_height": 720,
                "service_icon": "https:\/\/wp-modula.com\/wp-content\/uploads\/2015\/10\/cropped-GTL-180x180.png",
                "id": 1,
                "original_url": "https:\/\/wp-modula.com\/free-photoshop-alternatives\/"
            }
        ],
        "blocks": [
            {
                "type": "rich_text",
                "block_id": "T5Q",
                "elements": [
                    {
                        "type": "rich_text_section",
                        "elements": [
                            {
                                "type": "text",
                                "text": "These apparently have layer masks. "
                            },
                            {
                                "type": "link",
                                "url": "https:\/\/wp-modula.com\/free-photoshop-alternatives\/"
                            },
                            {
                                "type": "text",
                                "text": " I’ve only tried Pixlr, which I liked for it’s ease of use, but I was thinking of for our content editors, not an advanced user."
                            }
                        ]
                    }
                ]
            }
        ],
        "thread_ts": "1594144538.005900",
        "parent_user_id": "U0D1RV4N8",
        "reactions": [
            {
                "name": "+1",
                "users": [
                    "U0D1RV4N8"
                ],
                "count": 1
            }
        ]
    },
    {
        "client_msg_id": "d7ad70f8-8cd8-47a3-a91a-60cfe918d39e",
        "type": "message",
        "text": "<@U0D1RV4N8> - I used Seashore once a long time ago: <https:\/\/apps.apple.com\/us\/app\/seashore\/id1448648921?mt=12&amp;app=apps&amp;ign-mpt=uo%3D4> Alternatively Pixelmator (but I think it requires High Sierra +) : <https:\/\/www.pixelmator.com\/pro\/>",
        "user": "U7EP7P2JW",
        "ts": "1594148035.012400",
        "team": "T0D1XTUAD",
        "user_team": "T0D1XTUAD",
        "source_team": "T0D1XTUAD",
        "user_profile": {
            "avatar_hash": "7fac73a9f68f",
            "image_72": "https:\/\/avatars.slack-edge.com\/2020-11-05\/1503307917168_7fac73a9f68f9db6dfe6_72.png",
            "first_name": "Rebecca",
            "real_name": "Rebecca Watson",
            "display_name": "rebecca",
            "team": "T0D1XTUAD",
            "name": "rebecca.watson",
            "is_restricted": false,
            "is_ultra_restricted": false
        },
        "attachments": [
            {
                "service_name": "Mac App Store",
                "title": "‎Seashore",
                "title_link": "https:\/\/apps.apple.com\/us\/app\/seashore\/id1448648921?mt=12&app=apps&ign-mpt=uo%3D4",
                "text": "‎This is an easy to use but powerful image editor. It supports \"layers\". Imagine GIMP\/Photoshop \"light\" - most of the features non-professionals need to create awesome images. This incredible software is originally the amazing work of Mark Pazolli and many others (see the credits in the user guide).…",
                "fallback": "Mac App Store: ‎Seashore",
                "image_url": "https:\/\/is3-ssl.mzstatic.com\/image\/thumb\/Purple113\/v4\/08\/0e\/32\/080e32be-fcac-11a1-dfc9-8c939fd6e6bd\/Main_Icon.png\/1200x630bb.png",
                "image_width": 250,
                "image_height": 250,
                "from_url": "https:\/\/apps.apple.com\/us\/app\/seashore\/id1448648921?mt=12&app=apps&ign-mpt=uo%3D4",
                "image_bytes": 211014,
                "service_icon": "https:\/\/apps.apple.com\/favicon.ico",
                "id": 1,
                "original_url": "https:\/\/apps.apple.com\/us\/app\/seashore\/id1448648921?mt=12&amp;app=apps&amp;ign-mpt=uo%3D4"
            },
            {
                "title": "Pixelmator Pro",
                "title_link": "https:\/\/www.pixelmator.com\/pro\/",
                "text": "Pixelmator Pro is a powerful, beautiful, and easy to use image editor packed full of innovations.",
                "fallback": "Pixelmator Pro",
                "image_url": "https:\/\/pro-cdn.pixelmator.com\/pro\/social\/1.2.3\/img-twitter.jpg",
                "from_url": "https:\/\/www.pixelmator.com\/pro\/",
                "image_width": 444,
                "image_height": 250,
                "image_bytes": 28602,
                "service_icon": "https:\/\/www.pixelmator.com\/assets\/favicon\/favicon-144x144.png",
                "service_name": "pixelmator.com",
                "id": 2,
                "original_url": "https:\/\/www.pixelmator.com\/pro\/"
            }
        ],
        "blocks": [
            {
                "type": "rich_text",
                "block_id": "+il0",
                "elements": [
                    {
                        "type": "rich_text_section",
                        "elements": [
                            {
                                "type": "user",
                                "user_id": "U0D1RV4N8"
                            },
                            {
                                "type": "text",
                                "text": " - I used Seashore once a long time ago: "
                            },
                            {
                                "type": "link",
                                "url": "https:\/\/apps.apple.com\/us\/app\/seashore\/id1448648921?mt=12&app=apps&ign-mpt=uo%3D4"
                            },
                            {
                                "type": "text",
                                "text": " Alternatively Pixelmator (but I think it requires High Sierra +) : "
                            },
                            {
                                "type": "link",
                                "url": "https:\/\/www.pixelmator.com\/pro\/"
                            }
                        ]
                    }
                ]
            }
        ],
        "thread_ts": "1594144538.005900",
        "parent_user_id": "U0D1RV4N8",
        "reactions": [
            {
                "name": "+1",
                "users": [
                    "U0D1RV4N8"
                ],
                "count": 1
            }
        ]
    },
    {
        "client_msg_id": "b4f4e521-6280-41ca-8b37-f135c8e628ee",
        "type": "message",
        "text": "The link on the Software Help page goes to RealAudio 2020, so it's still a thing. I believe Microsoft bought it at some point.",
        "user": "UTV659Z8X",
        "ts": "1594148038.012700",
        "team": "T0D1XTUAD",
        "user_team": "T0D1XTUAD",
        "source_team": "T0D1XTUAD",
        "user_profile": {
            "avatar_hash": "gcdcd1928542",
            "image_72": "https:\/\/secure.gravatar.com\/avatar\/cdcd1928542317a9b98db6f980dc1212.jpg?s=72&d=https%3A%2F%2Fa.slack-edge.com%2Fdf10d%2Fimg%2Favatars%2Fava_0021-72.png",
            "first_name": "",
            "real_name": "Joy Cordell",
            "display_name": "Joy Cordell",
            "team": "T0D1XTUAD",
            "name": "n-jcordell",
            "is_restricted": false,
            "is_ultra_restricted": false
        },
        "blocks": [
            {
                "type": "rich_text",
                "block_id": "46d9",
                "elements": [
                    {
                        "type": "rich_text_section",
                        "elements": [
                            {
                                "type": "text",
                                "text": "The link on the Software Help page goes to RealAudio 2020, so it's still a thing. I believe Microsoft bought it at some point."
                            }
                        ]
                    }
                ]
            }
        ],
        "thread_ts": "1594144538.005900",
        "parent_user_id": "U0D1RV4N8"
    },
    {
        "client_msg_id": "d5f1dc9a-7a22-40a1-a65e-719e811f340d",
        "type": "message",
        "text": "I think KCIT quietly changed and just assumed agency users would know, which they don't",
        "user": "U0D1W09V4",
        "ts": "1594148233.013100",
        "team": "T0D1XTUAD",
        "user_team": "T0D1XTUAD",
        "source_team": "T0D1XTUAD",
        "user_profile": {
            "avatar_hash": "69a03f210a7e",
            "image_72": "https:\/\/avatars.slack-edge.com\/2020-04-03\/1036225284226_69a03f210a7ec4e12108_72.jpg",
            "first_name": "Beth",
            "real_name": "Beth Cheatham",
            "display_name": "beth.cheatham",
            "team": "T0D1XTUAD",
            "name": "beth.cheatham",
            "is_restricted": false,
            "is_ultra_restricted": false
        },
        "blocks": [
            {
                "type": "rich_text",
                "block_id": "7z9K",
                "elements": [
                    {
                        "type": "rich_text_section",
                        "elements": [
                            {
                                "type": "text",
                                "text": "I think KCIT quietly changed and just assumed agency users would know, which they don't"
                            }
                        ]
                    }
                ]
            }
        ],
        "thread_ts": "1594147536.008200",
        "parent_user_id": "UTJQGG2MT"
    },
    {
        "client_msg_id": "f3d527ba-7b81-434d-af7c-0d039b867307",
        "type": "message",
        "text": "And I’m pretty sure they prefer Edge to Chrome, officially (although probably all KCIT staff use Chrome)",
        "user": "U0D1W09V4",
        "ts": "1594148277.013300",
        "team": "T0D1XTUAD",
        "user_team": "T0D1XTUAD",
        "source_team": "T0D1XTUAD",
        "user_profile": {
            "avatar_hash": "69a03f210a7e",
            "image_72": "https:\/\/avatars.slack-edge.com\/2020-04-03\/1036225284226_69a03f210a7ec4e12108_72.jpg",
            "first_name": "Beth",
            "real_name": "Beth Cheatham",
            "display_name": "beth.cheatham",
            "team": "T0D1XTUAD",
            "name": "beth.cheatham",
            "is_restricted": false,
            "is_ultra_restricted": false
        },
        "blocks": [
            {
                "type": "rich_text",
                "block_id": "duRR",
                "elements": [
                    {
                        "type": "rich_text_section",
                        "elements": [
                            {
                                "type": "text",
                                "text": "And I’m pretty sure they prefer Edge to Chrome, officially (although probably all KCIT staff use Chrome)"
                            }
                        ]
                    }
                ]
            }
        ],
        "thread_ts": "1594147536.008200",
        "parent_user_id": "UTJQGG2MT"
    },
    {
        "client_msg_id": "fbd4ee88-acd4-49d1-bf3d-58da6d9c045a",
        "type": "message",
        "text": "Although they’re not free, I’ve used Pixelmator Pro and GraphicConverter, each of which is about $40.\n\nIn the world of free stuff, I stuck with GIMP.",
        "user": "U0NSCMBR8",
        "ts": "1594148278.013500",
        "team": "T0D1XTUAD",
        "user_team": "T0D1XTUAD",
        "source_team": "T0D1XTUAD",
        "user_profile": {
            "avatar_hash": "28a69ac871a0",
            "image_72": "https:\/\/avatars.slack-edge.com\/2016-02-24\/22896597253_28a69ac871a00b39b963_72.jpg",
            "first_name": "Al",
            "real_name": "Al Boss",
            "display_name": "",
            "team": "T0D1XTUAD",
            "name": "alboss",
            "is_restricted": false,
            "is_ultra_restricted": false
        },
        "blocks": [
            {
                "type": "rich_text",
                "block_id": "o4u",
                "elements": [
                    {
                        "type": "rich_text_section",
                        "elements": [
                            {
                                "type": "text",
                                "text": "Although they’re not free, I’ve used Pixelmator Pro and GraphicConverter, each of which is about $40.\n\nIn the world of free stuff, I stuck with GIMP."
                            }
                        ]
                    }
                ]
            }
        ],
        "thread_ts": "1594144538.005900",
        "parent_user_id": "U0D1RV4N8"
    },
    {
        "client_msg_id": "23977a47-bb49-4a73-8257-149eaf0d125d",
        "type": "message",
        "text": "I’m pretty sure that Beth is spot-on.",
        "user": "U0NSCMBR8",
        "ts": "1594148316.013700",
        "team": "T0D1XTUAD",
        "user_team": "T0D1XTUAD",
        "source_team": "T0D1XTUAD",
        "user_profile": {
            "avatar_hash": "28a69ac871a0",
            "image_72": "https:\/\/avatars.slack-edge.com\/2016-02-24\/22896597253_28a69ac871a00b39b963_72.jpg",
            "first_name": "Al",
            "real_name": "Al Boss",
            "display_name": "",
            "team": "T0D1XTUAD",
            "name": "alboss",
            "is_restricted": false,
            "is_ultra_restricted": false
        },
        "blocks": [
            {
                "type": "rich_text",
                "block_id": "0\/=PB",
                "elements": [
                    {
                        "type": "rich_text_section",
                        "elements": [
                            {
                                "type": "text",
                                "text": "I’m pretty sure that Beth is spot-on."
                            }
                        ]
                    }
                ]
            }
        ],
        "thread_ts": "1594147536.008200",
        "parent_user_id": "UTJQGG2MT"
    },
    {
        "client_msg_id": "15b974d1-9657-4dc4-be7a-4ded27b75e47",
        "type": "message",
        "text": "Also one I haven’t tried, but worth a look: Affinity Photo <https:\/\/affinity.serif.com\/en-us\/photo\/>",
        "user": "U7EP7P2JW",
        "ts": "1594148433.013900",
        "team": "T0D1XTUAD",
        "user_team": "T0D1XTUAD",
        "source_team": "T0D1XTUAD",
        "user_profile": {
            "avatar_hash": "7fac73a9f68f",
            "image_72": "https:\/\/avatars.slack-edge.com\/2020-11-05\/1503307917168_7fac73a9f68f9db6dfe6_72.png",
            "first_name": "Rebecca",
            "real_name": "Rebecca Watson",
            "display_name": "rebecca",
            "team": "T0D1XTUAD",
            "name": "rebecca.watson",
            "is_restricted": false,
            "is_ultra_restricted": false
        },
        "attachments": [
            {
                "service_name": "Affinity",
                "title": "Affinity Photo – Professional Image Editing Software",
                "title_link": "https:\/\/affinity.serif.com\/en-us\/photo\/",
                "text": "The only fully loaded photo editor integrated across Mac, Windows and iOS, Affinity Photo is the first choice of thousands of professionals around the world.",
                "fallback": "Affinity: Affinity Photo – Professional Image Editing Software",
                "image_url": "https:\/\/cdn.serif.com\/affinity\/img\/photo\/home\/0619\/og-affinity-photo-240220201432.jpg",
                "from_url": "https:\/\/affinity.serif.com\/en-us\/photo\/",
                "image_width": 476,
                "image_height": 250,
                "image_bytes": 69102,
                "service_icon": "https:\/\/affinity.serif.com\/apple-touch-icon.png",
                "id": 1,
                "original_url": "https:\/\/affinity.serif.com\/en-us\/photo\/"
            }
        ],
        "blocks": [
            {
                "type": "rich_text",
                "block_id": "Yx4",
                "elements": [
                    {
                        "type": "rich_text_section",
                        "elements": [
                            {
                                "type": "text",
                                "text": "Also one I haven’t tried, but worth a look: Affinity Photo "
                            },
                            {
                                "type": "link",
                                "url": "https:\/\/affinity.serif.com\/en-us\/photo\/"
                            }
                        ]
                    }
                ]
            }
        ],
        "thread_ts": "1594144538.005900",
        "parent_user_id": "U0D1RV4N8"
    },
    {
        "client_msg_id": "2523fffc-23be-4418-a037-b638c614a40a",
        "type": "message",
        "text": "“The first choice of thousands of professionals around the world…”\n\nThat’s really not many people for a worldwide number. The product is well-regarded but their marketing people might want to brush up on math or something.",
        "user": "U0NSCMBR8",
        "ts": "1594148550.014200",
        "team": "T0D1XTUAD",
        "user_team": "T0D1XTUAD",
        "source_team": "T0D1XTUAD",
        "user_profile": {
            "avatar_hash": "28a69ac871a0",
            "image_72": "https:\/\/avatars.slack-edge.com\/2016-02-24\/22896597253_28a69ac871a00b39b963_72.jpg",
            "first_name": "Al",
            "real_name": "Al Boss",
            "display_name": "",
            "team": "T0D1XTUAD",
            "name": "alboss",
            "is_restricted": false,
            "is_ultra_restricted": false
        },
        "blocks": [
            {
                "type": "rich_text",
                "block_id": "MT4",
                "elements": [
                    {
                        "type": "rich_text_section",
                        "elements": [
                            {
                                "type": "text",
                                "text": "“The first choice of thousands of professionals around the world…”\n\nThat’s really not many people for a worldwide number. The product is well-regarded but their marketing people might want to brush up on math or something."
                            }
                        ]
                    }
                ]
            }
        ],
        "thread_ts": "1594144538.005900",
        "parent_user_id": "U0D1RV4N8"
    },
    {
        "client_msg_id": "60b842d0-131d-4d82-a895-39864c982ef8",
        "type": "message",
        "text": "<@U0NSCMBR8> - yeah - their website is awful.",
        "user": "U7EP7P2JW",
        "ts": "1594148683.014400",
        "team": "T0D1XTUAD",
        "user_team": "T0D1XTUAD",
        "source_team": "T0D1XTUAD",
        "user_profile": {
            "avatar_hash": "7fac73a9f68f",
            "image_72": "https:\/\/avatars.slack-edge.com\/2020-11-05\/1503307917168_7fac73a9f68f9db6dfe6_72.png",
            "first_name": "Rebecca",
            "real_name": "Rebecca Watson",
            "display_name": "rebecca",
            "team": "T0D1XTUAD",
            "name": "rebecca.watson",
            "is_restricted": false,
            "is_ultra_restricted": false
        },
        "blocks": [
            {
                "type": "rich_text",
                "block_id": "GsHB",
                "elements": [
                    {
                        "type": "rich_text_section",
                        "elements": [
                            {
                                "type": "user",
                                "user_id": "U0NSCMBR8"
                            },
                            {
                                "type": "text",
                                "text": " - yeah - their website is awful."
                            }
                        ]
                    }
                ]
            }
        ],
        "thread_ts": "1594144538.005900",
        "parent_user_id": "U0D1RV4N8"
    },
    {
        "client_msg_id": "4afaccd3-9be4-4d28-9342-4fe9d7168c64",
        "type": "message",
        "text": "Who decides this kind of thing?",
        "user": "UTJQGG2MT",
        "ts": "1594148737.014600",
        "team": "T0D1XTUAD",
        "user_team": "T0D1XTUAD",
        "source_team": "T0D1XTUAD",
        "user_profile": {
            "avatar_hash": "ea01aedbdf08",
            "image_72": "https:\/\/avatars.slack-edge.com\/2020-09-21\/1370342944630_ea01aedbdf0893e7c9db_72.jpg",
            "first_name": "Jaime",
            "real_name": "Jaime Schatz",
            "display_name": "Jaime Schatz",
            "team": "T0D1XTUAD",
            "name": "jschatz",
            "is_restricted": false,
            "is_ultra_restricted": false
        },
        "blocks": [
            {
                "type": "rich_text",
                "block_id": "9O47T",
                "elements": [
                    {
                        "type": "rich_text_section",
                        "elements": [
                            {
                                "type": "text",
                                "text": "Who decides this kind of thing?"
                            }
                        ]
                    }
                ]
            }
        ],
        "thread_ts": "1594147536.008200",
        "parent_user_id": "UTJQGG2MT"
    },
    {
        "client_msg_id": "9fc6b13b-ab01-4461-8620-a112c81989d9",
        "type": "message",
        "text": "<@U0D1RV4N8> - How’s Catalina running on your 2012? I have been reluctant to upgrade.",
        "user": "U7EP7P2JW",
        "ts": "1594148743.014800",
        "team": "T0D1XTUAD",
        "user_team": "T0D1XTUAD",
        "source_team": "T0D1XTUAD",
        "user_profile": {
            "avatar_hash": "7fac73a9f68f",
            "image_72": "https:\/\/avatars.slack-edge.com\/2020-11-05\/1503307917168_7fac73a9f68f9db6dfe6_72.png",
            "first_name": "Rebecca",
            "real_name": "Rebecca Watson",
            "display_name": "rebecca",
            "team": "T0D1XTUAD",
            "name": "rebecca.watson",
            "is_restricted": false,
            "is_ultra_restricted": false
        },
        "blocks": [
            {
                "type": "rich_text",
                "block_id": "VIR71",
                "elements": [
                    {
                        "type": "rich_text_section",
                        "elements": [
                            {
                                "type": "user",
                                "user_id": "U0D1RV4N8"
                            },
                            {
                                "type": "text",
                                "text": " - How’s Catalina running on your 2012? I have been reluctant to upgrade."
                            }
                        ]
                    }
                ]
            }
        ],
        "thread_ts": "1594144538.005900",
        "parent_user_id": "U0D1RV4N8"
    },
    {
        "client_msg_id": "98f18ec9-0134-4a2c-914f-b0e6da429513",
        "type": "message",
        "text": "It used to be the group that set up desktops, but with the reorg, I’m not sure who decides. Testing and security would have some input, but I guess with no oversight, it’s still the desktop setup group whoever they are. If that is Eric Deister’s group, that’s a good thing as he’s great.",
        "user": "U0D1W09V4",
        "ts": "1594149406.015000",
        "team": "T0D1XTUAD",
        "user_team": "T0D1XTUAD",
        "source_team": "T0D1XTUAD",
        "user_profile": {
            "avatar_hash": "69a03f210a7e",
            "image_72": "https:\/\/avatars.slack-edge.com\/2020-04-03\/1036225284226_69a03f210a7ec4e12108_72.jpg",
            "first_name": "Beth",
            "real_name": "Beth Cheatham",
            "display_name": "beth.cheatham",
            "team": "T0D1XTUAD",
            "name": "beth.cheatham",
            "is_restricted": false,
            "is_ultra_restricted": false
        },
        "blocks": [
            {
                "type": "rich_text",
                "block_id": "tw5ZN",
                "elements": [
                    {
                        "type": "rich_text_section",
                        "elements": [
                            {
                                "type": "text",
                                "text": "It used to be the group that set up desktops, but with the reorg, I’m not sure who decides. Testing and security would have some input, but I guess with no oversight, it’s still the desktop setup group whoever they are. If that is Eric Deister’s group, that’s a good thing as he’s great."
                            }
                        ]
                    }
                ]
            }
        ],
        "thread_ts": "1594147536.008200",
        "parent_user_id": "UTJQGG2MT"
    },
    {
        "client_msg_id": "57f6c440-7d3e-4b0b-ab2e-535671ca2b20",
        "type": "message",
        "text": "IE and Edge are the official browsers for KCIT and CSS is deploying all new devices with those 2 pre-installed.",
        "user": "UUGC2FFGX",
        "ts": "1594160443.015400",
        "team": "T0D1XTUAD",
        "user_team": "T0D1XTUAD",
        "source_team": "T0D1XTUAD",
        "user_profile": {
            "avatar_hash": "a23b3deb3ac5",
            "image_72": "https:\/\/avatars.slack-edge.com\/2020-04-15\/1065314268323_a23b3deb3ac58e36c854_72.png",
            "first_name": "",
            "real_name": "Dennis Fong",
            "display_name": "Dennis Fong",
            "team": "T0D1XTUAD",
            "name": "dennis.fong",
            "is_restricted": false,
            "is_ultra_restricted": false
        },
        "blocks": [
            {
                "type": "rich_text",
                "block_id": "szQ",
                "elements": [
                    {
                        "type": "rich_text_section",
                        "elements": [
                            {
                                "type": "text",
                                "text": "IE and Edge are the official browsers for KCIT and CSS is deploying all new devices with those 2 pre-installed."
                            }
                        ]
                    }
                ]
            }
        ],
        "thread_ts": "1594147536.008200",
        "parent_user_id": "UTJQGG2MT",
        "reactions": [
            {
                "name": "thankyou",
                "users": [
                    "UTJQGG2MT"
                ],
                "count": 1
            },
            {
                "name": "+1",
                "users": [
                    "UTJQGG2MT"
                ],
                "count": 1
            },
            {
                "name": "bananadance",
                "users": [
                    "UTJQGG2MT"
                ],
                "count": 1
            }
        ]
    },
    {
        "client_msg_id": "ea05707e-84a5-4cd5-b431-3db9de520085",
        "type": "message",
        "text": "I'm looking into options on this, please stand by.",
        "user": "U5Y0B4XC3",
        "ts": "1594166161.015900",
        "team": "T0D1XTUAD",
        "user_team": "T0D1XTUAD",
        "source_team": "T0D1XTUAD",
        "user_profile": {
            "avatar_hash": "da718d235064",
            "image_72": "https:\/\/avatars.slack-edge.com\/2019-05-20\/629478633218_da718d2350648f939113_72.jpg",
            "first_name": "Pam",
            "real_name": "Pam Shales",
            "display_name": "Pam Shales",
            "team": "T0D1XTUAD",
            "name": "pshales",
            "is_restricted": false,
            "is_ultra_restricted": false
        },
        "blocks": [
            {
                "type": "rich_text",
                "block_id": "jIXpn",
                "elements": [
                    {
                        "type": "rich_text_section",
                        "elements": [
                            {
                                "type": "text",
                                "text": "I'm looking into options on this, please stand by."
                            }
                        ]
                    }
                ]
            }
        ],
        "thread_ts": "1593524125.492000",
        "parent_user_id": "UUL14UHHP"
    }
]