[
    {
        "type": "message",
        "subtype": "channel_join",
        "ts": "1581370566.000200",
        "user": "UTV659Z8X",
        "text": "<@UTV659Z8X> has joined the channel"
    },
    {
        "client_msg_id": "f8f08085-34e3-4a62-8dd9-d04cf5f5dce8",
        "type": "message",
        "text": ":wave: I’m here! What’d I miss?",
        "user": "UTV659Z8X",
        "ts": "1581370723.000400",
        "team": "T0D1XTUAD",
        "user_team": "T0D1XTUAD",
        "source_team": "T0D1XTUAD",
        "user_profile": {
            "avatar_hash": "gcdcd1928542",
            "image_72": "https:\/\/secure.gravatar.com\/avatar\/cdcd1928542317a9b98db6f980dc1212.jpg?s=72&d=https%3A%2F%2Fa.slack-edge.com%2Fdf10d%2Fimg%2Favatars%2Fava_0021-72.png",
            "first_name": "",
            "real_name": "Joy Cordell",
            "display_name": "Joy Cordell",
            "team": "T0D1XTUAD",
            "name": "n-jcordell",
            "is_restricted": false,
            "is_ultra_restricted": false
        },
        "blocks": [
            {
                "type": "rich_text",
                "block_id": "LyX5",
                "elements": [
                    {
                        "type": "rich_text_section",
                        "elements": [
                            {
                                "type": "emoji",
                                "name": "wave"
                            },
                            {
                                "type": "text",
                                "text": " I’m here! What’d I miss?"
                            }
                        ]
                    }
                ]
            }
        ],
        "reactions": [
            {
                "name": "+1",
                "users": [
                    "UTJPVN880",
                    "U0NSCMBR8"
                ],
                "count": 2
            }
        ]
    },
    {
        "client_msg_id": "29ccfd91-c522-4cac-bfce-9cc60608d714",
        "type": "message",
        "text": "Haha, nothing yet. Now that you're here I'll add you to the refresh channel.",
        "user": "U0NSCMBR8",
        "ts": "1581370780.000900",
        "team": "T0D1XTUAD",
        "user_team": "T0D1XTUAD",
        "source_team": "T0D1XTUAD",
        "user_profile": {
            "avatar_hash": "28a69ac871a0",
            "image_72": "https:\/\/avatars.slack-edge.com\/2016-02-24\/22896597253_28a69ac871a00b39b963_72.jpg",
            "first_name": "Al",
            "real_name": "Al Boss",
            "display_name": "",
            "team": "T0D1XTUAD",
            "name": "alboss",
            "is_restricted": false,
            "is_ultra_restricted": false
        },
        "blocks": [
            {
                "type": "rich_text",
                "block_id": "pi8",
                "elements": [
                    {
                        "type": "rich_text_section",
                        "elements": [
                            {
                                "type": "text",
                                "text": "Haha, nothing yet. Now that you're here I'll add you to the refresh channel."
                            }
                        ]
                    }
                ]
            }
        ]
    },
    {
        "client_msg_id": "9b5093c8-6619-4b68-8920-c3cf040cb49a",
        "type": "message",
        "text": "You missed all the action: about 10 notifications since 2017!",
        "user": "U33EUUGPJ",
        "ts": "1581371937.002400",
        "team": "T0D1XTUAD",
        "user_team": "T0D1XTUAD",
        "source_team": "T0D1XTUAD",
        "user_profile": {
            "avatar_hash": "93e290ec78c0",
            "image_72": "https:\/\/avatars.slack-edge.com\/2020-09-23\/1407669923328_93e290ec78c049e44d04_72.png",
            "first_name": "Andrey",
            "real_name": "Andrey Bakharev",
            "display_name": "Andrey Bakharev",
            "team": "T0D1XTUAD",
            "name": "andreybakharev",
            "is_restricted": false,
            "is_ultra_restricted": false
        },
        "blocks": [
            {
                "type": "rich_text",
                "block_id": "+U6",
                "elements": [
                    {
                        "type": "rich_text_section",
                        "elements": [
                            {
                                "type": "text",
                                "text": "You missed all the action: about 10 notifications since 2017!"
                            }
                        ]
                    }
                ]
            }
        ],
        "reactions": [
            {
                "name": "rolling_on_the_floor_laughing",
                "users": [
                    "UKUSC73J7"
                ],
                "count": 1
            }
        ]
    },
    {
        "client_msg_id": "f13afef7-ff82-484f-81c6-717fc5064a80",
        "type": "message",
        "text": "That's true; we don't use the general channel a lot, do we? I guess we're all about specificity.",
        "user": "U0NSCMBR8",
        "ts": "1581371999.003000",
        "team": "T0D1XTUAD",
        "user_team": "T0D1XTUAD",
        "source_team": "T0D1XTUAD",
        "user_profile": {
            "avatar_hash": "28a69ac871a0",
            "image_72": "https:\/\/avatars.slack-edge.com\/2016-02-24\/22896597253_28a69ac871a00b39b963_72.jpg",
            "first_name": "Al",
            "real_name": "Al Boss",
            "display_name": "",
            "team": "T0D1XTUAD",
            "name": "alboss",
            "is_restricted": false,
            "is_ultra_restricted": false
        },
        "blocks": [
            {
                "type": "rich_text",
                "block_id": "UTq",
                "elements": [
                    {
                        "type": "rich_text_section",
                        "elements": [
                            {
                                "type": "text",
                                "text": "That's true; we don't use the general channel a lot, do we? I guess we're all about specificity."
                            }
                        ]
                    }
                ]
            }
        ]
    },
    {
        "client_msg_id": "bc8ad77e-7310-4512-9bd3-7499cd51c719",
        "type": "message",
        "text": "Yes you are hiding the refresh channel from me ;)",
        "user": "U33EUUGPJ",
        "ts": "1581379711.004200",
        "team": "T0D1XTUAD",
        "user_team": "T0D1XTUAD",
        "source_team": "T0D1XTUAD",
        "user_profile": {
            "avatar_hash": "93e290ec78c0",
            "image_72": "https:\/\/avatars.slack-edge.com\/2020-09-23\/1407669923328_93e290ec78c049e44d04_72.png",
            "first_name": "Andrey",
            "real_name": "Andrey Bakharev",
            "display_name": "Andrey Bakharev",
            "team": "T0D1XTUAD",
            "name": "andreybakharev",
            "is_restricted": false,
            "is_ultra_restricted": false
        },
        "blocks": [
            {
                "type": "rich_text",
                "block_id": "Tfi",
                "elements": [
                    {
                        "type": "rich_text_section",
                        "elements": [
                            {
                                "type": "text",
                                "text": "Yes you are hiding the refresh channel from me ;)"
                            }
                        ]
                    }
                ]
            }
        ]
    }
]