[
    {
        "client_msg_id": "d220f566-084f-4463-87b7-84ca4cf35f92",
        "type": "message",
        "text": "On the topic of “The Rule of Least Power”: <https:\/\/gomakethings.com\/always-bet-on-html\/> Or in some cases, most flexible power. :man-shrugging:",
        "user": "U0D1RV4N8",
        "ts": "1593105613.483300",
        "team": "T0D1XTUAD",
        "user_team": "T0D1XTUAD",
        "source_team": "T0D1XTUAD",
        "user_profile": {
            "avatar_hash": "b0af0714bdde",
            "image_72": "https:\/\/avatars.slack-edge.com\/2019-05-22\/642788517284_b0af0714bddea68e9e1c_72.jpg",
            "first_name": "Derek",
            "real_name": "Derek Sheppard",
            "display_name": "Derek Sheppard",
            "team": "T0D1XTUAD",
            "name": "derek.sheppard",
            "is_restricted": false,
            "is_ultra_restricted": false
        },
        "attachments": [
            {
                "title": "Always bet on HTML",
                "title_link": "https:\/\/gomakethings.com\/always-bet-on-html\/",
                "text": "There’s a slogan that’s been floating around the web for sometime now. I think the first person to say it was the guy who invented JS (he donated to ban gay marriage in CA, so I’m not going write his name or link to the source here). Always bet on JavaScript. The thinking behind this is that JS is the programming language to know. It can do so much, and run almost anywhere.",
                "fallback": "Always bet on HTML",
                "thumb_url": "https:\/\/gomakethings.com\/img\/og.png",
                "from_url": "https:\/\/gomakethings.com\/always-bet-on-html\/",
                "thumb_width": 288,
                "thumb_height": 288,
                "service_icon": "https:\/\/gomakethings.com\/img\/favicon.ico",
                "service_name": "gomakethings.com",
                "id": 1,
                "original_url": "https:\/\/gomakethings.com\/always-bet-on-html\/"
            }
        ],
        "blocks": [
            {
                "type": "rich_text",
                "block_id": "1Zv=",
                "elements": [
                    {
                        "type": "rich_text_section",
                        "elements": [
                            {
                                "type": "text",
                                "text": "On the topic of “The Rule of Least Power”: "
                            },
                            {
                                "type": "link",
                                "url": "https:\/\/gomakethings.com\/always-bet-on-html\/"
                            },
                            {
                                "type": "text",
                                "text": " Or in some cases, most flexible power. "
                            },
                            {
                                "type": "emoji",
                                "name": "man-shrugging"
                            }
                        ]
                    }
                ]
            }
        ],
        "thread_ts": "1593105613.483300",
        "reply_count": 1,
        "reply_users_count": 1,
        "latest_reply": "1593107267.483700",
        "reply_users": [
            "U0D1RV4N8"
        ],
        "replies": [
            {
                "user": "U0D1RV4N8",
                "ts": "1593107267.483700"
            }
        ],
        "subscribed": false,
        "reactions": [
            {
                "name": "+1::skin-tone-3",
                "users": [
                    "UUE0RNXML",
                    "U7EP7P2JW"
                ],
                "count": 2
            }
        ]
    },
    {
        "type": "message",
        "text": "Then I read this: <https:\/\/blog.logrocket.com\/what-the-rule-of-least-power-means-for-modern-developers-b846010a8595\/> and got to thinking about the common refrain of avoiding spaghetti code,  and writing clean, elegant code (this always means JS) And then that JS gets compiled into…what? Something like this?\n```<div class=\"css-1dbjc4n r-1ila09b r-qklmqi r-1adg3ll\"><a href=\"\/i\/events\/1276165879403700224\" role=\"link\" data-focusable=\"true\" class=\"css-4rbku5 css-18t94o4 css-1dbjc4n r-1loqt21 r-18u37iz r-1ny4l3l r-1j3t67a r-1w50u8q r-o7ynqc r-6416eg\">\n    <div class=\"css-1dbjc4n r-13awgt0 r-zso239\">\n      <div class=\"css-1dbjc4n r-1awozwy r-18u37iz r-1wbh5a2\">\n        <div dir=\"auto\" class=\"css-901oao css-bfa6kz r-111h2gw r-1qd0xha r-n6v787 r-16dba41 r-1sf4r6n r-bcqeeo r-qvutc0\"><span class=\"css-901oao css-16my406 r-1qd0xha r-ad9z0x r-bcqeeo r-qvutc0\">Politics<\/span><\/div>\n        <div dir=\"auto\" aria-hidden=\"true\" class=\"css-901oao r-111h2gw r-1q142lx r-1qd0xha r-a023e6 r-16dba41 r-ad9z0x r-bcqeeo r-ou255f r-qvutc0\"><span class=\"css-901oao css-16my406 r-1qd0xha r-ad9z0x r-bcqeeo r-qvutc0\">·<\/span><\/div>\n        <div class=\"css-1dbjc4n r-r2y082\">\n          <div dir=\"auto\" class=\"css-901oao css-bfa6kz r-111h2gw r-1qd0xha r-n6v787 r-16dba41 r-1sf4r6n r-bcqeeo r-qvutc0\"><span class=\"css-901oao css-16my406 r-1qd0xha r-ad9z0x r-bcqeeo r-qvutc0\">2 hours ago<\/span><\/div>\n        <\/div>\n      <\/div>\n      <div dir=\"ltr\" class=\"css-901oao r-jwli3a r-1qd0xha r-a023e6 r-vw2c0b r-ad9z0x r-hrzydr r-bcqeeo r-qvutc0\"><span class=\"css-901oao css-16my406 r-1qd0xha r-ad9z0x r-bcqeeo r-qvutc0\">Supreme Court says asylum seekers cannot challenge removal<\/span><\/div>\n    <\/div>\n    <div class=\"css-1dbjc4n r-hjejmn r-t23y2h r-1594n1d r-1rcydto r-im43zt r-1mfpqn6 r-cnsjmj r-1udh08x r-1ih7r1r\">\n      <div class=\"css-1dbjc4n r-1adg3ll r-1udh08x\">\n        <div class=\"r-1adg3ll r-13qz1uu\" style=\"padding-bottom: 100%;\"><\/div>\n        <div class=\"r-1p0dtai r-1pi2tsx r-1d2f490 r-u8s1d r-ipm5af r-13qz1uu\">\n          <div aria-label=\"\" class=\"css-1dbjc4n r-1p0dtai r-1mlwlqe r-1d2f490 r-1udh08x r-u8s1d r-zchlnj r-ipm5af r-417010\" style=\"margin: 0px;\">\n            <div class=\"css-1dbjc4n r-1niwhzg r-vvn4in r-u6sd8q r-4gszlv r-1p0dtai r-1pi2tsx r-1d2f490 r-u8s1d r-zchlnj r-ipm5af r-13qz1uu r-1wyyakw\" style=\"background-image: url(&quot;<https:\/\/pbs.twimg.com\/semantic_core_img\/1276167730765283328\/ORq575Lu?format=jpg&amp;name=240x240>&quot;);\"><\/div><img alt=\"\" draggable=\"true\" src=\"<https:\/\/pbs.twimg.com\/semantic_core_img\/1276167730765283328\/ORq575Lu?format=jpg&amp;name=240x240>\" class=\"css-9pa8cd\">\n          <\/div>\n        <\/div>\n      <\/div>\n    <\/div>\n  <\/a><\/div>```\nWhich is the markup for this element on Twitter’s website: :shocked_face_with_exploding_head:",
        "files": [
            {
                "id": "F0160UQ7YDB",
                "created": 1593107198,
                "timestamp": 1593107198,
                "name": "Screenshot_2020-06-25 Explore Twitter.png",
                "title": "Screenshot_2020-06-25 Explore Twitter.png",
                "mimetype": "image\/png",
                "filetype": "png",
                "pretty_type": "PNG",
                "user": "U0D1RV4N8",
                "editable": false,
                "size": 31241,
                "mode": "hosted",
                "is_external": false,
                "external_type": "",
                "is_public": true,
                "public_url_shared": false,
                "display_as_bot": false,
                "username": "",
                "url_private": "https:\/\/files.slack.com\/files-pri\/T0D1XTUAD-F0160UQ7YDB\/screenshot_2020-06-25_explore_twitter.png?t=xoxe-13065946353-1831014033124-1821760734405-0591b3003861d046a3fe606fb5f44814",
                "url_private_download": "https:\/\/files.slack.com\/files-pri\/T0D1XTUAD-F0160UQ7YDB\/download\/screenshot_2020-06-25_explore_twitter.png?t=xoxe-13065946353-1831014033124-1821760734405-0591b3003861d046a3fe606fb5f44814",
                "thumb_64": "https:\/\/files.slack.com\/files-tmb\/T0D1XTUAD-F0160UQ7YDB-6b89f868aa\/screenshot_2020-06-25_explore_twitter_64.png?t=xoxe-13065946353-1831014033124-1821760734405-0591b3003861d046a3fe606fb5f44814",
                "thumb_80": "https:\/\/files.slack.com\/files-tmb\/T0D1XTUAD-F0160UQ7YDB-6b89f868aa\/screenshot_2020-06-25_explore_twitter_80.png?t=xoxe-13065946353-1831014033124-1821760734405-0591b3003861d046a3fe606fb5f44814",
                "thumb_360": "https:\/\/files.slack.com\/files-tmb\/T0D1XTUAD-F0160UQ7YDB-6b89f868aa\/screenshot_2020-06-25_explore_twitter_360.png?t=xoxe-13065946353-1831014033124-1821760734405-0591b3003861d046a3fe606fb5f44814",
                "thumb_360_w": 360,
                "thumb_360_h": 66,
                "thumb_480": "https:\/\/files.slack.com\/files-tmb\/T0D1XTUAD-F0160UQ7YDB-6b89f868aa\/screenshot_2020-06-25_explore_twitter_480.png?t=xoxe-13065946353-1831014033124-1821760734405-0591b3003861d046a3fe606fb5f44814",
                "thumb_480_w": 480,
                "thumb_480_h": 88,
                "thumb_160": "https:\/\/files.slack.com\/files-tmb\/T0D1XTUAD-F0160UQ7YDB-6b89f868aa\/screenshot_2020-06-25_explore_twitter_160.png?t=xoxe-13065946353-1831014033124-1821760734405-0591b3003861d046a3fe606fb5f44814",
                "original_w": 619,
                "original_h": 114,
                "thumb_tiny": "AwAIADCkCMcrk\/WjK\/3f1pKKYhcr\/dP50ZX+6fzpKKAFyv8Adx+NOdlI4AFMopWHc\/\/Z",
                "permalink": "https:\/\/kcwebteam.slack.com\/files\/U0D1RV4N8\/F0160UQ7YDB\/screenshot_2020-06-25_explore_twitter.png",
                "permalink_public": "https:\/\/slack-files.com\/T0D1XTUAD-F0160UQ7YDB-ce8fdb186a",
                "is_starred": false,
                "has_rich_preview": false
            }
        ],
        "upload": false,
        "blocks": [
            {
                "type": "rich_text",
                "block_id": "GMV",
                "elements": [
                    {
                        "type": "rich_text_section",
                        "elements": [
                            {
                                "type": "text",
                                "text": "Then I read this: "
                            },
                            {
                                "type": "link",
                                "url": "https:\/\/blog.logrocket.com\/what-the-rule-of-least-power-means-for-modern-developers-b846010a8595\/"
                            },
                            {
                                "type": "text",
                                "text": " and got to thinking about the common refrain of avoiding spaghetti code,  and writing clean, elegant code (this always means JS) And then that JS gets compiled into…what? Something like this?\n"
                            }
                        ]
                    },
                    {
                        "type": "rich_text_preformatted",
                        "elements": [
                            {
                                "type": "text",
                                "text": "<div class=\"css-1dbjc4n r-1ila09b r-qklmqi r-1adg3ll\"><a href=\"\/i\/events\/1276165879403700224\" role=\"link\" data-focusable=\"true\" class=\"css-4rbku5 css-18t94o4 css-1dbjc4n r-1loqt21 r-18u37iz r-1ny4l3l r-1j3t67a r-1w50u8q r-o7ynqc r-6416eg\">\n    <div class=\"css-1dbjc4n r-13awgt0 r-zso239\">\n      <div class=\"css-1dbjc4n r-1awozwy r-18u37iz r-1wbh5a2\">\n        <div dir=\"auto\" class=\"css-901oao css-bfa6kz r-111h2gw r-1qd0xha r-n6v787 r-16dba41 r-1sf4r6n r-bcqeeo r-qvutc0\"><span class=\"css-901oao css-16my406 r-1qd0xha r-ad9z0x r-bcqeeo r-qvutc0\">Politics<\/span><\/div>\n        <div dir=\"auto\" aria-hidden=\"true\" class=\"css-901oao r-111h2gw r-1q142lx r-1qd0xha r-a023e6 r-16dba41 r-ad9z0x r-bcqeeo r-ou255f r-qvutc0\"><span class=\"css-901oao css-16my406 r-1qd0xha r-ad9z0x r-bcqeeo r-qvutc0\">·<\/span><\/div>\n        <div class=\"css-1dbjc4n r-r2y082\">\n          <div dir=\"auto\" class=\"css-901oao css-bfa6kz r-111h2gw r-1qd0xha r-n6v787 r-16dba41 r-1sf4r6n r-bcqeeo r-qvutc0\"><span class=\"css-901oao css-16my406 r-1qd0xha r-ad9z0x r-bcqeeo r-qvutc0\">2 hours ago<\/span><\/div>\n        <\/div>\n      <\/div>\n      <div dir=\"ltr\" class=\"css-901oao r-jwli3a r-1qd0xha r-a023e6 r-vw2c0b r-ad9z0x r-hrzydr r-bcqeeo r-qvutc0\"><span class=\"css-901oao css-16my406 r-1qd0xha r-ad9z0x r-bcqeeo r-qvutc0\">Supreme Court says asylum seekers cannot challenge removal<\/span><\/div>\n    <\/div>\n    <div class=\"css-1dbjc4n r-hjejmn r-t23y2h r-1594n1d r-1rcydto r-im43zt r-1mfpqn6 r-cnsjmj r-1udh08x r-1ih7r1r\">\n      <div class=\"css-1dbjc4n r-1adg3ll r-1udh08x\">\n        <div class=\"r-1adg3ll r-13qz1uu\" style=\"padding-bottom: 100%;\"><\/div>\n        <div class=\"r-1p0dtai r-1pi2tsx r-1d2f490 r-u8s1d r-ipm5af r-13qz1uu\">\n          <div aria-label=\"\" class=\"css-1dbjc4n r-1p0dtai r-1mlwlqe r-1d2f490 r-1udh08x r-u8s1d r-zchlnj r-ipm5af r-417010\" style=\"margin: 0px;\">\n            <div class=\"css-1dbjc4n r-1niwhzg r-vvn4in r-u6sd8q r-4gszlv r-1p0dtai r-1pi2tsx r-1d2f490 r-u8s1d r-zchlnj r-ipm5af r-13qz1uu r-1wyyakw\" style=\"background-image: url(&quot;"
                            },
                            {
                                "type": "link",
                                "url": "https:\/\/pbs.twimg.com\/semantic_core_img\/1276167730765283328\/ORq575Lu?format=jpg&amp;name=240x240"
                            },
                            {
                                "type": "text",
                                "text": "&quot;);\"><\/div><img alt=\"\" draggable=\"true\" src=\""
                            },
                            {
                                "type": "link",
                                "url": "https:\/\/pbs.twimg.com\/semantic_core_img\/1276167730765283328\/ORq575Lu?format=jpg&amp;name=240x240"
                            },
                            {
                                "type": "text",
                                "text": "\" class=\"css-9pa8cd\">\n          <\/div>\n        <\/div>\n      <\/div>\n    <\/div>\n  <\/a><\/div>"
                            }
                        ]
                    },
                    {
                        "type": "rich_text_section",
                        "elements": [
                            {
                                "type": "text",
                                "text": "Which is the markup for this element on Twitter’s website: "
                            },
                            {
                                "type": "emoji",
                                "name": "shocked_face_with_exploding_head"
                            }
                        ]
                    }
                ]
            }
        ],
        "user": "U0D1RV4N8",
        "display_as_bot": false,
        "ts": "1593107267.483700",
        "thread_ts": "1593105613.483300",
        "parent_user_id": "U0D1RV4N8"
    },
    {
        "client_msg_id": "b5d9b801-7069-49b1-a328-8b69dbd4bc21",
        "type": "message",
        "text": "Cool way to handle image optimization (from an editor and client standpoint) <https:\/\/blog.codepen.io\/2020\/06\/18\/edit-optimize-image-assets\/>",
        "user": "U0D1RV4N8",
        "ts": "1593125249.484500",
        "team": "T0D1XTUAD",
        "user_team": "T0D1XTUAD",
        "source_team": "T0D1XTUAD",
        "user_profile": {
            "avatar_hash": "b0af0714bdde",
            "image_72": "https:\/\/avatars.slack-edge.com\/2019-05-22\/642788517284_b0af0714bddea68e9e1c_72.jpg",
            "first_name": "Derek",
            "real_name": "Derek Sheppard",
            "display_name": "Derek Sheppard",
            "team": "T0D1XTUAD",
            "name": "derek.sheppard",
            "is_restricted": false,
            "is_ultra_restricted": false
        },
        "attachments": [
            {
                "service_name": "CodePen Blog",
                "title": "Edit &amp; Optimize Image Assets - CodePen Blog",
                "title_link": "https:\/\/blog.codepen.io\/2020\/06\/18\/edit-optimize-image-assets\/",
                "text": "CodePen’s Asset Hosting is the easiest way to upload and use images in your code, and it’s available right inside the Pen Editor! Let us handle the storage and CDN delivery¹ and you let your creativity fly. We’ve just released another major upgrade to this feature! Now your image assets are even better with dynamic […]",
                "fallback": "CodePen Blog: Edit &amp; Optimize Image Assets - CodePen Blog",
                "ts": 1592487762,
                "from_url": "https:\/\/blog.codepen.io\/2020\/06\/18\/edit-optimize-image-assets\/",
                "service_icon": "https:\/\/blog.codepen.io\/favicon.ico",
                "id": 1,
                "original_url": "https:\/\/blog.codepen.io\/2020\/06\/18\/edit-optimize-image-assets\/"
            }
        ],
        "blocks": [
            {
                "type": "rich_text",
                "block_id": "SiW",
                "elements": [
                    {
                        "type": "rich_text_section",
                        "elements": [
                            {
                                "type": "text",
                                "text": "Cool way to handle image optimization (from an editor and client standpoint) "
                            },
                            {
                                "type": "link",
                                "url": "https:\/\/blog.codepen.io\/2020\/06\/18\/edit-optimize-image-assets\/"
                            }
                        ]
                    }
                ]
            }
        ],
        "reactions": [
            {
                "name": "+1",
                "users": [
                    "UTJPVN880"
                ],
                "count": 1
            }
        ]
    }
]