[
    {
        "type": "message",
        "text": "Trying to re-start skype (I got disconnected) and I'm getting this message:",
        "files": [
            {
                "id": "F0129SKBE2Z",
                "created": 1587570301,
                "timestamp": 1587570301,
                "name": "image.png",
                "title": "image.png",
                "mimetype": "image\/png",
                "filetype": "png",
                "pretty_type": "PNG",
                "user": "U7EQMP760",
                "editable": false,
                "size": 87591,
                "mode": "hosted",
                "is_external": false,
                "external_type": "",
                "is_public": true,
                "public_url_shared": false,
                "display_as_bot": false,
                "username": "",
                "url_private": "https:\/\/files.slack.com\/files-pri\/T0D1XTUAD-F0129SKBE2Z\/image.png?t=xoxe-13065946353-1831014033124-1821760734405-0591b3003861d046a3fe606fb5f44814",
                "url_private_download": "https:\/\/files.slack.com\/files-pri\/T0D1XTUAD-F0129SKBE2Z\/download\/image.png?t=xoxe-13065946353-1831014033124-1821760734405-0591b3003861d046a3fe606fb5f44814",
                "thumb_64": "https:\/\/files.slack.com\/files-tmb\/T0D1XTUAD-F0129SKBE2Z-c7c960218d\/image_64.png?t=xoxe-13065946353-1831014033124-1821760734405-0591b3003861d046a3fe606fb5f44814",
                "thumb_80": "https:\/\/files.slack.com\/files-tmb\/T0D1XTUAD-F0129SKBE2Z-c7c960218d\/image_80.png?t=xoxe-13065946353-1831014033124-1821760734405-0591b3003861d046a3fe606fb5f44814",
                "thumb_360": "https:\/\/files.slack.com\/files-tmb\/T0D1XTUAD-F0129SKBE2Z-c7c960218d\/image_360.png?t=xoxe-13065946353-1831014033124-1821760734405-0591b3003861d046a3fe606fb5f44814",
                "thumb_360_w": 360,
                "thumb_360_h": 336,
                "thumb_480": "https:\/\/files.slack.com\/files-tmb\/T0D1XTUAD-F0129SKBE2Z-c7c960218d\/image_480.png?t=xoxe-13065946353-1831014033124-1821760734405-0591b3003861d046a3fe606fb5f44814",
                "thumb_480_w": 480,
                "thumb_480_h": 448,
                "thumb_160": "https:\/\/files.slack.com\/files-tmb\/T0D1XTUAD-F0129SKBE2Z-c7c960218d\/image_160.png?t=xoxe-13065946353-1831014033124-1821760734405-0591b3003861d046a3fe606fb5f44814",
                "original_w": 558,
                "original_h": 521,
                "thumb_tiny": "AwAsADC6cA4x\/OjPt\/OnHA6gUZx0AoAQc9v1pQPUfrRk+gpwxjmgBMCjApfloPTigA2hlpPmBGf0py9KWgBFJPUUtFFABSHpS0h6UARnIP8A9agE9z+lOooATPufyo59T+VLRQAYPr+lAz65pvlj+83506gD\/9k=",
                "permalink": "https:\/\/kcwebteam.slack.com\/files\/U7EQMP760\/F0129SKBE2Z\/image.png",
                "permalink_public": "https:\/\/slack-files.com\/T0D1XTUAD-F0129SKBE2Z-1ed5dcf3e7",
                "is_starred": false,
                "has_rich_preview": false
            }
        ],
        "upload": true,
        "blocks": [
            {
                "type": "rich_text",
                "block_id": "+L1",
                "elements": [
                    {
                        "type": "rich_text_section",
                        "elements": [
                            {
                                "type": "text",
                                "text": "Trying to re-start skype (I got disconnected) and I'm getting this message:"
                            }
                        ]
                    }
                ]
            }
        ],
        "user": "U7EQMP760",
        "display_as_bot": false,
        "ts": "1587570304.197000",
        "client_msg_id": "9a52bb95-b736-4e43-9274-16079d126b64",
        "thread_ts": "1587570304.197000",
        "reply_count": 5,
        "reply_users_count": 3,
        "latest_reply": "1587573154.198700",
        "reply_users": [
            "U7EQMP760",
            "U5Y0B4XC3",
            "U0NSCMBR8"
        ],
        "replies": [
            {
                "user": "U7EQMP760",
                "ts": "1587570354.197300"
            },
            {
                "user": "U5Y0B4XC3",
                "ts": "1587572071.197500"
            },
            {
                "user": "U0NSCMBR8",
                "ts": "1587572109.197700"
            },
            {
                "user": "U7EQMP760",
                "ts": "1587572537.197900"
            },
            {
                "user": "U0NSCMBR8",
                "ts": "1587573154.198700"
            }
        ],
        "subscribed": false
    },
    {
        "client_msg_id": "7b259fea-8780-4ea0-bef1-a00cc61b7c57",
        "type": "message",
        "text": "I've never seen that before. Is it OK to proceed?",
        "user": "U7EQMP760",
        "ts": "1587570354.197300",
        "team": "T0D1XTUAD",
        "user_team": "T0D1XTUAD",
        "source_team": "T0D1XTUAD",
        "user_profile": {
            "avatar_hash": "db1abed225d9",
            "image_72": "https:\/\/avatars.slack-edge.com\/2020-03-14\/990754009969_db1abed225d9635aae98_72.jpg",
            "first_name": "",
            "real_name": "Mary Delahanty",
            "display_name": "",
            "team": "T0D1XTUAD",
            "name": "mary.delahanty",
            "is_restricted": false,
            "is_ultra_restricted": false
        },
        "blocks": [
            {
                "type": "rich_text",
                "block_id": "n8Qg",
                "elements": [
                    {
                        "type": "rich_text_section",
                        "elements": [
                            {
                                "type": "text",
                                "text": "I've never seen that before. Is it OK to proceed?"
                            }
                        ]
                    }
                ]
            }
        ],
        "thread_ts": "1587570304.197000",
        "parent_user_id": "U7EQMP760"
    },
    {
        "client_msg_id": "cba04898-5b6d-4259-a24f-74ffd00f300f",
        "type": "message",
        "text": "it looks like it's a valid certificate for King County. Perhaps call the helpdesk, it might be faster than opening a ticket.",
        "user": "U5Y0B4XC3",
        "ts": "1587572071.197500",
        "team": "T0D1XTUAD",
        "user_team": "T0D1XTUAD",
        "source_team": "T0D1XTUAD",
        "user_profile": {
            "avatar_hash": "da718d235064",
            "image_72": "https:\/\/avatars.slack-edge.com\/2019-05-20\/629478633218_da718d2350648f939113_72.jpg",
            "first_name": "Pam",
            "real_name": "Pam Shales",
            "display_name": "Pam Shales",
            "team": "T0D1XTUAD",
            "name": "pshales",
            "is_restricted": false,
            "is_ultra_restricted": false
        },
        "blocks": [
            {
                "type": "rich_text",
                "block_id": "sKpwZ",
                "elements": [
                    {
                        "type": "rich_text_section",
                        "elements": [
                            {
                                "type": "text",
                                "text": "it looks like it's a valid certificate for King County. Perhaps call the helpdesk, it might be faster than opening a ticket."
                            }
                        ]
                    }
                ]
            }
        ],
        "thread_ts": "1587570304.197000",
        "parent_user_id": "U7EQMP760"
    },
    {
        "client_msg_id": "2706ec2f-eec7-4c5f-a03c-fd2bf6481b96",
        "type": "message",
        "text": "That’s okay. King County uses self-signed security certificates because the real ones cost a lot of money. Microsoft recognizes these as a legitimate because it’s their tools that generate them, so Windows users never see this. MacOS and Linux are a bit less forgiving.\n\nThe kc.kingcounty.lcl domain means it’s behind the firewall. If a dangerous hacker were to get behind the firewall, they’d have better things to do with their time than adding in bogus security certs.",
        "user": "U0NSCMBR8",
        "ts": "1587572109.197700",
        "team": "T0D1XTUAD",
        "user_team": "T0D1XTUAD",
        "source_team": "T0D1XTUAD",
        "user_profile": {
            "avatar_hash": "28a69ac871a0",
            "image_72": "https:\/\/avatars.slack-edge.com\/2016-02-24\/22896597253_28a69ac871a00b39b963_72.jpg",
            "first_name": "Al",
            "real_name": "Al Boss",
            "display_name": "",
            "team": "T0D1XTUAD",
            "name": "alboss",
            "is_restricted": false,
            "is_ultra_restricted": false
        },
        "blocks": [
            {
                "type": "rich_text",
                "block_id": "6\/W",
                "elements": [
                    {
                        "type": "rich_text_section",
                        "elements": [
                            {
                                "type": "text",
                                "text": "That’s okay. King County uses self-signed security certificates because the real ones cost a lot of money. Microsoft recognizes these as a legitimate because it’s their tools that generate them, so Windows users never see this. MacOS and Linux are a bit less forgiving.\n\nThe kc.kingcounty.lcl domain means it’s behind the firewall. If a dangerous hacker were to get behind the firewall, they’d have better things to do with their time than adding in bogus security certs."
                            }
                        ]
                    }
                ]
            }
        ],
        "thread_ts": "1587570304.197000",
        "parent_user_id": "U7EQMP760",
        "reactions": [
            {
                "name": "joy",
                "users": [
                    "UFDNKQCU9"
                ],
                "count": 1
            }
        ]
    },
    {
        "client_msg_id": "3da84528-c7e3-432a-afa8-62fc16406a06",
        "type": "message",
        "text": "Thanks! This certificate stuff is all a mystery to me; I'm glad I work with people who understand it.",
        "user": "U7EQMP760",
        "ts": "1587572537.197900",
        "team": "T0D1XTUAD",
        "user_team": "T0D1XTUAD",
        "source_team": "T0D1XTUAD",
        "user_profile": {
            "avatar_hash": "db1abed225d9",
            "image_72": "https:\/\/avatars.slack-edge.com\/2020-03-14\/990754009969_db1abed225d9635aae98_72.jpg",
            "first_name": "",
            "real_name": "Mary Delahanty",
            "display_name": "",
            "team": "T0D1XTUAD",
            "name": "mary.delahanty",
            "is_restricted": false,
            "is_ultra_restricted": false
        },
        "blocks": [
            {
                "type": "rich_text",
                "block_id": "3JDm4",
                "elements": [
                    {
                        "type": "rich_text_section",
                        "elements": [
                            {
                                "type": "text",
                                "text": "Thanks! This certificate stuff is all a mystery to me; I'm glad I work with people who understand it."
                            }
                        ]
                    }
                ]
            }
        ],
        "thread_ts": "1587570304.197000",
        "parent_user_id": "U7EQMP760"
    },
    {
        "client_msg_id": "c56955ef-9a6c-4ecc-87fa-9f6dc7d6eb62",
        "type": "message",
        "text": "I can’t claim I especially understand it; I mostly just have run into it before having been the person here who has used non-Windows systems on the County’s networks the longest--and since back then the official line was that they didn’t support Linux or MacOS, I was on my own to figure stuff out. (Beth and Alex both know that the whole reason I was using non-supported operating systems was directly proportional to the quality of “support” we could get for things that were supposed to be supported. I’m really glad those days are over.)",
        "user": "U0NSCMBR8",
        "ts": "1587573154.198700",
        "team": "T0D1XTUAD",
        "user_team": "T0D1XTUAD",
        "source_team": "T0D1XTUAD",
        "user_profile": {
            "avatar_hash": "28a69ac871a0",
            "image_72": "https:\/\/avatars.slack-edge.com\/2016-02-24\/22896597253_28a69ac871a00b39b963_72.jpg",
            "first_name": "Al",
            "real_name": "Al Boss",
            "display_name": "",
            "team": "T0D1XTUAD",
            "name": "alboss",
            "is_restricted": false,
            "is_ultra_restricted": false
        },
        "blocks": [
            {
                "type": "rich_text",
                "block_id": "OsW",
                "elements": [
                    {
                        "type": "rich_text_section",
                        "elements": [
                            {
                                "type": "text",
                                "text": "I can’t claim I especially understand it; I mostly just have run into it before having been the person here who has used non-Windows systems on the County’s networks the longest--and since back then the official line was that they didn’t support Linux or MacOS, I was on my own to figure stuff out. (Beth and Alex both know that the whole reason I was using non-supported operating systems was directly proportional to the quality of “support” we could get for things that were supposed to be supported. I’m really glad those days are over.)"
                            }
                        ]
                    }
                ]
            }
        ],
        "thread_ts": "1587570304.197000",
        "parent_user_id": "U7EQMP760"
    },
    {
        "client_msg_id": "a44947fe-04e6-41c5-8694-8768ccb0a519",
        "type": "message",
        "text": "I should have seen this one coming... :rainbow-flag:\nCOVID-19 is due to our LGBTQ “wicked ways.”\nRepent! REPENT!\n<https:\/\/www.out.com\/news\/2020\/4\/21\/pat-robertson-same-sex-marriage-plague-caused-coronavirus?utm_source=facebook&amp;utm_medium=social&amp;utm_campaign=news&amp;fbclid=IwAR3WdzxX9D44tFGLodlbBE9K1DDIIm4xy7RGBkM6kAQRnZfu2uzq39N1Res|Pat Robertson: Same-Sex Marriage 'Plague' Caused Coronavirus>",
        "user": "UUJNECG67",
        "ts": "1587574195.201600",
        "team": "T0D1XTUAD",
        "user_team": "T0D1XTUAD",
        "source_team": "T0D1XTUAD",
        "user_profile": {
            "avatar_hash": "3770b096c03c",
            "image_72": "https:\/\/avatars.slack-edge.com\/2020-08-27\/1329102233075_3770b096c03ccdfc53b6_72.png",
            "first_name": "Andrea",
            "real_name": "Andrea",
            "display_name": "Andrea",
            "team": "T0D1XTUAD",
            "name": "andrea.rouleau",
            "is_restricted": false,
            "is_ultra_restricted": false
        },
        "attachments": [
            {
                "title": "Pat Robertson: Same-Sex Marriage 'Plague' Caused Coronavirus",
                "title_link": "https:\/\/www.out.com\/news\/2020\/4\/21\/pat-robertson-same-sex-marriage-plague-caused-coronavirus?utm_source=facebook&utm_medium=social&utm_campaign=news&fbclid=IwAR3WdzxX9D44tFGLodlbBE9K1DDIIm4xy7RGBkM6kAQRnZfu2uzq39N1Res",
                "text": "The 700 Club host claimed the \"wicked ways\" of LGBTQ+ people are among the reasons for the health crisis.",
                "fallback": "Pat Robertson: Same-Sex Marriage 'Plague' Caused Coronavirus",
                "image_url": "https:\/\/www.out.com\/sites\/out.com\/files\/pat.jpg",
                "ts": 1587488819,
                "from_url": "https:\/\/www.out.com\/news\/2020\/4\/21\/pat-robertson-same-sex-marriage-plague-caused-coronavirus?utm_source=facebook&utm_medium=social&utm_campaign=news&fbclid=IwAR3WdzxX9D44tFGLodlbBE9K1DDIIm4xy7RGBkM6kAQRnZfu2uzq39N1Res",
                "image_width": 444,
                "image_height": 250,
                "image_bytes": 51268,
                "service_icon": "https:\/\/www.out.com\/sites\/out.com\/themes\/out\/apple-touch-icon-152.png",
                "service_name": "out.com",
                "id": 1,
                "original_url": "https:\/\/www.out.com\/news\/2020\/4\/21\/pat-robertson-same-sex-marriage-plague-caused-coronavirus?utm_source=facebook&amp;utm_medium=social&amp;utm_campaign=news&amp;fbclid=IwAR3WdzxX9D44tFGLodlbBE9K1DDIIm4xy7RGBkM6kAQRnZfu2uzq39N1Res"
            }
        ],
        "blocks": [
            {
                "type": "rich_text",
                "block_id": "QoD",
                "elements": [
                    {
                        "type": "rich_text_section",
                        "elements": [
                            {
                                "type": "text",
                                "text": "I should have seen this one coming... "
                            },
                            {
                                "type": "emoji",
                                "name": "rainbow-flag"
                            },
                            {
                                "type": "text",
                                "text": "\nCOVID-19 is due to our LGBTQ “wicked ways.”\nRepent! REPENT!\n"
                            },
                            {
                                "type": "link",
                                "url": "https:\/\/www.out.com\/news\/2020\/4\/21\/pat-robertson-same-sex-marriage-plague-caused-coronavirus?utm_source=facebook&utm_medium=social&utm_campaign=news&fbclid=IwAR3WdzxX9D44tFGLodlbBE9K1DDIIm4xy7RGBkM6kAQRnZfu2uzq39N1Res",
                                "text": "Pat Robertson: Same-Sex Marriage 'Plague' Caused Coronavirus"
                            }
                        ]
                    }
                ]
            }
        ],
        "thread_ts": "1587574195.201600",
        "reply_count": 4,
        "reply_users_count": 4,
        "latest_reply": "1587602731.212200",
        "reply_users": [
            "U5Y0B4XC3",
            "UUW3W20AU",
            "U0D1RV4N8",
            "UUJNED77D"
        ],
        "replies": [
            {
                "user": "U5Y0B4XC3",
                "ts": "1587579345.207600"
            },
            {
                "user": "UUW3W20AU",
                "ts": "1587583330.209800"
            },
            {
                "user": "U0D1RV4N8",
                "ts": "1587586256.211700"
            },
            {
                "user": "UUJNED77D",
                "ts": "1587602731.212200"
            }
        ],
        "subscribed": false,
        "reactions": [
            {
                "name": "confounded",
                "users": [
                    "U0D1W09V4"
                ],
                "count": 1
            },
            {
                "name": "man-facepalming",
                "users": [
                    "UFDNKQCU9"
                ],
                "count": 1
            },
            {
                "name": "cry",
                "users": [
                    "UTJQGG2MT"
                ],
                "count": 1
            },
            {
                "name": "rage",
                "users": [
                    "UTJQGG2MT"
                ],
                "count": 1
            },
            {
                "name": "woman-facepalming",
                "users": [
                    "U7EQMP760",
                    "U7EP7P2JW"
                ],
                "count": 2
            },
            {
                "name": "face_with_symbols_on_mouth",
                "users": [
                    "UUW3W20AU"
                ],
                "count": 1
            }
        ]
    },
    {
        "client_msg_id": "2d29e6b1-cad3-4954-b7b7-de165f7539ea",
        "type": "message",
        "text": "Frontline had a  documentary last night “A Tale of Two Washingtons”. It covered the outbreak here in Washington state and the response of the Gov, KC Exec, and Seattle Mayor vs Federal response.  Excellent documentary considering the short time frame it was made. <https:\/\/www.pbs.org\/wgbh\/frontline\/film\/coronavirus-pandemic\/>",
        "user": "UFDNKQCU9",
        "ts": "1587574327.203300",
        "team": "T0D1XTUAD",
        "user_team": "T0D1XTUAD",
        "source_team": "T0D1XTUAD",
        "user_profile": {
            "avatar_hash": "625717ebbb6e",
            "image_72": "https:\/\/avatars.slack-edge.com\/2019-01-17\/526675529362_625717ebbb6e0ba43f68_72.jpg",
            "first_name": "Earl",
            "real_name": "Earl Krygier",
            "display_name": "Krygier",
            "team": "T0D1XTUAD",
            "name": "earl.krygier",
            "is_restricted": false,
            "is_ultra_restricted": false
        },
        "attachments": [
            {
                "service_name": "FRONTLINE",
                "title": "Coronavirus Pandemic",
                "title_link": "https:\/\/www.pbs.org\/wgbh\/frontline\/film\/coronavirus-pandemic\/",
                "text": "FRONTLINE investigates the U.S. response to COVID-19 — from Washington State to Washington D.C. — and examines what happens when politics and science collide.",
                "fallback": "FRONTLINE: Coronavirus Pandemic",
                "image_url": "https:\/\/i0.wp.com\/www.pbs.org\/wgbh\/frontline\/wp-content\/uploads\/2020\/04\/3816_SG_0059.jpg?resize=1200%2C630",
                "image_width": 476,
                "image_height": 250,
                "from_url": "https:\/\/www.pbs.org\/wgbh\/frontline\/film\/coronavirus-pandemic\/",
                "image_bytes": 93597,
                "service_icon": "https:\/\/www.pbs.org\/favicon.ico",
                "id": 1,
                "original_url": "https:\/\/www.pbs.org\/wgbh\/frontline\/film\/coronavirus-pandemic\/"
            }
        ],
        "blocks": [
            {
                "type": "rich_text",
                "block_id": "7rM+c",
                "elements": [
                    {
                        "type": "rich_text_section",
                        "elements": [
                            {
                                "type": "text",
                                "text": "Frontline had a  documentary last night “A Tale of Two Washingtons”. It covered the outbreak here in Washington state and the response of the Gov, KC Exec, and Seattle Mayor vs Federal response.  Excellent documentary considering the short time frame it was made. "
                            },
                            {
                                "type": "link",
                                "url": "https:\/\/www.pbs.org\/wgbh\/frontline\/film\/coronavirus-pandemic\/"
                            }
                        ]
                    }
                ]
            }
        ],
        "thread_ts": "1587574327.203300",
        "reply_count": 2,
        "reply_users_count": 2,
        "latest_reply": "1587662325.214300",
        "reply_users": [
            "U7EQMP760",
            "UFDNKQCU9"
        ],
        "replies": [
            {
                "user": "U7EQMP760",
                "ts": "1587661737.214100"
            },
            {
                "user": "UFDNKQCU9",
                "ts": "1587662325.214300"
            }
        ],
        "subscribed": false,
        "reactions": [
            {
                "name": "+1",
                "users": [
                    "U5Y0BDK51",
                    "UUJNED77D"
                ],
                "count": 2
            }
        ]
    },
    {
        "type": "message",
        "text": "My nightly 8:00pm alarm",
        "files": [
            {
                "id": "F012Q5TJJJV",
                "created": 1587576320,
                "timestamp": 1587576320,
                "name": "Voice_001.m4a",
                "title": "Voice_001.m4a",
                "mimetype": "audio\/mp4",
                "filetype": "m4a",
                "pretty_type": "MPEG 4 Audio",
                "user": "U0D1W09V4",
                "editable": false,
                "size": 559551,
                "mode": "hosted",
                "is_external": false,
                "external_type": "",
                "is_public": true,
                "public_url_shared": false,
                "display_as_bot": false,
                "username": "",
                "url_private": "https:\/\/files.slack.com\/files-pri\/T0D1XTUAD-F012Q5TJJJV\/voice_001.m4a?t=xoxe-13065946353-1831014033124-1821760734405-0591b3003861d046a3fe606fb5f44814",
                "url_private_download": "https:\/\/files.slack.com\/files-pri\/T0D1XTUAD-F012Q5TJJJV\/download\/voice_001.m4a?t=xoxe-13065946353-1831014033124-1821760734405-0591b3003861d046a3fe606fb5f44814",
                "permalink": "https:\/\/kcwebteam.slack.com\/files\/U0D1W09V4\/F012Q5TJJJV\/voice_001.m4a",
                "permalink_public": "https:\/\/slack-files.com\/T0D1XTUAD-F012Q5TJJJV-498b71576d",
                "is_starred": false,
                "has_rich_preview": false
            }
        ],
        "upload": true,
        "blocks": [
            {
                "type": "rich_text",
                "block_id": "5BU",
                "elements": [
                    {
                        "type": "rich_text_section",
                        "elements": [
                            {
                                "type": "text",
                                "text": "My nightly 8:00pm alarm"
                            }
                        ]
                    }
                ]
            }
        ],
        "user": "U0D1W09V4",
        "display_as_bot": false,
        "ts": "1587576323.204300",
        "client_msg_id": "18dc977c-a36e-4eb5-b922-5ac01858babb",
        "thread_ts": "1587576323.204300",
        "reply_count": 2,
        "reply_users_count": 2,
        "latest_reply": "1587584803.211500",
        "reply_users": [
            "UUW3W20AU",
            "U0D1W09V4"
        ],
        "replies": [
            {
                "user": "UUW3W20AU",
                "ts": "1587583446.210100"
            },
            {
                "user": "U0D1W09V4",
                "ts": "1587584803.211500"
            }
        ],
        "subscribed": false,
        "reactions": [
            {
                "name": "grinning",
                "users": [
                    "U7EP7P2JW"
                ],
                "count": 1
            }
        ]
    },
    {
        "client_msg_id": "c5475a87-ef88-40a3-9287-1454c82dc4a0",
        "type": "message",
        "text": "Anyone here fairly fluent in German that I could ask a quick question?",
        "user": "UTV659Z8X",
        "ts": "1587576747.205000",
        "team": "T0D1XTUAD",
        "user_team": "T0D1XTUAD",
        "source_team": "T0D1XTUAD",
        "user_profile": {
            "avatar_hash": "gcdcd1928542",
            "image_72": "https:\/\/secure.gravatar.com\/avatar\/cdcd1928542317a9b98db6f980dc1212.jpg?s=72&d=https%3A%2F%2Fa.slack-edge.com%2Fdf10d%2Fimg%2Favatars%2Fava_0021-72.png",
            "first_name": "",
            "real_name": "Joy Cordell",
            "display_name": "Joy Cordell",
            "team": "T0D1XTUAD",
            "name": "n-jcordell",
            "is_restricted": false,
            "is_ultra_restricted": false
        },
        "blocks": [
            {
                "type": "rich_text",
                "block_id": "w2Jh",
                "elements": [
                    {
                        "type": "rich_text_section",
                        "elements": [
                            {
                                "type": "text",
                                "text": "Anyone here fairly fluent in German that I could ask a quick question?"
                            }
                        ]
                    }
                ]
            }
        ],
        "thread_ts": "1587576747.205000",
        "reply_count": 14,
        "reply_users_count": 5,
        "latest_reply": "1587583481.210300",
        "reply_users": [
            "U5Y0BDK51",
            "UTV659Z8X",
            "U0NSCMBR8",
            "UUJNECG67",
            "UUW3W20AU"
        ],
        "replies": [
            {
                "user": "U5Y0BDK51",
                "ts": "1587576814.205200"
            },
            {
                "user": "UTV659Z8X",
                "ts": "1587577096.205400"
            },
            {
                "user": "U5Y0BDK51",
                "ts": "1587577667.205600"
            },
            {
                "user": "U5Y0BDK51",
                "ts": "1587577674.205800"
            },
            {
                "user": "U0NSCMBR8",
                "ts": "1587578205.206000"
            },
            {
                "user": "U5Y0BDK51",
                "ts": "1587579108.206700"
            },
            {
                "user": "UUJNECG67",
                "ts": "1587581730.208100"
            },
            {
                "user": "U0NSCMBR8",
                "ts": "1587581781.208300"
            },
            {
                "user": "UTV659Z8X",
                "ts": "1587581843.208600"
            },
            {
                "user": "UTV659Z8X",
                "ts": "1587581885.208800"
            },
            {
                "user": "U0NSCMBR8",
                "ts": "1587582071.209000"
            },
            {
                "user": "UTV659Z8X",
                "ts": "1587582221.209200"
            },
            {
                "user": "U0NSCMBR8",
                "ts": "1587582307.209400"
            },
            {
                "user": "UUW3W20AU",
                "ts": "1587583481.210300"
            }
        ],
        "subscribed": false
    },
    {
        "client_msg_id": "ed3ce96d-87e7-46b6-803b-c05ab18fc061",
        "type": "message",
        "text": "I took 6 years of German, but haven’t spoken it in a while. I could try?",
        "user": "U5Y0BDK51",
        "ts": "1587576814.205200",
        "team": "T0D1XTUAD",
        "user_team": "T0D1XTUAD",
        "source_team": "T0D1XTUAD",
        "user_profile": {
            "avatar_hash": "8ead721adcae",
            "image_72": "https:\/\/avatars.slack-edge.com\/2020-02-27\/973218989973_8ead721adcae603f0609_72.jpg",
            "first_name": "Marisa",
            "real_name": "Marisa Mellema",
            "display_name": "Marisa Mellema",
            "team": "T0D1XTUAD",
            "name": "marisam",
            "is_restricted": false,
            "is_ultra_restricted": false
        },
        "blocks": [
            {
                "type": "rich_text",
                "block_id": "mlRJm",
                "elements": [
                    {
                        "type": "rich_text_section",
                        "elements": [
                            {
                                "type": "text",
                                "text": "I took 6 years of German, but haven’t spoken it in a while. I could try?"
                            }
                        ]
                    }
                ]
            }
        ],
        "thread_ts": "1587576747.205000",
        "parent_user_id": "UTV659Z8X"
    },
    {
        "client_msg_id": "7be4efc8-877b-443c-b549-64bc4d5c9a41",
        "type": "message",
        "text": "this might depend if you read German currently--do you know if German uses a shorter version of \"informationen\" like we use \"info\"?",
        "user": "UTV659Z8X",
        "ts": "1587577096.205400",
        "team": "T0D1XTUAD",
        "user_team": "T0D1XTUAD",
        "source_team": "T0D1XTUAD",
        "user_profile": {
            "avatar_hash": "gcdcd1928542",
            "image_72": "https:\/\/secure.gravatar.com\/avatar\/cdcd1928542317a9b98db6f980dc1212.jpg?s=72&d=https%3A%2F%2Fa.slack-edge.com%2Fdf10d%2Fimg%2Favatars%2Fava_0021-72.png",
            "first_name": "",
            "real_name": "Joy Cordell",
            "display_name": "Joy Cordell",
            "team": "T0D1XTUAD",
            "name": "n-jcordell",
            "is_restricted": false,
            "is_ultra_restricted": false
        },
        "blocks": [
            {
                "type": "rich_text",
                "block_id": "Hj1",
                "elements": [
                    {
                        "type": "rich_text_section",
                        "elements": [
                            {
                                "type": "text",
                                "text": "this might depend if you read German currently--do you know if German uses a shorter version of \"informationen\" like we use \"info\"?"
                            }
                        ]
                    }
                ]
            }
        ],
        "thread_ts": "1587576747.205000",
        "parent_user_id": "UTV659Z8X"
    },
    {
        "client_msg_id": "0f025e58-c228-4b05-b5b5-abe284cca0cd",
        "type": "message",
        "text": "I don’t know for sure. I know for certain the French use ‘info’, there are a lot of short English words in French (and German)",
        "user": "U5Y0BDK51",
        "ts": "1587577667.205600",
        "team": "T0D1XTUAD",
        "user_team": "T0D1XTUAD",
        "source_team": "T0D1XTUAD",
        "user_profile": {
            "avatar_hash": "8ead721adcae",
            "image_72": "https:\/\/avatars.slack-edge.com\/2020-02-27\/973218989973_8ead721adcae603f0609_72.jpg",
            "first_name": "Marisa",
            "real_name": "Marisa Mellema",
            "display_name": "Marisa Mellema",
            "team": "T0D1XTUAD",
            "name": "marisam",
            "is_restricted": false,
            "is_ultra_restricted": false
        },
        "blocks": [
            {
                "type": "rich_text",
                "block_id": "T\/V",
                "elements": [
                    {
                        "type": "rich_text_section",
                        "elements": [
                            {
                                "type": "text",
                                "text": "I don’t know for sure. I know for certain the French use ‘info’, there are a lot of short English words in French (and German)"
                            }
                        ]
                    }
                ]
            }
        ],
        "thread_ts": "1587576747.205000",
        "parent_user_id": "UTV659Z8X"
    },
    {
        "client_msg_id": "f00a0851-1391-4d48-8ddf-377d6af07f00",
        "type": "message",
        "text": "So, not much help on this end :slightly_smiling_face:",
        "user": "U5Y0BDK51",
        "ts": "1587577674.205800",
        "team": "T0D1XTUAD",
        "user_team": "T0D1XTUAD",
        "source_team": "T0D1XTUAD",
        "user_profile": {
            "avatar_hash": "8ead721adcae",
            "image_72": "https:\/\/avatars.slack-edge.com\/2020-02-27\/973218989973_8ead721adcae603f0609_72.jpg",
            "first_name": "Marisa",
            "real_name": "Marisa Mellema",
            "display_name": "Marisa Mellema",
            "team": "T0D1XTUAD",
            "name": "marisam",
            "is_restricted": false,
            "is_ultra_restricted": false
        },
        "blocks": [
            {
                "type": "rich_text",
                "block_id": "k5MM",
                "elements": [
                    {
                        "type": "rich_text_section",
                        "elements": [
                            {
                                "type": "text",
                                "text": "So, not much help on this end "
                            },
                            {
                                "type": "emoji",
                                "name": "slightly_smiling_face"
                            }
                        ]
                    }
                ]
            }
        ],
        "thread_ts": "1587576747.205000",
        "parent_user_id": "UTV659Z8X"
    },
    {
        "client_msg_id": "f99d9ea7-8ee1-4268-b725-f29a3be9f16e",
        "type": "message",
        "text": "Give me a bit to check with someone.",
        "user": "U0NSCMBR8",
        "ts": "1587578205.206000",
        "team": "T0D1XTUAD",
        "user_team": "T0D1XTUAD",
        "source_team": "T0D1XTUAD",
        "user_profile": {
            "avatar_hash": "28a69ac871a0",
            "image_72": "https:\/\/avatars.slack-edge.com\/2016-02-24\/22896597253_28a69ac871a00b39b963_72.jpg",
            "first_name": "Al",
            "real_name": "Al Boss",
            "display_name": "",
            "team": "T0D1XTUAD",
            "name": "alboss",
            "is_restricted": false,
            "is_ultra_restricted": false
        },
        "blocks": [
            {
                "type": "rich_text",
                "block_id": "Zjge",
                "elements": [
                    {
                        "type": "rich_text_section",
                        "elements": [
                            {
                                "type": "text",
                                "text": "Give me a bit to check with someone."
                            }
                        ]
                    }
                ]
            }
        ],
        "thread_ts": "1587576747.205000",
        "parent_user_id": "UTV659Z8X"
    },
    {
        "client_msg_id": "23165a75-aaae-4ec4-b5f2-0bdd7a0fe21f",
        "type": "message",
        "text": "Also, at least in French, ‘info’ refers more to news than generic information.",
        "user": "U5Y0BDK51",
        "ts": "1587579108.206700",
        "team": "T0D1XTUAD",
        "user_team": "T0D1XTUAD",
        "source_team": "T0D1XTUAD",
        "user_profile": {
            "avatar_hash": "8ead721adcae",
            "image_72": "https:\/\/avatars.slack-edge.com\/2020-02-27\/973218989973_8ead721adcae603f0609_72.jpg",
            "first_name": "Marisa",
            "real_name": "Marisa Mellema",
            "display_name": "Marisa Mellema",
            "team": "T0D1XTUAD",
            "name": "marisam",
            "is_restricted": false,
            "is_ultra_restricted": false
        },
        "blocks": [
            {
                "type": "rich_text",
                "block_id": "zeLoQ",
                "elements": [
                    {
                        "type": "rich_text_section",
                        "elements": [
                            {
                                "type": "text",
                                "text": "Also, at least in French, ‘info’ refers more to news than generic information."
                            }
                        ]
                    }
                ]
            }
        ],
        "thread_ts": "1587576747.205000",
        "parent_user_id": "UTV659Z8X"
    },
    {
        "client_msg_id": "bbd452ef-2329-488f-bff0-e4a438846ea0",
        "type": "message",
        "text": "Every time I hear anything about the West Seattle Bridge, this line from True Lies comes to mind: <https:\/\/www.youtube.com\/watch?v=bbW47lgC95I>",
        "user": "U5Y0BDK51",
        "ts": "1587579316.207400",
        "team": "T0D1XTUAD",
        "user_team": "T0D1XTUAD",
        "source_team": "T0D1XTUAD",
        "user_profile": {
            "avatar_hash": "8ead721adcae",
            "image_72": "https:\/\/avatars.slack-edge.com\/2020-02-27\/973218989973_8ead721adcae603f0609_72.jpg",
            "first_name": "Marisa",
            "real_name": "Marisa Mellema",
            "display_name": "Marisa Mellema",
            "team": "T0D1XTUAD",
            "name": "marisam",
            "is_restricted": false,
            "is_ultra_restricted": false
        },
        "attachments": [
            {
                "service_name": "YouTube",
                "service_url": "https:\/\/www.youtube.com\/",
                "title": "THE BRIDGE IS OUT",
                "title_link": "https:\/\/www.youtube.com\/watch?v=bbW47lgC95I",
                "author_name": "Joel Mortimer",
                "author_link": "https:\/\/www.youtube.com\/user\/joel0165",
                "thumb_url": "https:\/\/i.ytimg.com\/vi\/bbW47lgC95I\/hqdefault.jpg",
                "thumb_width": 480,
                "thumb_height": 360,
                "fallback": "YouTube Video: THE BRIDGE IS OUT",
                "video_html": "<iframe width=\"400\" height=\"225\" src=\"https:\/\/www.youtube.com\/embed\/bbW47lgC95I?feature=oembed&autoplay=1&iv_load_policy=3\" frameborder=\"0\" allow=\"accelerometer; autoplay; encrypted-media; gyroscope; picture-in-picture\" allowfullscreen><\/iframe>",
                "video_html_width": 400,
                "video_html_height": 225,
                "from_url": "https:\/\/www.youtube.com\/watch?v=bbW47lgC95I",
                "service_icon": "https:\/\/a.slack-edge.com\/80588\/img\/unfurl_icons\/youtube.png",
                "id": 1,
                "original_url": "https:\/\/www.youtube.com\/watch?v=bbW47lgC95I"
            }
        ],
        "blocks": [
            {
                "type": "rich_text",
                "block_id": "zLBF",
                "elements": [
                    {
                        "type": "rich_text_section",
                        "elements": [
                            {
                                "type": "text",
                                "text": "Every time I hear anything about the West Seattle Bridge, this line from True Lies comes to mind: "
                            },
                            {
                                "type": "link",
                                "url": "https:\/\/www.youtube.com\/watch?v=bbW47lgC95I"
                            }
                        ]
                    }
                ]
            }
        ],
        "thread_ts": "1587579316.207400",
        "reply_count": 3,
        "reply_users_count": 2,
        "latest_reply": "1587592518.211900",
        "reply_users": [
            "UUW3W20AU",
            "UFDNKQCU9"
        ],
        "replies": [
            {
                "user": "UUW3W20AU",
                "ts": "1587583570.210600"
            },
            {
                "user": "UUW3W20AU",
                "ts": "1587583585.210900"
            },
            {
                "user": "UFDNKQCU9",
                "ts": "1587592518.211900"
            }
        ],
        "subscribed": false,
        "reactions": [
            {
                "name": "the_horns",
                "users": [
                    "UT7A459JP"
                ],
                "count": 1
            },
            {
                "name": "joy",
                "users": [
                    "UUW3W20AU"
                ],
                "count": 1
            },
            {
                "name": "rolling_on_the_floor_laughing",
                "users": [
                    "UUW3W20AU"
                ],
                "count": 1
            }
        ]
    },
    {
        "client_msg_id": "36b3edd6-cebb-466a-aa08-ae875d1e0d0a",
        "type": "message",
        "text": "Oops! My bad! Sorry about the COVID-19 ya'all!",
        "user": "U5Y0B4XC3",
        "ts": "1587579345.207600",
        "team": "T0D1XTUAD",
        "user_team": "T0D1XTUAD",
        "source_team": "T0D1XTUAD",
        "user_profile": {
            "avatar_hash": "da718d235064",
            "image_72": "https:\/\/avatars.slack-edge.com\/2019-05-20\/629478633218_da718d2350648f939113_72.jpg",
            "first_name": "Pam",
            "real_name": "Pam Shales",
            "display_name": "Pam Shales",
            "team": "T0D1XTUAD",
            "name": "pshales",
            "is_restricted": false,
            "is_ultra_restricted": false
        },
        "blocks": [
            {
                "type": "rich_text",
                "block_id": "tf9bX",
                "elements": [
                    {
                        "type": "rich_text_section",
                        "elements": [
                            {
                                "type": "text",
                                "text": "Oops! My bad! Sorry about the COVID-19 ya'all!"
                            }
                        ]
                    }
                ]
            }
        ],
        "thread_ts": "1587574195.201600",
        "parent_user_id": "UUJNECG67",
        "reactions": [
            {
                "name": "joy",
                "users": [
                    "UUJNECG67"
                ],
                "count": 1
            }
        ]
    },
    {
        "client_msg_id": "59976808-b988-42e3-83ef-2a7405bd922a",
        "type": "message",
        "text": "My friend is German. Her comments: Info, yes. (noun) capitalized. Also depends upon context, often you would use the definite article with it:\n“die Info”",
        "user": "UUJNECG67",
        "ts": "1587581730.208100",
        "team": "T0D1XTUAD",
        "user_team": "T0D1XTUAD",
        "source_team": "T0D1XTUAD",
        "user_profile": {
            "avatar_hash": "3770b096c03c",
            "image_72": "https:\/\/avatars.slack-edge.com\/2020-08-27\/1329102233075_3770b096c03ccdfc53b6_72.png",
            "first_name": "Andrea",
            "real_name": "Andrea",
            "display_name": "Andrea",
            "team": "T0D1XTUAD",
            "name": "andrea.rouleau",
            "is_restricted": false,
            "is_ultra_restricted": false
        },
        "blocks": [
            {
                "type": "rich_text",
                "block_id": "hYCc",
                "elements": [
                    {
                        "type": "rich_text_section",
                        "elements": [
                            {
                                "type": "text",
                                "text": "My friend is German. Her comments: Info, yes. (noun) capitalized. Also depends upon context, often you would use the definite article with it:\n“die Info”"
                            }
                        ]
                    }
                ]
            }
        ],
        "thread_ts": "1587576747.205000",
        "parent_user_id": "UTV659Z8X"
    },
    {
        "client_msg_id": "31a4427f-a8e0-4c07-a9d9-345c9bdc44d6",
        "type": "message",
        "text": "Ha. Andrea’s friend comes through faster than mine.",
        "user": "U0NSCMBR8",
        "ts": "1587581781.208300",
        "team": "T0D1XTUAD",
        "user_team": "T0D1XTUAD",
        "source_team": "T0D1XTUAD",
        "user_profile": {
            "avatar_hash": "28a69ac871a0",
            "image_72": "https:\/\/avatars.slack-edge.com\/2016-02-24\/22896597253_28a69ac871a00b39b963_72.jpg",
            "first_name": "Al",
            "real_name": "Al Boss",
            "display_name": "",
            "team": "T0D1XTUAD",
            "name": "alboss",
            "is_restricted": false,
            "is_ultra_restricted": false
        },
        "blocks": [
            {
                "type": "rich_text",
                "block_id": "kzzo",
                "elements": [
                    {
                        "type": "rich_text_section",
                        "elements": [
                            {
                                "type": "text",
                                "text": "Ha. Andrea’s friend comes through faster than mine."
                            }
                        ]
                    }
                ]
            }
        ],
        "thread_ts": "1587576747.205000",
        "parent_user_id": "UTV659Z8X",
        "reactions": [
            {
                "name": "wink",
                "users": [
                    "UUJNECG67"
                ],
                "count": 1
            }
        ]
    },
    {
        "client_msg_id": "163f623d-4bee-4911-bd16-efd74317f05c",
        "type": "message",
        "text": "Awesome, here's the exact text I wonder if we can shorten: Informationen zum Juror erhalten. In English, it's \"Get juror info\"",
        "user": "UTV659Z8X",
        "ts": "1587581843.208600",
        "team": "T0D1XTUAD",
        "user_team": "T0D1XTUAD",
        "source_team": "T0D1XTUAD",
        "user_profile": {
            "avatar_hash": "gcdcd1928542",
            "image_72": "https:\/\/secure.gravatar.com\/avatar\/cdcd1928542317a9b98db6f980dc1212.jpg?s=72&d=https%3A%2F%2Fa.slack-edge.com%2Fdf10d%2Fimg%2Favatars%2Fava_0021-72.png",
            "first_name": "",
            "real_name": "Joy Cordell",
            "display_name": "Joy Cordell",
            "team": "T0D1XTUAD",
            "name": "n-jcordell",
            "is_restricted": false,
            "is_ultra_restricted": false
        },
        "blocks": [
            {
                "type": "rich_text",
                "block_id": "uCkY",
                "elements": [
                    {
                        "type": "rich_text_section",
                        "elements": [
                            {
                                "type": "text",
                                "text": "Awesome, here's the exact text I wonder if we can shorten: Informationen zum Juror erhalten. In English, it's \"Get juror info\""
                            }
                        ]
                    }
                ]
            }
        ],
        "thread_ts": "1587576747.205000",
        "parent_user_id": "UTV659Z8X"
    },
    {
        "client_msg_id": "5bd9c67a-edb3-40d2-aec9-34da7b25f7b4",
        "type": "message",
        "text": "(even \"die Info\" would be shorter than the above)",
        "user": "UTV659Z8X",
        "ts": "1587581885.208800",
        "team": "T0D1XTUAD",
        "user_team": "T0D1XTUAD",
        "source_team": "T0D1XTUAD",
        "user_profile": {
            "avatar_hash": "gcdcd1928542",
            "image_72": "https:\/\/secure.gravatar.com\/avatar\/cdcd1928542317a9b98db6f980dc1212.jpg?s=72&d=https%3A%2F%2Fa.slack-edge.com%2Fdf10d%2Fimg%2Favatars%2Fava_0021-72.png",
            "first_name": "",
            "real_name": "Joy Cordell",
            "display_name": "Joy Cordell",
            "team": "T0D1XTUAD",
            "name": "n-jcordell",
            "is_restricted": false,
            "is_ultra_restricted": false
        },
        "blocks": [
            {
                "type": "rich_text",
                "block_id": "kMlX",
                "elements": [
                    {
                        "type": "rich_text_section",
                        "elements": [
                            {
                                "type": "text",
                                "text": "(even \"die Info\" would be shorter than the above)"
                            }
                        ]
                    }
                ]
            }
        ],
        "thread_ts": "1587576747.205000",
        "parent_user_id": "UTV659Z8X",
        "reactions": [
            {
                "name": "+1::skin-tone-4",
                "users": [
                    "UUJNECG67",
                    "U7EP7P2JW"
                ],
                "count": 2
            }
        ]
    },
    {
        "client_msg_id": "922bf3f4-b5df-4d52-963a-29febade8492",
        "type": "message",
        "text": "Ah, that’s what you were looking for. I don’t think they have such a thing as a jury trial in the German legal system, so we can’t follow my first instinct, which would be to find how they word it and just steal that.",
        "user": "U0NSCMBR8",
        "ts": "1587582071.209000",
        "team": "T0D1XTUAD",
        "user_team": "T0D1XTUAD",
        "source_team": "T0D1XTUAD",
        "user_profile": {
            "avatar_hash": "28a69ac871a0",
            "image_72": "https:\/\/avatars.slack-edge.com\/2016-02-24\/22896597253_28a69ac871a00b39b963_72.jpg",
            "first_name": "Al",
            "real_name": "Al Boss",
            "display_name": "",
            "team": "T0D1XTUAD",
            "name": "alboss",
            "is_restricted": false,
            "is_ultra_restricted": false
        },
        "blocks": [
            {
                "type": "rich_text",
                "block_id": "UcYb",
                "elements": [
                    {
                        "type": "rich_text_section",
                        "elements": [
                            {
                                "type": "text",
                                "text": "Ah, that’s what you were looking for. I don’t think they have such a thing as a jury trial in the German legal system, so we can’t follow my first instinct, which would be to find how they word it and just steal that."
                            }
                        ]
                    }
                ]
            }
        ],
        "thread_ts": "1587576747.205000",
        "parent_user_id": "UTV659Z8X"
    },
    {
        "client_msg_id": "2ab22cc7-2140-472d-8d34-11b83da591ae",
        "type": "message",
        "text": "German isn't one of the first 6 languages we are looking at, so this isn't a super-important point. We are just testing localization for design purposes, and German is notoriously longer. But then, turns out Russian is too: Подать заявку на разрешение на брак",
        "user": "UTV659Z8X",
        "ts": "1587582221.209200",
        "team": "T0D1XTUAD",
        "user_team": "T0D1XTUAD",
        "source_team": "T0D1XTUAD",
        "user_profile": {
            "avatar_hash": "gcdcd1928542",
            "image_72": "https:\/\/secure.gravatar.com\/avatar\/cdcd1928542317a9b98db6f980dc1212.jpg?s=72&d=https%3A%2F%2Fa.slack-edge.com%2Fdf10d%2Fimg%2Favatars%2Fava_0021-72.png",
            "first_name": "",
            "real_name": "Joy Cordell",
            "display_name": "Joy Cordell",
            "team": "T0D1XTUAD",
            "name": "n-jcordell",
            "is_restricted": false,
            "is_ultra_restricted": false
        },
        "blocks": [
            {
                "type": "rich_text",
                "block_id": "=0U",
                "elements": [
                    {
                        "type": "rich_text_section",
                        "elements": [
                            {
                                "type": "text",
                                "text": "German isn't one of the first 6 languages we are looking at, so this isn't a super-important point. We are just testing localization for design purposes, and German is notoriously longer. But then, turns out Russian is too: Подать заявку на разрешение на брак"
                            }
                        ]
                    }
                ]
            }
        ],
        "thread_ts": "1587576747.205000",
        "parent_user_id": "UTV659Z8X"
    },
    {
        "client_msg_id": "d8890ae3-d0be-4d8a-9d1e-b00e688e1808",
        "type": "message",
        "text": "I couldn’t help but think the Russian phrase for “Get jury info” would be “Just say they’re guilty.”",
        "user": "U0NSCMBR8",
        "ts": "1587582307.209400",
        "team": "T0D1XTUAD",
        "user_team": "T0D1XTUAD",
        "source_team": "T0D1XTUAD",
        "user_profile": {
            "avatar_hash": "28a69ac871a0",
            "image_72": "https:\/\/avatars.slack-edge.com\/2016-02-24\/22896597253_28a69ac871a00b39b963_72.jpg",
            "first_name": "Al",
            "real_name": "Al Boss",
            "display_name": "",
            "team": "T0D1XTUAD",
            "name": "alboss",
            "is_restricted": false,
            "is_ultra_restricted": false
        },
        "blocks": [
            {
                "type": "rich_text",
                "block_id": "9clz",
                "elements": [
                    {
                        "type": "rich_text_section",
                        "elements": [
                            {
                                "type": "text",
                                "text": "I couldn’t help but think the Russian phrase for “Get jury info” would be “Just say they’re guilty.”"
                            }
                        ]
                    }
                ]
            }
        ],
        "thread_ts": "1587576747.205000",
        "parent_user_id": "UTV659Z8X",
        "reactions": [
            {
                "name": "smirk_cat",
                "users": [
                    "UTV659Z8X",
                    "U7EP7P2JW"
                ],
                "count": 2
            }
        ]
    },
    {
        "client_msg_id": "6d1ca105-9ac6-41c8-a109-718ffe692dee",
        "type": "message",
        "text": "ugh ... The LAST thing we need to be doing is using this pandemic to create more divisiveness in this country! ... LGBTQ shaming!? These evangelist nuts-o's make me sick.",
        "user": "UUW3W20AU",
        "ts": "1587583330.209800",
        "team": "T0D1XTUAD",
        "user_team": "T0D1XTUAD",
        "source_team": "T0D1XTUAD",
        "user_profile": {
            "avatar_hash": "0c87430f5419",
            "image_72": "https:\/\/avatars.slack-edge.com\/2020-03-04\/984414387030_0c87430f5419d7de3cea_72.jpg",
            "first_name": "Elizabeth",
            "real_name": "Elizabeth Inglese",
            "display_name": "Tish",
            "team": "T0D1XTUAD",
            "name": "einglese",
            "is_restricted": false,
            "is_ultra_restricted": false
        },
        "blocks": [
            {
                "type": "rich_text",
                "block_id": "8qWRo",
                "elements": [
                    {
                        "type": "rich_text_section",
                        "elements": [
                            {
                                "type": "text",
                                "text": "ugh ... The LAST thing we need to be doing is using this pandemic to create more divisiveness in this country! ... LGBTQ shaming!? These evangelist nuts-o's make me sick."
                            }
                        ]
                    }
                ]
            }
        ],
        "thread_ts": "1587574195.201600",
        "parent_user_id": "UUJNECG67",
        "reactions": [
            {
                "name": "+1::skin-tone-4",
                "users": [
                    "UUJNECG67"
                ],
                "count": 1
            }
        ]
    },
    {
        "client_msg_id": "6ed2a34e-dd8a-4f12-9a03-0f08cedcc22e",
        "type": "message",
        "text": "people were making a \"a joyous noise\" in your 'hood <@U0D1W09V4>?",
        "user": "UUW3W20AU",
        "ts": "1587583446.210100",
        "team": "T0D1XTUAD",
        "user_team": "T0D1XTUAD",
        "source_team": "T0D1XTUAD",
        "user_profile": {
            "avatar_hash": "0c87430f5419",
            "image_72": "https:\/\/avatars.slack-edge.com\/2020-03-04\/984414387030_0c87430f5419d7de3cea_72.jpg",
            "first_name": "Elizabeth",
            "real_name": "Elizabeth Inglese",
            "display_name": "Tish",
            "team": "T0D1XTUAD",
            "name": "einglese",
            "is_restricted": false,
            "is_ultra_restricted": false
        },
        "blocks": [
            {
                "type": "rich_text",
                "block_id": "pIq",
                "elements": [
                    {
                        "type": "rich_text_section",
                        "elements": [
                            {
                                "type": "text",
                                "text": "people were making a \"a joyous noise\" in your 'hood "
                            },
                            {
                                "type": "user",
                                "user_id": "U0D1W09V4"
                            },
                            {
                                "type": "text",
                                "text": "?"
                            }
                        ]
                    }
                ]
            }
        ],
        "thread_ts": "1587576323.204300",
        "parent_user_id": "U0D1W09V4"
    },
    {
        "client_msg_id": "ba93137d-eb46-4469-9c4c-5213b35449bc",
        "type": "message",
        "text": "<@U0NSCMBR8> is. The Shpritzer (TM) Toilet Paper Back-Up System came with German instructions.",
        "user": "UUW3W20AU",
        "ts": "1587583481.210300",
        "team": "T0D1XTUAD",
        "user_team": "T0D1XTUAD",
        "source_team": "T0D1XTUAD",
        "user_profile": {
            "avatar_hash": "0c87430f5419",
            "image_72": "https:\/\/avatars.slack-edge.com\/2020-03-04\/984414387030_0c87430f5419d7de3cea_72.jpg",
            "first_name": "Elizabeth",
            "real_name": "Elizabeth Inglese",
            "display_name": "Tish",
            "team": "T0D1XTUAD",
            "name": "einglese",
            "is_restricted": false,
            "is_ultra_restricted": false
        },
        "blocks": [
            {
                "type": "rich_text",
                "block_id": "ChDPY",
                "elements": [
                    {
                        "type": "rich_text_section",
                        "elements": [
                            {
                                "type": "user",
                                "user_id": "U0NSCMBR8"
                            },
                            {
                                "type": "text",
                                "text": " is. The Shpritzer (TM) Toilet Paper Back-Up System came with German instructions."
                            }
                        ]
                    }
                ]
            }
        ],
        "thread_ts": "1587576747.205000",
        "parent_user_id": "UTV659Z8X",
        "reactions": [
            {
                "name": "joy",
                "users": [
                    "UUJNECG67",
                    "U0NSCMBR8",
                    "U7EP7P2JW"
                ],
                "count": 3
            }
        ]
    },
    {
        "client_msg_id": "43cc7965-a7aa-4a09-afc0-cd97c96c33b7",
        "type": "message",
        "text": "OMG!!! HAHAHAHA!!!",
        "user": "UUW3W20AU",
        "ts": "1587583570.210600",
        "team": "T0D1XTUAD",
        "user_team": "T0D1XTUAD",
        "source_team": "T0D1XTUAD",
        "user_profile": {
            "avatar_hash": "0c87430f5419",
            "image_72": "https:\/\/avatars.slack-edge.com\/2020-03-04\/984414387030_0c87430f5419d7de3cea_72.jpg",
            "first_name": "Elizabeth",
            "real_name": "Elizabeth Inglese",
            "display_name": "Tish",
            "team": "T0D1XTUAD",
            "name": "einglese",
            "is_restricted": false,
            "is_ultra_restricted": false
        },
        "blocks": [
            {
                "type": "rich_text",
                "block_id": "XI1J0",
                "elements": [
                    {
                        "type": "rich_text_section",
                        "elements": [
                            {
                                "type": "text",
                                "text": "OMG!!! HAHAHAHA!!!"
                            }
                        ]
                    }
                ]
            }
        ],
        "thread_ts": "1587579316.207400",
        "parent_user_id": "U5Y0BDK51"
    },
    {
        "client_msg_id": "792915f3-df3a-4257-b60d-f8d03bf8a8bb",
        "type": "message",
        "text": "Like seriously, THIS should be the theme for the next 2 years, haha!",
        "user": "UUW3W20AU",
        "ts": "1587583585.210900",
        "team": "T0D1XTUAD",
        "user_team": "T0D1XTUAD",
        "source_team": "T0D1XTUAD",
        "user_profile": {
            "avatar_hash": "0c87430f5419",
            "image_72": "https:\/\/avatars.slack-edge.com\/2020-03-04\/984414387030_0c87430f5419d7de3cea_72.jpg",
            "first_name": "Elizabeth",
            "real_name": "Elizabeth Inglese",
            "display_name": "Tish",
            "team": "T0D1XTUAD",
            "name": "einglese",
            "is_restricted": false,
            "is_ultra_restricted": false
        },
        "blocks": [
            {
                "type": "rich_text",
                "block_id": "bqwB",
                "elements": [
                    {
                        "type": "rich_text_section",
                        "elements": [
                            {
                                "type": "text",
                                "text": "Like seriously, THIS should be the theme for the next 2 years, haha!"
                            }
                        ]
                    }
                ]
            }
        ],
        "thread_ts": "1587579316.207400",
        "parent_user_id": "U5Y0BDK51"
    },
    {
        "client_msg_id": "d82283de-973c-4b47-8ec1-a32f0a16cd64",
        "type": "message",
        "text": "Every night, promptly at 8:00pm. It’s how I know the time. I think it went from showing support for frontline workers to just venting pent up energy. They even use pots and pans. :-)",
        "user": "U0D1W09V4",
        "ts": "1587584803.211500",
        "team": "T0D1XTUAD",
        "user_team": "T0D1XTUAD",
        "source_team": "T0D1XTUAD",
        "user_profile": {
            "avatar_hash": "69a03f210a7e",
            "image_72": "https:\/\/avatars.slack-edge.com\/2020-04-03\/1036225284226_69a03f210a7ec4e12108_72.jpg",
            "first_name": "Beth",
            "real_name": "Beth Cheatham",
            "display_name": "beth.cheatham",
            "team": "T0D1XTUAD",
            "name": "beth.cheatham",
            "is_restricted": false,
            "is_ultra_restricted": false
        },
        "blocks": [
            {
                "type": "rich_text",
                "block_id": "fcpnl",
                "elements": [
                    {
                        "type": "rich_text_section",
                        "elements": [
                            {
                                "type": "text",
                                "text": "Every night, promptly at 8:00pm. It’s how I know the time. I think it went from showing support for frontline workers to just venting pent up energy. They even use pots and pans. :-)"
                            }
                        ]
                    }
                ]
            }
        ],
        "thread_ts": "1587576323.204300",
        "parent_user_id": "U0D1W09V4"
    },
    {
        "client_msg_id": "ff2eb55a-8c22-47b1-b935-17dcf28fba04",
        "type": "message",
        "text": "He does make it easy to win Pat Robertson Blames Bingo, as there’s only one square.",
        "user": "U0D1RV4N8",
        "ts": "1587586256.211700",
        "team": "T0D1XTUAD",
        "user_team": "T0D1XTUAD",
        "source_team": "T0D1XTUAD",
        "user_profile": {
            "avatar_hash": "b0af0714bdde",
            "image_72": "https:\/\/avatars.slack-edge.com\/2019-05-22\/642788517284_b0af0714bddea68e9e1c_72.jpg",
            "first_name": "Derek",
            "real_name": "Derek Sheppard",
            "display_name": "Derek Sheppard",
            "team": "T0D1XTUAD",
            "name": "derek.sheppard",
            "is_restricted": false,
            "is_ultra_restricted": false
        },
        "blocks": [
            {
                "type": "rich_text",
                "block_id": "Xeh",
                "elements": [
                    {
                        "type": "rich_text_section",
                        "elements": [
                            {
                                "type": "text",
                                "text": "He does make it easy to win Pat Robertson Blames Bingo, as there’s only one square."
                            }
                        ]
                    }
                ]
            }
        ],
        "thread_ts": "1587574195.201600",
        "parent_user_id": "UUJNECG67"
    },
    {
        "client_msg_id": "8fd1fbee-7059-4f57-a220-fe18ea66b7d5",
        "type": "message",
        "text": "<https:\/\/www.youtube.com\/watch?v=Xs_OacEq2Sk>",
        "user": "UFDNKQCU9",
        "ts": "1587592518.211900",
        "team": "T0D1XTUAD",
        "user_team": "T0D1XTUAD",
        "source_team": "T0D1XTUAD",
        "user_profile": {
            "avatar_hash": "625717ebbb6e",
            "image_72": "https:\/\/avatars.slack-edge.com\/2019-01-17\/526675529362_625717ebbb6e0ba43f68_72.jpg",
            "first_name": "Earl",
            "real_name": "Earl Krygier",
            "display_name": "Krygier",
            "team": "T0D1XTUAD",
            "name": "earl.krygier",
            "is_restricted": false,
            "is_ultra_restricted": false
        },
        "attachments": [
            {
                "service_name": "YouTube",
                "service_url": "https:\/\/www.youtube.com\/",
                "title": "Get to da choppa!",
                "title_link": "https:\/\/www.youtube.com\/watch?v=Xs_OacEq2Sk",
                "author_name": "SnakeMcPlisken",
                "author_link": "https:\/\/www.youtube.com\/user\/SnakeMcPlisken",
                "thumb_url": "https:\/\/i.ytimg.com\/vi\/Xs_OacEq2Sk\/hqdefault.jpg",
                "thumb_width": 480,
                "thumb_height": 360,
                "fallback": "YouTube Video: Get to da choppa!",
                "video_html": "<iframe width=\"400\" height=\"300\" src=\"https:\/\/www.youtube.com\/embed\/Xs_OacEq2Sk?feature=oembed&autoplay=1&iv_load_policy=3\" frameborder=\"0\" allow=\"accelerometer; autoplay; encrypted-media; gyroscope; picture-in-picture\" allowfullscreen><\/iframe>",
                "video_html_width": 400,
                "video_html_height": 300,
                "from_url": "https:\/\/www.youtube.com\/watch?v=Xs_OacEq2Sk",
                "service_icon": "https:\/\/a.slack-edge.com\/80588\/img\/unfurl_icons\/youtube.png",
                "id": 1,
                "original_url": "https:\/\/www.youtube.com\/watch?v=Xs_OacEq2Sk"
            }
        ],
        "blocks": [
            {
                "type": "rich_text",
                "block_id": "Fv6",
                "elements": [
                    {
                        "type": "rich_text_section",
                        "elements": [
                            {
                                "type": "link",
                                "url": "https:\/\/www.youtube.com\/watch?v=Xs_OacEq2Sk"
                            }
                        ]
                    }
                ]
            }
        ],
        "thread_ts": "1587579316.207400",
        "parent_user_id": "U5Y0BDK51"
    },
    {
        "client_msg_id": "085818d6-ed20-4ba8-a47e-0dadae766a02",
        "type": "message",
        "text": "I expect he'll break out in a dry hacking cough any time now.",
        "user": "UUJNED77D",
        "ts": "1587602731.212200",
        "team": "T0D1XTUAD",
        "user_team": "T0D1XTUAD",
        "source_team": "T0D1XTUAD",
        "user_profile": {
            "avatar_hash": "5f4a213e859b",
            "image_72": "https:\/\/avatars.slack-edge.com\/2020-03-04\/982713408789_5f4a213e859b7369a972_72.jpg",
            "first_name": "Fred",
            "real_name": "Fred Bentler",
            "display_name": "Fred Bentler",
            "team": "T0D1XTUAD",
            "name": "fred.bentler",
            "is_restricted": false,
            "is_ultra_restricted": false
        },
        "blocks": [
            {
                "type": "rich_text",
                "block_id": "W0M",
                "elements": [
                    {
                        "type": "rich_text_section",
                        "elements": [
                            {
                                "type": "text",
                                "text": "I expect he'll break out in a dry hacking cough any time now."
                            }
                        ]
                    }
                ]
            }
        ],
        "thread_ts": "1587574195.201600",
        "parent_user_id": "UUJNECG67"
    }
]