[
    {
        "type": "message",
        "subtype": "channel_join",
        "ts": "1582223486.000200",
        "user": "UTWV0JZDG",
        "text": "<@UTWV0JZDG> has joined the channel",
        "reactions": [
            {
                "name": "+1",
                "users": [
                    "UTWV0JZDG"
                ],
                "count": 1
            },
            {
                "name": "wave",
                "users": [
                    "UTJQGG2MT"
                ],
                "count": 1
            }
        ]
    }
]