[
    {
        "client_msg_id": "9ae90a2c-6633-46c6-b4bb-9eeff980c6fe",
        "type": "message",
        "text": "<@U7EP7P2JW> Slack is on board too (I just had to check)\n<https:\/\/stepupdeclaration.org\/slack>",
        "user": "UUJNED77D",
        "ts": "1600961406.000100",
        "team": "T0D1XTUAD",
        "user_team": "T0D1XTUAD",
        "source_team": "T0D1XTUAD",
        "user_profile": {
            "avatar_hash": "5f4a213e859b",
            "image_72": "https:\/\/avatars.slack-edge.com\/2020-03-04\/982713408789_5f4a213e859b7369a972_72.jpg",
            "first_name": "Fred",
            "real_name": "Fred Bentler",
            "display_name": "Fred Bentler",
            "team": "T0D1XTUAD",
            "name": "fred.bentler",
            "is_restricted": false,
            "is_ultra_restricted": false
        },
        "attachments": [
            {
                "service_name": "Step Up Declaration",
                "title": "Slack — Step Up Declaration",
                "title_link": "https:\/\/stepupdeclaration.org\/slack",
                "text": "Learn how Salesforce's commitments to the Step Up Declaration and low carbon economy will help ensure a climate turning point by 2020.",
                "fallback": "Step Up Declaration: Slack — Step Up Declaration",
                "from_url": "https:\/\/stepupdeclaration.org\/slack",
                "service_icon": "https:\/\/assets.squarespace.com\/universal\/default-favicon.ico",
                "id": 1,
                "original_url": "https:\/\/stepupdeclaration.org\/slack"
            }
        ],
        "blocks": [
            {
                "type": "rich_text",
                "block_id": "AFyA",
                "elements": [
                    {
                        "type": "rich_text_section",
                        "elements": [
                            {
                                "type": "user",
                                "user_id": "U7EP7P2JW"
                            },
                            {
                                "type": "text",
                                "text": " Slack is on board too (I just had to check)\n"
                            },
                            {
                                "type": "link",
                                "url": "https:\/\/stepupdeclaration.org\/slack"
                            }
                        ]
                    }
                ]
            }
        ],
        "thread_ts": "1600876440.017200",
        "parent_user_id": "U7EP7P2JW",
        "reactions": [
            {
                "name": "+1",
                "users": [
                    "U7EP7P2JW"
                ],
                "count": 1
            }
        ]
    }
]