[
    {
        "client_msg_id": "be7d0bd1-b27c-4c8b-a838-516bbe7d0278",
        "type": "message",
        "text": "Logging in for the day.",
        "user": "UUHCZU5UJ",
        "ts": "1583861563.022100",
        "team": "T0D1XTUAD",
        "user_team": "T0D1XTUAD",
        "source_team": "T0D1XTUAD",
        "user_profile": {
            "avatar_hash": "ad53f8aef8d4",
            "image_72": "https:\/\/avatars.slack-edge.com\/2020-06-18\/1192666527939_ad53f8aef8d4e011ae78_72.jpg",
            "first_name": "Megann",
            "real_name": "Megann Devine",
            "display_name": "Megann Devine",
            "team": "T0D1XTUAD",
            "name": "megann.devine",
            "is_restricted": false,
            "is_ultra_restricted": false
        },
        "blocks": [
            {
                "type": "rich_text",
                "block_id": "4y4",
                "elements": [
                    {
                        "type": "rich_text_section",
                        "elements": [
                            {
                                "type": "text",
                                "text": "Logging in for the day."
                            }
                        ]
                    }
                ]
            }
        ],
        "reactions": [
            {
                "name": "blush",
                "users": [
                    "UUW3W20AU"
                ],
                "count": 1
            }
        ]
    },
    {
        "client_msg_id": "F4ABDA72-A289-40B8-94AF-44DE48674D67",
        "type": "message",
        "text": "<@U7EQMP760> and anyone else who needs cheering up:\n\n\n<https:\/\/imgur.com\/gallery\/fPMvEEJ|https:\/\/imgur.com\/gallery\/fPMvEEJ>",
        "user": "U0NSCMBR8",
        "ts": "1583894277.023000",
        "team": "T0D1XTUAD",
        "user_team": "T0D1XTUAD",
        "source_team": "T0D1XTUAD",
        "user_profile": {
            "avatar_hash": "28a69ac871a0",
            "image_72": "https:\/\/avatars.slack-edge.com\/2016-02-24\/22896597253_28a69ac871a00b39b963_72.jpg",
            "first_name": "Al",
            "real_name": "Al Boss",
            "display_name": "",
            "team": "T0D1XTUAD",
            "name": "alboss",
            "is_restricted": false,
            "is_ultra_restricted": false
        },
        "attachments": [
            {
                "service_name": "Imgur",
                "title": "Cats hiding from the Dr. Vet",
                "title_link": "https:\/\/imgur.com\/gallery\/fPMvEEJ",
                "text": "128913 views and 4168 votes on Imgur",
                "fallback": "Imgur: Cats hiding from the Dr. Vet",
                "image_url": "https:\/\/i.imgur.com\/pnY3dvB.jpg",
                "image_width": 188,
                "image_height": 250,
                "from_url": "https:\/\/imgur.com\/gallery\/fPMvEEJ",
                "image_bytes": 45382,
                "service_icon": "http:\/\/s.imgur.com\/images\/favicon-152.png",
                "id": 1,
                "original_url": "https:\/\/imgur.com\/gallery\/fPMvEEJ"
            }
        ],
        "blocks": [
            {
                "type": "rich_text",
                "block_id": "okC0",
                "elements": [
                    {
                        "type": "rich_text_section",
                        "elements": [
                            {
                                "type": "user",
                                "user_id": "U7EQMP760"
                            },
                            {
                                "type": "text",
                                "text": " and anyone else who needs cheering up:\n\n"
                            },
                            {
                                "type": "text",
                                "text": "\n"
                            },
                            {
                                "type": "link",
                                "url": "https:\/\/imgur.com\/gallery\/fPMvEEJ",
                                "text": "https:\/\/imgur.com\/gallery\/fPMvEEJ"
                            }
                        ]
                    }
                ]
            }
        ],
        "reactions": [
            {
                "name": "heart",
                "users": [
                    "UTJQGG2MT"
                ],
                "count": 1
            },
            {
                "name": "smile_cat",
                "users": [
                    "U7EQMP760"
                ],
                "count": 1
            },
            {
                "name": "joy",
                "users": [
                    "UUW3W20AU"
                ],
                "count": 1
            }
        ]
    }
]