[
    {
        "client_msg_id": "3053e95c-361b-4ea9-b1e3-651c74204d17",
        "type": "message",
        "text": "Yes, Microsoft Teams is meant to be the new Slack.\n<https:\/\/www.businessinsider.com\/slack-microsoft-eu-antitrust-complaint-teams-app-anticompetitive-2020-7>",
        "user": "UUJNED77D",
        "ts": "1595513843.070400",
        "team": "T0D1XTUAD",
        "user_team": "T0D1XTUAD",
        "source_team": "T0D1XTUAD",
        "user_profile": {
            "avatar_hash": "5f4a213e859b",
            "image_72": "https:\/\/avatars.slack-edge.com\/2020-03-04\/982713408789_5f4a213e859b7369a972_72.jpg",
            "first_name": "Fred",
            "real_name": "Fred Bentler",
            "display_name": "Fred Bentler",
            "team": "T0D1XTUAD",
            "name": "fred.bentler",
            "is_restricted": false,
            "is_ultra_restricted": false
        },
        "attachments": [
            {
                "service_name": "Business Insider",
                "title": "Slack has filed an antitrust complaint against Microsoft, accusing it of blocking competition with its Teams app",
                "title_link": "https:\/\/www.businessinsider.com\/slack-microsoft-eu-antitrust-complaint-teams-app-anticompetitive-2020-7",
                "text": "Slack has filed a complaint against Microsoft with the European Commission, accusing it of anticompetitive practices with its Teams software.",
                "fallback": "Business Insider: Slack has filed an antitrust complaint against Microsoft, accusing it of blocking competition with its Teams app",
                "image_url": "https:\/\/i.insider.com\/5f1845412618b93ad2048b52?width=1200&format=jpeg",
                "from_url": "https:\/\/www.businessinsider.com\/slack-microsoft-eu-antitrust-complaint-teams-app-anticompetitive-2020-7",
                "image_width": 500,
                "image_height": 250,
                "image_bytes": 49741,
                "service_icon": "http:\/\/www.businessinsider.com\/public\/assets\/BI\/US\/favicons\/apple-touch-icon.png?12-31-19",
                "id": 1,
                "original_url": "https:\/\/www.businessinsider.com\/slack-microsoft-eu-antitrust-complaint-teams-app-anticompetitive-2020-7"
            }
        ],
        "blocks": [
            {
                "type": "rich_text",
                "block_id": "byi7",
                "elements": [
                    {
                        "type": "rich_text_section",
                        "elements": [
                            {
                                "type": "text",
                                "text": "Yes, Microsoft Teams is meant to be the new Slack.\n"
                            },
                            {
                                "type": "link",
                                "url": "https:\/\/www.businessinsider.com\/slack-microsoft-eu-antitrust-complaint-teams-app-anticompetitive-2020-7"
                            }
                        ]
                    }
                ]
            }
        ],
        "thread_ts": "1595513843.070400",
        "reply_count": 5,
        "reply_users_count": 5,
        "latest_reply": "1595570729.072200",
        "reply_users": [
            "U5Y0BDK51",
            "UUJNED77D",
            "UT7A459JP",
            "UTJPVN880",
            "UUW3W20AU"
        ],
        "replies": [
            {
                "user": "U5Y0BDK51",
                "ts": "1595514880.070600"
            },
            {
                "user": "UUJNED77D",
                "ts": "1595518124.071500"
            },
            {
                "user": "UT7A459JP",
                "ts": "1595523261.071800"
            },
            {
                "user": "UTJPVN880",
                "ts": "1595524578.072000"
            },
            {
                "user": "UUW3W20AU",
                "ts": "1595570729.072200"
            }
        ],
        "subscribed": false
    },
    {
        "client_msg_id": "32e18ab8-b2c3-41db-b37a-e9c04008cd17",
        "type": "message",
        "text": "So we should just stick with Slack, the “Original Teams’.",
        "user": "U5Y0BDK51",
        "ts": "1595514880.070600",
        "team": "T0D1XTUAD",
        "user_team": "T0D1XTUAD",
        "source_team": "T0D1XTUAD",
        "user_profile": {
            "avatar_hash": "8ead721adcae",
            "image_72": "https:\/\/avatars.slack-edge.com\/2020-02-27\/973218989973_8ead721adcae603f0609_72.jpg",
            "first_name": "Marisa",
            "real_name": "Marisa Mellema",
            "display_name": "Marisa Mellema",
            "team": "T0D1XTUAD",
            "name": "marisam",
            "is_restricted": false,
            "is_ultra_restricted": false
        },
        "blocks": [
            {
                "type": "rich_text",
                "block_id": "GgTv",
                "elements": [
                    {
                        "type": "rich_text_section",
                        "elements": [
                            {
                                "type": "text",
                                "text": "So we should just stick with Slack, the “Original Teams’."
                            }
                        ]
                    }
                ]
            }
        ],
        "thread_ts": "1595513843.070400",
        "parent_user_id": "UUJNED77D",
        "reactions": [
            {
                "name": "the_horns",
                "users": [
                    "UT7A459JP"
                ],
                "count": 1
            }
        ]
    },
    {
        "bot_id": "B4M05S43S",
        "type": "message",
        "text": "borg",
        "user": "UUJNED77D",
        "ts": "1595518124.071500",
        "team": "T0D1XTUAD",
        "bot_profile": {
            "id": "B4M05S43S",
            "deleted": false,
            "name": "giphy",
            "updated": 1490131602,
            "app_id": "A0F827J2C",
            "icons": {
                "image_36": "https:\/\/a.slack-edge.com\/dc483\/img\/plugins\/giphy\/service_72.png",
                "image_48": "https:\/\/a.slack-edge.com\/dc483\/img\/plugins\/giphy\/service_48.png",
                "image_72": "https:\/\/a.slack-edge.com\/dc483\/img\/plugins\/giphy\/service_72.png"
            },
            "team_id": "T0D1XTUAD"
        },
        "blocks": [
            {
                "type": "image",
                "block_id": "Cti6R",
                "image_url": "https:\/\/media3.giphy.com\/media\/GbzIMCw41eUBa\/giphy.gif?cid=6104955e4b9a62c0afdaa78daab75a7fff5767b9c425b102&rid=giphy.gif",
                "alt_text": "borg",
                "title": {
                    "type": "plain_text",
                    "text": "borg",
                    "emoji": true
                },
                "fallback": "375x282px image",
                "image_width": 375,
                "image_height": 282,
                "image_bytes": 981018,
                "is_animated": true
            },
            {
                "type": "context",
                "block_id": "o5tiR",
                "elements": [
                    {
                        "fallback": "32x32px image",
                        "image_url": "https:\/\/a.slack-edge.com\/dc483\/img\/plugins\/giphy\/service_32.png",
                        "image_width": 32,
                        "image_height": 32,
                        "image_bytes": 603,
                        "type": "image",
                        "alt_text": "giphy logo"
                    },
                    {
                        "type": "mrkdwn",
                        "text": "Posted using \/giphy",
                        "verbatim": false
                    }
                ]
            }
        ],
        "thread_ts": "1595513843.070400",
        "parent_user_id": "UUJNED77D"
    },
    {
        "client_msg_id": "7dc7d11a-aff1-4c37-9f90-772c52dca4ba",
        "type": "message",
        "text": "I vote heavily for sticking with Slack, the 'Original Teams\".",
        "user": "UT7A459JP",
        "ts": "1595523261.071800",
        "team": "T0D1XTUAD",
        "user_team": "T0D1XTUAD",
        "source_team": "T0D1XTUAD",
        "user_profile": {
            "avatar_hash": "gbfafb9b317c",
            "image_72": "https:\/\/secure.gravatar.com\/avatar\/bfafb9b317c9c503850c335c52e46161.jpg?s=72&d=https%3A%2F%2Fa.slack-edge.com%2Fdf10d%2Fimg%2Favatars%2Fava_0004-72.png",
            "first_name": "",
            "real_name": "Nick Pollock",
            "display_name": "Nick Pollock",
            "team": "T0D1XTUAD",
            "name": "npollock",
            "is_restricted": false,
            "is_ultra_restricted": false
        },
        "blocks": [
            {
                "type": "rich_text",
                "block_id": "hDq3a",
                "elements": [
                    {
                        "type": "rich_text_section",
                        "elements": [
                            {
                                "type": "text",
                                "text": "I vote heavily for sticking with Slack, the 'Original Teams\"."
                            }
                        ]
                    }
                ]
            }
        ],
        "thread_ts": "1595513843.070400",
        "parent_user_id": "UUJNED77D"
    },
    {
        "client_msg_id": "7d00b1a2-f225-48bd-8a00-d00a0ae3575a",
        "type": "message",
        "text": "The essence of this lawsuit is kind of “If Slack were as bad as Teams and not included with  Office Slack would not have any market share.  The only reason Teams has any market share is because it’s bundled with Office”  I think that’s true though Teams is great at group video chats.  I think it’s bananas people still use Office!",
        "user": "UTJPVN880",
        "ts": "1595524578.072000",
        "team": "T0D1XTUAD",
        "user_team": "T0D1XTUAD",
        "source_team": "T0D1XTUAD",
        "user_profile": {
            "avatar_hash": "e0fd7b937159",
            "image_72": "https:\/\/avatars.slack-edge.com\/2020-02-26\/972867120199_e0fd7b9371597938830e_72.png",
            "first_name": "",
            "real_name": "Matt Adleberg",
            "display_name": "Matt Adleberg",
            "team": "T0D1XTUAD",
            "name": "madleberg",
            "is_restricted": false,
            "is_ultra_restricted": false
        },
        "blocks": [
            {
                "type": "rich_text",
                "block_id": "bXc",
                "elements": [
                    {
                        "type": "rich_text_section",
                        "elements": [
                            {
                                "type": "text",
                                "text": "The essence of this lawsuit is kind of “If Slack were as bad as Teams and not included with  Office Slack would not have any market share.  The only reason Teams has any market share is because it’s bundled with Office”  I think that’s true though Teams is great at group video chats.  I think it’s bananas people still use Office!"
                            }
                        ]
                    }
                ]
            }
        ],
        "thread_ts": "1595513843.070400",
        "parent_user_id": "UUJNED77D"
    },
    {
        "client_msg_id": "b63cebc3-7bf2-4ff0-bc2e-6b500ab4b7ab",
        "type": "message",
        "text": "I was reading about this in the paper today.\n*Side note: is being a bald male a requirement to run one of the world's largest companies?",
        "user": "UUW3W20AU",
        "ts": "1595570729.072200",
        "team": "T0D1XTUAD",
        "user_team": "T0D1XTUAD",
        "source_team": "T0D1XTUAD",
        "user_profile": {
            "avatar_hash": "0c87430f5419",
            "image_72": "https:\/\/avatars.slack-edge.com\/2020-03-04\/984414387030_0c87430f5419d7de3cea_72.jpg",
            "first_name": "Elizabeth",
            "real_name": "Elizabeth Inglese",
            "display_name": "Tish",
            "team": "T0D1XTUAD",
            "name": "einglese",
            "is_restricted": false,
            "is_ultra_restricted": false
        },
        "edited": {
            "user": "UUW3W20AU",
            "ts": "1595570749.000000"
        },
        "blocks": [
            {
                "type": "rich_text",
                "block_id": "qG7",
                "elements": [
                    {
                        "type": "rich_text_section",
                        "elements": [
                            {
                                "type": "text",
                                "text": "I was reading about this in the paper today.\n*Side note: is being a bald male a requirement to run one of the world's largest companies?"
                            }
                        ]
                    }
                ]
            }
        ],
        "thread_ts": "1595513843.070400",
        "parent_user_id": "UUJNED77D"
    }
]