[
    {
        "client_msg_id": "daaf423d-4e36-45b5-9bf3-a31db5aac54f",
        "type": "message",
        "text": "WHO is live right now ...\n<https:\/\/www.facebook.com\/watch\/live\/?v=141875907252597&amp;notif_id=1585158538737276&amp;notif_t=live_video>",
        "user": "UUW3W20AU",
        "ts": "1585158855.000200",
        "team": "T0D1XTUAD",
        "user_team": "T0D1XTUAD",
        "source_team": "T0D1XTUAD",
        "user_profile": {
            "avatar_hash": "0c87430f5419",
            "image_72": "https:\/\/avatars.slack-edge.com\/2020-03-04\/984414387030_0c87430f5419d7de3cea_72.jpg",
            "first_name": "Elizabeth",
            "real_name": "Elizabeth Inglese",
            "display_name": "Tish",
            "team": "T0D1XTUAD",
            "name": "einglese",
            "is_restricted": false,
            "is_ultra_restricted": false
        },
        "attachments": [
            {
                "service_name": "Facebook",
                "title": "Log into Facebook | Facebook",
                "title_link": "https:\/\/www.facebook.com\/watch\/live\/?v=141875907252597&notif_id=1585158538737276&notif_t=live_video",
                "text": "Log into Facebook to start sharing and connecting with your friends, family, and people you know.",
                "fallback": "Facebook: Log into Facebook | Facebook",
                "from_url": "https:\/\/www.facebook.com\/watch\/live\/?v=141875907252597&notif_id=1585158538737276&notif_t=live_video",
                "service_icon": "https:\/\/static.xx.fbcdn.net\/rsrc.php\/yz\/r\/KFyVIAWzntM.ico",
                "id": 1,
                "original_url": "https:\/\/www.facebook.com\/watch\/live\/?v=141875907252597&amp;notif_id=1585158538737276&amp;notif_t=live_video"
            }
        ],
        "blocks": [
            {
                "type": "rich_text",
                "block_id": "vsjNC",
                "elements": [
                    {
                        "type": "rich_text_section",
                        "elements": [
                            {
                                "type": "text",
                                "text": "WHO is live right now ...\n"
                            },
                            {
                                "type": "link",
                                "url": "https:\/\/www.facebook.com\/watch\/live\/?v=141875907252597&notif_id=1585158538737276&notif_t=live_video"
                            }
                        ]
                    }
                ]
            }
        ],
        "thread_ts": "1585158855.000200",
        "reply_count": 1,
        "reply_users_count": 1,
        "latest_reply": "1585159905.001300",
        "reply_users": [
            "U0NSCMBR8"
        ],
        "replies": [
            {
                "user": "U0NSCMBR8",
                "ts": "1585159905.001300"
            }
        ],
        "subscribed": false
    },
    {
        "client_msg_id": "25c8603a-86cb-4a85-a65e-8d1eaa6e1326",
        "type": "message",
        "text": "Just read this in today's CHS Blog ... for those who use the Safeway at Madison &amp; 22nd ... PLEASE BE SAFE!\n\nSafeway stabbing victim: Police and Seattle Fire were called to the Safeway at 22nd and Madison around 9 PM Tuesday night after employees reported a man with a stab wound outside the store. Police were trying to sort out how the man ended up stabbed. He was treated by Seattle Fire for a three-inch lacerations to his left shoulder. There were no reported arrests.",
        "user": "UUW3W20AU",
        "ts": "1585159751.001100",
        "team": "T0D1XTUAD",
        "user_team": "T0D1XTUAD",
        "source_team": "T0D1XTUAD",
        "user_profile": {
            "avatar_hash": "0c87430f5419",
            "image_72": "https:\/\/avatars.slack-edge.com\/2020-03-04\/984414387030_0c87430f5419d7de3cea_72.jpg",
            "first_name": "Elizabeth",
            "real_name": "Elizabeth Inglese",
            "display_name": "Tish",
            "team": "T0D1XTUAD",
            "name": "einglese",
            "is_restricted": false,
            "is_ultra_restricted": false
        },
        "edited": {
            "user": "UUW3W20AU",
            "ts": "1585159762.000000"
        },
        "blocks": [
            {
                "type": "rich_text",
                "block_id": "TAh",
                "elements": [
                    {
                        "type": "rich_text_section",
                        "elements": [
                            {
                                "type": "text",
                                "text": "Just read this in today's CHS Blog ... for those who use the Safeway at Madison & 22nd ... PLEASE BE SAFE!\n\nSafeway stabbing victim: Police and Seattle Fire were called to the Safeway at 22nd and Madison around 9 PM Tuesday night after employees reported a man with a stab wound outside the store. Police were trying to sort out how the man ended up stabbed. He was treated by Seattle Fire for a three-inch lacerations to his left shoulder. There were no reported arrests."
                            }
                        ]
                    }
                ]
            }
        ]
    },
    {
        "client_msg_id": "3ad95c3c-b847-4be4-947a-0cd457b33b55",
        "type": "message",
        "text": "Roger Daltry sure looks different these days.",
        "user": "U0NSCMBR8",
        "ts": "1585159905.001300",
        "team": "T0D1XTUAD",
        "user_team": "T0D1XTUAD",
        "source_team": "T0D1XTUAD",
        "user_profile": {
            "avatar_hash": "28a69ac871a0",
            "image_72": "https:\/\/avatars.slack-edge.com\/2016-02-24\/22896597253_28a69ac871a00b39b963_72.jpg",
            "first_name": "Al",
            "real_name": "Al Boss",
            "display_name": "",
            "team": "T0D1XTUAD",
            "name": "alboss",
            "is_restricted": false,
            "is_ultra_restricted": false
        },
        "edited": {
            "user": "U0NSCMBR8",
            "ts": "1585160068.000000"
        },
        "blocks": [
            {
                "type": "rich_text",
                "block_id": "802l",
                "elements": [
                    {
                        "type": "rich_text_section",
                        "elements": [
                            {
                                "type": "text",
                                "text": "Roger Daltry sure looks different these days."
                            }
                        ]
                    }
                ]
            }
        ],
        "thread_ts": "1585158855.000200",
        "parent_user_id": "UUW3W20AU"
    }
]