[
    {
        "client_msg_id": "0F0F6DB1-1FF5-4AD5-997E-218639E734A2",
        "type": "message",
        "text": "Interesting article on cognitive visual overload and design. It actually bodes well for the county’s new web design. <https:\/\/uxdesign.cc\/the-cognitive-overload-happening-on-your-screen-right-now-deee2a913393|https:\/\/uxdesign.cc\/the-cognitive-overload-happening-on-your-screen-right-now-deee2a913393>",
        "user": "U0NSCMBR8",
        "ts": "1605552822.271600",
        "team": "T0D1XTUAD",
        "user_team": "T0D1XTUAD",
        "source_team": "T0D1XTUAD",
        "user_profile": {
            "avatar_hash": "28a69ac871a0",
            "image_72": "https:\/\/avatars.slack-edge.com\/2016-02-24\/22896597253_28a69ac871a00b39b963_72.jpg",
            "first_name": "Al",
            "real_name": "Al Boss",
            "display_name": "",
            "team": "T0D1XTUAD",
            "name": "alboss",
            "is_restricted": false,
            "is_ultra_restricted": false
        },
        "attachments": [
            {
                "service_name": "Medium",
                "title": "The cognitive overload happening on your screen right now",
                "title_link": "https:\/\/uxdesign.cc\/the-cognitive-overload-happening-on-your-screen-right-now-deee2a913393",
                "text": "How app icons are fighting for our lower attention spans",
                "fallback": "Medium: The cognitive overload happening on your screen right now",
                "image_url": "https:\/\/miro.medium.com\/max\/1200\/1*34w6Bm1CJ8g6yG5w1eDLiw.png",
                "fields": [
                    {
                        "title": "Reading time",
                        "value": "5 min read",
                        "short": true
                    }
                ],
                "ts": 1604270782,
                "from_url": "https:\/\/uxdesign.cc\/the-cognitive-overload-happening-on-your-screen-right-now-deee2a913393",
                "image_width": 434,
                "image_height": 250,
                "image_bytes": 164402,
                "service_icon": "https:\/\/miro.medium.com\/fit\/c\/152\/152\/1*sHhtYhaCe2Uc3IU0IgKwIQ.png",
                "id": 1,
                "original_url": "https:\/\/uxdesign.cc\/the-cognitive-overload-happening-on-your-screen-right-now-deee2a913393"
            }
        ],
        "blocks": [
            {
                "type": "rich_text",
                "block_id": "TlL2Z",
                "elements": [
                    {
                        "type": "rich_text_section",
                        "elements": [
                            {
                                "type": "text",
                                "text": "Interesting article on cognitive visual overload and design. It actually bodes well for the county’s new web design. "
                            },
                            {
                                "type": "link",
                                "url": "https:\/\/uxdesign.cc\/the-cognitive-overload-happening-on-your-screen-right-now-deee2a913393",
                                "text": "https:\/\/uxdesign.cc\/the-cognitive-overload-happening-on-your-screen-right-now-deee2a913393"
                            }
                        ]
                    }
                ]
            }
        ],
        "thread_ts": "1605552822.271600",
        "reply_count": 1,
        "reply_users_count": 1,
        "latest_reply": "1605743966.305400",
        "reply_users": [
            "UUJNED77D"
        ],
        "replies": [
            {
                "user": "UUJNED77D",
                "ts": "1605743966.305400"
            }
        ],
        "subscribed": false,
        "reactions": [
            {
                "name": "+1",
                "users": [
                    "UTJPVN880",
                    "UTJQGG2MT",
                    "UUL14UHHP"
                ],
                "count": 3
            }
        ]
    },
    {
        "client_msg_id": "2010d89f-d9b9-4968-958d-2eaf2dc9ad51",
        "type": "message",
        "text": "<https:\/\/www.change.org\/p\/sony-pictures-entertainment-levar-burton-should-be-the-next-host-of-jeopardy?recruiter=68548602&amp;recruited_by_id=ef8cd07b-79b9-4e6f-8703-ad3585f5bf87>",
        "user": "U5Y0BDK51",
        "ts": "1605572002.272100",
        "team": "T0D1XTUAD",
        "user_team": "T0D1XTUAD",
        "source_team": "T0D1XTUAD",
        "user_profile": {
            "avatar_hash": "8ead721adcae",
            "image_72": "https:\/\/avatars.slack-edge.com\/2020-02-27\/973218989973_8ead721adcae603f0609_72.jpg",
            "first_name": "Marisa",
            "real_name": "Marisa Mellema",
            "display_name": "Marisa Mellema",
            "team": "T0D1XTUAD",
            "name": "marisam",
            "is_restricted": false,
            "is_ultra_restricted": false
        },
        "attachments": [
            {
                "service_name": "Change.org",
                "title": "Sign the Petition",
                "title_link": "https:\/\/www.change.org\/p\/sony-pictures-entertainment-levar-burton-should-be-the-next-host-of-jeopardy?recruiter=68548602&recruited_by_id=ef8cd07b-79b9-4e6f-8703-ad3585f5bf87",
                "text": "Make LeVar Burton the next host of Jeopardy!",
                "fallback": "Change.org: Sign the Petition",
                "image_url": "https:\/\/assets.change.org\/photos\/7\/hk\/pz\/NwhKpzRjOlokrCB-1600x900-noPad.jpg?1604979713",
                "image_width": 444,
                "image_height": 250,
                "from_url": "https:\/\/www.change.org\/p\/sony-pictures-entertainment-levar-burton-should-be-the-next-host-of-jeopardy?recruiter=68548602&recruited_by_id=ef8cd07b-79b9-4e6f-8703-ad3585f5bf87",
                "image_bytes": 39913,
                "service_icon": "https:\/\/static.change.org\/favicons\/favicon-57x57.png",
                "id": 1,
                "original_url": "https:\/\/www.change.org\/p\/sony-pictures-entertainment-levar-burton-should-be-the-next-host-of-jeopardy?recruiter=68548602&amp;recruited_by_id=ef8cd07b-79b9-4e6f-8703-ad3585f5bf87"
            }
        ],
        "blocks": [
            {
                "type": "rich_text",
                "block_id": "cDhCN",
                "elements": [
                    {
                        "type": "rich_text_section",
                        "elements": [
                            {
                                "type": "link",
                                "url": "https:\/\/www.change.org\/p\/sony-pictures-entertainment-levar-burton-should-be-the-next-host-of-jeopardy?recruiter=68548602&recruited_by_id=ef8cd07b-79b9-4e6f-8703-ad3585f5bf87"
                            }
                        ]
                    }
                ]
            }
        ],
        "thread_ts": "1605572002.272100",
        "reply_count": 10,
        "reply_users_count": 5,
        "latest_reply": "1605631116.279500",
        "reply_users": [
            "U0NSCMBR8",
            "UTJPVN880",
            "U5Y0BDK51",
            "UFDNKQCU9",
            "U0D1V0DPG"
        ],
        "replies": [
            {
                "user": "U0NSCMBR8",
                "ts": "1605572192.273600"
            },
            {
                "user": "UTJPVN880",
                "ts": "1605572218.273900"
            },
            {
                "user": "U5Y0BDK51",
                "ts": "1605572640.274300"
            },
            {
                "user": "UTJPVN880",
                "ts": "1605572864.274600"
            },
            {
                "user": "UFDNKQCU9",
                "ts": "1605574722.274800"
            },
            {
                "user": "UTJPVN880",
                "ts": "1605575134.275000"
            },
            {
                "user": "UFDNKQCU9",
                "ts": "1605575172.275200"
            },
            {
                "user": "UTJPVN880",
                "ts": "1605575319.275400"
            },
            {
                "user": "U0D1V0DPG",
                "ts": "1605630890.278200"
            },
            {
                "user": "U0NSCMBR8",
                "ts": "1605631116.279500"
            }
        ],
        "subscribed": false,
        "reactions": [
            {
                "name": "+1",
                "users": [
                    "U0D1RV4N8",
                    "U0D1V0DPG"
                ],
                "count": 2
            }
        ]
    },
    {
        "client_msg_id": "bcccb501-3961-45f0-a1b0-803e83d60140",
        "type": "message",
        "text": "My friend Monica had a laptop signed by LeVar Burton. I wonder if he’d be interested in the job?",
        "user": "U0NSCMBR8",
        "ts": "1605572192.273600",
        "team": "T0D1XTUAD",
        "user_team": "T0D1XTUAD",
        "source_team": "T0D1XTUAD",
        "user_profile": {
            "avatar_hash": "28a69ac871a0",
            "image_72": "https:\/\/avatars.slack-edge.com\/2016-02-24\/22896597253_28a69ac871a00b39b963_72.jpg",
            "first_name": "Al",
            "real_name": "Al Boss",
            "display_name": "",
            "team": "T0D1XTUAD",
            "name": "alboss",
            "is_restricted": false,
            "is_ultra_restricted": false
        },
        "blocks": [
            {
                "type": "rich_text",
                "block_id": "LvRs",
                "elements": [
                    {
                        "type": "rich_text_section",
                        "elements": [
                            {
                                "type": "text",
                                "text": "My friend Monica had a laptop signed by LeVar Burton. I wonder if he’d be interested in the job?"
                            }
                        ]
                    }
                ]
            }
        ],
        "thread_ts": "1605572002.272100",
        "parent_user_id": "U5Y0BDK51"
    },
    {
        "client_msg_id": "1741c599-d2d8-440c-ac0d-ee1744173167",
        "type": "message",
        "text": "I like this suggestion and I also support the Danica McKellar idea.  I did not realize Lavar Burton was 63!",
        "user": "UTJPVN880",
        "ts": "1605572218.273900",
        "team": "T0D1XTUAD",
        "user_team": "T0D1XTUAD",
        "source_team": "T0D1XTUAD",
        "user_profile": {
            "avatar_hash": "e0fd7b937159",
            "image_72": "https:\/\/avatars.slack-edge.com\/2020-02-26\/972867120199_e0fd7b9371597938830e_72.png",
            "first_name": "",
            "real_name": "Matt Adleberg",
            "display_name": "Matt Adleberg",
            "team": "T0D1XTUAD",
            "name": "madleberg",
            "is_restricted": false,
            "is_ultra_restricted": false
        },
        "blocks": [
            {
                "type": "rich_text",
                "block_id": "nomwz",
                "elements": [
                    {
                        "type": "rich_text_section",
                        "elements": [
                            {
                                "type": "text",
                                "text": "I like this suggestion and I also support the Danica McKellar idea.  I did not realize Lavar Burton was 63!"
                            }
                        ]
                    }
                ]
            }
        ],
        "thread_ts": "1605572002.272100",
        "parent_user_id": "U5Y0BDK51"
    },
    {
        "client_msg_id": "6ee76286-774a-42de-a703-e3d6388053ae",
        "type": "message",
        "text": "<@UTJPVN880> He’s a silver fox",
        "user": "U5Y0BDK51",
        "ts": "1605572640.274300",
        "team": "T0D1XTUAD",
        "user_team": "T0D1XTUAD",
        "source_team": "T0D1XTUAD",
        "user_profile": {
            "avatar_hash": "8ead721adcae",
            "image_72": "https:\/\/avatars.slack-edge.com\/2020-02-27\/973218989973_8ead721adcae603f0609_72.jpg",
            "first_name": "Marisa",
            "real_name": "Marisa Mellema",
            "display_name": "Marisa Mellema",
            "team": "T0D1XTUAD",
            "name": "marisam",
            "is_restricted": false,
            "is_ultra_restricted": false
        },
        "blocks": [
            {
                "type": "rich_text",
                "block_id": "uwG",
                "elements": [
                    {
                        "type": "rich_text_section",
                        "elements": [
                            {
                                "type": "user",
                                "user_id": "UTJPVN880"
                            },
                            {
                                "type": "text",
                                "text": " He’s a silver fox"
                            }
                        ]
                    }
                ]
            }
        ],
        "thread_ts": "1605572002.272100",
        "parent_user_id": "U5Y0BDK51"
    },
    {
        "client_msg_id": "56be37fd-9100-425e-b9d4-098d0f813698",
        "type": "message",
        "text": "I thought he was my age!",
        "user": "UTJPVN880",
        "ts": "1605572864.274600",
        "team": "T0D1XTUAD",
        "user_team": "T0D1XTUAD",
        "source_team": "T0D1XTUAD",
        "user_profile": {
            "avatar_hash": "e0fd7b937159",
            "image_72": "https:\/\/avatars.slack-edge.com\/2020-02-26\/972867120199_e0fd7b9371597938830e_72.png",
            "first_name": "",
            "real_name": "Matt Adleberg",
            "display_name": "Matt Adleberg",
            "team": "T0D1XTUAD",
            "name": "madleberg",
            "is_restricted": false,
            "is_ultra_restricted": false
        },
        "blocks": [
            {
                "type": "rich_text",
                "block_id": "eIGd",
                "elements": [
                    {
                        "type": "rich_text_section",
                        "elements": [
                            {
                                "type": "text",
                                "text": "I thought he was my age!"
                            }
                        ]
                    }
                ]
            }
        ],
        "thread_ts": "1605572002.272100",
        "parent_user_id": "U5Y0BDK51"
    },
    {
        "client_msg_id": "0f6d6f5e-cb80-48f9-80dd-9c73a53515cc",
        "type": "message",
        "text": "I have a feeling it might be Ken Jennings",
        "user": "UFDNKQCU9",
        "ts": "1605574722.274800",
        "team": "T0D1XTUAD",
        "user_team": "T0D1XTUAD",
        "source_team": "T0D1XTUAD",
        "user_profile": {
            "avatar_hash": "625717ebbb6e",
            "image_72": "https:\/\/avatars.slack-edge.com\/2019-01-17\/526675529362_625717ebbb6e0ba43f68_72.jpg",
            "first_name": "Earl",
            "real_name": "Earl Krygier",
            "display_name": "Krygier",
            "team": "T0D1XTUAD",
            "name": "earl.krygier",
            "is_restricted": false,
            "is_ultra_restricted": false
        },
        "blocks": [
            {
                "type": "rich_text",
                "block_id": "eiF",
                "elements": [
                    {
                        "type": "rich_text_section",
                        "elements": [
                            {
                                "type": "text",
                                "text": "I have a feeling it might be Ken Jennings"
                            }
                        ]
                    }
                ]
            }
        ],
        "thread_ts": "1605572002.272100",
        "parent_user_id": "U5Y0BDK51"
    },
    {
        "client_msg_id": "97fdaa8a-146a-4da4-b2b2-7154100ad5a2",
        "type": "message",
        "text": "I saw that, not as keen on that one personally but I am wrong a lot.  He might be great.",
        "user": "UTJPVN880",
        "ts": "1605575134.275000",
        "team": "T0D1XTUAD",
        "user_team": "T0D1XTUAD",
        "source_team": "T0D1XTUAD",
        "user_profile": {
            "avatar_hash": "e0fd7b937159",
            "image_72": "https:\/\/avatars.slack-edge.com\/2020-02-26\/972867120199_e0fd7b9371597938830e_72.png",
            "first_name": "",
            "real_name": "Matt Adleberg",
            "display_name": "Matt Adleberg",
            "team": "T0D1XTUAD",
            "name": "madleberg",
            "is_restricted": false,
            "is_ultra_restricted": false
        },
        "blocks": [
            {
                "type": "rich_text",
                "block_id": "fOiH",
                "elements": [
                    {
                        "type": "rich_text_section",
                        "elements": [
                            {
                                "type": "text",
                                "text": "I saw that, not as keen on that one personally but I am wrong a lot.  He might be great."
                            }
                        ]
                    }
                ]
            }
        ],
        "thread_ts": "1605572002.272100",
        "parent_user_id": "U5Y0BDK51"
    },
    {
        "client_msg_id": "827113f9-4703-4a91-bd7c-e139a135e488",
        "type": "message",
        "text": "Or Betty White",
        "user": "UFDNKQCU9",
        "ts": "1605575172.275200",
        "team": "T0D1XTUAD",
        "user_team": "T0D1XTUAD",
        "source_team": "T0D1XTUAD",
        "user_profile": {
            "avatar_hash": "625717ebbb6e",
            "image_72": "https:\/\/avatars.slack-edge.com\/2019-01-17\/526675529362_625717ebbb6e0ba43f68_72.jpg",
            "first_name": "Earl",
            "real_name": "Earl Krygier",
            "display_name": "Krygier",
            "team": "T0D1XTUAD",
            "name": "earl.krygier",
            "is_restricted": false,
            "is_ultra_restricted": false
        },
        "blocks": [
            {
                "type": "rich_text",
                "block_id": "SGOr",
                "elements": [
                    {
                        "type": "rich_text_section",
                        "elements": [
                            {
                                "type": "text",
                                "text": "Or Betty White"
                            }
                        ]
                    }
                ]
            }
        ],
        "thread_ts": "1605572002.272100",
        "parent_user_id": "U5Y0BDK51"
    },
    {
        "client_msg_id": "17577a37-5c5f-4011-91c2-b8e2436f0fe0",
        "type": "message",
        "text": "Betty White be amazing.",
        "user": "UTJPVN880",
        "ts": "1605575319.275400",
        "team": "T0D1XTUAD",
        "user_team": "T0D1XTUAD",
        "source_team": "T0D1XTUAD",
        "user_profile": {
            "avatar_hash": "e0fd7b937159",
            "image_72": "https:\/\/avatars.slack-edge.com\/2020-02-26\/972867120199_e0fd7b9371597938830e_72.png",
            "first_name": "",
            "real_name": "Matt Adleberg",
            "display_name": "Matt Adleberg",
            "team": "T0D1XTUAD",
            "name": "madleberg",
            "is_restricted": false,
            "is_ultra_restricted": false
        },
        "blocks": [
            {
                "type": "rich_text",
                "block_id": "jTYB",
                "elements": [
                    {
                        "type": "rich_text_section",
                        "elements": [
                            {
                                "type": "text",
                                "text": "Betty White be amazing."
                            }
                        ]
                    }
                ]
            }
        ],
        "thread_ts": "1605572002.272100",
        "parent_user_id": "U5Y0BDK51",
        "reactions": [
            {
                "name": "plus1",
                "users": [
                    "U0NSCMBR8",
                    "U7EP7P2JW"
                ],
                "count": 2
            }
        ]
    }
]