[
    {
        "client_msg_id": "8ae4ee85-31f4-4d53-8a88-adf78691342f",
        "type": "message",
        "text": "Just FYI...it was a SQL blocking issue with the temp db. We don't know if the issue was caused by the load test the night before. Will try the load again on Monday night so :crossed_fingers::skin-tone-2:for next Tues :slightly_smiling_face:",
        "user": "UUGC2FFGX",
        "ts": "1601687262.089900",
        "team": "T0D1XTUAD",
        "user_team": "T0D1XTUAD",
        "source_team": "T0D1XTUAD",
        "user_profile": {
            "avatar_hash": "a23b3deb3ac5",
            "image_72": "https:\/\/avatars.slack-edge.com\/2020-04-15\/1065314268323_a23b3deb3ac58e36c854_72.png",
            "first_name": "",
            "real_name": "Dennis Fong",
            "display_name": "Dennis Fong",
            "team": "T0D1XTUAD",
            "name": "dennis.fong",
            "is_restricted": false,
            "is_ultra_restricted": false
        },
        "blocks": [
            {
                "type": "rich_text",
                "block_id": "0KtN",
                "elements": [
                    {
                        "type": "rich_text_section",
                        "elements": [
                            {
                                "type": "text",
                                "text": "Just FYI...it was a SQL blocking issue with the temp db. We don't know if the issue was caused by the load test the night before. Will try the load again on Monday night so "
                            },
                            {
                                "type": "emoji",
                                "name": "crossed_fingers",
                                "skin_tone": 2
                            },
                            {
                                "type": "text",
                                "text": "for next Tues "
                            },
                            {
                                "type": "emoji",
                                "name": "slightly_smiling_face"
                            }
                        ]
                    }
                ]
            }
        ],
        "thread_ts": "1601577740.067400",
        "parent_user_id": "U0D1V0DPG"
    }
]