[
    {
        "client_msg_id": "6b9549a9-91d8-412b-9c51-270d25ee5904",
        "type": "message",
        "text": "After today, I'll be on vacation until August 20. I hope you all have a great couple of weeks!",
        "user": "UUL14UHHP",
        "ts": "1596218129.076500",
        "team": "T0D1XTUAD",
        "user_team": "T0D1XTUAD",
        "source_team": "T0D1XTUAD",
        "user_profile": {
            "avatar_hash": "0662c2f07684",
            "image_72": "https:\/\/avatars.slack-edge.com\/2020-03-04\/982524968624_0662c2f07684e471e99d_72.png",
            "first_name": "Wendy",
            "real_name": "Wendy Gable Collins",
            "display_name": "Wendy",
            "team": "T0D1XTUAD",
            "name": "wendy.collins",
            "is_restricted": false,
            "is_ultra_restricted": false
        },
        "blocks": [
            {
                "type": "rich_text",
                "block_id": "QcPK",
                "elements": [
                    {
                        "type": "rich_text_section",
                        "elements": [
                            {
                                "type": "text",
                                "text": "After today, I'll be on vacation until August 20. I hope you all have a great couple of weeks!"
                            }
                        ]
                    }
                ]
            }
        ],
        "reactions": [
            {
                "name": "dancing-pickle",
                "users": [
                    "U7EP7P2JW",
                    "UT7A459JP"
                ],
                "count": 2
            },
            {
                "name": "cage-party",
                "users": [
                    "UTJPVN880"
                ],
                "count": 1
            },
            {
                "name": "beach_with_umbrella",
                "users": [
                    "UFDNKQCU9",
                    "U0NSCMBR8"
                ],
                "count": 2
            }
        ]
    },
    {
        "client_msg_id": "e99d89f4-9b60-48ab-aed0-a8686ac18df5",
        "type": "message",
        "text": "Next feature they need to add to Macs is the <https:\/\/support.microsoft.com\/en-us\/office\/schedule-a-meeting-with-other-people-5c9877bc-ab91-4a7c-99fb-b0b68d7ea94f#supAppliesToList:~:text=End%20appointments%20and%20meetings%20early|End Meetings Early> so I can easily scheduled 25\/50min meetings instead of 30\/60min meetings. Windows already has this, def. recommend turning it on.",
        "user": "UTYMR9H0A",
        "ts": "1596220125.076800",
        "team": "T0D1XTUAD",
        "user_team": "T0D1XTUAD",
        "source_team": "T0D1XTUAD",
        "user_profile": {
            "avatar_hash": "9028986a892c",
            "image_72": "https:\/\/avatars.slack-edge.com\/2020-02-26\/971233770848_9028986a892cce601a2e_72.jpg",
            "first_name": "Chirag",
            "real_name": "Chirag Patel",
            "display_name": "Chirag",
            "team": "T0D1XTUAD",
            "name": "n-cpatel",
            "is_restricted": false,
            "is_ultra_restricted": false
        },
        "attachments": [
            {
                "title": "Schedule a meeting with other people",
                "title_link": "https:\/\/support.microsoft.com\/en-us\/office\/schedule-a-meeting-with-other-people-5c9877bc-ab91-4a7c-99fb-b0b68d7ea94f#supAppliesToList:~:text=End%20appointments%20and%20meetings%20early",
                "text": "Find the best time to meet with other people, send meeting requests, and book rooms or resources.",
                "fallback": "Schedule a meeting with other people",
                "image_url": "https:\/\/support.office.com\/SocImages\/SOC_SharingImage_720x405.png",
                "from_url": "https:\/\/support.microsoft.com\/en-us\/office\/schedule-a-meeting-with-other-people-5c9877bc-ab91-4a7c-99fb-b0b68d7ea94f#supAppliesToList:~:text=End%20appointments%20and%20meetings%20early",
                "image_width": 444,
                "image_height": 250,
                "image_bytes": 14399,
                "service_icon": "http:\/\/www.microsoft.com\/favicon.ico?v2",
                "service_name": "support.microsoft.com",
                "id": 1,
                "original_url": "https:\/\/support.microsoft.com\/en-us\/office\/schedule-a-meeting-with-other-people-5c9877bc-ab91-4a7c-99fb-b0b68d7ea94f#supAppliesToList:~:text=End%20appointments%20and%20meetings%20early"
            }
        ],
        "blocks": [
            {
                "type": "rich_text",
                "block_id": "fT9",
                "elements": [
                    {
                        "type": "rich_text_section",
                        "elements": [
                            {
                                "type": "text",
                                "text": "Next feature they need to add to Macs is the "
                            },
                            {
                                "type": "link",
                                "url": "https:\/\/support.microsoft.com\/en-us\/office\/schedule-a-meeting-with-other-people-5c9877bc-ab91-4a7c-99fb-b0b68d7ea94f#supAppliesToList:~:text=End%20appointments%20and%20meetings%20early",
                                "text": "End Meetings Early"
                            },
                            {
                                "type": "text",
                                "text": " so I can easily scheduled 25\/50min meetings instead of 30\/60min meetings. Windows already has this, def. recommend turning it on."
                            }
                        ]
                    }
                ]
            }
        ],
        "thread_ts": "1596061250.073000",
        "parent_user_id": "U0NSCMBR8"
    },
    {
        "client_msg_id": "e1ca0db2-4f55-4d80-999d-02f0704f33e0",
        "type": "message",
        "text": "I'm taking a vacation day on Monday. Have a great weekend all!",
        "user": "UFDNKQCU9",
        "ts": "1596245999.077800",
        "team": "T0D1XTUAD",
        "user_team": "T0D1XTUAD",
        "source_team": "T0D1XTUAD",
        "user_profile": {
            "avatar_hash": "625717ebbb6e",
            "image_72": "https:\/\/avatars.slack-edge.com\/2019-01-17\/526675529362_625717ebbb6e0ba43f68_72.jpg",
            "first_name": "Earl",
            "real_name": "Earl Krygier",
            "display_name": "Krygier",
            "team": "T0D1XTUAD",
            "name": "earl.krygier",
            "is_restricted": false,
            "is_ultra_restricted": false
        },
        "blocks": [
            {
                "type": "rich_text",
                "block_id": "=cD9w",
                "elements": [
                    {
                        "type": "rich_text_section",
                        "elements": [
                            {
                                "type": "text",
                                "text": "I'm taking a vacation day on Monday. Have a great weekend all!"
                            }
                        ]
                    }
                ]
            }
        ],
        "thread_ts": "1596245999.077800",
        "reply_count": 1,
        "reply_users_count": 1,
        "latest_reply": "1596246020.077900",
        "reply_users": [
            "U0NSCMBR8"
        ],
        "replies": [
            {
                "user": "U0NSCMBR8",
                "ts": "1596246020.077900"
            }
        ],
        "subscribed": false,
        "reactions": [
            {
                "name": "relaxed",
                "users": [
                    "UTJQGG2MT"
                ],
                "count": 1
            },
            {
                "name": "tropical_drink",
                "users": [
                    "UTJQGG2MT",
                    "UUJNECG67"
                ],
                "count": 2
            }
        ]
    },
    {
        "client_msg_id": "4f2a7931-4d11-41d6-9195-6430290b59ab",
        "type": "message",
        "text": "You too!",
        "user": "U0NSCMBR8",
        "ts": "1596246020.077900",
        "team": "T0D1XTUAD",
        "user_team": "T0D1XTUAD",
        "source_team": "T0D1XTUAD",
        "user_profile": {
            "avatar_hash": "28a69ac871a0",
            "image_72": "https:\/\/avatars.slack-edge.com\/2016-02-24\/22896597253_28a69ac871a00b39b963_72.jpg",
            "first_name": "Al",
            "real_name": "Al Boss",
            "display_name": "",
            "team": "T0D1XTUAD",
            "name": "alboss",
            "is_restricted": false,
            "is_ultra_restricted": false
        },
        "blocks": [
            {
                "type": "rich_text",
                "block_id": "8wPf",
                "elements": [
                    {
                        "type": "rich_text_section",
                        "elements": [
                            {
                                "type": "text",
                                "text": "You too!"
                            }
                        ]
                    }
                ]
            }
        ],
        "thread_ts": "1596245999.077800",
        "parent_user_id": "UFDNKQCU9"
    }
]