[
    {
        "client_msg_id": "444fd716-3d86-488a-ac02-3be1b527f01f",
        "type": "message",
        "text": "From one of my colleagues at Creative Mornings.\n\nNavigating the Great Reset as a Creative: a collaborative brainstorming session between filmmakers, illustrators, designers, writers, musicians, photographers and anyone else who considers themselves creative to identify roadblocks and tools needed to enable a flourishing creative community.\n\n<https:\/\/www.eventbrite.com\/e\/navigating-the-great-reset-as-a-creative-pilot-episode-tickets-103247945384>",
        "user": "U0NSCMBR8",
        "ts": "1587656019.213200",
        "team": "T0D1XTUAD",
        "user_team": "T0D1XTUAD",
        "source_team": "T0D1XTUAD",
        "user_profile": {
            "avatar_hash": "28a69ac871a0",
            "image_72": "https:\/\/avatars.slack-edge.com\/2016-02-24\/22896597253_28a69ac871a00b39b963_72.jpg",
            "first_name": "Al",
            "real_name": "Al Boss",
            "display_name": "",
            "team": "T0D1XTUAD",
            "name": "alboss",
            "is_restricted": false,
            "is_ultra_restricted": false
        },
        "attachments": [
            {
                "service_name": "Eventbrite",
                "title": "Navigating the Great Reset as a Creative - Pilot Episode",
                "title_link": "https:\/\/www.eventbrite.com\/e\/navigating-the-great-reset-as-a-creative-pilot-episode-tickets-103247945384",
                "text": "The creative community is incredibly strong but fractured by discipline. Let's break down these walls to come together in the face of a pandemic and purposefully create a meaningful future.  This virtual event will be a collaborative brainstorming session between filmmakers, illustrators, designers, writers, musicians, photographers and anyone else who considers themselves creative to identify roadblocks and tools needed to enable a flourishing creative community. Some examples could be as simple as a document connecting creatives with needed resources or as complex as an entirely new organization lobbying for creative unions. The goal is to share the problems we all are seeing in our communities and how we might tackle these. We will compile all the ideas from this event to share with the community and the following events will be focused on fulfilling these needs. Hosted by: Ben Andrews - Founder of the Seattle Film Summit and a member of the Washington State Film Leadership Council. Shawn McGaff - Fractional CMO for early and growth-stage ventures and volunteer at Creative Mornings Seattle",
                "fallback": "Eventbrite: Navigating the Great Reset as a Creative - Pilot Episode",
                "image_url": "https:\/\/img.evbuc.com\/https%3A%2F%2Fcdn.evbuc.com%2Fimages%2F99202988%2F170060451121%2F1%2Foriginal.20200421-201407?w=1000&auto=format%2Ccompress&q=75&sharp=10&rect=0%2C0%2C2548%2C1274&s=ddabee15d868269a08946e4ff92d061e",
                "from_url": "https:\/\/www.eventbrite.com\/e\/navigating-the-great-reset-as-a-creative-pilot-episode-tickets-103247945384",
                "image_width": 500,
                "image_height": 250,
                "image_bytes": 236530,
                "service_icon": "https:\/\/cdn.evbstatic.com\/s3-build\/perm_001\/eba891\/django\/images\/touch_icons\/apple-touch-icon-180x180.png",
                "id": 1,
                "original_url": "https:\/\/www.eventbrite.com\/e\/navigating-the-great-reset-as-a-creative-pilot-episode-tickets-103247945384"
            }
        ],
        "blocks": [
            {
                "type": "rich_text",
                "block_id": "iMDNF",
                "elements": [
                    {
                        "type": "rich_text_section",
                        "elements": [
                            {
                                "type": "text",
                                "text": "From one of my colleagues at Creative Mornings.\n\nNavigating the Great Reset as a Creative: a collaborative brainstorming session between filmmakers, illustrators, designers, writers, musicians, photographers and anyone else who considers themselves creative to identify roadblocks and tools needed to enable a flourishing creative community.\n\n"
                            },
                            {
                                "type": "link",
                                "url": "https:\/\/www.eventbrite.com\/e\/navigating-the-great-reset-as-a-creative-pilot-episode-tickets-103247945384"
                            }
                        ]
                    }
                ]
            }
        ],
        "thread_ts": "1587656019.213200",
        "reply_count": 2,
        "reply_users_count": 2,
        "latest_reply": "1587664723.214700",
        "reply_users": [
            "UUW3W20AU",
            "U0NSCMBR8"
        ],
        "replies": [
            {
                "user": "UUW3W20AU",
                "ts": "1587660435.213800"
            },
            {
                "user": "U0NSCMBR8",
                "ts": "1587664723.214700"
            }
        ],
        "subscribed": false,
        "reactions": [
            {
                "name": "+1",
                "users": [
                    "UUW3W20AU",
                    "U7EP7P2JW"
                ],
                "count": 2
            }
        ]
    },
    {
        "client_msg_id": "9f90180c-5b94-430f-8f27-f67648d13fd0",
        "type": "message",
        "text": "Registered!",
        "user": "UUW3W20AU",
        "ts": "1587660435.213800",
        "team": "T0D1XTUAD",
        "user_team": "T0D1XTUAD",
        "source_team": "T0D1XTUAD",
        "user_profile": {
            "avatar_hash": "0c87430f5419",
            "image_72": "https:\/\/avatars.slack-edge.com\/2020-03-04\/984414387030_0c87430f5419d7de3cea_72.jpg",
            "first_name": "Elizabeth",
            "real_name": "Elizabeth Inglese",
            "display_name": "Tish",
            "team": "T0D1XTUAD",
            "name": "einglese",
            "is_restricted": false,
            "is_ultra_restricted": false
        },
        "blocks": [
            {
                "type": "rich_text",
                "block_id": "8xISM",
                "elements": [
                    {
                        "type": "rich_text_section",
                        "elements": [
                            {
                                "type": "text",
                                "text": "Registered!"
                            }
                        ]
                    }
                ]
            }
        ],
        "thread_ts": "1587656019.213200",
        "parent_user_id": "U0NSCMBR8"
    },
    {
        "client_msg_id": "050214fc-39a0-4b90-9bf9-1481feb02011",
        "type": "message",
        "text": "<@UFDNKQCU9> I watched this last night. Made me grateful, again, to live in this part of the country.",
        "user": "U7EQMP760",
        "ts": "1587661737.214100",
        "team": "T0D1XTUAD",
        "user_team": "T0D1XTUAD",
        "source_team": "T0D1XTUAD",
        "user_profile": {
            "avatar_hash": "db1abed225d9",
            "image_72": "https:\/\/avatars.slack-edge.com\/2020-03-14\/990754009969_db1abed225d9635aae98_72.jpg",
            "first_name": "",
            "real_name": "Mary Delahanty",
            "display_name": "",
            "team": "T0D1XTUAD",
            "name": "mary.delahanty",
            "is_restricted": false,
            "is_ultra_restricted": false
        },
        "blocks": [
            {
                "type": "rich_text",
                "block_id": "YUOM",
                "elements": [
                    {
                        "type": "rich_text_section",
                        "elements": [
                            {
                                "type": "user",
                                "user_id": "UFDNKQCU9"
                            },
                            {
                                "type": "text",
                                "text": " I watched this last night. Made me grateful, again, to live in this part of the country."
                            }
                        ]
                    }
                ]
            }
        ],
        "thread_ts": "1587574327.203300",
        "parent_user_id": "UFDNKQCU9"
    },
    {
        "client_msg_id": "3fbc9f19-eae0-45a0-8947-3f49d2bacc29",
        "type": "message",
        "text": "Yeah, me too. Kind of scary to be the first to go but glad we had competent leadership.",
        "user": "UFDNKQCU9",
        "ts": "1587662325.214300",
        "team": "T0D1XTUAD",
        "user_team": "T0D1XTUAD",
        "source_team": "T0D1XTUAD",
        "user_profile": {
            "avatar_hash": "625717ebbb6e",
            "image_72": "https:\/\/avatars.slack-edge.com\/2019-01-17\/526675529362_625717ebbb6e0ba43f68_72.jpg",
            "first_name": "Earl",
            "real_name": "Earl Krygier",
            "display_name": "Krygier",
            "team": "T0D1XTUAD",
            "name": "earl.krygier",
            "is_restricted": false,
            "is_ultra_restricted": false
        },
        "blocks": [
            {
                "type": "rich_text",
                "block_id": "Kta",
                "elements": [
                    {
                        "type": "rich_text_section",
                        "elements": [
                            {
                                "type": "text",
                                "text": "Yeah, me too. Kind of scary to be the first to go but glad we had competent leadership."
                            }
                        ]
                    }
                ]
            }
        ],
        "thread_ts": "1587574327.203300",
        "parent_user_id": "UFDNKQCU9"
    },
    {
        "client_msg_id": "CBB63533-D3DD-403C-85E1-B600D5B174C8",
        "type": "message",
        "text": "Excellent!",
        "user": "U0NSCMBR8",
        "ts": "1587664723.214700",
        "team": "T0D1XTUAD",
        "user_team": "T0D1XTUAD",
        "source_team": "T0D1XTUAD",
        "user_profile": {
            "avatar_hash": "28a69ac871a0",
            "image_72": "https:\/\/avatars.slack-edge.com\/2016-02-24\/22896597253_28a69ac871a00b39b963_72.jpg",
            "first_name": "Al",
            "real_name": "Al Boss",
            "display_name": "",
            "team": "T0D1XTUAD",
            "name": "alboss",
            "is_restricted": false,
            "is_ultra_restricted": false
        },
        "blocks": [
            {
                "type": "rich_text",
                "block_id": "Tg8t4",
                "elements": [
                    {
                        "type": "rich_text_section",
                        "elements": [
                            {
                                "type": "text",
                                "text": "Excellent!"
                            }
                        ]
                    }
                ]
            }
        ],
        "thread_ts": "1587656019.213200",
        "parent_user_id": "U0NSCMBR8"
    },
    {
        "client_msg_id": "c759036b-0e5f-406d-8c7c-ddac69135639",
        "type": "message",
        "text": "An impression of small children (a parting gift on a Thursday afternoon):\n<https:\/\/www.youtube.com\/watch?v=IrCEhRNgGHY>",
        "user": "U5Y0BDK51",
        "ts": "1587678298.216100",
        "team": "T0D1XTUAD",
        "user_team": "T0D1XTUAD",
        "source_team": "T0D1XTUAD",
        "user_profile": {
            "avatar_hash": "8ead721adcae",
            "image_72": "https:\/\/avatars.slack-edge.com\/2020-02-27\/973218989973_8ead721adcae603f0609_72.jpg",
            "first_name": "Marisa",
            "real_name": "Marisa Mellema",
            "display_name": "Marisa Mellema",
            "team": "T0D1XTUAD",
            "name": "marisam",
            "is_restricted": false,
            "is_ultra_restricted": false
        },
        "edited": {
            "user": "U5Y0BDK51",
            "ts": "1587678309.000000"
        },
        "attachments": [
            {
                "service_name": "YouTube",
                "service_url": "https:\/\/www.youtube.com\/",
                "title": "Gimme Gimme, I Need I Need...\"What About Bob?\"",
                "title_link": "https:\/\/www.youtube.com\/watch?v=IrCEhRNgGHY",
                "author_name": "TheGeoffMan",
                "author_link": "https:\/\/www.youtube.com\/user\/BillDukeForehead",
                "thumb_url": "https:\/\/i.ytimg.com\/vi\/IrCEhRNgGHY\/hqdefault.jpg",
                "thumb_width": 480,
                "thumb_height": 360,
                "fallback": "YouTube Video: Gimme Gimme, I Need I Need...\"What About Bob?\"",
                "video_html": "<iframe width=\"400\" height=\"300\" src=\"https:\/\/www.youtube.com\/embed\/IrCEhRNgGHY?feature=oembed&autoplay=1&iv_load_policy=3\" frameborder=\"0\" allow=\"accelerometer; autoplay; encrypted-media; gyroscope; picture-in-picture\" allowfullscreen><\/iframe>",
                "video_html_width": 400,
                "video_html_height": 300,
                "from_url": "https:\/\/www.youtube.com\/watch?v=IrCEhRNgGHY",
                "service_icon": "https:\/\/a.slack-edge.com\/80588\/img\/unfurl_icons\/youtube.png",
                "id": 1,
                "original_url": "https:\/\/www.youtube.com\/watch?v=IrCEhRNgGHY"
            }
        ],
        "blocks": [
            {
                "type": "rich_text",
                "block_id": "+V3",
                "elements": [
                    {
                        "type": "rich_text_section",
                        "elements": [
                            {
                                "type": "text",
                                "text": "An impression of small children (a parting gift on a Thursday afternoon):\n"
                            },
                            {
                                "type": "link",
                                "url": "https:\/\/www.youtube.com\/watch?v=IrCEhRNgGHY"
                            }
                        ]
                    }
                ]
            }
        ],
        "thread_ts": "1587678298.216100",
        "reply_count": 2,
        "reply_users_count": 2,
        "latest_reply": "1587679501.217100",
        "reply_users": [
            "UFDNKQCU9",
            "UUW3W20AU"
        ],
        "replies": [
            {
                "user": "UFDNKQCU9",
                "ts": "1587679004.216400"
            },
            {
                "user": "UUW3W20AU",
                "ts": "1587679501.217100"
            }
        ],
        "subscribed": false,
        "reactions": [
            {
                "name": "zany_face",
                "users": [
                    "UUW3W20AU"
                ],
                "count": 1
            },
            {
                "name": "dizzy_face",
                "users": [
                    "UUW3W20AU"
                ],
                "count": 1
            }
        ]
    },
    {
        "client_msg_id": "2d9605fe-e87f-49bc-bb07-8be95709eeb1",
        "type": "message",
        "text": "I still do this at Christmas time",
        "user": "UFDNKQCU9",
        "ts": "1587679004.216400",
        "team": "T0D1XTUAD",
        "user_team": "T0D1XTUAD",
        "source_team": "T0D1XTUAD",
        "user_profile": {
            "avatar_hash": "625717ebbb6e",
            "image_72": "https:\/\/avatars.slack-edge.com\/2019-01-17\/526675529362_625717ebbb6e0ba43f68_72.jpg",
            "first_name": "Earl",
            "real_name": "Earl Krygier",
            "display_name": "Krygier",
            "team": "T0D1XTUAD",
            "name": "earl.krygier",
            "is_restricted": false,
            "is_ultra_restricted": false
        },
        "blocks": [
            {
                "type": "rich_text",
                "block_id": "8tQ",
                "elements": [
                    {
                        "type": "rich_text_section",
                        "elements": [
                            {
                                "type": "text",
                                "text": "I still do this at Christmas time"
                            }
                        ]
                    }
                ]
            }
        ],
        "thread_ts": "1587678298.216100",
        "parent_user_id": "U5Y0BDK51",
        "reactions": [
            {
                "name": "laughing",
                "users": [
                    "U5Y0BDK51",
                    "UUE0RNXML"
                ],
                "count": 2
            }
        ]
    },
    {
        "client_msg_id": "880d8a71-a796-4637-ac91-b1e3a0a46fb1",
        "type": "message",
        "text": "Thanks for the reminder to not have kids <@U5Y0BDK51>, hahaha",
        "user": "UUW3W20AU",
        "ts": "1587679501.217100",
        "team": "T0D1XTUAD",
        "user_team": "T0D1XTUAD",
        "source_team": "T0D1XTUAD",
        "user_profile": {
            "avatar_hash": "0c87430f5419",
            "image_72": "https:\/\/avatars.slack-edge.com\/2020-03-04\/984414387030_0c87430f5419d7de3cea_72.jpg",
            "first_name": "Elizabeth",
            "real_name": "Elizabeth Inglese",
            "display_name": "Tish",
            "team": "T0D1XTUAD",
            "name": "einglese",
            "is_restricted": false,
            "is_ultra_restricted": false
        },
        "blocks": [
            {
                "type": "rich_text",
                "block_id": "NJ4",
                "elements": [
                    {
                        "type": "rich_text_section",
                        "elements": [
                            {
                                "type": "text",
                                "text": "Thanks for the reminder to not have kids "
                            },
                            {
                                "type": "user",
                                "user_id": "U5Y0BDK51"
                            },
                            {
                                "type": "text",
                                "text": ", hahaha"
                            }
                        ]
                    }
                ]
            }
        ],
        "thread_ts": "1587678298.216100",
        "parent_user_id": "U5Y0BDK51"
    },
    {
        "type": "message",
        "text": "Hi All, I received this email ... not sure what it means ... at first I thought it was spam, but it seems to be coming from a legit KC person ... actually thought it was spam geared toward me on account of the guy's last name ...",
        "files": [
            {
                "id": "F012F0KP318",
                "created": 1587679558,
                "timestamp": 1587679558,
                "name": "Screen Shot 2020-04-23 at 3.02.35 PM.png",
                "title": "Screen Shot 2020-04-23 at 3.02.35 PM.png",
                "mimetype": "image\/png",
                "filetype": "png",
                "pretty_type": "PNG",
                "user": "UUW3W20AU",
                "editable": false,
                "size": 163311,
                "mode": "hosted",
                "is_external": false,
                "external_type": "",
                "is_public": true,
                "public_url_shared": false,
                "display_as_bot": false,
                "username": "",
                "url_private": "https:\/\/files.slack.com\/files-pri\/T0D1XTUAD-F012F0KP318\/screen_shot_2020-04-23_at_3.02.35_pm.png?t=xoxe-13065946353-1831014033124-1821760734405-0591b3003861d046a3fe606fb5f44814",
                "url_private_download": "https:\/\/files.slack.com\/files-pri\/T0D1XTUAD-F012F0KP318\/download\/screen_shot_2020-04-23_at_3.02.35_pm.png?t=xoxe-13065946353-1831014033124-1821760734405-0591b3003861d046a3fe606fb5f44814",
                "thumb_64": "https:\/\/files.slack.com\/files-tmb\/T0D1XTUAD-F012F0KP318-57e643994e\/screen_shot_2020-04-23_at_3.02.35_pm_64.png?t=xoxe-13065946353-1831014033124-1821760734405-0591b3003861d046a3fe606fb5f44814",
                "thumb_80": "https:\/\/files.slack.com\/files-tmb\/T0D1XTUAD-F012F0KP318-57e643994e\/screen_shot_2020-04-23_at_3.02.35_pm_80.png?t=xoxe-13065946353-1831014033124-1821760734405-0591b3003861d046a3fe606fb5f44814",
                "thumb_360": "https:\/\/files.slack.com\/files-tmb\/T0D1XTUAD-F012F0KP318-57e643994e\/screen_shot_2020-04-23_at_3.02.35_pm_360.png?t=xoxe-13065946353-1831014033124-1821760734405-0591b3003861d046a3fe606fb5f44814",
                "thumb_360_w": 360,
                "thumb_360_h": 69,
                "thumb_480": "https:\/\/files.slack.com\/files-tmb\/T0D1XTUAD-F012F0KP318-57e643994e\/screen_shot_2020-04-23_at_3.02.35_pm_480.png?t=xoxe-13065946353-1831014033124-1821760734405-0591b3003861d046a3fe606fb5f44814",
                "thumb_480_w": 480,
                "thumb_480_h": 92,
                "thumb_160": "https:\/\/files.slack.com\/files-tmb\/T0D1XTUAD-F012F0KP318-57e643994e\/screen_shot_2020-04-23_at_3.02.35_pm_160.png?t=xoxe-13065946353-1831014033124-1821760734405-0591b3003861d046a3fe606fb5f44814",
                "thumb_720": "https:\/\/files.slack.com\/files-tmb\/T0D1XTUAD-F012F0KP318-57e643994e\/screen_shot_2020-04-23_at_3.02.35_pm_720.png?t=xoxe-13065946353-1831014033124-1821760734405-0591b3003861d046a3fe606fb5f44814",
                "thumb_720_w": 720,
                "thumb_720_h": 137,
                "thumb_800": "https:\/\/files.slack.com\/files-tmb\/T0D1XTUAD-F012F0KP318-57e643994e\/screen_shot_2020-04-23_at_3.02.35_pm_800.png?t=xoxe-13065946353-1831014033124-1821760734405-0591b3003861d046a3fe606fb5f44814",
                "thumb_800_w": 800,
                "thumb_800_h": 153,
                "thumb_960": "https:\/\/files.slack.com\/files-tmb\/T0D1XTUAD-F012F0KP318-57e643994e\/screen_shot_2020-04-23_at_3.02.35_pm_960.png?t=xoxe-13065946353-1831014033124-1821760734405-0591b3003861d046a3fe606fb5f44814",
                "thumb_960_w": 960,
                "thumb_960_h": 183,
                "thumb_1024": "https:\/\/files.slack.com\/files-tmb\/T0D1XTUAD-F012F0KP318-57e643994e\/screen_shot_2020-04-23_at_3.02.35_pm_1024.png?t=xoxe-13065946353-1831014033124-1821760734405-0591b3003861d046a3fe606fb5f44814",
                "thumb_1024_w": 1024,
                "thumb_1024_h": 196,
                "original_w": 2168,
                "original_h": 414,
                "thumb_tiny": "AwAJADC58xOQAQfelAf+7+tONC9aYhQpIyeG+tLgjvQvQUtIYc+oo59qKKAP\/9k=",
                "permalink": "https:\/\/kcwebteam.slack.com\/files\/UUW3W20AU\/F012F0KP318\/screen_shot_2020-04-23_at_3.02.35_pm.png",
                "permalink_public": "https:\/\/slack-files.com\/T0D1XTUAD-F012F0KP318-d1463ad7a6",
                "is_starred": false,
                "has_rich_preview": false
            }
        ],
        "upload": true,
        "blocks": [
            {
                "type": "rich_text",
                "block_id": "xff",
                "elements": [
                    {
                        "type": "rich_text_section",
                        "elements": [
                            {
                                "type": "text",
                                "text": "Hi All, I received this email ... not sure what it means ... at first I thought it was spam, but it seems to be coming from a legit KC person ... actually thought it was spam geared toward me on account of the guy's last name ..."
                            }
                        ]
                    }
                ]
            }
        ],
        "user": "UUW3W20AU",
        "display_as_bot": false,
        "ts": "1587679561.218100",
        "client_msg_id": "3c259da5-3be0-4fd6-9567-cd5e98c34be8"
    },
    {
        "client_msg_id": "92d7ab5f-6f42-4ccc-b2c3-179ac0b0c825",
        "type": "message",
        "text": "I got that too! Feels like we're in Office Space.",
        "user": "UUL14UHHP",
        "ts": "1587679671.219600",
        "team": "T0D1XTUAD",
        "user_team": "T0D1XTUAD",
        "source_team": "T0D1XTUAD",
        "user_profile": {
            "avatar_hash": "0662c2f07684",
            "image_72": "https:\/\/avatars.slack-edge.com\/2020-03-04\/982524968624_0662c2f07684e471e99d_72.png",
            "first_name": "Wendy",
            "real_name": "Wendy Gable Collins",
            "display_name": "Wendy",
            "team": "T0D1XTUAD",
            "name": "wendy.collins",
            "is_restricted": false,
            "is_ultra_restricted": false
        },
        "blocks": [
            {
                "type": "rich_text",
                "block_id": "lou",
                "elements": [
                    {
                        "type": "rich_text_section",
                        "elements": [
                            {
                                "type": "text",
                                "text": "I got that too! Feels like we're in Office Space."
                            }
                        ]
                    }
                ]
            }
        ],
        "thread_ts": "1587679671.219600",
        "reply_count": 1,
        "reply_users_count": 1,
        "latest_reply": "1587684078.225400",
        "reply_users": [
            "U0NSCMBR8"
        ],
        "replies": [
            {
                "user": "U0NSCMBR8",
                "ts": "1587684078.225400"
            }
        ],
        "subscribed": false
    },
    {
        "client_msg_id": "d2e457be-761c-4978-a2f9-cfa05fece881",
        "type": "message",
        "text": "He’s a developer. They’re not so good with emails. I think it’s because we use DevOps for our project tracking. I don’t know if you guys ever have?",
        "user": "U0D1W09V4",
        "ts": "1587679919.220400",
        "team": "T0D1XTUAD",
        "user_team": "T0D1XTUAD",
        "source_team": "T0D1XTUAD",
        "user_profile": {
            "avatar_hash": "69a03f210a7e",
            "image_72": "https:\/\/avatars.slack-edge.com\/2020-04-03\/1036225284226_69a03f210a7ec4e12108_72.jpg",
            "first_name": "Beth",
            "real_name": "Beth Cheatham",
            "display_name": "beth.cheatham",
            "team": "T0D1XTUAD",
            "name": "beth.cheatham",
            "is_restricted": false,
            "is_ultra_restricted": false
        },
        "blocks": [
            {
                "type": "rich_text",
                "block_id": "lB1",
                "elements": [
                    {
                        "type": "rich_text_section",
                        "elements": [
                            {
                                "type": "text",
                                "text": "He’s a developer. They’re not so good with emails. I think it’s because we use DevOps for our project tracking. I don’t know if you guys ever have?"
                            }
                        ]
                    }
                ]
            }
        ],
        "thread_ts": "1587679919.220400",
        "reply_count": 2,
        "reply_users_count": 2,
        "latest_reply": "1587682587.224300",
        "reply_users": [
            "UUW3W20AU",
            "U0D1W09V4"
        ],
        "replies": [
            {
                "user": "UUW3W20AU",
                "ts": "1587682380.223900"
            },
            {
                "user": "U0D1W09V4",
                "ts": "1587682587.224300"
            }
        ],
        "subscribed": false
    },
    {
        "client_msg_id": "BCD45ACE-1566-43D6-A54F-8B9A667F8876",
        "type": "message",
        "text": "I think we all received the :coffin: email.",
        "user": "UUJNECG67",
        "ts": "1587680029.221300",
        "team": "T0D1XTUAD",
        "user_team": "T0D1XTUAD",
        "source_team": "T0D1XTUAD",
        "user_profile": {
            "avatar_hash": "3770b096c03c",
            "image_72": "https:\/\/avatars.slack-edge.com\/2020-08-27\/1329102233075_3770b096c03ccdfc53b6_72.png",
            "first_name": "Andrea",
            "real_name": "Andrea",
            "display_name": "Andrea",
            "team": "T0D1XTUAD",
            "name": "andrea.rouleau",
            "is_restricted": false,
            "is_ultra_restricted": false
        },
        "blocks": [
            {
                "type": "rich_text",
                "block_id": "ML7qz",
                "elements": [
                    {
                        "type": "rich_text_section",
                        "elements": [
                            {
                                "type": "text",
                                "text": "I think we all received the "
                            },
                            {
                                "type": "emoji",
                                "name": "coffin"
                            },
                            {
                                "type": "text",
                                "text": " email."
                            }
                        ]
                    }
                ]
            }
        ],
        "thread_ts": "1587680029.221300",
        "reply_count": 1,
        "reply_users_count": 1,
        "latest_reply": "1587682401.224100",
        "reply_users": [
            "UUW3W20AU"
        ],
        "replies": [
            {
                "user": "UUW3W20AU",
                "ts": "1587682401.224100"
            }
        ],
        "subscribed": false,
        "reactions": [
            {
                "name": "rolling_on_the_floor_laughing",
                "users": [
                    "UUW3W20AU"
                ],
                "count": 1
            }
        ]
    },
    {
        "client_msg_id": "478d8271-7dea-4d50-a417-7ca35b79cb92",
        "type": "message",
        "text": "Whats DevOps?",
        "user": "UFDNKQCU9",
        "ts": "1587680049.221500",
        "team": "T0D1XTUAD",
        "user_team": "T0D1XTUAD",
        "source_team": "T0D1XTUAD",
        "user_profile": {
            "avatar_hash": "625717ebbb6e",
            "image_72": "https:\/\/avatars.slack-edge.com\/2019-01-17\/526675529362_625717ebbb6e0ba43f68_72.jpg",
            "first_name": "Earl",
            "real_name": "Earl Krygier",
            "display_name": "Krygier",
            "team": "T0D1XTUAD",
            "name": "earl.krygier",
            "is_restricted": false,
            "is_ultra_restricted": false
        },
        "blocks": [
            {
                "type": "rich_text",
                "block_id": "PkJ4",
                "elements": [
                    {
                        "type": "rich_text_section",
                        "elements": [
                            {
                                "type": "text",
                                "text": "Whats DevOps?"
                            }
                        ]
                    }
                ]
            }
        ],
        "reactions": [
            {
                "name": "grimacing",
                "users": [
                    "UFDNKQCU9",
                    "U7EP7P2JW"
                ],
                "count": 2
            },
            {
                "name": "rolling_on_the_floor_laughing",
                "users": [
                    "UUW3W20AU"
                ],
                "count": 1
            }
        ]
    },
    {
        "client_msg_id": "49f66237-777c-45c2-a4ca-350127d4d5a1",
        "type": "message",
        "text": "It may just be in my neighborhood, but there seems to be an excessive amount of pressure washing going on. Perhaps these people are part of a cult?",
        "user": "U7EP7P2JW",
        "ts": "1587681667.223400",
        "team": "T0D1XTUAD",
        "user_team": "T0D1XTUAD",
        "source_team": "T0D1XTUAD",
        "user_profile": {
            "avatar_hash": "7fac73a9f68f",
            "image_72": "https:\/\/avatars.slack-edge.com\/2020-11-05\/1503307917168_7fac73a9f68f9db6dfe6_72.png",
            "first_name": "Rebecca",
            "real_name": "Rebecca Watson",
            "display_name": "rebecca",
            "team": "T0D1XTUAD",
            "name": "rebecca.watson",
            "is_restricted": false,
            "is_ultra_restricted": false
        },
        "blocks": [
            {
                "type": "rich_text",
                "block_id": "WYT3s",
                "elements": [
                    {
                        "type": "rich_text_section",
                        "elements": [
                            {
                                "type": "text",
                                "text": "It may just be in my neighborhood, but there seems to be an excessive amount of pressure washing going on. Perhaps these people are part of a cult?"
                            }
                        ]
                    }
                ]
            }
        ],
        "thread_ts": "1587681667.223400",
        "reply_count": 4,
        "reply_users_count": 4,
        "latest_reply": "1587687059.226200",
        "reply_users": [
            "UUW3W20AU",
            "U0NSCMBR8",
            "UUJNED77D",
            "UTV659Z8X"
        ],
        "replies": [
            {
                "user": "UUW3W20AU",
                "ts": "1587682358.223700"
            },
            {
                "user": "U0NSCMBR8",
                "ts": "1587684607.225600"
            },
            {
                "user": "UUJNED77D",
                "ts": "1587686686.225800"
            },
            {
                "user": "UTV659Z8X",
                "ts": "1587687059.226200"
            }
        ],
        "subscribed": false
    },
    {
        "client_msg_id": "0726c3ba-8a4a-4ddb-bb14-6dee4601f19e",
        "type": "message",
        "text": "Didn't <@U5Y0B4XC3> say she was having her windows pressure washed or something? Maybe she knows about that cult.",
        "user": "UUW3W20AU",
        "ts": "1587682358.223700",
        "team": "T0D1XTUAD",
        "user_team": "T0D1XTUAD",
        "source_team": "T0D1XTUAD",
        "user_profile": {
            "avatar_hash": "0c87430f5419",
            "image_72": "https:\/\/avatars.slack-edge.com\/2020-03-04\/984414387030_0c87430f5419d7de3cea_72.jpg",
            "first_name": "Elizabeth",
            "real_name": "Elizabeth Inglese",
            "display_name": "Tish",
            "team": "T0D1XTUAD",
            "name": "einglese",
            "is_restricted": false,
            "is_ultra_restricted": false
        },
        "blocks": [
            {
                "type": "rich_text",
                "block_id": "HpYr",
                "elements": [
                    {
                        "type": "rich_text_section",
                        "elements": [
                            {
                                "type": "text",
                                "text": "Didn't "
                            },
                            {
                                "type": "user",
                                "user_id": "U5Y0B4XC3"
                            },
                            {
                                "type": "text",
                                "text": " say she was having her windows pressure washed or something? Maybe she knows about that cult."
                            }
                        ]
                    }
                ]
            }
        ],
        "thread_ts": "1587681667.223400",
        "parent_user_id": "U7EP7P2JW",
        "reactions": [
            {
                "name": "loud_sound",
                "users": [
                    "U7EP7P2JW"
                ],
                "count": 1
            },
            {
                "name": "sweat_drops",
                "users": [
                    "U7EP7P2JW"
                ],
                "count": 1
            }
        ]
    },
    {
        "client_msg_id": "97989e53-32b3-4863-8086-4747ad385333",
        "type": "message",
        "text": "So, it applies to me, but not really ???",
        "user": "UUW3W20AU",
        "ts": "1587682380.223900",
        "team": "T0D1XTUAD",
        "user_team": "T0D1XTUAD",
        "source_team": "T0D1XTUAD",
        "user_profile": {
            "avatar_hash": "0c87430f5419",
            "image_72": "https:\/\/avatars.slack-edge.com\/2020-03-04\/984414387030_0c87430f5419d7de3cea_72.jpg",
            "first_name": "Elizabeth",
            "real_name": "Elizabeth Inglese",
            "display_name": "Tish",
            "team": "T0D1XTUAD",
            "name": "einglese",
            "is_restricted": false,
            "is_ultra_restricted": false
        },
        "blocks": [
            {
                "type": "rich_text",
                "block_id": "YL8r",
                "elements": [
                    {
                        "type": "rich_text_section",
                        "elements": [
                            {
                                "type": "text",
                                "text": "So, it applies to me, but not really ???"
                            }
                        ]
                    }
                ]
            }
        ],
        "thread_ts": "1587679919.220400",
        "parent_user_id": "U0D1W09V4"
    },
    {
        "client_msg_id": "25f0d63e-a6ea-4cd4-a0ea-7948d676f732",
        "type": "message",
        "text": "OMG, hahahaha !!!",
        "user": "UUW3W20AU",
        "ts": "1587682401.224100",
        "team": "T0D1XTUAD",
        "user_team": "T0D1XTUAD",
        "source_team": "T0D1XTUAD",
        "user_profile": {
            "avatar_hash": "0c87430f5419",
            "image_72": "https:\/\/avatars.slack-edge.com\/2020-03-04\/984414387030_0c87430f5419d7de3cea_72.jpg",
            "first_name": "Elizabeth",
            "real_name": "Elizabeth Inglese",
            "display_name": "Tish",
            "team": "T0D1XTUAD",
            "name": "einglese",
            "is_restricted": false,
            "is_ultra_restricted": false
        },
        "blocks": [
            {
                "type": "rich_text",
                "block_id": "AVYB",
                "elements": [
                    {
                        "type": "rich_text_section",
                        "elements": [
                            {
                                "type": "text",
                                "text": "OMG, hahahaha !!!"
                            }
                        ]
                    }
                ]
            }
        ],
        "thread_ts": "1587680029.221300",
        "parent_user_id": "UUJNECG67"
    },
    {
        "client_msg_id": "1530cf39-cbac-47b1-a3a4-89ed401836b5",
        "type": "message",
        "text": "You got it!",
        "user": "U0D1W09V4",
        "ts": "1587682587.224300",
        "team": "T0D1XTUAD",
        "user_team": "T0D1XTUAD",
        "source_team": "T0D1XTUAD",
        "user_profile": {
            "avatar_hash": "69a03f210a7e",
            "image_72": "https:\/\/avatars.slack-edge.com\/2020-04-03\/1036225284226_69a03f210a7ec4e12108_72.jpg",
            "first_name": "Beth",
            "real_name": "Beth Cheatham",
            "display_name": "beth.cheatham",
            "team": "T0D1XTUAD",
            "name": "beth.cheatham",
            "is_restricted": false,
            "is_ultra_restricted": false
        },
        "blocks": [
            {
                "type": "rich_text",
                "block_id": "d0RU",
                "elements": [
                    {
                        "type": "rich_text_section",
                        "elements": [
                            {
                                "type": "text",
                                "text": "You got it!"
                            }
                        ]
                    }
                ]
            }
        ],
        "thread_ts": "1587679919.220400",
        "parent_user_id": "U0D1W09V4"
    },
    {
        "client_msg_id": "e7349e7e-2feb-4c57-9e7e-52ae39970ac4",
        "type": "message",
        "text": "You’re only now noticing that?",
        "user": "U0NSCMBR8",
        "ts": "1587684078.225400",
        "team": "T0D1XTUAD",
        "user_team": "T0D1XTUAD",
        "source_team": "T0D1XTUAD",
        "user_profile": {
            "avatar_hash": "28a69ac871a0",
            "image_72": "https:\/\/avatars.slack-edge.com\/2016-02-24\/22896597253_28a69ac871a00b39b963_72.jpg",
            "first_name": "Al",
            "real_name": "Al Boss",
            "display_name": "",
            "team": "T0D1XTUAD",
            "name": "alboss",
            "is_restricted": false,
            "is_ultra_restricted": false
        },
        "blocks": [
            {
                "type": "rich_text",
                "block_id": "6Ze6g",
                "elements": [
                    {
                        "type": "rich_text_section",
                        "elements": [
                            {
                                "type": "text",
                                "text": "You’re only now noticing that?"
                            }
                        ]
                    }
                ]
            }
        ],
        "thread_ts": "1587679671.219600",
        "parent_user_id": "UUL14UHHP"
    },
    {
        "client_msg_id": "dd745169-5158-4e70-be88-8b982db97450",
        "type": "message",
        "text": "Well, cleanliness is next to godliness, and many cultists consider themselves next to godliness, therefore the pressure washer cult is a thing. It’s Science!",
        "user": "U0NSCMBR8",
        "ts": "1587684607.225600",
        "team": "T0D1XTUAD",
        "user_team": "T0D1XTUAD",
        "source_team": "T0D1XTUAD",
        "user_profile": {
            "avatar_hash": "28a69ac871a0",
            "image_72": "https:\/\/avatars.slack-edge.com\/2016-02-24\/22896597253_28a69ac871a00b39b963_72.jpg",
            "first_name": "Al",
            "real_name": "Al Boss",
            "display_name": "",
            "team": "T0D1XTUAD",
            "name": "alboss",
            "is_restricted": false,
            "is_ultra_restricted": false
        },
        "blocks": [
            {
                "type": "rich_text",
                "block_id": "GUQG",
                "elements": [
                    {
                        "type": "rich_text_section",
                        "elements": [
                            {
                                "type": "text",
                                "text": "Well, cleanliness is next to godliness, and many cultists consider themselves next to godliness, therefore the pressure washer cult is a thing. It’s Science!"
                            }
                        ]
                    }
                ]
            }
        ],
        "thread_ts": "1587681667.223400",
        "parent_user_id": "U7EP7P2JW",
        "reactions": [
            {
                "name": "grinning",
                "users": [
                    "U7EP7P2JW"
                ],
                "count": 1
            }
        ]
    },
    {
        "type": "message",
        "text": "Cats, pressure washing... next it will be naked people waving their IDs at the sky as is going on in Denmark",
        "files": [
            {
                "id": "F0128DJT61L",
                "created": 1587686684,
                "timestamp": 1587686684,
                "name": "94380147_10222273026595436_5835384692831944704_n.jpg",
                "title": "94380147_10222273026595436_5835384692831944704_n.jpg",
                "mimetype": "image\/jpeg",
                "filetype": "jpg",
                "pretty_type": "JPEG",
                "user": "UUJNED77D",
                "editable": false,
                "size": 9796,
                "mode": "hosted",
                "is_external": false,
                "external_type": "",
                "is_public": true,
                "public_url_shared": false,
                "display_as_bot": false,
                "username": "",
                "url_private": "https:\/\/files.slack.com\/files-pri\/T0D1XTUAD-F0128DJT61L\/94380147_10222273026595436_5835384692831944704_n.jpg?t=xoxe-13065946353-1831014033124-1821760734405-0591b3003861d046a3fe606fb5f44814",
                "url_private_download": "https:\/\/files.slack.com\/files-pri\/T0D1XTUAD-F0128DJT61L\/download\/94380147_10222273026595436_5835384692831944704_n.jpg?t=xoxe-13065946353-1831014033124-1821760734405-0591b3003861d046a3fe606fb5f44814",
                "thumb_64": "https:\/\/files.slack.com\/files-tmb\/T0D1XTUAD-F0128DJT61L-343abc0bba\/94380147_10222273026595436_5835384692831944704_n_64.jpg?t=xoxe-13065946353-1831014033124-1821760734405-0591b3003861d046a3fe606fb5f44814",
                "thumb_80": "https:\/\/files.slack.com\/files-tmb\/T0D1XTUAD-F0128DJT61L-343abc0bba\/94380147_10222273026595436_5835384692831944704_n_80.jpg?t=xoxe-13065946353-1831014033124-1821760734405-0591b3003861d046a3fe606fb5f44814",
                "thumb_360": "https:\/\/files.slack.com\/files-tmb\/T0D1XTUAD-F0128DJT61L-343abc0bba\/94380147_10222273026595436_5835384692831944704_n_360.jpg?t=xoxe-13065946353-1831014033124-1821760734405-0591b3003861d046a3fe606fb5f44814",
                "thumb_360_w": 320,
                "thumb_360_h": 320,
                "thumb_160": "https:\/\/files.slack.com\/files-tmb\/T0D1XTUAD-F0128DJT61L-343abc0bba\/94380147_10222273026595436_5835384692831944704_n_160.jpg?t=xoxe-13065946353-1831014033124-1821760734405-0591b3003861d046a3fe606fb5f44814",
                "original_w": 320,
                "original_h": 320,
                "thumb_tiny": "AwAwADDTpCwHUilrPuoJXuGZUJBxz+FJuxcIqTs2X9y\/3h+dG5f7w\/Os1beQDmEk\/Wka3kI+WEj8aXMzT2Ue\/wDX3mmCD0Ipao2cMkcxLoQMVepp3MpxUXZMD09ai3SE9OPdf\/r1LUW9xkEDI9AaZInmODyB+X\/16A7k8YP0H\/16CxJyUXP+6f8ACgMwPCD8FP8AhQA5Wfd8wOPp\/wDXqSmKzMw4GPoafQAUUUUAFFFFABRRRQB\/\/9k=",
                "permalink": "https:\/\/kcwebteam.slack.com\/files\/UUJNED77D\/F0128DJT61L\/94380147_10222273026595436_5835384692831944704_n.jpg",
                "permalink_public": "https:\/\/slack-files.com\/T0D1XTUAD-F0128DJT61L-b26c81ffd6",
                "is_starred": false,
                "has_rich_preview": false
            }
        ],
        "upload": true,
        "blocks": [
            {
                "type": "rich_text",
                "block_id": "l8jI",
                "elements": [
                    {
                        "type": "rich_text_section",
                        "elements": [
                            {
                                "type": "text",
                                "text": "Cats, pressure washing... next it will be naked people waving their IDs at the sky as is going on in Denmark"
                            }
                        ]
                    }
                ]
            }
        ],
        "user": "UUJNED77D",
        "display_as_bot": false,
        "ts": "1587686686.225800",
        "client_msg_id": "c106909d-7b89-4235-a8c2-2866e9a0d552",
        "thread_ts": "1587681667.223400",
        "parent_user_id": "U7EP7P2JW",
        "reactions": [
            {
                "name": "alien",
                "users": [
                    "U7EP7P2JW"
                ],
                "count": 1
            },
            {
                "name": "grinning",
                "users": [
                    "U7EP7P2JW"
                ],
                "count": 1
            }
        ]
    },
    {
        "client_msg_id": "eb7edfe0-08cb-43e6-9874-5caecc391726",
        "type": "message",
        "text": "only in Denmark! Watch, people will actually do this!",
        "user": "UTV659Z8X",
        "ts": "1587687059.226200",
        "team": "T0D1XTUAD",
        "user_team": "T0D1XTUAD",
        "source_team": "T0D1XTUAD",
        "user_profile": {
            "avatar_hash": "gcdcd1928542",
            "image_72": "https:\/\/secure.gravatar.com\/avatar\/cdcd1928542317a9b98db6f980dc1212.jpg?s=72&d=https%3A%2F%2Fa.slack-edge.com%2Fdf10d%2Fimg%2Favatars%2Fava_0021-72.png",
            "first_name": "",
            "real_name": "Joy Cordell",
            "display_name": "Joy Cordell",
            "team": "T0D1XTUAD",
            "name": "n-jcordell",
            "is_restricted": false,
            "is_ultra_restricted": false
        },
        "blocks": [
            {
                "type": "rich_text",
                "block_id": "nG47",
                "elements": [
                    {
                        "type": "rich_text_section",
                        "elements": [
                            {
                                "type": "text",
                                "text": "only in Denmark! Watch, people will actually do this!"
                            }
                        ]
                    }
                ]
            }
        ],
        "thread_ts": "1587681667.223400",
        "parent_user_id": "U7EP7P2JW",
        "reactions": [
            {
                "name": "thermometer",
                "users": [
                    "UUJNED77D",
                    "U7EP7P2JW"
                ],
                "count": 2
            }
        ]
    },
    {
        "client_msg_id": "6e1fac5c-e33f-4eaa-b719-6853a26777a3",
        "type": "message",
        "text": "FYI, you don’t need to call 911. King County knows about the car in river :shrug::skin-tone-3:",
        "user": "U0D1W09V4",
        "ts": "1587695757.227100",
        "team": "T0D1XTUAD",
        "user_team": "T0D1XTUAD",
        "source_team": "T0D1XTUAD",
        "user_profile": {
            "avatar_hash": "69a03f210a7e",
            "image_72": "https:\/\/avatars.slack-edge.com\/2020-04-03\/1036225284226_69a03f210a7ec4e12108_72.jpg",
            "first_name": "Beth",
            "real_name": "Beth Cheatham",
            "display_name": "beth.cheatham",
            "team": "T0D1XTUAD",
            "name": "beth.cheatham",
            "is_restricted": false,
            "is_ultra_restricted": false
        },
        "blocks": [
            {
                "type": "rich_text",
                "block_id": "\/IRGS",
                "elements": [
                    {
                        "type": "rich_text_section",
                        "elements": [
                            {
                                "type": "text",
                                "text": "FYI, you don’t need to call 911. King County knows about the car in river "
                            },
                            {
                                "type": "emoji",
                                "name": "shrug",
                                "skin_tone": 3
                            }
                        ]
                    }
                ]
            }
        ],
        "thread_ts": "1587695757.227100",
        "reply_count": 5,
        "reply_users_count": 2,
        "latest_reply": "1587748916.231500",
        "reply_users": [
            "UUW3W20AU",
            "U0D1W09V4"
        ],
        "replies": [
            {
                "user": "UUW3W20AU",
                "ts": "1587748112.230500"
            },
            {
                "user": "U0D1W09V4",
                "ts": "1587748489.230900"
            },
            {
                "user": "UUW3W20AU",
                "ts": "1587748556.231100"
            },
            {
                "user": "U0D1W09V4",
                "ts": "1587748859.231300"
            },
            {
                "user": "UUW3W20AU",
                "ts": "1587748916.231500"
            }
        ],
        "subscribed": false,
        "reactions": [
            {
                "name": "+1::skin-tone-4",
                "users": [
                    "UUJNECG67",
                    "UUL14UHHP",
                    "U0NSCMBR8",
                    "U7EP7P2JW"
                ],
                "count": 4
            },
            {
                "name": "ocean",
                "users": [
                    "UUW3W20AU"
                ],
                "count": 1
            },
            {
                "name": "car",
                "users": [
                    "UUW3W20AU"
                ],
                "count": 1
            }
        ]
    },
    {
        "type": "message",
        "text": "Ah, yes. The earlier coffin email. It’s really quite simple.\n\nAD means Anno Domini, which is Latin for “in the year of the Lord”—the year Jesus was born. Because we were all born within the last 2,020 years, we all have AD accounts. Otherwise we would have BC accounts, which would connect to Roman Legion Server (RLS) rather than TEAM Foundation Server (TFS).\n\nThe RLS system has been deprecated, although it is still in use in the banking industry and some of King County’s older applications.\n\nLike the email said, the list took a long time to generate. That’s because the AD accounts include everyone born in the last couple of millenia.\n\nSince most of those people now reside in coffins, the artificial intelligence in charge of tracking them is named “JOSH Coffin.” That’s also why the email referred to it as a “late notice,” since most of the recipients are late, as in deceased.\n\nJOSH is the acronym for Joint Occupational Safety and Health, which is the organization in charge of tracking whether or not one is dead and in a coffin. It is occupationally unsafe to be in a coffin if one is not dead, and unhealthy to be dead but not in a coffin. (Vampires are a protected class and are not covered under these guidelines, although association with vampires is considered to be neither safe nor healthy.)\n\nThe Joint Occupational Safety and Health group is rather busy right now, with the pandemic, which is why the JOSH Coffin system is sending out these emails.\n\nTEAM is, of course, the acronym for “Threat Engagement Analysis Model.”\n\nWhen the JOSH system refers to “AD accounts that specifically have permission to connect to TEAM Foundation Server,” this is simply another way of stating that you are not yet dead. Dead people do not need to analyze and model threat engagement any more, because they are dead and therefore unlikely to feel threatened.\n\nHowever, dead people can _present_ a threat, should they be within the bounds of the condition known as Zenith Of Malicious Brain-Insatiable Eating (ZOMBIE). In this case, access to TEAM Foundation Server will be insufficient to engage the threat, and you will become E-10 (pronounced E-Ten).\n\nI hope that clears up any questions you may have about the prior email.",
        "files": [
            {
                "id": "F012FJKURGT",
                "created": 1587699238,
                "timestamp": 1587699238,
                "name": "Image from iOS.jpg",
                "title": "Image from iOS",
                "mimetype": "image\/jpeg",
                "filetype": "jpg",
                "pretty_type": "JPEG",
                "user": "U0NSCMBR8",
                "editable": false,
                "size": 96859,
                "mode": "hosted",
                "is_external": false,
                "external_type": "",
                "is_public": true,
                "public_url_shared": false,
                "display_as_bot": false,
                "username": "",
                "url_private": "https:\/\/files.slack.com\/files-pri\/T0D1XTUAD-F012FJKURGT\/image_from_ios.jpg?t=xoxe-13065946353-1831014033124-1821760734405-0591b3003861d046a3fe606fb5f44814",
                "url_private_download": "https:\/\/files.slack.com\/files-pri\/T0D1XTUAD-F012FJKURGT\/download\/image_from_ios.jpg?t=xoxe-13065946353-1831014033124-1821760734405-0591b3003861d046a3fe606fb5f44814",
                "thumb_64": "https:\/\/files.slack.com\/files-tmb\/T0D1XTUAD-F012FJKURGT-c293af4c1f\/image_from_ios_64.jpg?t=xoxe-13065946353-1831014033124-1821760734405-0591b3003861d046a3fe606fb5f44814",
                "thumb_80": "https:\/\/files.slack.com\/files-tmb\/T0D1XTUAD-F012FJKURGT-c293af4c1f\/image_from_ios_80.jpg?t=xoxe-13065946353-1831014033124-1821760734405-0591b3003861d046a3fe606fb5f44814",
                "thumb_360": "https:\/\/files.slack.com\/files-tmb\/T0D1XTUAD-F012FJKURGT-c293af4c1f\/image_from_ios_360.jpg?t=xoxe-13065946353-1831014033124-1821760734405-0591b3003861d046a3fe606fb5f44814",
                "thumb_360_w": 360,
                "thumb_360_h": 69,
                "thumb_480": "https:\/\/files.slack.com\/files-tmb\/T0D1XTUAD-F012FJKURGT-c293af4c1f\/image_from_ios_480.jpg?t=xoxe-13065946353-1831014033124-1821760734405-0591b3003861d046a3fe606fb5f44814",
                "thumb_480_w": 480,
                "thumb_480_h": 92,
                "thumb_160": "https:\/\/files.slack.com\/files-tmb\/T0D1XTUAD-F012FJKURGT-c293af4c1f\/image_from_ios_160.jpg?t=xoxe-13065946353-1831014033124-1821760734405-0591b3003861d046a3fe606fb5f44814",
                "thumb_720": "https:\/\/files.slack.com\/files-tmb\/T0D1XTUAD-F012FJKURGT-c293af4c1f\/image_from_ios_720.jpg?t=xoxe-13065946353-1831014033124-1821760734405-0591b3003861d046a3fe606fb5f44814",
                "thumb_720_w": 720,
                "thumb_720_h": 137,
                "thumb_800": "https:\/\/files.slack.com\/files-tmb\/T0D1XTUAD-F012FJKURGT-c293af4c1f\/image_from_ios_800.jpg?t=xoxe-13065946353-1831014033124-1821760734405-0591b3003861d046a3fe606fb5f44814",
                "thumb_800_w": 800,
                "thumb_800_h": 153,
                "thumb_960": "https:\/\/files.slack.com\/files-tmb\/T0D1XTUAD-F012FJKURGT-c293af4c1f\/image_from_ios_960.jpg?t=xoxe-13065946353-1831014033124-1821760734405-0591b3003861d046a3fe606fb5f44814",
                "thumb_960_w": 960,
                "thumb_960_h": 183,
                "thumb_1024": "https:\/\/files.slack.com\/files-tmb\/T0D1XTUAD-F012FJKURGT-c293af4c1f\/image_from_ios_1024.jpg?t=xoxe-13065946353-1831014033124-1821760734405-0591b3003861d046a3fe606fb5f44814",
                "thumb_1024_w": 1024,
                "thumb_1024_h": 196,
                "original_w": 2168,
                "original_h": 414,
                "thumb_tiny": "AwAJADC385OcAg+9OHmf3f1pWpV60yRQpIyeG+tLgjvQv3RS0ig+b1FHPtRRQB\/\/2Q==",
                "permalink": "https:\/\/kcwebteam.slack.com\/files\/U0NSCMBR8\/F012FJKURGT\/image_from_ios.jpg",
                "permalink_public": "https:\/\/slack-files.com\/T0D1XTUAD-F012FJKURGT-e042e0eabe",
                "is_starred": false,
                "has_rich_preview": false
            }
        ],
        "upload": true,
        "blocks": [
            {
                "type": "rich_text",
                "block_id": "it7X2",
                "elements": [
                    {
                        "type": "rich_text_section",
                        "elements": [
                            {
                                "type": "text",
                                "text": "Ah, yes. The earlier coffin email. It’s really quite simple.\n\nAD means Anno Domini, which is Latin for “in the year of the Lord”—the year Jesus was born. Because we were all born within the last 2,020 years, we all have AD accounts. Otherwise we would have BC accounts, which would connect to Roman Legion Server (RLS) rather than TEAM Foundation Server (TFS).\n\nThe RLS system has been deprecated, although it is still in use in the banking industry and some of King County’s older applications.\n\nLike the email said, the list took a long time to generate. That’s because the AD accounts include everyone born in the last couple of millenia.\n\nSince most of those people now reside in coffins, the artificial intelligence in charge of tracking them is named “JOSH Coffin.” That’s also why the email referred to it as a “late notice,” since most of the recipients are late, as in deceased.\n\nJOSH is the acronym for Joint Occupational Safety and Health, which is the organization in charge of tracking whether or not one is dead and in a coffin. It is occupationally unsafe to be in a coffin if one is not dead, and unhealthy to be dead but not in a coffin. (Vampires are a protected class and are not covered under these guidelines, although association with vampires is considered to be neither safe nor healthy.)\n\nThe Joint Occupational Safety and Health group is rather busy right now, with the pandemic, which is why the JOSH Coffin system is sending out these emails.\n\nTEAM is, of course, the acronym for “Threat Engagement Analysis Model.”\n\nWhen the JOSH system refers to “AD accounts that specifically have permission to connect to TEAM Foundation Server,” this is simply another way of stating that you are not yet dead. Dead people do not need to analyze and model threat engagement any more, because they are dead and therefore unlikely to feel threatened.\n\nHowever, dead people can "
                            },
                            {
                                "type": "text",
                                "text": "present",
                                "style": {
                                    "italic": true
                                }
                            },
                            {
                                "type": "text",
                                "text": " a threat, should they be within the bounds of the condition known as Zenith Of Malicious Brain-Insatiable Eating (ZOMBIE). In this case, access to TEAM Foundation Server will be insufficient to engage the threat, and you will become E-10 (pronounced E-Ten).\n\nI hope that clears up any questions you may have about the prior email."
                            }
                        ]
                    }
                ]
            }
        ],
        "user": "U0NSCMBR8",
        "display_as_bot": false,
        "ts": "1587699263.227500",
        "edited": {
            "user": "U0NSCMBR8",
            "ts": "1587699552.000000"
        },
        "client_msg_id": "851C4AF0-107B-49BB-8B52-FC58B7B94B57",
        "thread_ts": "1587699263.227500",
        "reply_count": 3,
        "reply_users_count": 3,
        "latest_reply": "1587748066.229700",
        "reply_users": [
            "UTV659Z8X",
            "U0NSCMBR8",
            "UUW3W20AU"
        ],
        "replies": [
            {
                "user": "UTV659Z8X",
                "ts": "1587744299.228500"
            },
            {
                "user": "U0NSCMBR8",
                "ts": "1587747815.229400"
            },
            {
                "user": "UUW3W20AU",
                "ts": "1587748066.229700"
            }
        ],
        "subscribed": false,
        "reactions": [
            {
                "name": "exploding_head",
                "users": [
                    "U0D1V0DPG",
                    "U7EP7P2JW"
                ],
                "count": 2
            },
            {
                "name": "joy",
                "users": [
                    "UUJNECG67",
                    "UUW3W20AU"
                ],
                "count": 2
            },
            {
                "name": "female_zombie",
                "users": [
                    "UUJNECG67",
                    "UUW3W20AU"
                ],
                "count": 2
            },
            {
                "name": "rolling_on_the_floor_laughing",
                "users": [
                    "UUW3W20AU"
                ],
                "count": 1
            },
            {
                "name": "coffin",
                "users": [
                    "UUW3W20AU"
                ],
                "count": 1
            }
        ]
    }
]