[
    {
        "client_msg_id": "f8fc57a7-42b6-4823-be86-78cbc6f8487b",
        "type": "message",
        "text": "My wife's Teams meeting with a class got bombed with nasty chats by students from other schools and it shut down the whole district for the remainder of the day.  The district had to redo their security settings and recreate the meeting links last night.",
        "user": "UUJNED77D",
        "ts": "1600190181.084100",
        "team": "T0D1XTUAD",
        "user_team": "T0D1XTUAD",
        "source_team": "T0D1XTUAD",
        "user_profile": {
            "avatar_hash": "5f4a213e859b",
            "image_72": "https:\/\/avatars.slack-edge.com\/2020-03-04\/982713408789_5f4a213e859b7369a972_72.jpg",
            "first_name": "Fred",
            "real_name": "Fred Bentler",
            "display_name": "Fred Bentler",
            "team": "T0D1XTUAD",
            "name": "fred.bentler",
            "is_restricted": false,
            "is_ultra_restricted": false
        },
        "blocks": [
            {
                "type": "rich_text",
                "block_id": "4VoHq",
                "elements": [
                    {
                        "type": "rich_text_section",
                        "elements": [
                            {
                                "type": "text",
                                "text": "My wife's Teams meeting with a class got bombed with nasty chats by students from other schools and it shut down the whole district for the remainder of the day.  The district had to redo their security settings and recreate the meeting links last night."
                            }
                        ]
                    }
                ]
            }
        ],
        "thread_ts": "1600190181.084100",
        "reply_count": 11,
        "reply_users_count": 5,
        "latest_reply": "1600463437.006300",
        "reply_users": [
            "U5Y0BDK51",
            "U7EP7P2JW",
            "UUJNED77D",
            "U0NSCMBR8",
            "UUW3W20AU"
        ],
        "replies": [
            {
                "user": "U5Y0BDK51",
                "ts": "1600190285.085400"
            },
            {
                "user": "U7EP7P2JW",
                "ts": "1600192317.086200"
            },
            {
                "user": "UUJNED77D",
                "ts": "1600193075.086500"
            },
            {
                "user": "U0NSCMBR8",
                "ts": "1600193591.086700"
            },
            {
                "user": "UUJNED77D",
                "ts": "1600197365.086900"
            },
            {
                "user": "U0NSCMBR8",
                "ts": "1600198736.087100"
            },
            {
                "user": "UUW3W20AU",
                "ts": "1600220202.087400"
            },
            {
                "user": "UUJNED77D",
                "ts": "1600354558.124400"
            },
            {
                "user": "UUW3W20AU",
                "ts": "1600378196.126300"
            },
            {
                "user": "U0NSCMBR8",
                "ts": "1600378558.126700"
            },
            {
                "user": "UUJNED77D",
                "ts": "1600463437.006300"
            }
        ],
        "subscribed": false
    },
    {
        "client_msg_id": "a1e2f150-fb8e-4f56-a97c-5cbed9378fca",
        "type": "message",
        "text": "Today or yesterday?",
        "user": "U5Y0BDK51",
        "ts": "1600190285.085400",
        "team": "T0D1XTUAD",
        "user_team": "T0D1XTUAD",
        "source_team": "T0D1XTUAD",
        "user_profile": {
            "avatar_hash": "8ead721adcae",
            "image_72": "https:\/\/avatars.slack-edge.com\/2020-02-27\/973218989973_8ead721adcae603f0609_72.jpg",
            "first_name": "Marisa",
            "real_name": "Marisa Mellema",
            "display_name": "Marisa Mellema",
            "team": "T0D1XTUAD",
            "name": "marisam",
            "is_restricted": false,
            "is_ultra_restricted": false
        },
        "blocks": [
            {
                "type": "rich_text",
                "block_id": "VcO4f",
                "elements": [
                    {
                        "type": "rich_text_section",
                        "elements": [
                            {
                                "type": "text",
                                "text": "Today or yesterday?"
                            }
                        ]
                    }
                ]
            }
        ],
        "thread_ts": "1600190181.084100",
        "parent_user_id": "UUJNED77D"
    },
    {
        "client_msg_id": "d854696d-a58f-4d40-8829-2e7b2ca12154",
        "type": "message",
        "text": "Yikes.",
        "user": "U7EP7P2JW",
        "ts": "1600192317.086200",
        "team": "T0D1XTUAD",
        "user_team": "T0D1XTUAD",
        "source_team": "T0D1XTUAD",
        "user_profile": {
            "avatar_hash": "7fac73a9f68f",
            "image_72": "https:\/\/avatars.slack-edge.com\/2020-11-05\/1503307917168_7fac73a9f68f9db6dfe6_72.png",
            "first_name": "Rebecca",
            "real_name": "Rebecca Watson",
            "display_name": "rebecca",
            "team": "T0D1XTUAD",
            "name": "rebecca.watson",
            "is_restricted": false,
            "is_ultra_restricted": false
        },
        "blocks": [
            {
                "type": "rich_text",
                "block_id": "DtwG",
                "elements": [
                    {
                        "type": "rich_text_section",
                        "elements": [
                            {
                                "type": "text",
                                "text": "Yikes."
                            }
                        ]
                    }
                ]
            }
        ],
        "thread_ts": "1600190181.084100",
        "parent_user_id": "UUJNED77D"
    },
    {
        "client_msg_id": "b3a5d55f-3a20-446f-bbe4-e60bdd3c17c1",
        "type": "message",
        "text": "Yesterday afternoon.  They're back up today.",
        "user": "UUJNED77D",
        "ts": "1600193075.086500",
        "team": "T0D1XTUAD",
        "user_team": "T0D1XTUAD",
        "source_team": "T0D1XTUAD",
        "user_profile": {
            "avatar_hash": "5f4a213e859b",
            "image_72": "https:\/\/avatars.slack-edge.com\/2020-03-04\/982713408789_5f4a213e859b7369a972_72.jpg",
            "first_name": "Fred",
            "real_name": "Fred Bentler",
            "display_name": "Fred Bentler",
            "team": "T0D1XTUAD",
            "name": "fred.bentler",
            "is_restricted": false,
            "is_ultra_restricted": false
        },
        "blocks": [
            {
                "type": "rich_text",
                "block_id": "HXDy",
                "elements": [
                    {
                        "type": "rich_text_section",
                        "elements": [
                            {
                                "type": "text",
                                "text": "Yesterday afternoon.  They're back up today."
                            }
                        ]
                    }
                ]
            }
        ],
        "thread_ts": "1600190181.084100",
        "parent_user_id": "UUJNED77D"
    },
    {
        "client_msg_id": "a3992684-f218-4afe-8c8d-23274b636080",
        "type": "message",
        "text": "“Today’s lesson is on the intersection of network security and terrible people.”",
        "user": "U0NSCMBR8",
        "ts": "1600193591.086700",
        "team": "T0D1XTUAD",
        "user_team": "T0D1XTUAD",
        "source_team": "T0D1XTUAD",
        "user_profile": {
            "avatar_hash": "28a69ac871a0",
            "image_72": "https:\/\/avatars.slack-edge.com\/2016-02-24\/22896597253_28a69ac871a00b39b963_72.jpg",
            "first_name": "Al",
            "real_name": "Al Boss",
            "display_name": "",
            "team": "T0D1XTUAD",
            "name": "alboss",
            "is_restricted": false,
            "is_ultra_restricted": false
        },
        "blocks": [
            {
                "type": "rich_text",
                "block_id": "QT+x",
                "elements": [
                    {
                        "type": "rich_text_section",
                        "elements": [
                            {
                                "type": "text",
                                "text": "“Today’s lesson is on the intersection of network security and terrible people.”"
                            }
                        ]
                    }
                ]
            }
        ],
        "thread_ts": "1600190181.084100",
        "parent_user_id": "UUJNED77D"
    },
    {
        "client_msg_id": "de5c19c8-0b13-4009-bd09-e3bef5919614",
        "type": "message",
        "text": "I thought it was worth mentioning since we're adopting Teams. I think King County is more formal than the schools with security though.",
        "user": "UUJNED77D",
        "ts": "1600197365.086900",
        "team": "T0D1XTUAD",
        "user_team": "T0D1XTUAD",
        "source_team": "T0D1XTUAD",
        "user_profile": {
            "avatar_hash": "5f4a213e859b",
            "image_72": "https:\/\/avatars.slack-edge.com\/2020-03-04\/982713408789_5f4a213e859b7369a972_72.jpg",
            "first_name": "Fred",
            "real_name": "Fred Bentler",
            "display_name": "Fred Bentler",
            "team": "T0D1XTUAD",
            "name": "fred.bentler",
            "is_restricted": false,
            "is_ultra_restricted": false
        },
        "blocks": [
            {
                "type": "rich_text",
                "block_id": "aj2ba",
                "elements": [
                    {
                        "type": "rich_text_section",
                        "elements": [
                            {
                                "type": "text",
                                "text": "I thought it was worth mentioning since we're adopting Teams. I think King County is more formal than the schools with security though."
                            }
                        ]
                    }
                ]
            }
        ],
        "thread_ts": "1600190181.084100",
        "parent_user_id": "UUJNED77D"
    },
    {
        "client_msg_id": "704e4e6b-b7fb-46cb-832f-c61c4818f6c8",
        "type": "message",
        "text": "I think we’re smarter about it. School IT is probably staffed really poorly, judging from the unwise shortcuts I saw them take when Nathan was in school.",
        "user": "U0NSCMBR8",
        "ts": "1600198736.087100",
        "team": "T0D1XTUAD",
        "user_team": "T0D1XTUAD",
        "source_team": "T0D1XTUAD",
        "user_profile": {
            "avatar_hash": "28a69ac871a0",
            "image_72": "https:\/\/avatars.slack-edge.com\/2016-02-24\/22896597253_28a69ac871a00b39b963_72.jpg",
            "first_name": "Al",
            "real_name": "Al Boss",
            "display_name": "",
            "team": "T0D1XTUAD",
            "name": "alboss",
            "is_restricted": false,
            "is_ultra_restricted": false
        },
        "blocks": [
            {
                "type": "rich_text",
                "block_id": "xTRcL",
                "elements": [
                    {
                        "type": "rich_text_section",
                        "elements": [
                            {
                                "type": "text",
                                "text": "I think we’re smarter about it. School IT is probably staffed really poorly, judging from the unwise shortcuts I saw them take when Nathan was in school."
                            }
                        ]
                    }
                ]
            }
        ],
        "thread_ts": "1600190181.084100",
        "parent_user_id": "UUJNED77D"
    },
    {
        "client_msg_id": "c43ba632-8407-4a09-8790-7b1d38e028ae",
        "type": "message",
        "text": "Nasty chats? As in kids from a rival school hacked the Teams account and started calling students \"poopy face\" and \"booger sniffer\" or, as in, tweens using Teams for sexting somehow made it into the the Teams class meeting???",
        "user": "UUW3W20AU",
        "ts": "1600220202.087400",
        "team": "T0D1XTUAD",
        "user_team": "T0D1XTUAD",
        "source_team": "T0D1XTUAD",
        "user_profile": {
            "avatar_hash": "0c87430f5419",
            "image_72": "https:\/\/avatars.slack-edge.com\/2020-03-04\/984414387030_0c87430f5419d7de3cea_72.jpg",
            "first_name": "Elizabeth",
            "real_name": "Elizabeth Inglese",
            "display_name": "Tish",
            "team": "T0D1XTUAD",
            "name": "einglese",
            "is_restricted": false,
            "is_ultra_restricted": false
        },
        "blocks": [
            {
                "type": "rich_text",
                "block_id": "qSn7Q",
                "elements": [
                    {
                        "type": "rich_text_section",
                        "elements": [
                            {
                                "type": "text",
                                "text": "Nasty chats? As in kids from a rival school hacked the Teams account and started calling students \"poopy face\" and \"booger sniffer\" or, as in, tweens using Teams for sexting somehow made it into the the Teams class meeting???"
                            }
                        ]
                    }
                ]
            }
        ],
        "thread_ts": "1600190181.084100",
        "parent_user_id": "UUJNED77D"
    },
    {
        "client_msg_id": "7e79f20f-cc32-4289-a160-9e2e22eb4059",
        "type": "message",
        "text": "Jesus! this is NOT what I moved to Seattle for!",
        "user": "UUW3W20AU",
        "ts": "1600220233.087600",
        "team": "T0D1XTUAD",
        "user_team": "T0D1XTUAD",
        "source_team": "T0D1XTUAD",
        "user_profile": {
            "avatar_hash": "0c87430f5419",
            "image_72": "https:\/\/avatars.slack-edge.com\/2020-03-04\/984414387030_0c87430f5419d7de3cea_72.jpg",
            "first_name": "Elizabeth",
            "real_name": "Elizabeth Inglese",
            "display_name": "Tish",
            "team": "T0D1XTUAD",
            "name": "einglese",
            "is_restricted": false,
            "is_ultra_restricted": false
        },
        "blocks": [
            {
                "type": "rich_text",
                "block_id": "PKda",
                "elements": [
                    {
                        "type": "rich_text_section",
                        "elements": [
                            {
                                "type": "text",
                                "text": "Jesus! this is NOT what I moved to Seattle for!"
                            }
                        ]
                    }
                ]
            }
        ],
        "thread_ts": "1600123678.079800",
        "parent_user_id": "UUJNECG67"
    },
    {
        "client_msg_id": "c85446e5-1c98-4e13-a1b6-5a5f84602e4b",
        "type": "message",
        "text": "<@UUW3W20AU> it’s down to 227 now",
        "user": "UUJNECG67",
        "ts": "1600220391.087800",
        "team": "T0D1XTUAD",
        "user_team": "T0D1XTUAD",
        "source_team": "T0D1XTUAD",
        "user_profile": {
            "avatar_hash": "3770b096c03c",
            "image_72": "https:\/\/avatars.slack-edge.com\/2020-08-27\/1329102233075_3770b096c03ccdfc53b6_72.png",
            "first_name": "Andrea",
            "real_name": "Andrea",
            "display_name": "Andrea",
            "team": "T0D1XTUAD",
            "name": "andrea.rouleau",
            "is_restricted": false,
            "is_ultra_restricted": false
        },
        "blocks": [
            {
                "type": "rich_text",
                "block_id": "jAmM",
                "elements": [
                    {
                        "type": "rich_text_section",
                        "elements": [
                            {
                                "type": "user",
                                "user_id": "UUW3W20AU"
                            },
                            {
                                "type": "text",
                                "text": " it’s down to 227 now"
                            }
                        ]
                    }
                ]
            }
        ],
        "thread_ts": "1600123678.079800",
        "parent_user_id": "UUJNECG67"
    },
    {
        "client_msg_id": "41fe9cfd-ee68-459d-ae9b-5472f83759e1",
        "type": "message",
        "text": "There’s hope. We have to hang onto hope.",
        "user": "UUJNECG67",
        "ts": "1600220408.088000",
        "team": "T0D1XTUAD",
        "user_team": "T0D1XTUAD",
        "source_team": "T0D1XTUAD",
        "user_profile": {
            "avatar_hash": "3770b096c03c",
            "image_72": "https:\/\/avatars.slack-edge.com\/2020-08-27\/1329102233075_3770b096c03ccdfc53b6_72.png",
            "first_name": "Andrea",
            "real_name": "Andrea",
            "display_name": "Andrea",
            "team": "T0D1XTUAD",
            "name": "andrea.rouleau",
            "is_restricted": false,
            "is_ultra_restricted": false
        },
        "blocks": [
            {
                "type": "rich_text",
                "block_id": "gX97",
                "elements": [
                    {
                        "type": "rich_text_section",
                        "elements": [
                            {
                                "type": "text",
                                "text": "There’s hope. We have to hang onto hope."
                            }
                        ]
                    }
                ]
            }
        ],
        "thread_ts": "1600123678.079800",
        "parent_user_id": "UUJNECG67"
    }
]