[
    {
        "client_msg_id": "81a13d47-0cc0-4e41-9659-87a5e7f49c7d",
        "type": "message",
        "text": "FYI I just got off the phone with Public Health (my son's bf learned yesterday that a co-worker has tested positive and he should consider himself exposed :grimacing:), and I just want to say that the woman I talked to was stellar: calm, informative, encouraging, kind. I wish I'd written down her name so I could send a commendation - anyway kudos to all of Public Health and to those of you who are directly supporting them. I'm thankful for you all.",
        "user": "U7EQMP760",
        "ts": "1584720421.108700",
        "team": "T0D1XTUAD",
        "user_team": "T0D1XTUAD",
        "source_team": "T0D1XTUAD",
        "user_profile": {
            "avatar_hash": "db1abed225d9",
            "image_72": "https:\/\/avatars.slack-edge.com\/2020-03-14\/990754009969_db1abed225d9635aae98_72.jpg",
            "first_name": "",
            "real_name": "Mary Delahanty",
            "display_name": "",
            "team": "T0D1XTUAD",
            "name": "mary.delahanty",
            "is_restricted": false,
            "is_ultra_restricted": false
        },
        "blocks": [
            {
                "type": "rich_text",
                "block_id": "=BMY2",
                "elements": [
                    {
                        "type": "rich_text_section",
                        "elements": [
                            {
                                "type": "text",
                                "text": "FYI I just got off the phone with Public Health (my son's bf learned yesterday that a co-worker has tested positive and he should consider himself exposed "
                            },
                            {
                                "type": "emoji",
                                "name": "grimacing"
                            },
                            {
                                "type": "text",
                                "text": "), and I just want to say that the woman I talked to was stellar: calm, informative, encouraging, kind. I wish I'd written down her name so I could send a commendation - anyway kudos to all of Public Health and to those of you who are directly supporting them. I'm thankful for you all."
                            }
                        ]
                    }
                ]
            }
        ],
        "thread_ts": "1584720421.108700",
        "reply_count": 2,
        "reply_users_count": 2,
        "latest_reply": "1584723211.109600",
        "reply_users": [
            "UTJQGG2MT",
            "U7EQMP760"
        ],
        "replies": [
            {
                "user": "UTJQGG2MT",
                "ts": "1584722887.109400"
            },
            {
                "user": "U7EQMP760",
                "ts": "1584723211.109600"
            }
        ],
        "subscribed": false,
        "reactions": [
            {
                "name": "+1::skin-tone-3",
                "users": [
                    "U0NSCMBR8",
                    "UUYA52R62",
                    "U7EP7P2JW",
                    "UT7A459JP"
                ],
                "count": 4
            },
            {
                "name": "heart",
                "users": [
                    "UTJQGG2MT",
                    "U7EP7P2JW"
                ],
                "count": 2
            }
        ]
    },
    {
        "client_msg_id": "70ca48e2-3654-4875-a3d5-a2dbc6a22b52",
        "type": "message",
        "text": "Oh, wow - that's so nerve-wracking! I'm glad PH was helpful :slightly_smiling_face: They're upstairs from us in Chinook and they seem like a really great group of people.",
        "user": "UTJQGG2MT",
        "ts": "1584722887.109400",
        "team": "T0D1XTUAD",
        "user_team": "T0D1XTUAD",
        "source_team": "T0D1XTUAD",
        "user_profile": {
            "avatar_hash": "ea01aedbdf08",
            "image_72": "https:\/\/avatars.slack-edge.com\/2020-09-21\/1370342944630_ea01aedbdf0893e7c9db_72.jpg",
            "first_name": "Jaime",
            "real_name": "Jaime Schatz",
            "display_name": "Jaime Schatz",
            "team": "T0D1XTUAD",
            "name": "jschatz",
            "is_restricted": false,
            "is_ultra_restricted": false
        },
        "blocks": [
            {
                "type": "rich_text",
                "block_id": "2VwWo",
                "elements": [
                    {
                        "type": "rich_text_section",
                        "elements": [
                            {
                                "type": "text",
                                "text": "Oh, wow - that's so nerve-wracking! I'm glad PH was helpful "
                            },
                            {
                                "type": "emoji",
                                "name": "slightly_smiling_face"
                            },
                            {
                                "type": "text",
                                "text": " They're upstairs from us in Chinook and they seem like a really great group of people."
                            }
                        ]
                    }
                ]
            }
        ],
        "thread_ts": "1584720421.108700",
        "parent_user_id": "U7EQMP760"
    },
    {
        "client_msg_id": "8e67616e-ef78-49e8-9b8d-0b2ea1966094",
        "type": "message",
        "text": "I can't imagine how stressful this time is for them. I'm sure a lot of understandably agitated people are calling to ask for testing or answers that they just can't provide.",
        "user": "U7EQMP760",
        "ts": "1584723211.109600",
        "team": "T0D1XTUAD",
        "user_team": "T0D1XTUAD",
        "source_team": "T0D1XTUAD",
        "user_profile": {
            "avatar_hash": "db1abed225d9",
            "image_72": "https:\/\/avatars.slack-edge.com\/2020-03-14\/990754009969_db1abed225d9635aae98_72.jpg",
            "first_name": "",
            "real_name": "Mary Delahanty",
            "display_name": "",
            "team": "T0D1XTUAD",
            "name": "mary.delahanty",
            "is_restricted": false,
            "is_ultra_restricted": false
        },
        "blocks": [
            {
                "type": "rich_text",
                "block_id": "+y3",
                "elements": [
                    {
                        "type": "rich_text_section",
                        "elements": [
                            {
                                "type": "text",
                                "text": "I can't imagine how stressful this time is for them. I'm sure a lot of understandably agitated people are calling to ask for testing or answers that they just can't provide."
                            }
                        ]
                    }
                ]
            }
        ],
        "thread_ts": "1584720421.108700",
        "parent_user_id": "U7EQMP760"
    },
    {
        "client_msg_id": "7f336850-8717-4cfc-985d-6870ffae2971",
        "type": "message",
        "text": "*COVID-19 -  Donation\/Volunteer opportunities:* \nSew face masks for local hospitals: <https:\/\/komonews.com\/news\/coronavirus\/providence-hospital-asking-for-volunteers-to-sew-medical-masks-to-battle-coronavirus>\nHere is a link to mask patterns if you can't pick up a kit: <https:\/\/so-sew-easy.com\/face-mask-sewing-patterns\/?fbclid=IwAR2DXknRuWZ7_v0jJDb-fBxSHJ1-THeqosZZ1T3AbuFgRZhSzNiOmsHi0oo>\nDonate to local restaurants providing food to healthcare workers: <https:\/\/crosscut.com\/2020\/03\/seattle-restaurants-are-keeping-hospital-staff-fed-and-picking-tab>\nDonate blood: <https:\/\/www.bloodworksnw.org\/donate\/locations>",
        "user": "U7EP7P2JW",
        "ts": "1584725570.111300",
        "team": "T0D1XTUAD",
        "user_team": "T0D1XTUAD",
        "source_team": "T0D1XTUAD",
        "user_profile": {
            "avatar_hash": "7fac73a9f68f",
            "image_72": "https:\/\/avatars.slack-edge.com\/2020-11-05\/1503307917168_7fac73a9f68f9db6dfe6_72.png",
            "first_name": "Rebecca",
            "real_name": "Rebecca Watson",
            "display_name": "rebecca",
            "team": "T0D1XTUAD",
            "name": "rebecca.watson",
            "is_restricted": false,
            "is_ultra_restricted": false
        },
        "edited": {
            "user": "U7EP7P2JW",
            "ts": "1584726944.000000"
        },
        "attachments": [
            {
                "service_name": "KOMO",
                "title": "Providence Hospital asking for volunteers to sew medical masks to battle coronavirus",
                "title_link": "https:\/\/komonews.com\/news\/coronavirus\/providence-hospital-asking-for-volunteers-to-sew-medical-masks-to-battle-coronavirus",
                "text": "The looming medical supply shortage facing healthcare workers on the frontlines of the coronavirus battle has one local hospital asking for volunteers to make its own medical masks. As part of its \"100 Million Mask Challenge\" Providence Hospital is beginning its efforts to combat the shortage of medical masks. The hospital is asking for volunteers with the ability to sew and has a sewing machine at home to make at least 100 masks.",
                "fallback": "KOMO: Providence Hospital asking for volunteers to sew medical masks to battle coronavirus",
                "image_url": "http:\/\/static-34.sinclairstoryline.com\/resources\/media\/973d2af8-8bf3-47cc-bd48-152cdaabebf6-large16x9_ftp30providencehospitalrodentsnick430pkgnpp_frame_1072.jpg?1584682820944",
                "ts": 1584657672,
                "from_url": "https:\/\/komonews.com\/news\/coronavirus\/providence-hospital-asking-for-volunteers-to-sew-medical-masks-to-battle-coronavirus",
                "image_width": 444,
                "image_height": 250,
                "image_bytes": 367616,
                "service_icon": "http:\/\/static-36.sinclairstoryline.com\/resources\/assets\/komo\/images\/logos\/favicon.ico",
                "id": 1,
                "original_url": "https:\/\/komonews.com\/news\/coronavirus\/providence-hospital-asking-for-volunteers-to-sew-medical-masks-to-battle-coronavirus"
            },
            {
                "title": "Seattle restaurants are keeping hospital staff fed — and picking up the tab",
                "title_link": "https:\/\/crosscut.com\/2020\/03\/seattle-restaurants-are-keeping-hospital-staff-fed-and-picking-tab",
                "text": "Cooking up excess food also keeps workers paid during coronavirus closures.",
                "fallback": "Seattle restaurants are keeping hospital staff fed — and picking up the tab",
                "image_url": "https:\/\/crosscut.com\/sites\/default\/files\/images\/articles\/200317_coronavirus_food_02.jpg",
                "from_url": "https:\/\/crosscut.com\/2020\/03\/seattle-restaurants-are-keeping-hospital-staff-fed-and-picking-tab",
                "image_width": 375,
                "image_height": 250,
                "image_bytes": 2004560,
                "service_icon": "https:\/\/crosscut.com\/themes\/custom\/crosscut\/favicon\/apple-touch-icon.png?v=A07XApmMAk",
                "service_name": "crosscut.com",
                "id": 2,
                "original_url": "https:\/\/crosscut.com\/2020\/03\/seattle-restaurants-are-keeping-hospital-staff-fed-and-picking-tab"
            }
        ],
        "blocks": [
            {
                "type": "rich_text",
                "block_id": "fja9",
                "elements": [
                    {
                        "type": "rich_text_section",
                        "elements": [
                            {
                                "type": "text",
                                "text": "COVID-19 -  Donation\/Volunteer opportunities: ",
                                "style": {
                                    "bold": true
                                }
                            },
                            {
                                "type": "text",
                                "text": "\nSew face masks for local hospitals: "
                            },
                            {
                                "type": "link",
                                "url": "https:\/\/komonews.com\/news\/coronavirus\/providence-hospital-asking-for-volunteers-to-sew-medical-masks-to-battle-coronavirus"
                            },
                            {
                                "type": "text",
                                "text": "\nHere is a link to mask patterns if you can't pick up a kit: "
                            },
                            {
                                "type": "link",
                                "url": "https:\/\/so-sew-easy.com\/face-mask-sewing-patterns\/?fbclid=IwAR2DXknRuWZ7_v0jJDb-fBxSHJ1-THeqosZZ1T3AbuFgRZhSzNiOmsHi0oo"
                            },
                            {
                                "type": "text",
                                "text": "\nDonate to local restaurants providing food to healthcare workers: "
                            },
                            {
                                "type": "link",
                                "url": "https:\/\/crosscut.com\/2020\/03\/seattle-restaurants-are-keeping-hospital-staff-fed-and-picking-tab"
                            },
                            {
                                "type": "text",
                                "text": "\nDonate blood: "
                            },
                            {
                                "type": "link",
                                "url": "https:\/\/www.bloodworksnw.org\/donate\/locations"
                            }
                        ]
                    }
                ]
            }
        ],
        "reactions": [
            {
                "name": "male-cook",
                "users": [
                    "U7EQMP760"
                ],
                "count": 1
            },
            {
                "name": "female-doctor",
                "users": [
                    "U7EQMP760"
                ],
                "count": 1
            },
            {
                "name": "heart",
                "users": [
                    "UUJNECG67"
                ],
                "count": 1
            },
            {
                "name": "+1::skin-tone-4",
                "users": [
                    "UUJNECG67"
                ],
                "count": 1
            }
        ]
    },
    {
        "client_msg_id": "226f0ccc-d614-4df4-ac56-427a6c21f911",
        "type": "message",
        "text": "I ordered enough elastic to make about 225 face masks! I think I'll be spending a lot of my spare time sewing those.",
        "user": "UUL14UHHP",
        "ts": "1584728252.113100",
        "team": "T0D1XTUAD",
        "user_team": "T0D1XTUAD",
        "source_team": "T0D1XTUAD",
        "user_profile": {
            "avatar_hash": "0662c2f07684",
            "image_72": "https:\/\/avatars.slack-edge.com\/2020-03-04\/982524968624_0662c2f07684e471e99d_72.png",
            "first_name": "Wendy",
            "real_name": "Wendy Gable Collins",
            "display_name": "Wendy",
            "team": "T0D1XTUAD",
            "name": "wendy.collins",
            "is_restricted": false,
            "is_ultra_restricted": false
        },
        "blocks": [
            {
                "type": "rich_text",
                "block_id": "gf68",
                "elements": [
                    {
                        "type": "rich_text_section",
                        "elements": [
                            {
                                "type": "text",
                                "text": "I ordered enough elastic to make about 225 face masks! I think I'll be spending a lot of my spare time sewing those."
                            }
                        ]
                    }
                ]
            }
        ],
        "thread_ts": "1584728252.113100",
        "reply_count": 7,
        "reply_users_count": 5,
        "latest_reply": "1584736142.118600",
        "reply_users": [
            "U0D1W09V4",
            "U0NSCMBR8",
            "UUL14UHHP",
            "U7EP7P2JW",
            "UUYA52R62"
        ],
        "replies": [
            {
                "user": "U0D1W09V4",
                "ts": "1584734552.113800"
            },
            {
                "user": "U0NSCMBR8",
                "ts": "1584735053.114000"
            },
            {
                "user": "UUL14UHHP",
                "ts": "1584735087.114800"
            },
            {
                "user": "U7EP7P2JW",
                "ts": "1584735608.116700"
            },
            {
                "user": "U7EP7P2JW",
                "ts": "1584735642.117400"
            },
            {
                "user": "UUYA52R62",
                "ts": "1584736127.118400"
            },
            {
                "user": "UUYA52R62",
                "ts": "1584736142.118600"
            }
        ],
        "subscribed": false,
        "reactions": [
            {
                "name": "heart",
                "users": [
                    "UUJNECG67",
                    "U7EP7P2JW",
                    "UFDNKQCU9"
                ],
                "count": 3
            },
            {
                "name": "clap",
                "users": [
                    "U7EQMP760",
                    "U7EP7P2JW",
                    "U5Y0BDK51"
                ],
                "count": 3
            }
        ]
    },
    {
        "client_msg_id": "8c568956-0690-4205-be45-972c16438f9c",
        "type": "message",
        "text": "How does that work? Do they give you a pattern? Do they run it through their sterile services department?",
        "user": "U0D1W09V4",
        "ts": "1584734552.113800",
        "team": "T0D1XTUAD",
        "user_team": "T0D1XTUAD",
        "source_team": "T0D1XTUAD",
        "user_profile": {
            "avatar_hash": "69a03f210a7e",
            "image_72": "https:\/\/avatars.slack-edge.com\/2020-04-03\/1036225284226_69a03f210a7ec4e12108_72.jpg",
            "first_name": "Beth",
            "real_name": "Beth Cheatham",
            "display_name": "beth.cheatham",
            "team": "T0D1XTUAD",
            "name": "beth.cheatham",
            "is_restricted": false,
            "is_ultra_restricted": false
        },
        "blocks": [
            {
                "type": "rich_text",
                "block_id": "uO2z",
                "elements": [
                    {
                        "type": "rich_text_section",
                        "elements": [
                            {
                                "type": "text",
                                "text": "How does that work? Do they give you a pattern? Do they run it through their sterile services department?"
                            }
                        ]
                    }
                ]
            }
        ],
        "thread_ts": "1584728252.113100",
        "parent_user_id": "UUL14UHHP"
    },
    {
        "client_msg_id": "2122e339-c808-4776-bb3b-8112478d9424",
        "type": "message",
        "text": "The article said there’s a pattern. I assume they treat it like soiled laundry and sterilize it.",
        "user": "U0NSCMBR8",
        "ts": "1584735053.114000",
        "team": "T0D1XTUAD",
        "user_team": "T0D1XTUAD",
        "source_team": "T0D1XTUAD",
        "user_profile": {
            "avatar_hash": "28a69ac871a0",
            "image_72": "https:\/\/avatars.slack-edge.com\/2016-02-24\/22896597253_28a69ac871a00b39b963_72.jpg",
            "first_name": "Al",
            "real_name": "Al Boss",
            "display_name": "",
            "team": "T0D1XTUAD",
            "name": "alboss",
            "is_restricted": false,
            "is_ultra_restricted": false
        },
        "blocks": [
            {
                "type": "rich_text",
                "block_id": "VV4T",
                "elements": [
                    {
                        "type": "rich_text_section",
                        "elements": [
                            {
                                "type": "text",
                                "text": "The article said there’s a pattern. I assume they treat it like soiled laundry and sterilize it."
                            }
                        ]
                    }
                ]
            }
        ],
        "thread_ts": "1584728252.113100",
        "parent_user_id": "UUL14UHHP"
    },
    {
        "client_msg_id": "CD3E5A3A-B3DB-4783-B0A6-FDB419C1292C",
        "type": "message",
        "text": "I found a few patterns online. I’m going to research it this weekend. ",
        "user": "UUL14UHHP",
        "ts": "1584735087.114800",
        "team": "T0D1XTUAD",
        "user_team": "T0D1XTUAD",
        "source_team": "T0D1XTUAD",
        "user_profile": {
            "avatar_hash": "0662c2f07684",
            "image_72": "https:\/\/avatars.slack-edge.com\/2020-03-04\/982524968624_0662c2f07684e471e99d_72.png",
            "first_name": "Wendy",
            "real_name": "Wendy Gable Collins",
            "display_name": "Wendy",
            "team": "T0D1XTUAD",
            "name": "wendy.collins",
            "is_restricted": false,
            "is_ultra_restricted": false
        },
        "blocks": [
            {
                "type": "rich_text",
                "block_id": "Tiv",
                "elements": [
                    {
                        "type": "rich_text_section",
                        "elements": [
                            {
                                "type": "text",
                                "text": "I found a few patterns online. I’m going to research it this weekend. "
                            }
                        ]
                    }
                ]
            }
        ],
        "thread_ts": "1584728252.113100",
        "parent_user_id": "UUL14UHHP"
    },
    {
        "client_msg_id": "39a35e81-25e3-45f5-9d9c-0e2a992cefde",
        "type": "message",
        "text": "All kits produced have been claimed: <https:\/\/www.providence.org\/lp\/100m-masks>",
        "user": "U7EP7P2JW",
        "ts": "1584735608.116700",
        "team": "T0D1XTUAD",
        "user_team": "T0D1XTUAD",
        "source_team": "T0D1XTUAD",
        "user_profile": {
            "avatar_hash": "7fac73a9f68f",
            "image_72": "https:\/\/avatars.slack-edge.com\/2020-11-05\/1503307917168_7fac73a9f68f9db6dfe6_72.png",
            "first_name": "Rebecca",
            "real_name": "Rebecca Watson",
            "display_name": "rebecca",
            "team": "T0D1XTUAD",
            "name": "rebecca.watson",
            "is_restricted": false,
            "is_ultra_restricted": false
        },
        "attachments": [
            {
                "title": "100 Million Masks",
                "title_link": "https:\/\/www.providence.org\/lp\/100m-masks",
                "text": "The global demand for personal protective equipment (PPE) has created a severe shortage of PPE across the world. While regular distribution channels ramp up, we need to act now to ensure caregivers have the isolation masks they need to do their jobs safely.",
                "fallback": "100 Million Masks",
                "from_url": "https:\/\/www.providence.org\/lp\/100m-masks",
                "service_icon": "https:\/\/www.providence.org\/favicon.ico",
                "service_name": "providence.org",
                "id": 1,
                "original_url": "https:\/\/www.providence.org\/lp\/100m-masks"
            }
        ],
        "blocks": [
            {
                "type": "rich_text",
                "block_id": "oia",
                "elements": [
                    {
                        "type": "rich_text_section",
                        "elements": [
                            {
                                "type": "text",
                                "text": "All kits produced have been claimed: "
                            },
                            {
                                "type": "link",
                                "url": "https:\/\/www.providence.org\/lp\/100m-masks"
                            }
                        ]
                    }
                ]
            }
        ],
        "thread_ts": "1584728252.113100",
        "parent_user_id": "UUL14UHHP"
    },
    {
        "client_msg_id": "a3f04811-0cf2-4cd2-9674-0004999009ec",
        "type": "message",
        "text": "Here is a link to mask patterns if you can't pick up a kit: <https:\/\/so-sew-easy.com\/face-mask-sewing-patterns\/?fbclid=IwAR2DXknRuWZ7_v0jJDb-fBxSHJ1-THeqosZZ1T3AbuFgRZhSzNiOmsHi0oo>",
        "user": "U7EP7P2JW",
        "ts": "1584735642.117400",
        "team": "T0D1XTUAD",
        "user_team": "T0D1XTUAD",
        "source_team": "T0D1XTUAD",
        "user_profile": {
            "avatar_hash": "7fac73a9f68f",
            "image_72": "https:\/\/avatars.slack-edge.com\/2020-11-05\/1503307917168_7fac73a9f68f9db6dfe6_72.png",
            "first_name": "Rebecca",
            "real_name": "Rebecca Watson",
            "display_name": "rebecca",
            "team": "T0D1XTUAD",
            "name": "rebecca.watson",
            "is_restricted": false,
            "is_ultra_restricted": false
        },
        "attachments": [
            {
                "service_name": "So Sew Easy",
                "title": "Face Mask Sewing Patterns Roundup - So Sew Easy",
                "title_link": "https:\/\/so-sew-easy.com\/face-mask-sewing-patterns\/?fbclid=IwAR2DXknRuWZ7_v0jJDb-fBxSHJ1-THeqosZZ1T3AbuFgRZhSzNiOmsHi0oo",
                "text": "Here's a list of some of the best face mask sewing patterns that I could find on the internet.  I hope they are of value to you.",
                "fallback": "So Sew Easy: Face Mask Sewing Patterns Roundup - So Sew Easy",
                "image_url": "https:\/\/so-sew-easy.com\/wp-content\/uploads\/2020\/03\/face-mask-sewing-patterns.jpg",
                "image_width": 298,
                "image_height": 250,
                "ts": 1584031438,
                "from_url": "https:\/\/so-sew-easy.com\/face-mask-sewing-patterns\/?fbclid=IwAR2DXknRuWZ7_v0jJDb-fBxSHJ1-THeqosZZ1T3AbuFgRZhSzNiOmsHi0oo",
                "image_bytes": 64725,
                "service_icon": "https:\/\/so-sew-easy.com\/wp-content\/uploads\/2013\/01\/Favicon1.png",
                "id": 1,
                "original_url": "https:\/\/so-sew-easy.com\/face-mask-sewing-patterns\/?fbclid=IwAR2DXknRuWZ7_v0jJDb-fBxSHJ1-THeqosZZ1T3AbuFgRZhSzNiOmsHi0oo"
            }
        ],
        "blocks": [
            {
                "type": "rich_text",
                "block_id": "bMoi",
                "elements": [
                    {
                        "type": "rich_text_section",
                        "elements": [
                            {
                                "type": "text",
                                "text": "Here is a link to mask patterns if you can't pick up a kit: "
                            },
                            {
                                "type": "link",
                                "url": "https:\/\/so-sew-easy.com\/face-mask-sewing-patterns\/?fbclid=IwAR2DXknRuWZ7_v0jJDb-fBxSHJ1-THeqosZZ1T3AbuFgRZhSzNiOmsHi0oo"
                            }
                        ]
                    }
                ]
            }
        ],
        "thread_ts": "1584728252.113100",
        "parent_user_id": "UUL14UHHP"
    },
    {
        "client_msg_id": "63e8a029-d2d1-4cdd-ac96-b0212280d165",
        "type": "message",
        "text": "Wow; Metro has eliminated fares on all transit for now.\n\nI wish they’d just make that permanent. Some cities have done that. Apparently in those places that have done this, the infrastructure around fare collection costs almost as much as the collection takes in, and the increase in ridership made it palatable.",
        "user": "U0NSCMBR8",
        "ts": "1584735662.117900",
        "team": "T0D1XTUAD",
        "user_team": "T0D1XTUAD",
        "source_team": "T0D1XTUAD",
        "user_profile": {
            "avatar_hash": "28a69ac871a0",
            "image_72": "https:\/\/avatars.slack-edge.com\/2016-02-24\/22896597253_28a69ac871a00b39b963_72.jpg",
            "first_name": "Al",
            "real_name": "Al Boss",
            "display_name": "",
            "team": "T0D1XTUAD",
            "name": "alboss",
            "is_restricted": false,
            "is_ultra_restricted": false
        },
        "blocks": [
            {
                "type": "rich_text",
                "block_id": "oup",
                "elements": [
                    {
                        "type": "rich_text_section",
                        "elements": [
                            {
                                "type": "text",
                                "text": "Wow; Metro has eliminated fares on all transit for now.\n\nI wish they’d just make that permanent. Some cities have done that. Apparently in those places that have done this, the infrastructure around fare collection costs almost as much as the collection takes in, and the increase in ridership made it palatable."
                            }
                        ]
                    }
                ]
            }
        ],
        "reactions": [
            {
                "name": "+1",
                "users": [
                    "UUW3W20AU",
                    "UUJNECG67",
                    "UFDNKQCU9",
                    "U7EP7P2JW"
                ],
                "count": 4
            }
        ]
    },
    {
        "client_msg_id": "6dfcaa3a-9496-4da7-a786-72f1b53e1177",
        "type": "message",
        "text": "With regard to donations, there’s also <https:\/\/www.artsfund.org\/covid-19-relief-fund\/>",
        "user": "U0NSCMBR8",
        "ts": "1584735742.118200",
        "team": "T0D1XTUAD",
        "user_team": "T0D1XTUAD",
        "source_team": "T0D1XTUAD",
        "user_profile": {
            "avatar_hash": "28a69ac871a0",
            "image_72": "https:\/\/avatars.slack-edge.com\/2016-02-24\/22896597253_28a69ac871a00b39b963_72.jpg",
            "first_name": "Al",
            "real_name": "Al Boss",
            "display_name": "",
            "team": "T0D1XTUAD",
            "name": "alboss",
            "is_restricted": false,
            "is_ultra_restricted": false
        },
        "attachments": [
            {
                "title": "COVID-19 Arts Emergency Relief Fund | ArtsFund",
                "title_link": "https:\/\/www.artsfund.org\/covid-19-relief-fund\/",
                "text": "ArtsFund created the COVID-19 Arts Emergency Relief Fund to help stabilize the sector with immediate relief grants for arts organizations negatively impacted by",
                "fallback": "COVID-19 Arts Emergency Relief Fund | ArtsFund",
                "from_url": "https:\/\/www.artsfund.org\/covid-19-relief-fund\/",
                "service_icon": "https:\/\/www.artsfund.org\/wp-content\/uploads\/2015\/08\/cropped-site-icon-logo-300x300.jpg",
                "service_name": "artsfund.org",
                "id": 1,
                "original_url": "https:\/\/www.artsfund.org\/covid-19-relief-fund\/"
            }
        ],
        "blocks": [
            {
                "type": "rich_text",
                "block_id": "RQS",
                "elements": [
                    {
                        "type": "rich_text_section",
                        "elements": [
                            {
                                "type": "text",
                                "text": "With regard to donations, there’s also "
                            },
                            {
                                "type": "link",
                                "url": "https:\/\/www.artsfund.org\/covid-19-relief-fund\/"
                            }
                        ]
                    }
                ]
            }
        ],
        "reactions": [
            {
                "name": "+1",
                "users": [
                    "U7EP7P2JW"
                ],
                "count": 1
            }
        ]
    },
    {
        "client_msg_id": "a7a441e2-99ed-43f1-8d82-d2a57b0cd414",
        "type": "message",
        "text": "I just visited the Providence website and they have a disclaimer on there and so does the DIY site above.  I copied their info below:",
        "user": "UUYA52R62",
        "ts": "1584736127.118400",
        "team": "T0D1XTUAD",
        "user_team": "T0D1XTUAD",
        "source_team": "T0D1XTUAD",
        "user_profile": {
            "avatar_hash": "f531e7d6faab",
            "image_72": "https:\/\/avatars.slack-edge.com\/2020-03-04\/982723133077_f531e7d6faab4698e662_72.jpg",
            "first_name": "Laurel",
            "real_name": "Laurel Preston",
            "display_name": "Laurel Preston",
            "team": "T0D1XTUAD",
            "name": "laurel.preston",
            "is_restricted": false,
            "is_ultra_restricted": false
        },
        "blocks": [
            {
                "type": "rich_text",
                "block_id": "ZO3Er",
                "elements": [
                    {
                        "type": "rich_text_section",
                        "elements": [
                            {
                                "type": "text",
                                "text": "I just visited the Providence website and they have a disclaimer on there and so does the DIY site above.  I copied their info below:"
                            }
                        ]
                    }
                ]
            }
        ],
        "thread_ts": "1584728252.113100",
        "parent_user_id": "UUL14UHHP"
    },
    {
        "client_msg_id": "3c360bf2-512f-4977-9115-f4dd4040e466",
        "type": "message",
        "text": "Western Washington is the hardest hit region of the country. For those in the Seattle area with a willing heart, the ability to sew and a sewing machine, we have an opportunity to help make masks now. We created kits that will include all the materials you need to make 100 masks. This kit includes medical-grade material that has been lab tested. This material is not available for purchase commercially, which is why we are supplying it to our volunteers.\nThanks to an overwhelming response from our community, all kits we are producing have been claimed!\nWe’ve received many questions from people wanting to make a mask for themselves or their loved ones. Please note this effort is focused on medical-grade masks for health care professionals on the front lines of COVID-19.    <http:\/\/PROVIDENCE.ORG|PROVIDENCE.ORG> WEBSITE",
        "user": "UUYA52R62",
        "ts": "1584736142.118600",
        "team": "T0D1XTUAD",
        "user_team": "T0D1XTUAD",
        "source_team": "T0D1XTUAD",
        "user_profile": {
            "avatar_hash": "f531e7d6faab",
            "image_72": "https:\/\/avatars.slack-edge.com\/2020-03-04\/982723133077_f531e7d6faab4698e662_72.jpg",
            "first_name": "Laurel",
            "real_name": "Laurel Preston",
            "display_name": "Laurel Preston",
            "team": "T0D1XTUAD",
            "name": "laurel.preston",
            "is_restricted": false,
            "is_ultra_restricted": false
        },
        "blocks": [
            {
                "type": "rich_text",
                "block_id": "PjS",
                "elements": [
                    {
                        "type": "rich_text_section",
                        "elements": [
                            {
                                "type": "text",
                                "text": "Western Washington is the hardest hit region of the country. For those in the Seattle area with a willing heart, the ability to sew and a sewing machine, we have an opportunity to help make masks now. We created kits that will include all the materials you need to make 100 masks. This kit includes medical-grade material that has been lab tested. This material is not available for purchase commercially, which is why we are supplying it to our volunteers.\nThanks to an overwhelming response from our community, all kits we are producing have been claimed!\nWe’ve received many questions from people wanting to make a mask for themselves or their loved ones. Please note this effort is focused on medical-grade masks for health care professionals on the front lines of COVID-19.    "
                            },
                            {
                                "type": "link",
                                "url": "http:\/\/PROVIDENCE.ORG",
                                "text": "PROVIDENCE.ORG"
                            },
                            {
                                "type": "text",
                                "text": " WEBSITE"
                            }
                        ]
                    }
                ]
            }
        ],
        "thread_ts": "1584728252.113100",
        "parent_user_id": "UUL14UHHP",
        "reactions": [
            {
                "name": "+1",
                "users": [
                    "UUL14UHHP"
                ],
                "count": 1
            }
        ]
    }
]