[
    {
        "client_msg_id": "71f02c06-19b9-4a76-9edf-98f7674ca117",
        "type": "message",
        "text": "hahaha! Sounds like a plan!",
        "user": "UUW3W20AU",
        "ts": "1597778898.123600",
        "team": "T0D1XTUAD",
        "user_team": "T0D1XTUAD",
        "source_team": "T0D1XTUAD",
        "user_profile": {
            "avatar_hash": "0c87430f5419",
            "image_72": "https:\/\/avatars.slack-edge.com\/2020-03-04\/984414387030_0c87430f5419d7de3cea_72.jpg",
            "first_name": "Elizabeth",
            "real_name": "Elizabeth Inglese",
            "display_name": "Tish",
            "team": "T0D1XTUAD",
            "name": "einglese",
            "is_restricted": false,
            "is_ultra_restricted": false
        },
        "blocks": [
            {
                "type": "rich_text",
                "block_id": "i7wL",
                "elements": [
                    {
                        "type": "rich_text_section",
                        "elements": [
                            {
                                "type": "text",
                                "text": "hahaha! Sounds like a plan!"
                            }
                        ]
                    }
                ]
            }
        ],
        "thread_ts": "1597684462.123100",
        "parent_user_id": "UUW3W20AU"
    },
    {
        "client_msg_id": "cd44445c-e6d5-464b-93ab-0bfca0e52dba",
        "type": "message",
        "text": "I sent a note to FMD Customer Service inquiring about what measures they are taking to prevent this from happening in the downtown buildings during the lockdown ... we'll see what they say.\n<https:\/\/www.cnn.com\/2020\/08\/07\/health\/coronavirus-legionnaires-water-cdc\/index.html>",
        "user": "UUW3W20AU",
        "ts": "1597778933.124500",
        "team": "T0D1XTUAD",
        "user_team": "T0D1XTUAD",
        "source_team": "T0D1XTUAD",
        "user_profile": {
            "avatar_hash": "0c87430f5419",
            "image_72": "https:\/\/avatars.slack-edge.com\/2020-03-04\/984414387030_0c87430f5419d7de3cea_72.jpg",
            "first_name": "Elizabeth",
            "real_name": "Elizabeth Inglese",
            "display_name": "Tish",
            "team": "T0D1XTUAD",
            "name": "einglese",
            "is_restricted": false,
            "is_ultra_restricted": false
        },
        "attachments": [
            {
                "service_name": "CNN",
                "title": "Coronavirus shutdown causes new risk at CDC: Legionnaire's disease",
                "title_link": "https:\/\/www.cnn.com\/2020\/08\/07\/health\/coronavirus-legionnaires-water-cdc\/index.html",
                "text": "The US Centers for Disease Control and Prevention says it has closed several buildings it leases in Atlanta because Legionella bacteria have been found in their water systems -- bacteria that likely grew because of the prolonged pandemic shutdown.",
                "fallback": "CNN: Coronavirus shutdown causes new risk at CDC: Legionnaire's disease",
                "image_url": "https:\/\/cdn.cnn.com\/cnnnext\/dam\/assets\/200626111145-cdc-super-tease.jpg",
                "image_width": 444,
                "image_height": 250,
                "from_url": "https:\/\/www.cnn.com\/2020\/08\/07\/health\/coronavirus-legionnaires-water-cdc\/index.html",
                "image_bytes": 97477,
                "service_icon": "https:\/\/www.cnn.com\/favicon.ico",
                "id": 1,
                "original_url": "https:\/\/www.cnn.com\/2020\/08\/07\/health\/coronavirus-legionnaires-water-cdc\/index.html"
            }
        ],
        "blocks": [
            {
                "type": "rich_text",
                "block_id": "duZ",
                "elements": [
                    {
                        "type": "rich_text_section",
                        "elements": [
                            {
                                "type": "text",
                                "text": "I sent a note to FMD Customer Service inquiring about what measures they are taking to prevent this from happening in the downtown buildings during the lockdown ... we'll see what they say.\n"
                            },
                            {
                                "type": "link",
                                "url": "https:\/\/www.cnn.com\/2020\/08\/07\/health\/coronavirus-legionnaires-water-cdc\/index.html"
                            }
                        ]
                    }
                ]
            }
        ],
        "thread_ts": "1597778933.124500",
        "reply_count": 7,
        "reply_users_count": 3,
        "latest_reply": "1597865604.126500",
        "reply_users": [
            "U7EQMP760",
            "UUW3W20AU",
            "U0NSCMBR8"
        ],
        "replies": [
            {
                "user": "U7EQMP760",
                "ts": "1597781414.124700"
            },
            {
                "user": "UUW3W20AU",
                "ts": "1597782382.125000"
            },
            {
                "user": "UUW3W20AU",
                "ts": "1597785173.125300"
            },
            {
                "user": "U0NSCMBR8",
                "ts": "1597789118.125500"
            },
            {
                "user": "UUW3W20AU",
                "ts": "1597863958.126000"
            },
            {
                "user": "U7EQMP760",
                "ts": "1597864056.126200"
            },
            {
                "user": "UUW3W20AU",
                "ts": "1597865604.126500"
            }
        ],
        "subscribed": false
    },
    {
        "client_msg_id": "3b947644-0aa2-489c-8b2d-80ecd1036932",
        "type": "message",
        "text": "Oh, great. Like we don't have enough to worry about.",
        "user": "U7EQMP760",
        "ts": "1597781414.124700",
        "team": "T0D1XTUAD",
        "user_team": "T0D1XTUAD",
        "source_team": "T0D1XTUAD",
        "user_profile": {
            "avatar_hash": "db1abed225d9",
            "image_72": "https:\/\/avatars.slack-edge.com\/2020-03-14\/990754009969_db1abed225d9635aae98_72.jpg",
            "first_name": "",
            "real_name": "Mary Delahanty",
            "display_name": "",
            "team": "T0D1XTUAD",
            "name": "mary.delahanty",
            "is_restricted": false,
            "is_ultra_restricted": false
        },
        "blocks": [
            {
                "type": "rich_text",
                "block_id": "I7qf",
                "elements": [
                    {
                        "type": "rich_text_section",
                        "elements": [
                            {
                                "type": "text",
                                "text": "Oh, great. Like we don't have enough to worry about."
                            }
                        ]
                    }
                ]
            }
        ],
        "thread_ts": "1597778933.124500",
        "parent_user_id": "UUW3W20AU",
        "reactions": [
            {
                "name": "disappointed",
                "users": [
                    "UUW3W20AU",
                    "U7EP7P2JW"
                ],
                "count": 2
            }
        ]
    },
    {
        "client_msg_id": "8c1f4028-8559-40a3-808b-5a7f4075ae97",
        "type": "message",
        "text": "<@U7EQMP760> I know :confused: I just hope FMD is thinking about these things so we don't have to.",
        "user": "UUW3W20AU",
        "ts": "1597782382.125000",
        "team": "T0D1XTUAD",
        "user_team": "T0D1XTUAD",
        "source_team": "T0D1XTUAD",
        "user_profile": {
            "avatar_hash": "0c87430f5419",
            "image_72": "https:\/\/avatars.slack-edge.com\/2020-03-04\/984414387030_0c87430f5419d7de3cea_72.jpg",
            "first_name": "Elizabeth",
            "real_name": "Elizabeth Inglese",
            "display_name": "Tish",
            "team": "T0D1XTUAD",
            "name": "einglese",
            "is_restricted": false,
            "is_ultra_restricted": false
        },
        "blocks": [
            {
                "type": "rich_text",
                "block_id": "Al7",
                "elements": [
                    {
                        "type": "rich_text_section",
                        "elements": [
                            {
                                "type": "user",
                                "user_id": "U7EQMP760"
                            },
                            {
                                "type": "text",
                                "text": " I know "
                            },
                            {
                                "type": "emoji",
                                "name": "confused"
                            },
                            {
                                "type": "text",
                                "text": " I just hope FMD is thinking about these things so we don't have to."
                            }
                        ]
                    }
                ]
            }
        ],
        "thread_ts": "1597778933.124500",
        "parent_user_id": "UUW3W20AU"
    },
    {
        "client_msg_id": "ba786851-e20d-440b-9a4c-a1970c735c92",
        "type": "message",
        "text": "Response from FMD on this issue (sounds like the buildings where there are still people working to some degree are being maintained as normal -business as usual).\n\n\"I believe all of our Facilities Management Division owned buildings are occupied by on site staff at some level.  As a result we are having both people using the facilities in addition to our amazing custodial crew running water as part of their cleaning operations, which means water isn’t stagnating. If you know your building is completely unoccupied please let me know so that I am able to forward this issue to appropriate management.\"",
        "user": "UUW3W20AU",
        "ts": "1597785173.125300",
        "team": "T0D1XTUAD",
        "user_team": "T0D1XTUAD",
        "source_team": "T0D1XTUAD",
        "user_profile": {
            "avatar_hash": "0c87430f5419",
            "image_72": "https:\/\/avatars.slack-edge.com\/2020-03-04\/984414387030_0c87430f5419d7de3cea_72.jpg",
            "first_name": "Elizabeth",
            "real_name": "Elizabeth Inglese",
            "display_name": "Tish",
            "team": "T0D1XTUAD",
            "name": "einglese",
            "is_restricted": false,
            "is_ultra_restricted": false
        },
        "blocks": [
            {
                "type": "rich_text",
                "block_id": "LXmn5",
                "elements": [
                    {
                        "type": "rich_text_section",
                        "elements": [
                            {
                                "type": "text",
                                "text": "Response from FMD on this issue (sounds like the buildings where there are still people working to some degree are being maintained as normal -business as usual).\n\n\"I believe all of our Facilities Management Division owned buildings are occupied by on site staff at some level.  As a result we are having both people using the facilities in addition to our amazing custodial crew running water as part of their cleaning operations, which means water isn’t stagnating. If you know your building is completely unoccupied please let me know so that I am able to forward this issue to appropriate management.\""
                            }
                        ]
                    }
                ]
            }
        ],
        "thread_ts": "1597778933.124500",
        "parent_user_id": "UUW3W20AU"
    },
    {
        "client_msg_id": "b5022900-f393-4b93-8650-a3067e1c0908",
        "type": "message",
        "text": "Just remember, don’t drink the toilet water.",
        "user": "U0NSCMBR8",
        "ts": "1597789118.125500",
        "team": "T0D1XTUAD",
        "user_team": "T0D1XTUAD",
        "source_team": "T0D1XTUAD",
        "user_profile": {
            "avatar_hash": "28a69ac871a0",
            "image_72": "https:\/\/avatars.slack-edge.com\/2016-02-24\/22896597253_28a69ac871a00b39b963_72.jpg",
            "first_name": "Al",
            "real_name": "Al Boss",
            "display_name": "",
            "team": "T0D1XTUAD",
            "name": "alboss",
            "is_restricted": false,
            "is_ultra_restricted": false
        },
        "blocks": [
            {
                "type": "rich_text",
                "block_id": "dTYUh",
                "elements": [
                    {
                        "type": "rich_text_section",
                        "elements": [
                            {
                                "type": "text",
                                "text": "Just remember, don’t drink the toilet water."
                            }
                        ]
                    }
                ]
            }
        ],
        "thread_ts": "1597778933.124500",
        "parent_user_id": "UUW3W20AU",
        "reactions": [
            {
                "name": "rolling_on_the_floor_laughing",
                "users": [
                    "UUW3W20AU",
                    "UUJNECG67"
                ],
                "count": 2
            },
            {
                "name": "100",
                "users": [
                    "U5Y0B4XC3"
                ],
                "count": 1
            }
        ]
    }
]