[
    {
        "type": "message",
        "text": "",
        "files": [
            {
                "id": "F011QACJZHC",
                "created": 1586979756,
                "timestamp": 1586979756,
                "name": "Image from iOS.jpg",
                "title": "Image from iOS",
                "mimetype": "image\/jpeg",
                "filetype": "jpg",
                "pretty_type": "JPEG",
                "user": "U7EP7P2JW",
                "editable": false,
                "size": 42712,
                "mode": "hosted",
                "is_external": false,
                "external_type": "",
                "is_public": true,
                "public_url_shared": false,
                "display_as_bot": false,
                "username": "",
                "url_private": "https:\/\/files.slack.com\/files-pri\/T0D1XTUAD-F011QACJZHC\/image_from_ios.jpg?t=xoxe-13065946353-1831014033124-1821760734405-0591b3003861d046a3fe606fb5f44814",
                "url_private_download": "https:\/\/files.slack.com\/files-pri\/T0D1XTUAD-F011QACJZHC\/download\/image_from_ios.jpg?t=xoxe-13065946353-1831014033124-1821760734405-0591b3003861d046a3fe606fb5f44814",
                "thumb_64": "https:\/\/files.slack.com\/files-tmb\/T0D1XTUAD-F011QACJZHC-e0eecf2b65\/image_from_ios_64.jpg?t=xoxe-13065946353-1831014033124-1821760734405-0591b3003861d046a3fe606fb5f44814",
                "thumb_80": "https:\/\/files.slack.com\/files-tmb\/T0D1XTUAD-F011QACJZHC-e0eecf2b65\/image_from_ios_80.jpg?t=xoxe-13065946353-1831014033124-1821760734405-0591b3003861d046a3fe606fb5f44814",
                "thumb_360": "https:\/\/files.slack.com\/files-tmb\/T0D1XTUAD-F011QACJZHC-e0eecf2b65\/image_from_ios_360.jpg?t=xoxe-13065946353-1831014033124-1821760734405-0591b3003861d046a3fe606fb5f44814",
                "thumb_360_w": 288,
                "thumb_360_h": 360,
                "thumb_480": "https:\/\/files.slack.com\/files-tmb\/T0D1XTUAD-F011QACJZHC-e0eecf2b65\/image_from_ios_480.jpg?t=xoxe-13065946353-1831014033124-1821760734405-0591b3003861d046a3fe606fb5f44814",
                "thumb_480_w": 384,
                "thumb_480_h": 480,
                "thumb_160": "https:\/\/files.slack.com\/files-tmb\/T0D1XTUAD-F011QACJZHC-e0eecf2b65\/image_from_ios_160.jpg?t=xoxe-13065946353-1831014033124-1821760734405-0591b3003861d046a3fe606fb5f44814",
                "thumb_720": "https:\/\/files.slack.com\/files-tmb\/T0D1XTUAD-F011QACJZHC-e0eecf2b65\/image_from_ios_720.jpg?t=xoxe-13065946353-1831014033124-1821760734405-0591b3003861d046a3fe606fb5f44814",
                "thumb_720_w": 576,
                "thumb_720_h": 720,
                "thumb_800": "https:\/\/files.slack.com\/files-tmb\/T0D1XTUAD-F011QACJZHC-e0eecf2b65\/image_from_ios_800.jpg?t=xoxe-13065946353-1831014033124-1821760734405-0591b3003861d046a3fe606fb5f44814",
                "thumb_800_w": 640,
                "thumb_800_h": 800,
                "thumb_960": "https:\/\/files.slack.com\/files-tmb\/T0D1XTUAD-F011QACJZHC-e0eecf2b65\/image_from_ios_960.jpg?t=xoxe-13065946353-1831014033124-1821760734405-0591b3003861d046a3fe606fb5f44814",
                "thumb_960_w": 768,
                "thumb_960_h": 960,
                "original_w": 768,
                "original_h": 960,
                "thumb_tiny": "AwAwACaiI3IBCnBo8qT+4a2PsVvn\/VLj6ml+xW\/\/ADyX8zTuKxjeU\/8AdNHlP\/dNbBs7cf8ALJfzNJ9ih\/55KPxNFwsZDIwGSpA6U2tr7FB\/zyX9aPsMH\/PJf1ouFifnP3Rj60YPbApcDPQUcegpDAdKMimt7Y96cABQAA8dDRk+lGaXI9aAGnOfur+dLjPpijHOaCoP\/wBagAPSj6UEAigAAYoAMn0\/WjJ\/u0AYz70tAH\/\/2Q==",
                "permalink": "https:\/\/kcwebteam.slack.com\/files\/U7EP7P2JW\/F011QACJZHC\/image_from_ios.jpg",
                "permalink_public": "https:\/\/slack-files.com\/T0D1XTUAD-F011QACJZHC-633716bb12",
                "is_starred": false,
                "has_rich_preview": false
            }
        ],
        "upload": true,
        "blocks": [
            {
                "type": "rich_text",
                "block_id": "AK\/",
                "elements": []
            }
        ],
        "user": "U7EP7P2JW",
        "display_as_bot": false,
        "ts": "1586979764.176500",
        "client_msg_id": "1B3B3F67-DC36-4E8A-BA0F-14F72E85D876",
        "thread_ts": "1586979764.176500",
        "reply_count": 3,
        "reply_users_count": 3,
        "latest_reply": "1586980499.177400",
        "reply_users": [
            "U0NSCMBR8",
            "U7EQMP760",
            "UUW3W20AU"
        ],
        "replies": [
            {
                "user": "U0NSCMBR8",
                "ts": "1586979902.177000"
            },
            {
                "user": "U7EQMP760",
                "ts": "1586980154.177200"
            },
            {
                "user": "UUW3W20AU",
                "ts": "1586980499.177400"
            }
        ],
        "subscribed": false,
        "reactions": [
            {
                "name": "joy",
                "users": [
                    "UTJPVN880",
                    "U0NSCMBR8",
                    "UUW3W20AU",
                    "U5Y0BDK51",
                    "UUE0RNXML"
                ],
                "count": 5
            },
            {
                "name": "heart",
                "users": [
                    "UUE0RNXML"
                ],
                "count": 1
            }
        ]
    },
    {
        "client_msg_id": "a8f0de6a-cfc9-458f-921e-81c28bed9a25",
        "type": "message",
        "text": "I love this!",
        "user": "U0NSCMBR8",
        "ts": "1586979902.177000",
        "team": "T0D1XTUAD",
        "user_team": "T0D1XTUAD",
        "source_team": "T0D1XTUAD",
        "user_profile": {
            "avatar_hash": "28a69ac871a0",
            "image_72": "https:\/\/avatars.slack-edge.com\/2016-02-24\/22896597253_28a69ac871a00b39b963_72.jpg",
            "first_name": "Al",
            "real_name": "Al Boss",
            "display_name": "",
            "team": "T0D1XTUAD",
            "name": "alboss",
            "is_restricted": false,
            "is_ultra_restricted": false
        },
        "blocks": [
            {
                "type": "rich_text",
                "block_id": "RF\/rI",
                "elements": [
                    {
                        "type": "rich_text_section",
                        "elements": [
                            {
                                "type": "text",
                                "text": "I love this!"
                            }
                        ]
                    }
                ]
            }
        ],
        "thread_ts": "1586979764.176500",
        "parent_user_id": "U7EP7P2JW"
    },
    {
        "client_msg_id": "2ebe5819-ad94-4e86-a576-be6c6f9af07a",
        "type": "message",
        "text": "Toilet paper has _not_ dropped back down in importance! There's still a shortage; you can't order it from QFC.",
        "user": "U7EQMP760",
        "ts": "1586980154.177200",
        "team": "T0D1XTUAD",
        "user_team": "T0D1XTUAD",
        "source_team": "T0D1XTUAD",
        "user_profile": {
            "avatar_hash": "db1abed225d9",
            "image_72": "https:\/\/avatars.slack-edge.com\/2020-03-14\/990754009969_db1abed225d9635aae98_72.jpg",
            "first_name": "",
            "real_name": "Mary Delahanty",
            "display_name": "",
            "team": "T0D1XTUAD",
            "name": "mary.delahanty",
            "is_restricted": false,
            "is_ultra_restricted": false
        },
        "blocks": [
            {
                "type": "rich_text",
                "block_id": "mU9+",
                "elements": [
                    {
                        "type": "rich_text_section",
                        "elements": [
                            {
                                "type": "text",
                                "text": "Toilet paper has "
                            },
                            {
                                "type": "text",
                                "text": "not",
                                "style": {
                                    "italic": true
                                }
                            },
                            {
                                "type": "text",
                                "text": " dropped back down in importance! There's still a shortage; you can't order it from QFC."
                            }
                        ]
                    }
                ]
            }
        ],
        "thread_ts": "1586979764.176500",
        "parent_user_id": "U7EP7P2JW",
        "reactions": [
            {
                "name": "toilet",
                "users": [
                    "U7EP7P2JW"
                ],
                "count": 1
            }
        ]
    },
    {
        "client_msg_id": "30a74038-f9e2-40d4-ac18-336bae092285",
        "type": "message",
        "text": "HAHA! Alcohol is off the charts!",
        "user": "UUW3W20AU",
        "ts": "1586980499.177400",
        "team": "T0D1XTUAD",
        "user_team": "T0D1XTUAD",
        "source_team": "T0D1XTUAD",
        "user_profile": {
            "avatar_hash": "0c87430f5419",
            "image_72": "https:\/\/avatars.slack-edge.com\/2020-03-04\/984414387030_0c87430f5419d7de3cea_72.jpg",
            "first_name": "Elizabeth",
            "real_name": "Elizabeth Inglese",
            "display_name": "Tish",
            "team": "T0D1XTUAD",
            "name": "einglese",
            "is_restricted": false,
            "is_ultra_restricted": false
        },
        "blocks": [
            {
                "type": "rich_text",
                "block_id": "14v9h",
                "elements": [
                    {
                        "type": "rich_text_section",
                        "elements": [
                            {
                                "type": "text",
                                "text": "HAHA! Alcohol is off the charts!"
                            }
                        ]
                    }
                ]
            }
        ],
        "thread_ts": "1586979764.176500",
        "parent_user_id": "U7EP7P2JW"
    },
    {
        "client_msg_id": "521e16b3-28cd-422c-80cb-219361d9d182",
        "type": "message",
        "text": "Have people seen this?\n\"Amplifier, the Seattle-based design lab, is <https:\/\/theevergrey.us7.list-manage.com\/track\/click?u=8adcb05347121ec911dc897b6&amp;id=a2b3e3d4f2&amp;e=56e16f758f|offering $1,000 grants> to fund artwork that promotes COVID-related messages about public health, safety, mental well-being, and social justice.\"\n<https:\/\/community.amplifier.org\/campaign\/global-open-call-for-art\/?mc_cid=b49e835427&amp;mc_eid=56e16f758f>",
        "user": "UUW3W20AU",
        "ts": "1586980531.177900",
        "team": "T0D1XTUAD",
        "user_team": "T0D1XTUAD",
        "source_team": "T0D1XTUAD",
        "user_profile": {
            "avatar_hash": "0c87430f5419",
            "image_72": "https:\/\/avatars.slack-edge.com\/2020-03-04\/984414387030_0c87430f5419d7de3cea_72.jpg",
            "first_name": "Elizabeth",
            "real_name": "Elizabeth Inglese",
            "display_name": "Tish",
            "team": "T0D1XTUAD",
            "name": "einglese",
            "is_restricted": false,
            "is_ultra_restricted": false
        },
        "attachments": [
            {
                "service_name": "Amplifier Community",
                "title": "GLOBAL OPEN CALL FOR ART - Amplifier Community",
                "title_link": "https:\/\/theevergrey.us7.list-manage.com\/track\/click?u=8adcb05347121ec911dc897b6&id=a2b3e3d4f2&e=56e16f758f",
                "text": "In response to COVID-19, Amplifier and our partners are launching an emergency campaign with top art curators and public-health advisors from around the world. We are looking for two kinds of work: The first are public health and safety messages that can help flatten the curve through education. The second are symbols that help promote [...]Read More...",
                "fallback": "Amplifier Community: GLOBAL OPEN CALL FOR ART - Amplifier Community",
                "image_url": "https:\/\/community.amplifier.org\/wp-content\/uploads\/2020\/03\/AMP-MHPS-SQUAREINFO-1024x1024.jpg",
                "image_width": 250,
                "image_height": 250,
                "from_url": "https:\/\/theevergrey.us7.list-manage.com\/track\/click?u=8adcb05347121ec911dc897b6&id=a2b3e3d4f2&e=56e16f758f",
                "image_bytes": 152820,
                "service_icon": "https:\/\/community.amplifier.org\/wp-content\/themes\/amp-com-understrap-child\/assets\/favicon.png",
                "id": 1,
                "original_url": "https:\/\/theevergrey.us7.list-manage.com\/track\/click?u=8adcb05347121ec911dc897b6&amp;id=a2b3e3d4f2&amp;e=56e16f758f"
            },
            {
                "service_name": "Amplifier Community",
                "title": "GLOBAL OPEN CALL FOR ART - Amplifier Community",
                "title_link": "https:\/\/community.amplifier.org\/campaign\/global-open-call-for-art\/?mc_cid=b49e835427&mc_eid=56e16f758f",
                "text": "In response to COVID-19, Amplifier and our partners are launching an emergency campaign with top art curators and public-health advisors from around the world. We are looking for two kinds of work: The first are public health and safety messages that can help flatten the curve through education. The second are symbols that help promote [...]Read More...",
                "fallback": "Amplifier Community: GLOBAL OPEN CALL FOR ART - Amplifier Community",
                "image_url": "https:\/\/community.amplifier.org\/wp-content\/uploads\/2020\/03\/AMP-MHPS-SQUAREINFO-1024x1024.jpg",
                "image_width": 250,
                "image_height": 250,
                "from_url": "https:\/\/community.amplifier.org\/campaign\/global-open-call-for-art\/?mc_cid=b49e835427&mc_eid=56e16f758f",
                "image_bytes": 152820,
                "service_icon": "https:\/\/community.amplifier.org\/wp-content\/themes\/amp-com-understrap-child\/assets\/favicon.png",
                "id": 2,
                "original_url": "https:\/\/community.amplifier.org\/campaign\/global-open-call-for-art\/?mc_cid=b49e835427&amp;mc_eid=56e16f758f"
            }
        ],
        "blocks": [
            {
                "type": "rich_text",
                "block_id": "X=B",
                "elements": [
                    {
                        "type": "rich_text_section",
                        "elements": [
                            {
                                "type": "text",
                                "text": "Have people seen this?\n\"Amplifier, the Seattle-based design lab, is "
                            },
                            {
                                "type": "link",
                                "url": "https:\/\/theevergrey.us7.list-manage.com\/track\/click?u=8adcb05347121ec911dc897b6&id=a2b3e3d4f2&e=56e16f758f",
                                "text": "offering $1,000 grants"
                            },
                            {
                                "type": "text",
                                "text": " to fund artwork that promotes COVID-related messages about public health, safety, mental well-being, and social justice.\"\n"
                            },
                            {
                                "type": "link",
                                "url": "https:\/\/community.amplifier.org\/campaign\/global-open-call-for-art\/?mc_cid=b49e835427&mc_eid=56e16f758f"
                            }
                        ]
                    }
                ]
            }
        ],
        "reactions": [
            {
                "name": "art",
                "users": [
                    "U7EP7P2JW"
                ],
                "count": 1
            }
        ]
    },
    {
        "client_msg_id": "5101add2-6100-4f69-8be4-3b41a1cb2858",
        "type": "message",
        "text": "<https:\/\/www.thisiscolossal.com\/2020\/04\/banksy-quarantine\/>",
        "user": "U7EP7P2JW",
        "ts": "1586981591.178300",
        "team": "T0D1XTUAD",
        "user_team": "T0D1XTUAD",
        "source_team": "T0D1XTUAD",
        "user_profile": {
            "avatar_hash": "7fac73a9f68f",
            "image_72": "https:\/\/avatars.slack-edge.com\/2020-11-05\/1503307917168_7fac73a9f68f9db6dfe6_72.png",
            "first_name": "Rebecca",
            "real_name": "Rebecca Watson",
            "display_name": "rebecca",
            "team": "T0D1XTUAD",
            "name": "rebecca.watson",
            "is_restricted": false,
            "is_ultra_restricted": false
        },
        "attachments": [
            {
                "service_name": "Colossal",
                "title": "\"My Wife Hates it When I Work From Home\" — Banksy Shares Rats Run Amok in his Bathroom from Quarantine",
                "title_link": "https:\/\/www.thisiscolossal.com\/2020\/04\/banksy-quarantine\/",
                "text": "Presumably quarantined like the rest of humanity, Banksy just posted a few images of an artwork executed in his supposed home bathroom. The installation depicts a mischievous pack of his signature rats destroying everything in sight: swinging from towel racks, running on toilet paper, marking the da",
                "fallback": "Colossal: \"My Wife Hates it When I Work From Home\" — Banksy Shares Rats Run Amok in his Bathroom from Quarantine",
                "image_url": "https:\/\/www.thisiscolossal.com\/wp-content\/uploads\/2020\/04\/banksy-og.jpg",
                "ts": 1586974711,
                "from_url": "https:\/\/www.thisiscolossal.com\/2020\/04\/banksy-quarantine\/",
                "image_width": 476,
                "image_height": 250,
                "image_bytes": 214928,
                "service_icon": "https:\/\/www.thisiscolossal.com\/apple-touch-icon.png",
                "id": 1,
                "original_url": "https:\/\/www.thisiscolossal.com\/2020\/04\/banksy-quarantine\/"
            }
        ],
        "blocks": [
            {
                "type": "rich_text",
                "block_id": "QCLQ",
                "elements": [
                    {
                        "type": "rich_text_section",
                        "elements": [
                            {
                                "type": "link",
                                "url": "https:\/\/www.thisiscolossal.com\/2020\/04\/banksy-quarantine\/"
                            }
                        ]
                    }
                ]
            }
        ],
        "reactions": [
            {
                "name": "grin",
                "users": [
                    "UTV659Z8X"
                ],
                "count": 1
            },
            {
                "name": "joy",
                "users": [
                    "UUL14UHHP"
                ],
                "count": 1
            }
        ]
    },
    {
        "client_msg_id": "8620b4ea-a9dd-411c-ad84-8e86372bf782",
        "type": "message",
        "text": "I’m taking off for a bit to do a grocery run.\nBack mid-afternoon. :apple::banana::egg::avocado::tomato:",
        "user": "UUJNECG67",
        "ts": "1586982006.179400",
        "team": "T0D1XTUAD",
        "user_team": "T0D1XTUAD",
        "source_team": "T0D1XTUAD",
        "user_profile": {
            "avatar_hash": "3770b096c03c",
            "image_72": "https:\/\/avatars.slack-edge.com\/2020-08-27\/1329102233075_3770b096c03ccdfc53b6_72.png",
            "first_name": "Andrea",
            "real_name": "Andrea",
            "display_name": "Andrea",
            "team": "T0D1XTUAD",
            "name": "andrea.rouleau",
            "is_restricted": false,
            "is_ultra_restricted": false
        },
        "blocks": [
            {
                "type": "rich_text",
                "block_id": "FqRiS",
                "elements": [
                    {
                        "type": "rich_text_section",
                        "elements": [
                            {
                                "type": "text",
                                "text": "I’m taking off for a bit to do a grocery run.\nBack mid-afternoon. "
                            },
                            {
                                "type": "emoji",
                                "name": "apple"
                            },
                            {
                                "type": "emoji",
                                "name": "banana"
                            },
                            {
                                "type": "emoji",
                                "name": "egg"
                            },
                            {
                                "type": "emoji",
                                "name": "avocado"
                            },
                            {
                                "type": "emoji",
                                "name": "tomato"
                            }
                        ]
                    }
                ]
            }
        ]
    },
    {
        "client_msg_id": "1c0caaa5-7e44-4f02-8bfa-25621b8b8bb6",
        "type": "message",
        "text": ":grimacing: <https:\/\/westseattleblog.com\/2020\/04\/happening-now-west-seattle-bridge-may-not-be-fixable-says-sdot-even-if-it-is-closure-will-last-at-least-until-2022\/>",
        "user": "U7EQMP760",
        "ts": "1586990518.180000",
        "team": "T0D1XTUAD",
        "user_team": "T0D1XTUAD",
        "source_team": "T0D1XTUAD",
        "user_profile": {
            "avatar_hash": "db1abed225d9",
            "image_72": "https:\/\/avatars.slack-edge.com\/2020-03-14\/990754009969_db1abed225d9635aae98_72.jpg",
            "first_name": "",
            "real_name": "Mary Delahanty",
            "display_name": "",
            "team": "T0D1XTUAD",
            "name": "mary.delahanty",
            "is_restricted": false,
            "is_ultra_restricted": false
        },
        "attachments": [
            {
                "service_name": "West Seattle Blog...",
                "title": "HAPPENING NOW: West Seattle Bridge may not be fixable, says SDOT. Even if it is, closure will last at least until 2022.",
                "title_link": "https:\/\/westseattleblog.com\/2020\/04\/happening-now-west-seattle-bridge-may-not-be-fixable-says-sdot-even-if-it-is-closure-will-last-at-least-until-2022\/",
                "text": "That slide is the headline from a briefing the mayor and transportation leaders are about to begin. A short time ago, we and other reporters got a pre-briefing presentation with SDOT leadership so we can present the key points concurrent with the announcement. The key points: The high-rise West Seattle Bridge, closed for safety concerns ...",
                "fallback": "West Seattle Blog...: HAPPENING NOW: West Seattle Bridge may not be fixable, says SDOT. Even if it is, closure will last at least until 2022.",
                "image_url": "https:\/\/cdn.westseattleblog.com\/blog\/wp-content\/uploads\/2020\/04\/uncertain-e1586988144767.jpg",
                "from_url": "https:\/\/westseattleblog.com\/2020\/04\/happening-now-west-seattle-bridge-may-not-be-fixable-says-sdot-even-if-it-is-closure-will-last-at-least-until-2022\/",
                "image_width": 563,
                "image_height": 250,
                "image_bytes": 90328,
                "service_icon": "https:\/\/cdn.westseattleblog.com\/blog\/wp-content\/themes\/scene\/img\/favi\/apple-touch-icon-57x57.png",
                "id": 1,
                "original_url": "https:\/\/westseattleblog.com\/2020\/04\/happening-now-west-seattle-bridge-may-not-be-fixable-says-sdot-even-if-it-is-closure-will-last-at-least-until-2022\/"
            }
        ],
        "blocks": [
            {
                "type": "rich_text",
                "block_id": "X9b1Q",
                "elements": [
                    {
                        "type": "rich_text_section",
                        "elements": [
                            {
                                "type": "emoji",
                                "name": "grimacing"
                            },
                            {
                                "type": "text",
                                "text": " "
                            },
                            {
                                "type": "link",
                                "url": "https:\/\/westseattleblog.com\/2020\/04\/happening-now-west-seattle-bridge-may-not-be-fixable-says-sdot-even-if-it-is-closure-will-last-at-least-until-2022\/"
                            }
                        ]
                    }
                ]
            }
        ],
        "thread_ts": "1586990518.180000",
        "reply_count": 1,
        "reply_users_count": 1,
        "latest_reply": "1586992405.180500",
        "reply_users": [
            "UUW3W20AU"
        ],
        "replies": [
            {
                "user": "UUW3W20AU",
                "ts": "1586992405.180500"
            }
        ],
        "subscribed": false
    },
    {
        "client_msg_id": "737c3183-03fb-4aaa-8e61-6f220195782d",
        "type": "message",
        "text": "Crap.",
        "user": "U0NSCMBR8",
        "ts": "1586990539.180400",
        "team": "T0D1XTUAD",
        "user_team": "T0D1XTUAD",
        "source_team": "T0D1XTUAD",
        "user_profile": {
            "avatar_hash": "28a69ac871a0",
            "image_72": "https:\/\/avatars.slack-edge.com\/2016-02-24\/22896597253_28a69ac871a00b39b963_72.jpg",
            "first_name": "Al",
            "real_name": "Al Boss",
            "display_name": "",
            "team": "T0D1XTUAD",
            "name": "alboss",
            "is_restricted": false,
            "is_ultra_restricted": false
        },
        "blocks": [
            {
                "type": "rich_text",
                "block_id": "lNr",
                "elements": [
                    {
                        "type": "rich_text_section",
                        "elements": [
                            {
                                "type": "text",
                                "text": "Crap."
                            }
                        ]
                    }
                ]
            }
        ]
    },
    {
        "client_msg_id": "fd8a83a1-6563-4881-be04-98e39bdff8c9",
        "type": "message",
        "text": "Looks like the West Seattle bridge is going to go the way of the Viaduct.\n\nMaybe a ski lift will replace it ???",
        "user": "UUW3W20AU",
        "ts": "1586992405.180500",
        "team": "T0D1XTUAD",
        "user_team": "T0D1XTUAD",
        "source_team": "T0D1XTUAD",
        "user_profile": {
            "avatar_hash": "0c87430f5419",
            "image_72": "https:\/\/avatars.slack-edge.com\/2020-03-04\/984414387030_0c87430f5419d7de3cea_72.jpg",
            "first_name": "Elizabeth",
            "real_name": "Elizabeth Inglese",
            "display_name": "Tish",
            "team": "T0D1XTUAD",
            "name": "einglese",
            "is_restricted": false,
            "is_ultra_restricted": false
        },
        "blocks": [
            {
                "type": "rich_text",
                "block_id": "02TIT",
                "elements": [
                    {
                        "type": "rich_text_section",
                        "elements": [
                            {
                                "type": "text",
                                "text": "Looks like the West Seattle bridge is going to go the way of the Viaduct.\n\nMaybe a ski lift will replace it ???"
                            }
                        ]
                    }
                ]
            }
        ],
        "thread_ts": "1586990518.180000",
        "parent_user_id": "U7EQMP760"
    },
    {
        "client_msg_id": "9cd23013-9ae5-4f37-8e8e-0be89ed36227",
        "type": "message",
        "text": "<@U0NSCMBR8> Get ready to Update the Wikipedia page: <https:\/\/en.wikipedia.org\/wiki\/West_Seattle_Bridge>",
        "user": "U7EP7P2JW",
        "ts": "1586996628.181600",
        "team": "T0D1XTUAD",
        "user_team": "T0D1XTUAD",
        "source_team": "T0D1XTUAD",
        "user_profile": {
            "avatar_hash": "7fac73a9f68f",
            "image_72": "https:\/\/avatars.slack-edge.com\/2020-11-05\/1503307917168_7fac73a9f68f9db6dfe6_72.png",
            "first_name": "Rebecca",
            "real_name": "Rebecca Watson",
            "display_name": "rebecca",
            "team": "T0D1XTUAD",
            "name": "rebecca.watson",
            "is_restricted": false,
            "is_ultra_restricted": false
        },
        "attachments": [
            {
                "image_url": "https:\/\/upload.wikimedia.org\/wikipedia\/commons\/thumb\/7\/73\/West_Seattle_Bridge_closure%2C_seen_from_west_side_-_April_2020.jpg\/1200px-West_Seattle_Bridge_closure%2C_seen_from_west_side_-_April_2020.jpg",
                "image_width": 1200,
                "image_height": 800,
                "image_bytes": 381900,
                "title": "West Seattle Bridge",
                "title_link": "https:\/\/en.wikipedia.org\/wiki\/West_Seattle_Bridge",
                "from_url": "https:\/\/en.wikipedia.org\/wiki\/West_Seattle_Bridge",
                "author_name": "Wikipedia",
                "author_link": "https:\/\/en.wikipedia.org\/",
                "text": "The high-level West Seattle Bridge, officially the Jeanette Williams Memorial Bridge, is a cantilevered segmental bridge that serves as the primary connection between West Seattle and the rest of the city. It was built between 1981 and 1984 after the previous bascule bridge was deemed inoperable as a result of being struck by the freighter Antonio Chavez in 1978.\nThe bridge spans the east and west channels that form the mouth of the Duwamish River at Elliott Bay, crossing over Harbor Island. Its main approaches are Fauntleroy Way S.W. from the west and the Spokane Street Viaduct from the east. The viaduct continues east to Interstate 5 at Columbian Way (exit 163), forming a three-mile (5 km) arterial between West Seattle and I-5. The navigational clearance height of the high-level West Seattle Bridge is 140 feet (42.6 meters).The low-level Spokane Street Bridge of swing-span design spans the west channel of the Duwamish River immediately north of the high-level bridge. The low-level bridge carries the surface-level Spokane Street and has a navigational clearance of 45 feet (13.7 meters).\nThe bridge was closed in March 2020 after cracks in the underside were found to be growing rapidly, necessitating a major repair amid the coronavirus pandemic. SDOT has since announced that the bridge will remained closed until at least 2022.",
                "fallback": "wikipedia: West Seattle Bridge",
                "service_icon": "https:\/\/a.slack-edge.com\/80588\/img\/unfurl_icons\/wikipedia.png",
                "id": 1,
                "original_url": "https:\/\/en.wikipedia.org\/wiki\/West_Seattle_Bridge"
            }
        ],
        "blocks": [
            {
                "type": "rich_text",
                "block_id": "S=n",
                "elements": [
                    {
                        "type": "rich_text_section",
                        "elements": [
                            {
                                "type": "user",
                                "user_id": "U0NSCMBR8"
                            },
                            {
                                "type": "text",
                                "text": " Get ready to Update the Wikipedia page: "
                            },
                            {
                                "type": "link",
                                "url": "https:\/\/en.wikipedia.org\/wiki\/West_Seattle_Bridge"
                            }
                        ]
                    }
                ]
            }
        ],
        "thread_ts": "1586996628.181600",
        "reply_count": 12,
        "reply_users_count": 4,
        "latest_reply": "1587061831.186900",
        "reply_users": [
            "U0NSCMBR8",
            "U7EP7P2JW",
            "UUW3W20AU",
            "U7EQMP760"
        ],
        "replies": [
            {
                "user": "U0NSCMBR8",
                "ts": "1586996836.181800"
            },
            {
                "user": "U7EP7P2JW",
                "ts": "1586998110.182000"
            },
            {
                "user": "UUW3W20AU",
                "ts": "1586999386.183400"
            },
            {
                "user": "U0NSCMBR8",
                "ts": "1587000341.183600"
            },
            {
                "user": "UUW3W20AU",
                "ts": "1587000916.184000"
            },
            {
                "user": "U0NSCMBR8",
                "ts": "1587001202.184400"
            },
            {
                "user": "U0NSCMBR8",
                "ts": "1587001221.184600"
            },
            {
                "user": "UUW3W20AU",
                "ts": "1587002164.184800"
            },
            {
                "user": "U0NSCMBR8",
                "ts": "1587002596.186000"
            },
            {
                "user": "U7EQMP760",
                "ts": "1587047151.186500"
            },
            {
                "user": "U0NSCMBR8",
                "ts": "1587055207.186700"
            },
            {
                "user": "U7EQMP760",
                "ts": "1587061831.186900"
            }
        ],
        "subscribed": false
    },
    {
        "client_msg_id": "470ffa75-2c16-43e9-b554-3762923fd82d",
        "type": "message",
        "text": "Which part?",
        "user": "U0NSCMBR8",
        "ts": "1586996836.181800",
        "team": "T0D1XTUAD",
        "user_team": "T0D1XTUAD",
        "source_team": "T0D1XTUAD",
        "user_profile": {
            "avatar_hash": "28a69ac871a0",
            "image_72": "https:\/\/avatars.slack-edge.com\/2016-02-24\/22896597253_28a69ac871a00b39b963_72.jpg",
            "first_name": "Al",
            "real_name": "Al Boss",
            "display_name": "",
            "team": "T0D1XTUAD",
            "name": "alboss",
            "is_restricted": false,
            "is_ultra_restricted": false
        },
        "blocks": [
            {
                "type": "rich_text",
                "block_id": "gnT",
                "elements": [
                    {
                        "type": "rich_text_section",
                        "elements": [
                            {
                                "type": "text",
                                "text": "Which part?"
                            }
                        ]
                    }
                ]
            }
        ],
        "thread_ts": "1586996628.181600",
        "parent_user_id": "U7EP7P2JW"
    },
    {
        "client_msg_id": "eec1841f-0661-482e-b76d-dedae84b5b37",
        "type": "message",
        "text": "Whatever so inspires you.",
        "user": "U7EP7P2JW",
        "ts": "1586998110.182000",
        "team": "T0D1XTUAD",
        "user_team": "T0D1XTUAD",
        "source_team": "T0D1XTUAD",
        "user_profile": {
            "avatar_hash": "7fac73a9f68f",
            "image_72": "https:\/\/avatars.slack-edge.com\/2020-11-05\/1503307917168_7fac73a9f68f9db6dfe6_72.png",
            "first_name": "Rebecca",
            "real_name": "Rebecca Watson",
            "display_name": "rebecca",
            "team": "T0D1XTUAD",
            "name": "rebecca.watson",
            "is_restricted": false,
            "is_ultra_restricted": false
        },
        "blocks": [
            {
                "type": "rich_text",
                "block_id": "nw24w",
                "elements": [
                    {
                        "type": "rich_text_section",
                        "elements": [
                            {
                                "type": "text",
                                "text": "Whatever so inspires you."
                            }
                        ]
                    }
                ]
            }
        ],
        "thread_ts": "1586996628.181600",
        "parent_user_id": "U7EP7P2JW"
    },
    {
        "client_msg_id": "ad019a89-c8f6-4f3b-a418-4d185f247f8d",
        "type": "message",
        "text": "COVID-19 took out a bridge? Dang.",
        "user": "UFDNKQCU9",
        "ts": "1586999307.183300",
        "team": "T0D1XTUAD",
        "user_team": "T0D1XTUAD",
        "source_team": "T0D1XTUAD",
        "user_profile": {
            "avatar_hash": "625717ebbb6e",
            "image_72": "https:\/\/avatars.slack-edge.com\/2019-01-17\/526675529362_625717ebbb6e0ba43f68_72.jpg",
            "first_name": "Earl",
            "real_name": "Earl Krygier",
            "display_name": "Krygier",
            "team": "T0D1XTUAD",
            "name": "earl.krygier",
            "is_restricted": false,
            "is_ultra_restricted": false
        },
        "blocks": [
            {
                "type": "rich_text",
                "block_id": "gbStr",
                "elements": [
                    {
                        "type": "rich_text_section",
                        "elements": [
                            {
                                "type": "text",
                                "text": "COVID-19 took out a bridge? Dang."
                            }
                        ]
                    }
                ]
            }
        ],
        "thread_ts": "1586999307.183300",
        "reply_count": 1,
        "reply_users_count": 1,
        "latest_reply": "1587000379.183800",
        "reply_users": [
            "U0NSCMBR8"
        ],
        "replies": [
            {
                "user": "U0NSCMBR8",
                "ts": "1587000379.183800"
            }
        ],
        "subscribed": false
    },
    {
        "client_msg_id": "4c26faa2-f65f-4a82-ae6c-5d9e29132646",
        "type": "message",
        "text": "Looks like there's something called the Spokane St Bridge that is a much shorter bridge that runs along side the West Seattle Bridge ... aside from the Water Taxi, that's the only option to go back and forth to and from West Seattle, no?",
        "user": "UUW3W20AU",
        "ts": "1586999386.183400",
        "team": "T0D1XTUAD",
        "user_team": "T0D1XTUAD",
        "source_team": "T0D1XTUAD",
        "user_profile": {
            "avatar_hash": "0c87430f5419",
            "image_72": "https:\/\/avatars.slack-edge.com\/2020-03-04\/984414387030_0c87430f5419d7de3cea_72.jpg",
            "first_name": "Elizabeth",
            "real_name": "Elizabeth Inglese",
            "display_name": "Tish",
            "team": "T0D1XTUAD",
            "name": "einglese",
            "is_restricted": false,
            "is_ultra_restricted": false
        },
        "blocks": [
            {
                "type": "rich_text",
                "block_id": "qbyU",
                "elements": [
                    {
                        "type": "rich_text_section",
                        "elements": [
                            {
                                "type": "text",
                                "text": "Looks like there's something called the Spokane St Bridge that is a much shorter bridge that runs along side the West Seattle Bridge ... aside from the Water Taxi, that's the only option to go back and forth to and from West Seattle, no?"
                            }
                        ]
                    }
                ]
            }
        ],
        "thread_ts": "1586996628.181600",
        "parent_user_id": "U7EP7P2JW"
    },
    {
        "client_msg_id": "60a5a849-0aaa-4a03-8470-066ec93abc20",
        "type": "message",
        "text": "<@UUW3W20AU> I believe the Spokane St drawbridge has become transit-only now that the main bridge is closed. You would have to drive south to get across the river. The closest remaining options would be the 1st Ave. S. bridge in Georgetown, or the South Park bridge.\n\nThe Spokane St bridge is also open to bicycles and pedestrians, in addition to transit. Other than that, there’s kayaking or swimming.",
        "user": "U0NSCMBR8",
        "ts": "1587000341.183600",
        "team": "T0D1XTUAD",
        "user_team": "T0D1XTUAD",
        "source_team": "T0D1XTUAD",
        "user_profile": {
            "avatar_hash": "28a69ac871a0",
            "image_72": "https:\/\/avatars.slack-edge.com\/2016-02-24\/22896597253_28a69ac871a00b39b963_72.jpg",
            "first_name": "Al",
            "real_name": "Al Boss",
            "display_name": "",
            "team": "T0D1XTUAD",
            "name": "alboss",
            "is_restricted": false,
            "is_ultra_restricted": false
        },
        "blocks": [
            {
                "type": "rich_text",
                "block_id": "sAB",
                "elements": [
                    {
                        "type": "rich_text_section",
                        "elements": [
                            {
                                "type": "user",
                                "user_id": "UUW3W20AU"
                            },
                            {
                                "type": "text",
                                "text": " I believe the Spokane St drawbridge has become transit-only now that the main bridge is closed. You would have to drive south to get across the river. The closest remaining options would be the 1st Ave. S. bridge in Georgetown, or the South Park bridge.\n\nThe Spokane St bridge is also open to bicycles and pedestrians, in addition to transit. Other than that, there’s kayaking or swimming."
                            }
                        ]
                    }
                ]
            }
        ],
        "thread_ts": "1586996628.181600",
        "parent_user_id": "U7EP7P2JW"
    },
    {
        "client_msg_id": "54309415-76c4-4f8e-ad64-3f4592d0f00f",
        "type": "message",
        "text": "I’m sure it was the World Health Organization’s fault.",
        "user": "U0NSCMBR8",
        "ts": "1587000379.183800",
        "team": "T0D1XTUAD",
        "user_team": "T0D1XTUAD",
        "source_team": "T0D1XTUAD",
        "user_profile": {
            "avatar_hash": "28a69ac871a0",
            "image_72": "https:\/\/avatars.slack-edge.com\/2016-02-24\/22896597253_28a69ac871a00b39b963_72.jpg",
            "first_name": "Al",
            "real_name": "Al Boss",
            "display_name": "",
            "team": "T0D1XTUAD",
            "name": "alboss",
            "is_restricted": false,
            "is_ultra_restricted": false
        },
        "blocks": [
            {
                "type": "rich_text",
                "block_id": "x51C",
                "elements": [
                    {
                        "type": "rich_text_section",
                        "elements": [
                            {
                                "type": "text",
                                "text": "I’m sure it was the World Health Organization’s fault."
                            }
                        ]
                    }
                ]
            }
        ],
        "thread_ts": "1586999307.183300",
        "parent_user_id": "UFDNKQCU9",
        "reactions": [
            {
                "name": "rolling_on_the_floor_laughing",
                "users": [
                    "UUW3W20AU",
                    "U7EP7P2JW",
                    "UFDNKQCU9"
                ],
                "count": 3
            }
        ]
    },
    {
        "type": "message",
        "text": "So, based on that news, a trip to Alki Beach for me will now look like this :disappointed: I don't think I'll be doing any Seal Sitting any time soon ... too long of a trip now.",
        "files": [
            {
                "id": "F011W8PUKEH",
                "created": 1587000912,
                "timestamp": 1587000912,
                "name": "Screen Shot 2020-04-15 at 6.33.41 PM.png",
                "title": "Screen Shot 2020-04-15 at 6.33.41 PM.png",
                "mimetype": "image\/png",
                "filetype": "png",
                "pretty_type": "PNG",
                "user": "UUW3W20AU",
                "editable": false,
                "size": 1318642,
                "mode": "hosted",
                "is_external": false,
                "external_type": "",
                "is_public": true,
                "public_url_shared": false,
                "display_as_bot": false,
                "username": "",
                "url_private": "https:\/\/files.slack.com\/files-pri\/T0D1XTUAD-F011W8PUKEH\/screen_shot_2020-04-15_at_6.33.41_pm.png?t=xoxe-13065946353-1831014033124-1821760734405-0591b3003861d046a3fe606fb5f44814",
                "url_private_download": "https:\/\/files.slack.com\/files-pri\/T0D1XTUAD-F011W8PUKEH\/download\/screen_shot_2020-04-15_at_6.33.41_pm.png?t=xoxe-13065946353-1831014033124-1821760734405-0591b3003861d046a3fe606fb5f44814",
                "thumb_64": "https:\/\/files.slack.com\/files-tmb\/T0D1XTUAD-F011W8PUKEH-2503cfac4a\/screen_shot_2020-04-15_at_6.33.41_pm_64.png?t=xoxe-13065946353-1831014033124-1821760734405-0591b3003861d046a3fe606fb5f44814",
                "thumb_80": "https:\/\/files.slack.com\/files-tmb\/T0D1XTUAD-F011W8PUKEH-2503cfac4a\/screen_shot_2020-04-15_at_6.33.41_pm_80.png?t=xoxe-13065946353-1831014033124-1821760734405-0591b3003861d046a3fe606fb5f44814",
                "thumb_360": "https:\/\/files.slack.com\/files-tmb\/T0D1XTUAD-F011W8PUKEH-2503cfac4a\/screen_shot_2020-04-15_at_6.33.41_pm_360.png?t=xoxe-13065946353-1831014033124-1821760734405-0591b3003861d046a3fe606fb5f44814",
                "thumb_360_w": 305,
                "thumb_360_h": 360,
                "thumb_480": "https:\/\/files.slack.com\/files-tmb\/T0D1XTUAD-F011W8PUKEH-2503cfac4a\/screen_shot_2020-04-15_at_6.33.41_pm_480.png?t=xoxe-13065946353-1831014033124-1821760734405-0591b3003861d046a3fe606fb5f44814",
                "thumb_480_w": 407,
                "thumb_480_h": 480,
                "thumb_160": "https:\/\/files.slack.com\/files-tmb\/T0D1XTUAD-F011W8PUKEH-2503cfac4a\/screen_shot_2020-04-15_at_6.33.41_pm_160.png?t=xoxe-13065946353-1831014033124-1821760734405-0591b3003861d046a3fe606fb5f44814",
                "thumb_720": "https:\/\/files.slack.com\/files-tmb\/T0D1XTUAD-F011W8PUKEH-2503cfac4a\/screen_shot_2020-04-15_at_6.33.41_pm_720.png?t=xoxe-13065946353-1831014033124-1821760734405-0591b3003861d046a3fe606fb5f44814",
                "thumb_720_w": 611,
                "thumb_720_h": 720,
                "thumb_800": "https:\/\/files.slack.com\/files-tmb\/T0D1XTUAD-F011W8PUKEH-2503cfac4a\/screen_shot_2020-04-15_at_6.33.41_pm_800.png?t=xoxe-13065946353-1831014033124-1821760734405-0591b3003861d046a3fe606fb5f44814",
                "thumb_800_w": 800,
                "thumb_800_h": 943,
                "thumb_960": "https:\/\/files.slack.com\/files-tmb\/T0D1XTUAD-F011W8PUKEH-2503cfac4a\/screen_shot_2020-04-15_at_6.33.41_pm_960.png?t=xoxe-13065946353-1831014033124-1821760734405-0591b3003861d046a3fe606fb5f44814",
                "thumb_960_w": 815,
                "thumb_960_h": 960,
                "thumb_1024": "https:\/\/files.slack.com\/files-tmb\/T0D1XTUAD-F011W8PUKEH-2503cfac4a\/screen_shot_2020-04-15_at_6.33.41_pm_1024.png?t=xoxe-13065946353-1831014033124-1821760734405-0591b3003861d046a3fe606fb5f44814",
                "thumb_1024_w": 869,
                "thumb_1024_h": 1024,
                "original_w": 1322,
                "original_h": 1558,
                "thumb_tiny": "AwAwACi5RRRWhmKDzz0p\/brUdOHI5qWikxevQ8UufagUZqShgUn6UrDjI7UoOaU9KdxWGAc804dKTp70vtQ2CAf1pcU3t0oz7UgEU80\/FRg81JmnIENI4pV5FHam8Zx7UgHDpS8elJkUZHqKBn\/\/2Q==",
                "permalink": "https:\/\/kcwebteam.slack.com\/files\/UUW3W20AU\/F011W8PUKEH\/screen_shot_2020-04-15_at_6.33.41_pm.png",
                "permalink_public": "https:\/\/slack-files.com\/T0D1XTUAD-F011W8PUKEH-93d27d12c1",
                "is_starred": false,
                "has_rich_preview": false
            }
        ],
        "upload": true,
        "blocks": [
            {
                "type": "rich_text",
                "block_id": "BcH",
                "elements": [
                    {
                        "type": "rich_text_section",
                        "elements": [
                            {
                                "type": "text",
                                "text": "So, based on that news, a trip to Alki Beach for me will now look like this "
                            },
                            {
                                "type": "emoji",
                                "name": "disappointed"
                            },
                            {
                                "type": "text",
                                "text": " I don't think I'll be doing any Seal Sitting any time soon ... too long of a trip now."
                            }
                        ]
                    }
                ]
            }
        ],
        "user": "UUW3W20AU",
        "display_as_bot": false,
        "ts": "1587000916.184000",
        "client_msg_id": "11282348-6ea4-4e39-9250-d1cc30048e85",
        "thread_ts": "1586996628.181600",
        "parent_user_id": "U7EP7P2JW"
    },
    {
        "client_msg_id": "a1199802-06b9-486a-9654-de33b82d07f3",
        "type": "message",
        "text": "Bus or water taxi, maybe. The water taxi is lovely and if you are seal sitting at Seacrest or Don Armeni parks, those are both right off the dock on this side.",
        "user": "U0NSCMBR8",
        "ts": "1587001202.184400",
        "team": "T0D1XTUAD",
        "user_team": "T0D1XTUAD",
        "source_team": "T0D1XTUAD",
        "user_profile": {
            "avatar_hash": "28a69ac871a0",
            "image_72": "https:\/\/avatars.slack-edge.com\/2016-02-24\/22896597253_28a69ac871a00b39b963_72.jpg",
            "first_name": "Al",
            "real_name": "Al Boss",
            "display_name": "",
            "team": "T0D1XTUAD",
            "name": "alboss",
            "is_restricted": false,
            "is_ultra_restricted": false
        },
        "blocks": [
            {
                "type": "rich_text",
                "block_id": "vpS\/",
                "elements": [
                    {
                        "type": "rich_text_section",
                        "elements": [
                            {
                                "type": "text",
                                "text": "Bus or water taxi, maybe. The water taxi is lovely and if you are seal sitting at Seacrest or Don Armeni parks, those are both right off the dock on this side."
                            }
                        ]
                    }
                ]
            }
        ],
        "thread_ts": "1586996628.181600",
        "parent_user_id": "U7EP7P2JW"
    },
    {
        "client_msg_id": "ee120faf-bb6d-40c3-894d-4931e4300b91",
        "type": "message",
        "text": "Otherwise, you’ll have to have the seals delivered to Capitol Hill.",
        "user": "U0NSCMBR8",
        "ts": "1587001221.184600",
        "team": "T0D1XTUAD",
        "user_team": "T0D1XTUAD",
        "source_team": "T0D1XTUAD",
        "user_profile": {
            "avatar_hash": "28a69ac871a0",
            "image_72": "https:\/\/avatars.slack-edge.com\/2016-02-24\/22896597253_28a69ac871a00b39b963_72.jpg",
            "first_name": "Al",
            "real_name": "Al Boss",
            "display_name": "",
            "team": "T0D1XTUAD",
            "name": "alboss",
            "is_restricted": false,
            "is_ultra_restricted": false
        },
        "blocks": [
            {
                "type": "rich_text",
                "block_id": "E+AU",
                "elements": [
                    {
                        "type": "rich_text_section",
                        "elements": [
                            {
                                "type": "text",
                                "text": "Otherwise, you’ll have to have the seals delivered to Capitol Hill."
                            }
                        ]
                    }
                ]
            }
        ],
        "thread_ts": "1586996628.181600",
        "parent_user_id": "U7EP7P2JW"
    },
    {
        "client_msg_id": "2b79cf53-4dfa-4e91-8c25-6fa581608641",
        "type": "message",
        "text": "Man, this blows :disappointed:",
        "user": "UUW3W20AU",
        "ts": "1587002164.184800",
        "team": "T0D1XTUAD",
        "user_team": "T0D1XTUAD",
        "source_team": "T0D1XTUAD",
        "user_profile": {
            "avatar_hash": "0c87430f5419",
            "image_72": "https:\/\/avatars.slack-edge.com\/2020-03-04\/984414387030_0c87430f5419d7de3cea_72.jpg",
            "first_name": "Elizabeth",
            "real_name": "Elizabeth Inglese",
            "display_name": "Tish",
            "team": "T0D1XTUAD",
            "name": "einglese",
            "is_restricted": false,
            "is_ultra_restricted": false
        },
        "blocks": [
            {
                "type": "rich_text",
                "block_id": "vQf",
                "elements": [
                    {
                        "type": "rich_text_section",
                        "elements": [
                            {
                                "type": "text",
                                "text": "Man, this blows "
                            },
                            {
                                "type": "emoji",
                                "name": "disappointed"
                            }
                        ]
                    }
                ]
            }
        ],
        "thread_ts": "1586996628.181600",
        "parent_user_id": "U7EP7P2JW",
        "reactions": [
            {
                "name": "grimacing",
                "users": [
                    "U7EP7P2JW"
                ],
                "count": 1
            }
        ]
    },
    {
        "client_msg_id": "7DAB6560-045E-4503-A34E-D8B19307C94B",
        "type": "message",
        "text": "A fact not lost on the 20% of the city’s population that lives over here. ",
        "user": "U0NSCMBR8",
        "ts": "1587002596.186000",
        "team": "T0D1XTUAD",
        "user_team": "T0D1XTUAD",
        "source_team": "T0D1XTUAD",
        "user_profile": {
            "avatar_hash": "28a69ac871a0",
            "image_72": "https:\/\/avatars.slack-edge.com\/2016-02-24\/22896597253_28a69ac871a00b39b963_72.jpg",
            "first_name": "Al",
            "real_name": "Al Boss",
            "display_name": "",
            "team": "T0D1XTUAD",
            "name": "alboss",
            "is_restricted": false,
            "is_ultra_restricted": false
        },
        "blocks": [
            {
                "type": "rich_text",
                "block_id": "6POC",
                "elements": [
                    {
                        "type": "rich_text_section",
                        "elements": [
                            {
                                "type": "text",
                                "text": "A fact not lost on the 20% of the city’s population that lives over here. "
                            }
                        ]
                    }
                ]
            }
        ],
        "thread_ts": "1586996628.181600",
        "parent_user_id": "U7EP7P2JW",
        "reactions": [
            {
                "name": "grimacing",
                "users": [
                    "U7EP7P2JW"
                ],
                "count": 1
            }
        ]
    }
]