[
    {
        "client_msg_id": "e7abf19d-ea03-4822-9b7a-33cd621ca3e9",
        "type": "message",
        "text": "HBR seems to have well-grounded WFH suggestions.\n_These are just a few recommendations that can help workers maintain boundaries between their work and their personal life and thereby avoid burnout in the long run. Employees will need the flexibility to experiment with how to make their circumstances work for them in these unpredictable times._\n<https:\/\/hbr.org\/2020\/04\/3-tips-to-avoid-wfh-burnout>",
        "user": "UUJNED77D",
        "ts": "1599060406.031900",
        "team": "T0D1XTUAD",
        "user_team": "T0D1XTUAD",
        "source_team": "T0D1XTUAD",
        "user_profile": {
            "avatar_hash": "5f4a213e859b",
            "image_72": "https:\/\/avatars.slack-edge.com\/2020-03-04\/982713408789_5f4a213e859b7369a972_72.jpg",
            "first_name": "Fred",
            "real_name": "Fred Bentler",
            "display_name": "Fred Bentler",
            "team": "T0D1XTUAD",
            "name": "fred.bentler",
            "is_restricted": false,
            "is_ultra_restricted": false
        },
        "attachments": [
            {
                "service_name": "Harvard Business Review",
                "title": "3 Tips to Avoid WFH Burnout",
                "title_link": "https:\/\/hbr.org\/2020\/04\/3-tips-to-avoid-wfh-burnout",
                "text": "How to leave work at the door when you don’t leave the house.",
                "fallback": "Harvard Business Review: 3 Tips to Avoid WFH Burnout",
                "image_url": "https:\/\/hbr.org\/resources\/images\/article_assets\/2020\/04\/Apr20_03_128389327.jpg",
                "ts": 1585917930,
                "from_url": "https:\/\/hbr.org\/2020\/04\/3-tips-to-avoid-wfh-burnout",
                "image_width": 444,
                "image_height": 250,
                "image_bytes": 235472,
                "service_icon": "https:\/\/hbr.org\/resources\/images\/favicon.ico",
                "id": 1,
                "original_url": "https:\/\/hbr.org\/2020\/04\/3-tips-to-avoid-wfh-burnout"
            }
        ],
        "blocks": [
            {
                "type": "rich_text",
                "block_id": "ycd",
                "elements": [
                    {
                        "type": "rich_text_section",
                        "elements": [
                            {
                                "type": "text",
                                "text": "HBR seems to have well-grounded WFH suggestions.\n"
                            },
                            {
                                "type": "text",
                                "text": "These are just a few recommendations that can help workers maintain boundaries between their work and their personal life and thereby avoid burnout in the long run. Employees will need the flexibility to experiment with how to make their circumstances work for them in these unpredictable times.",
                                "style": {
                                    "italic": true
                                }
                            },
                            {
                                "type": "text",
                                "text": "\n"
                            },
                            {
                                "type": "link",
                                "url": "https:\/\/hbr.org\/2020\/04\/3-tips-to-avoid-wfh-burnout"
                            }
                        ]
                    }
                ]
            }
        ],
        "thread_ts": "1599060406.031900",
        "reply_count": 3,
        "reply_users_count": 2,
        "latest_reply": "1599071038.033800",
        "reply_users": [
            "U0NSCMBR8",
            "UUJNED77D"
        ],
        "replies": [
            {
                "user": "U0NSCMBR8",
                "ts": "1599066073.032900"
            },
            {
                "user": "UUJNED77D",
                "ts": "1599070196.033500"
            },
            {
                "user": "UUJNED77D",
                "ts": "1599071038.033800"
            }
        ],
        "subscribed": false,
        "reactions": [
            {
                "name": "+1",
                "users": [
                    "U7EP7P2JW",
                    "UUW3W20AU"
                ],
                "count": 2
            },
            {
                "name": "house",
                "users": [
                    "UUW3W20AU"
                ],
                "count": 1
            }
        ]
    },
    {
        "client_msg_id": "421B7111-B89B-43FB-9046-AFBCB4044206",
        "type": "message",
        "text": "At first I thought that HBR was Halliburton and got really worried.",
        "user": "U0NSCMBR8",
        "ts": "1599066073.032900",
        "team": "T0D1XTUAD",
        "user_team": "T0D1XTUAD",
        "source_team": "T0D1XTUAD",
        "user_profile": {
            "avatar_hash": "28a69ac871a0",
            "image_72": "https:\/\/avatars.slack-edge.com\/2016-02-24\/22896597253_28a69ac871a00b39b963_72.jpg",
            "first_name": "Al",
            "real_name": "Al Boss",
            "display_name": "",
            "team": "T0D1XTUAD",
            "name": "alboss",
            "is_restricted": false,
            "is_ultra_restricted": false
        },
        "blocks": [
            {
                "type": "rich_text",
                "block_id": "Rj+ZF",
                "elements": [
                    {
                        "type": "rich_text_section",
                        "elements": [
                            {
                                "type": "text",
                                "text": "At first I thought that HBR was Halliburton and got really worried."
                            }
                        ]
                    }
                ]
            }
        ],
        "thread_ts": "1599060406.031900",
        "parent_user_id": "UUJNED77D"
    },
    {
        "type": "message",
        "subtype": "channel_join",
        "ts": "1599069263.033400",
        "user": "U019SEZTXDL",
        "text": "<@U019SEZTXDL> has joined the channel"
    },
    {
        "client_msg_id": "be899bba-a4ab-4ebe-a89a-fcca034d3dbf",
        "type": "message",
        "text": "I don't know, but it's interesting how the publisher assumes the reader lives in a house.",
        "user": "UUJNED77D",
        "ts": "1599070196.033500",
        "team": "T0D1XTUAD",
        "user_team": "T0D1XTUAD",
        "source_team": "T0D1XTUAD",
        "user_profile": {
            "avatar_hash": "5f4a213e859b",
            "image_72": "https:\/\/avatars.slack-edge.com\/2020-03-04\/982713408789_5f4a213e859b7369a972_72.jpg",
            "first_name": "Fred",
            "real_name": "Fred Bentler",
            "display_name": "Fred Bentler",
            "team": "T0D1XTUAD",
            "name": "fred.bentler",
            "is_restricted": false,
            "is_ultra_restricted": false
        },
        "blocks": [
            {
                "type": "rich_text",
                "block_id": "wUa",
                "elements": [
                    {
                        "type": "rich_text_section",
                        "elements": [
                            {
                                "type": "text",
                                "text": "I don't know, but it's interesting how the publisher assumes the reader lives in a house."
                            }
                        ]
                    }
                ]
            }
        ],
        "thread_ts": "1599060406.031900",
        "parent_user_id": "UUJNED77D"
    },
    {
        "client_msg_id": "8e47b457-e837-44f1-90e1-636bcfc54e3e",
        "type": "message",
        "text": "This is pretty good too- from a site for working moms:\n<https:\/\/www.workingmother.com\/best-way-to-set-work-boundaries-at-home-based-on-your-personality>",
        "user": "UUJNED77D",
        "ts": "1599071038.033800",
        "team": "T0D1XTUAD",
        "user_team": "T0D1XTUAD",
        "source_team": "T0D1XTUAD",
        "user_profile": {
            "avatar_hash": "5f4a213e859b",
            "image_72": "https:\/\/avatars.slack-edge.com\/2020-03-04\/982713408789_5f4a213e859b7369a972_72.jpg",
            "first_name": "Fred",
            "real_name": "Fred Bentler",
            "display_name": "Fred Bentler",
            "team": "T0D1XTUAD",
            "name": "fred.bentler",
            "is_restricted": false,
            "is_ultra_restricted": false
        },
        "attachments": [
            {
                "service_name": "Working Mother",
                "title": "The Best Way to Set Work Boundaries at Home, Based on Your Personality",
                "title_link": "https:\/\/www.workingmother.com\/best-way-to-set-work-boundaries-at-home-based-on-your-personality",
                "text": "Dividing work and life is harder when you don't leave your home. But if you figure out whether you're a segmenter or integrator it can be easier.",
                "fallback": "Working Mother: The Best Way to Set Work Boundaries at Home, Based on Your Personality",
                "image_url": "https:\/\/www.workingmother.com\/sites\/workingmother.com\/files\/styles\/opengraph_1_91x1\/public\/images\/2020\/08\/pexels-anastasia-shuraeva-4079283.jpg?itok=YvTCU9yI",
                "from_url": "https:\/\/www.workingmother.com\/best-way-to-set-work-boundaries-at-home-based-on-your-personality",
                "image_width": 476,
                "image_height": 250,
                "image_bytes": 82508,
                "service_icon": "https:\/\/www.workingmother.com\/sites\/all\/modules\/bonnier\/sandcastle_exports\/includes\/icons\/apple-touch-icon.png",
                "id": 1,
                "original_url": "https:\/\/www.workingmother.com\/best-way-to-set-work-boundaries-at-home-based-on-your-personality"
            }
        ],
        "blocks": [
            {
                "type": "rich_text",
                "block_id": "sa6+",
                "elements": [
                    {
                        "type": "rich_text_section",
                        "elements": [
                            {
                                "type": "text",
                                "text": "This is pretty good too- from a site for working moms:\n"
                            },
                            {
                                "type": "link",
                                "url": "https:\/\/www.workingmother.com\/best-way-to-set-work-boundaries-at-home-based-on-your-personality"
                            }
                        ]
                    }
                ]
            }
        ],
        "thread_ts": "1599060406.031900",
        "parent_user_id": "UUJNED77D"
    }
]