[
    {
        "client_msg_id": "f0ea8abf-ccdb-4e86-afc7-943cf478a6a0",
        "type": "message",
        "text": "Maybe we'll all be under lockdown until 2022 anyway...",
        "user": "U7EQMP760",
        "ts": "1587047151.186500",
        "team": "T0D1XTUAD",
        "user_team": "T0D1XTUAD",
        "source_team": "T0D1XTUAD",
        "user_profile": {
            "avatar_hash": "db1abed225d9",
            "image_72": "https:\/\/avatars.slack-edge.com\/2020-03-14\/990754009969_db1abed225d9635aae98_72.jpg",
            "first_name": "",
            "real_name": "Mary Delahanty",
            "display_name": "",
            "team": "T0D1XTUAD",
            "name": "mary.delahanty",
            "is_restricted": false,
            "is_ultra_restricted": false
        },
        "blocks": [
            {
                "type": "rich_text",
                "block_id": "QMS",
                "elements": [
                    {
                        "type": "rich_text_section",
                        "elements": [
                            {
                                "type": "text",
                                "text": "Maybe we'll all be under lockdown until 2022 anyway..."
                            }
                        ]
                    }
                ]
            }
        ],
        "thread_ts": "1586996628.181600",
        "parent_user_id": "U7EP7P2JW"
    },
    {
        "client_msg_id": "ed4f7d2a-13a7-4287-8266-32044c6dca22",
        "type": "message",
        "text": "2022 is around when a vaccine would be available, under normal circumstances, so it could co-incide.\n\nThe scary part is that 2022 is the rosy scenario. Demolishing and rebuilding the bridge, if it can’t be saved, will add years to that. And any retrofit they can do will likely only give us limited use of the bridge, and probably only for about 10 years. Ten years might be enough time to secure funds and plans, and construct a new bridge--except the new bridge will probably go where the existing one already is, which means more time with the West Seattle Island being part of a really bad three-hour tour.\n\nIt’d be cool if they could, rather than just replacing an already congested automobile-moving structure, conjure up something more radical--but I’ve no idea what that would be.\n\nI do wonder if West Seattle will get more co-working spaces? Maybe even subsidized.",
        "user": "U0NSCMBR8",
        "ts": "1587055207.186700",
        "team": "T0D1XTUAD",
        "user_team": "T0D1XTUAD",
        "source_team": "T0D1XTUAD",
        "user_profile": {
            "avatar_hash": "28a69ac871a0",
            "image_72": "https:\/\/avatars.slack-edge.com\/2016-02-24\/22896597253_28a69ac871a00b39b963_72.jpg",
            "first_name": "Al",
            "real_name": "Al Boss",
            "display_name": "",
            "team": "T0D1XTUAD",
            "name": "alboss",
            "is_restricted": false,
            "is_ultra_restricted": false
        },
        "blocks": [
            {
                "type": "rich_text",
                "block_id": "OQM",
                "elements": [
                    {
                        "type": "rich_text_section",
                        "elements": [
                            {
                                "type": "text",
                                "text": "2022 is around when a vaccine would be available, under normal circumstances, so it could co-incide.\n\nThe scary part is that 2022 is the rosy scenario. Demolishing and rebuilding the bridge, if it can’t be saved, will add years to that. And any retrofit they can do will likely only give us limited use of the bridge, and probably only for about 10 years. Ten years might be enough time to secure funds and plans, and construct a new bridge--except the new bridge will probably go where the existing one already is, which means more time with the West Seattle Island being part of a really bad three-hour tour.\n\nIt’d be cool if they could, rather than just replacing an already congested automobile-moving structure, conjure up something more radical--but I’ve no idea what that would be.\n\nI do wonder if West Seattle will get more co-working spaces? Maybe even subsidized."
                            }
                        ]
                    }
                ]
            }
        ],
        "thread_ts": "1586996628.181600",
        "parent_user_id": "U7EP7P2JW"
    },
    {
        "client_msg_id": "3c1440a4-0668-4ca5-a55e-44729ef57ca7",
        "type": "message",
        "text": "Were you living here when the bridge (the old bridge) was closed before? I can't remember how people got back and forth that time. Drove the long way around, I guess.",
        "user": "U7EQMP760",
        "ts": "1587061831.186900",
        "team": "T0D1XTUAD",
        "user_team": "T0D1XTUAD",
        "source_team": "T0D1XTUAD",
        "user_profile": {
            "avatar_hash": "db1abed225d9",
            "image_72": "https:\/\/avatars.slack-edge.com\/2020-03-14\/990754009969_db1abed225d9635aae98_72.jpg",
            "first_name": "",
            "real_name": "Mary Delahanty",
            "display_name": "",
            "team": "T0D1XTUAD",
            "name": "mary.delahanty",
            "is_restricted": false,
            "is_ultra_restricted": false
        },
        "blocks": [
            {
                "type": "rich_text",
                "block_id": "jiM",
                "elements": [
                    {
                        "type": "rich_text_section",
                        "elements": [
                            {
                                "type": "text",
                                "text": "Were you living here when the bridge (the old bridge) was closed before? I can't remember how people got back and forth that time. Drove the long way around, I guess."
                            }
                        ]
                    }
                ]
            }
        ],
        "thread_ts": "1586996628.181600",
        "parent_user_id": "U7EP7P2JW"
    }
]