[
    {
        "client_msg_id": "5d8b9f95-d990-472b-9aaa-7ef06427161b",
        "type": "message",
        "text": "<@UUW3W20AU> No, much worse, not accidental and designed to disrupt. It's high school.",
        "user": "UUJNED77D",
        "ts": "1600354558.124400",
        "team": "T0D1XTUAD",
        "user_team": "T0D1XTUAD",
        "source_team": "T0D1XTUAD",
        "user_profile": {
            "avatar_hash": "5f4a213e859b",
            "image_72": "https:\/\/avatars.slack-edge.com\/2020-03-04\/982713408789_5f4a213e859b7369a972_72.jpg",
            "first_name": "Fred",
            "real_name": "Fred Bentler",
            "display_name": "Fred Bentler",
            "team": "T0D1XTUAD",
            "name": "fred.bentler",
            "is_restricted": false,
            "is_ultra_restricted": false
        },
        "blocks": [
            {
                "type": "rich_text",
                "block_id": "ofTfN",
                "elements": [
                    {
                        "type": "rich_text_section",
                        "elements": [
                            {
                                "type": "user",
                                "user_id": "UUW3W20AU"
                            },
                            {
                                "type": "text",
                                "text": " No, much worse, not accidental and designed to disrupt. It's high school."
                            }
                        ]
                    }
                ]
            }
        ],
        "thread_ts": "1600190181.084100",
        "parent_user_id": "UUJNED77D"
    },
    {
        "client_msg_id": "23094dc3-2ebb-466c-8c07-8dc54d1650b0",
        "type": "message",
        "text": "<@UUJNED77D> - Here is a podcast for you if you haven’t already discovered it. <https:\/\/open.spotify.com\/episode\/78Nkbxjsc4r71jLcNJ4S1d?si=1hkwgRoiTjOE8tWyzvJ2bA>",
        "user": "U7EP7P2JW",
        "ts": "1600354977.124700",
        "team": "T0D1XTUAD",
        "user_team": "T0D1XTUAD",
        "source_team": "T0D1XTUAD",
        "user_profile": {
            "avatar_hash": "7fac73a9f68f",
            "image_72": "https:\/\/avatars.slack-edge.com\/2020-11-05\/1503307917168_7fac73a9f68f9db6dfe6_72.png",
            "first_name": "Rebecca",
            "real_name": "Rebecca Watson",
            "display_name": "rebecca",
            "team": "T0D1XTUAD",
            "name": "rebecca.watson",
            "is_restricted": false,
            "is_ultra_restricted": false
        },
        "attachments": [
            {
                "service_name": "Spotify",
                "service_url": "https:\/\/spotify.com",
                "title": "Introducing How to Save a Planet",
                "title_link": "https:\/\/open.spotify.com\/episode\/78Nkbxjsc4r71jLcNJ4S1d?si=1hkwgRoiTjOE8tWyzvJ2bA",
                "thumb_url": "https:\/\/i.scdn.co\/image\/afe8b3858a9b12f0018422eea69a8cba981679ab",
                "thumb_width": 300,
                "thumb_height": 300,
                "fallback": "Spotify Audio: Introducing How to Save a Planet",
                "audio_html": "<iframe width=\"100%\" height=\"232\" allowtransparency=\"true\" frameborder=\"0\" allow=\"encrypted-media\" title=\"Spotify Embed: Introducing How to Save a Planet\" src=\"https:\/\/open.spotify.com\/embed-podcast\/episode\/78Nkbxjsc4r71jLcNJ4S1d?si=1hkwgRoiTjOE8tWyzvJ2bA\"><\/iframe>",
                "audio_html_width": 600,
                "audio_html_height": 232,
                "from_url": "https:\/\/open.spotify.com\/episode\/78Nkbxjsc4r71jLcNJ4S1d?si=1hkwgRoiTjOE8tWyzvJ2bA",
                "service_icon": "https:\/\/a.slack-edge.com\/80588\/img\/unfurl_icons\/spotify.png",
                "id": 1,
                "original_url": "https:\/\/open.spotify.com\/episode\/78Nkbxjsc4r71jLcNJ4S1d?si=1hkwgRoiTjOE8tWyzvJ2bA"
            }
        ],
        "blocks": [
            {
                "type": "rich_text",
                "block_id": "tnSwL",
                "elements": [
                    {
                        "type": "rich_text_section",
                        "elements": [
                            {
                                "type": "user",
                                "user_id": "UUJNED77D"
                            },
                            {
                                "type": "text",
                                "text": " - Here is a podcast for you if you haven’t already discovered it. "
                            },
                            {
                                "type": "link",
                                "url": "https:\/\/open.spotify.com\/episode\/78Nkbxjsc4r71jLcNJ4S1d?si=1hkwgRoiTjOE8tWyzvJ2bA"
                            }
                        ]
                    }
                ]
            }
        ],
        "thread_ts": "1600267374.106900",
        "parent_user_id": "UUJNED77D",
        "reactions": [
            {
                "name": "+1",
                "users": [
                    "UUJNED77D"
                ],
                "count": 1
            }
        ]
    },
    {
        "client_msg_id": "352a9a77-4cd5-4040-84fb-517f26ca822d",
        "type": "message",
        "text": "Yikes! Yes, let's get that channel relocated ASAP. Should this be part of ADO?",
        "user": "U5Y0B4XC3",
        "ts": "1600363638.125200",
        "team": "T0D1XTUAD",
        "user_team": "T0D1XTUAD",
        "source_team": "T0D1XTUAD",
        "user_profile": {
            "avatar_hash": "da718d235064",
            "image_72": "https:\/\/avatars.slack-edge.com\/2019-05-20\/629478633218_da718d2350648f939113_72.jpg",
            "first_name": "Pam",
            "real_name": "Pam Shales",
            "display_name": "Pam Shales",
            "team": "T0D1XTUAD",
            "name": "pshales",
            "is_restricted": false,
            "is_ultra_restricted": false
        },
        "blocks": [
            {
                "type": "rich_text",
                "block_id": "ccMTh",
                "elements": [
                    {
                        "type": "rich_text_section",
                        "elements": [
                            {
                                "type": "text",
                                "text": "Yikes! Yes, let's get that channel relocated ASAP. Should this be part of ADO?"
                            }
                        ]
                    }
                ]
            }
        ],
        "thread_ts": "1600264202.104700",
        "parent_user_id": "U0NSCMBR8"
    },
    {
        "client_msg_id": "d825ffb2-7529-4d3f-8bcb-7125805b4e08",
        "type": "message",
        "text": "That would be a possibility if visual communications have access and know how to use ADO. Maybe the DCE team site if ADO isn't used.",
        "user": "UUJNED77D",
        "ts": "1600364602.125400",
        "team": "T0D1XTUAD",
        "user_team": "T0D1XTUAD",
        "source_team": "T0D1XTUAD",
        "user_profile": {
            "avatar_hash": "5f4a213e859b",
            "image_72": "https:\/\/avatars.slack-edge.com\/2020-03-04\/982713408789_5f4a213e859b7369a972_72.jpg",
            "first_name": "Fred",
            "real_name": "Fred Bentler",
            "display_name": "Fred Bentler",
            "team": "T0D1XTUAD",
            "name": "fred.bentler",
            "is_restricted": false,
            "is_ultra_restricted": false
        },
        "blocks": [
            {
                "type": "rich_text",
                "block_id": "n7v8",
                "elements": [
                    {
                        "type": "rich_text_section",
                        "elements": [
                            {
                                "type": "text",
                                "text": "That would be a possibility if visual communications have access and know how to use ADO. Maybe the DCE team site if ADO isn't used."
                            }
                        ]
                    }
                ]
            }
        ],
        "thread_ts": "1600264202.104700",
        "parent_user_id": "U0NSCMBR8"
    },
    {
        "client_msg_id": "179ad8fa-7ea4-41e9-ae70-0dcde83299a8",
        "type": "message",
        "text": "I suspect the reason the channel was set up in Slack was to be more immediate and less system-of-record than ADO, which is an awful lot of cumbersome tool for simple things. I guess it depends on what the whole goal for the channel is supposed to be.",
        "user": "U0NSCMBR8",
        "ts": "1600365701.125600",
        "team": "T0D1XTUAD",
        "user_team": "T0D1XTUAD",
        "source_team": "T0D1XTUAD",
        "user_profile": {
            "avatar_hash": "28a69ac871a0",
            "image_72": "https:\/\/avatars.slack-edge.com\/2016-02-24\/22896597253_28a69ac871a00b39b963_72.jpg",
            "first_name": "Al",
            "real_name": "Al Boss",
            "display_name": "",
            "team": "T0D1XTUAD",
            "name": "alboss",
            "is_restricted": false,
            "is_ultra_restricted": false
        },
        "blocks": [
            {
                "type": "rich_text",
                "block_id": "dH0",
                "elements": [
                    {
                        "type": "rich_text_section",
                        "elements": [
                            {
                                "type": "text",
                                "text": "I suspect the reason the channel was set up in Slack was to be more immediate and less system-of-record than ADO, which is an awful lot of cumbersome tool for simple things. I guess it depends on what the whole goal for the channel is supposed to be."
                            }
                        ]
                    }
                ]
            }
        ],
        "thread_ts": "1600264202.104700",
        "parent_user_id": "U0NSCMBR8"
    },
    {
        "client_msg_id": "3892c3bb-3702-4efc-b6b9-311001626c70",
        "type": "message",
        "text": "<@UUJNED77D> I was referring to migrating the <#C01778Q9U0L|g8-dce-sitecore-admins> channel.",
        "user": "U5Y0B4XC3",
        "ts": "1600369703.125800",
        "team": "T0D1XTUAD",
        "user_team": "T0D1XTUAD",
        "source_team": "T0D1XTUAD",
        "user_profile": {
            "avatar_hash": "da718d235064",
            "image_72": "https:\/\/avatars.slack-edge.com\/2019-05-20\/629478633218_da718d2350648f939113_72.jpg",
            "first_name": "Pam",
            "real_name": "Pam Shales",
            "display_name": "Pam Shales",
            "team": "T0D1XTUAD",
            "name": "pshales",
            "is_restricted": false,
            "is_ultra_restricted": false
        },
        "blocks": [
            {
                "type": "rich_text",
                "block_id": "I6pC4",
                "elements": [
                    {
                        "type": "rich_text_section",
                        "elements": [
                            {
                                "type": "user",
                                "user_id": "UUJNED77D"
                            },
                            {
                                "type": "text",
                                "text": " I was referring to migrating the "
                            },
                            {
                                "type": "channel",
                                "channel_id": "C01778Q9U0L"
                            },
                            {
                                "type": "text",
                                "text": " channel."
                            }
                        ]
                    }
                ]
            }
        ],
        "thread_ts": "1600264202.104700",
        "parent_user_id": "U0NSCMBR8"
    },
    {
        "client_msg_id": "b828bc68-891b-4cf1-a4e4-cc45d904baa6",
        "type": "message",
        "text": "Yes, definitely! (the conversations was collapsed and I didn't see that comment.)",
        "user": "UUJNED77D",
        "ts": "1600372832.126000",
        "team": "T0D1XTUAD",
        "user_team": "T0D1XTUAD",
        "source_team": "T0D1XTUAD",
        "user_profile": {
            "avatar_hash": "5f4a213e859b",
            "image_72": "https:\/\/avatars.slack-edge.com\/2020-03-04\/982713408789_5f4a213e859b7369a972_72.jpg",
            "first_name": "Fred",
            "real_name": "Fred Bentler",
            "display_name": "Fred Bentler",
            "team": "T0D1XTUAD",
            "name": "fred.bentler",
            "is_restricted": false,
            "is_ultra_restricted": false
        },
        "edited": {
            "user": "UUJNED77D",
            "ts": "1600372863.000000"
        },
        "blocks": [
            {
                "type": "rich_text",
                "block_id": "V\/Wf",
                "elements": [
                    {
                        "type": "rich_text_section",
                        "elements": [
                            {
                                "type": "text",
                                "text": "Yes, definitely! (the conversations was collapsed and I didn't see that comment.)"
                            }
                        ]
                    }
                ]
            }
        ],
        "thread_ts": "1600264202.104700",
        "parent_user_id": "U0NSCMBR8"
    },
    {
        "client_msg_id": "b7440c68-1208-4efb-9ad4-50a550241717",
        "type": "message",
        "text": "oh geeze ... not good",
        "user": "UUW3W20AU",
        "ts": "1600378196.126300",
        "team": "T0D1XTUAD",
        "user_team": "T0D1XTUAD",
        "source_team": "T0D1XTUAD",
        "user_profile": {
            "avatar_hash": "0c87430f5419",
            "image_72": "https:\/\/avatars.slack-edge.com\/2020-03-04\/984414387030_0c87430f5419d7de3cea_72.jpg",
            "first_name": "Elizabeth",
            "real_name": "Elizabeth Inglese",
            "display_name": "Tish",
            "team": "T0D1XTUAD",
            "name": "einglese",
            "is_restricted": false,
            "is_ultra_restricted": false
        },
        "blocks": [
            {
                "type": "rich_text",
                "block_id": "MHY",
                "elements": [
                    {
                        "type": "rich_text_section",
                        "elements": [
                            {
                                "type": "text",
                                "text": "oh geeze ... not good"
                            }
                        ]
                    }
                ]
            }
        ],
        "thread_ts": "1600190181.084100",
        "parent_user_id": "UUJNED77D"
    },
    {
        "client_msg_id": "72fe3814-19f5-4b49-a221-e666f5e3a629",
        "type": "message",
        "text": "Wildfires ravage the western US, the midwest is tornado alley, the south and gulf coast are Hurricane central. Time to move to New England and just deal with the snow blizzards I guess.",
        "user": "UUW3W20AU",
        "ts": "1600378323.126500",
        "team": "T0D1XTUAD",
        "user_team": "T0D1XTUAD",
        "source_team": "T0D1XTUAD",
        "user_profile": {
            "avatar_hash": "0c87430f5419",
            "image_72": "https:\/\/avatars.slack-edge.com\/2020-03-04\/984414387030_0c87430f5419d7de3cea_72.jpg",
            "first_name": "Elizabeth",
            "real_name": "Elizabeth Inglese",
            "display_name": "Tish",
            "team": "T0D1XTUAD",
            "name": "einglese",
            "is_restricted": false,
            "is_ultra_restricted": false
        },
        "blocks": [
            {
                "type": "rich_text",
                "block_id": "LecJ",
                "elements": [
                    {
                        "type": "rich_text_section",
                        "elements": [
                            {
                                "type": "text",
                                "text": "Wildfires ravage the western US, the midwest is tornado alley, the south and gulf coast are Hurricane central. Time to move to New England and just deal with the snow blizzards I guess."
                            }
                        ]
                    }
                ]
            }
        ],
        "thread_ts": "1600267374.106900",
        "parent_user_id": "UUJNED77D"
    },
    {
        "client_msg_id": "41200880-7522-44b7-a7ca-59cfbe83bc17",
        "type": "message",
        "text": "Zoom got all the attention in the spring, because their user base increased an order of magnitude in about a week, and all those eyes meant lots of people looking for exploits. Teams has been making steady progress but Microsoft’s near-monopoly in schools means suddenly a lot more Teams users coming on board at once, and lots of authority-resisting high schoolers to look for opportunities to disrupt.\n\nZoom did amazing work to turn around quick fixes for the issues in the spring, and I suspect Microsoft will do equally well now. But in the mean time, what an awful situation.",
        "user": "U0NSCMBR8",
        "ts": "1600378558.126700",
        "team": "T0D1XTUAD",
        "user_team": "T0D1XTUAD",
        "source_team": "T0D1XTUAD",
        "user_profile": {
            "avatar_hash": "28a69ac871a0",
            "image_72": "https:\/\/avatars.slack-edge.com\/2016-02-24\/22896597253_28a69ac871a00b39b963_72.jpg",
            "first_name": "Al",
            "real_name": "Al Boss",
            "display_name": "",
            "team": "T0D1XTUAD",
            "name": "alboss",
            "is_restricted": false,
            "is_ultra_restricted": false
        },
        "blocks": [
            {
                "type": "rich_text",
                "block_id": "Zpq",
                "elements": [
                    {
                        "type": "rich_text_section",
                        "elements": [
                            {
                                "type": "text",
                                "text": "Zoom got all the attention in the spring, because their user base increased an order of magnitude in about a week, and all those eyes meant lots of people looking for exploits. Teams has been making steady progress but Microsoft’s near-monopoly in schools means suddenly a lot more Teams users coming on board at once, and lots of authority-resisting high schoolers to look for opportunities to disrupt.\n\nZoom did amazing work to turn around quick fixes for the issues in the spring, and I suspect Microsoft will do equally well now. But in the mean time, what an awful situation."
                            }
                        ]
                    }
                ]
            }
        ],
        "thread_ts": "1600190181.084100",
        "parent_user_id": "UUJNED77D"
    }
]