[
    {
        "type": "message",
        "text": "Something <@U5Y0B4XC3> said reminded me that I wanted to print out this list from Parks Canada and put it by my desk. I think it’s all stuff we know intellectually and that our management supports, but it’s so easy in the thick of things to remember it.",
        "files": [
            {
                "id": "F015XB914TW",
                "created": 1592586830,
                "timestamp": 1592586830,
                "name": "image.png",
                "title": "image.png",
                "mimetype": "image\/png",
                "filetype": "png",
                "pretty_type": "PNG",
                "user": "U0NSCMBR8",
                "editable": false,
                "size": 146971,
                "mode": "hosted",
                "is_external": false,
                "external_type": "",
                "is_public": true,
                "public_url_shared": false,
                "display_as_bot": false,
                "username": "",
                "url_private": "https:\/\/files.slack.com\/files-pri\/T0D1XTUAD-F015XB914TW\/image.png?t=xoxe-13065946353-1831014033124-1821760734405-0591b3003861d046a3fe606fb5f44814",
                "url_private_download": "https:\/\/files.slack.com\/files-pri\/T0D1XTUAD-F015XB914TW\/download\/image.png?t=xoxe-13065946353-1831014033124-1821760734405-0591b3003861d046a3fe606fb5f44814",
                "thumb_64": "https:\/\/files.slack.com\/files-tmb\/T0D1XTUAD-F015XB914TW-960b66901a\/image_64.png?t=xoxe-13065946353-1831014033124-1821760734405-0591b3003861d046a3fe606fb5f44814",
                "thumb_80": "https:\/\/files.slack.com\/files-tmb\/T0D1XTUAD-F015XB914TW-960b66901a\/image_80.png?t=xoxe-13065946353-1831014033124-1821760734405-0591b3003861d046a3fe606fb5f44814",
                "thumb_360": "https:\/\/files.slack.com\/files-tmb\/T0D1XTUAD-F015XB914TW-960b66901a\/image_360.png?t=xoxe-13065946353-1831014033124-1821760734405-0591b3003861d046a3fe606fb5f44814",
                "thumb_360_w": 360,
                "thumb_360_h": 268,
                "thumb_480": "https:\/\/files.slack.com\/files-tmb\/T0D1XTUAD-F015XB914TW-960b66901a\/image_480.png?t=xoxe-13065946353-1831014033124-1821760734405-0591b3003861d046a3fe606fb5f44814",
                "thumb_480_w": 480,
                "thumb_480_h": 358,
                "thumb_160": "https:\/\/files.slack.com\/files-tmb\/T0D1XTUAD-F015XB914TW-960b66901a\/image_160.png?t=xoxe-13065946353-1831014033124-1821760734405-0591b3003861d046a3fe606fb5f44814",
                "thumb_720": "https:\/\/files.slack.com\/files-tmb\/T0D1XTUAD-F015XB914TW-960b66901a\/image_720.png?t=xoxe-13065946353-1831014033124-1821760734405-0591b3003861d046a3fe606fb5f44814",
                "thumb_720_w": 720,
                "thumb_720_h": 537,
                "original_w": 750,
                "original_h": 559,
                "thumb_tiny": "AwAjADDTpu4+op1NYHPQGgA3e4\/KjcfUUmD\/AHRRg\/3RQA7cPWlpuW9KdQAUxsdwRT6YT6NQAny+\/wClLlQOlGT\/AHqCT\/eFAANpP3afTcj+9TqACggGiigBNo9KNo9KWigAooooA\/\/Z",
                "permalink": "https:\/\/kcwebteam.slack.com\/files\/U0NSCMBR8\/F015XB914TW\/image.png",
                "permalink_public": "https:\/\/slack-files.com\/T0D1XTUAD-F015XB914TW-286ba87044",
                "is_starred": false,
                "has_rich_preview": false
            }
        ],
        "upload": false,
        "blocks": [
            {
                "type": "rich_text",
                "block_id": "qBjX",
                "elements": [
                    {
                        "type": "rich_text_section",
                        "elements": [
                            {
                                "type": "text",
                                "text": "Something "
                            },
                            {
                                "type": "user",
                                "user_id": "U5Y0B4XC3"
                            },
                            {
                                "type": "text",
                                "text": " said reminded me that I wanted to print out this list from Parks Canada and put it by my desk. I think it’s all stuff we know intellectually and that our management supports, but it’s so easy in the thick of things to remember it."
                            }
                        ]
                    }
                ]
            }
        ],
        "user": "U0NSCMBR8",
        "display_as_bot": false,
        "ts": "1592586837.455700",
        "reactions": [
            {
                "name": "100",
                "users": [
                    "U5Y0B4XC3"
                ],
                "count": 1
            },
            {
                "name": "+1",
                "users": [
                    "U7EP7P2JW"
                ],
                "count": 1
            }
        ]
    },
    {
        "client_msg_id": "7c5e5ffe-aa1f-4e9c-8abb-252fc0f50a39",
        "type": "message",
        "text": "Thanks <@U0NSCMBR8>!",
        "user": "U5Y0B4XC3",
        "ts": "1592586897.456400",
        "team": "T0D1XTUAD",
        "user_team": "T0D1XTUAD",
        "source_team": "T0D1XTUAD",
        "user_profile": {
            "avatar_hash": "da718d235064",
            "image_72": "https:\/\/avatars.slack-edge.com\/2019-05-20\/629478633218_da718d2350648f939113_72.jpg",
            "first_name": "Pam",
            "real_name": "Pam Shales",
            "display_name": "Pam Shales",
            "team": "T0D1XTUAD",
            "name": "pshales",
            "is_restricted": false,
            "is_ultra_restricted": false
        },
        "blocks": [
            {
                "type": "rich_text",
                "block_id": "4BfwY",
                "elements": [
                    {
                        "type": "rich_text_section",
                        "elements": [
                            {
                                "type": "text",
                                "text": "Thanks "
                            },
                            {
                                "type": "user",
                                "user_id": "U0NSCMBR8"
                            },
                            {
                                "type": "text",
                                "text": "!"
                            }
                        ]
                    }
                ]
            }
        ],
        "thread_ts": "1592586897.456400",
        "reply_count": 8,
        "reply_users_count": 4,
        "latest_reply": "1592614684.472000",
        "reply_users": [
            "U0NSCMBR8",
            "U7EP7P2JW",
            "UUJNED77D",
            "UUL14UHHP"
        ],
        "replies": [
            {
                "user": "U0NSCMBR8",
                "ts": "1592587069.456500"
            },
            {
                "user": "U7EP7P2JW",
                "ts": "1592588131.457300"
            },
            {
                "user": "UUJNED77D",
                "ts": "1592604633.464900"
            },
            {
                "user": "U0NSCMBR8",
                "ts": "1592604854.465100"
            },
            {
                "user": "UUJNED77D",
                "ts": "1592612343.467400"
            },
            {
                "user": "U0NSCMBR8",
                "ts": "1592612416.468300"
            },
            {
                "user": "UUJNED77D",
                "ts": "1592613062.468500"
            },
            {
                "user": "UUL14UHHP",
                "ts": "1592614684.472000"
            }
        ],
        "subscribed": false
    },
    {
        "client_msg_id": "0182d4e1-24e5-4833-ad51-39eaef1a8cd2",
        "type": "message",
        "text": "You’re welcome! The article where I read about it was pretty inspirational. Not that I’ve done a great job of following the advice, but I’ve never done great at following most advice. I have the personality of a cat that way.\n<https:\/\/www.zdnet.com\/article\/working-from-home-a-government-agency-tells-the-truth-and-its-wonderful\/>",
        "user": "U0NSCMBR8",
        "ts": "1592587069.456500",
        "team": "T0D1XTUAD",
        "user_team": "T0D1XTUAD",
        "source_team": "T0D1XTUAD",
        "user_profile": {
            "avatar_hash": "28a69ac871a0",
            "image_72": "https:\/\/avatars.slack-edge.com\/2016-02-24\/22896597253_28a69ac871a00b39b963_72.jpg",
            "first_name": "Al",
            "real_name": "Al Boss",
            "display_name": "",
            "team": "T0D1XTUAD",
            "name": "alboss",
            "is_restricted": false,
            "is_ultra_restricted": false
        },
        "attachments": [
            {
                "service_name": "ZDNet",
                "title": "Working from home: A government agency tells the truth and it's wonderful | ZDNet",
                "title_link": "https:\/\/www.zdnet.com\/article\/working-from-home-a-government-agency-tells-the-truth-and-its-wonderful\/",
                "text": "It's tempting to think working from home is the new normal. However, one government agency wanted employees to know what it really is. And the message is brilliant.",
                "fallback": "ZDNet: Working from home: A government agency tells the truth and it's wonderful | ZDNet",
                "image_url": "https:\/\/zdnet2.cbsistatic.com\/hub\/i\/r\/2020\/04\/29\/b2ec5c26-7825-4f40-aac7-937b7a0e6d44\/thumbnail\/770x578\/1435454bdf33621476e61304cc469c42\/istock-man-remote-working-from-home.jpg",
                "from_url": "https:\/\/www.zdnet.com\/article\/working-from-home-a-government-agency-tells-the-truth-and-its-wonderful\/",
                "image_width": 333,
                "image_height": 250,
                "image_bytes": 66601,
                "service_icon": "https:\/\/zdnet2.cbsistatic.com\/fly\/bundles\/zdnetcss\/images\/logos\/logo-192x192.png",
                "id": 1,
                "original_url": "https:\/\/www.zdnet.com\/article\/working-from-home-a-government-agency-tells-the-truth-and-its-wonderful\/"
            }
        ],
        "blocks": [
            {
                "type": "rich_text",
                "block_id": "DrYO",
                "elements": [
                    {
                        "type": "rich_text_section",
                        "elements": [
                            {
                                "type": "text",
                                "text": "You’re welcome! The article where I read about it was pretty inspirational. Not that I’ve done a great job of following the advice, but I’ve never done great at following most advice. I have the personality of a cat that way.\n"
                            },
                            {
                                "type": "link",
                                "url": "https:\/\/www.zdnet.com\/article\/working-from-home-a-government-agency-tells-the-truth-and-its-wonderful\/"
                            }
                        ]
                    }
                ]
            }
        ],
        "thread_ts": "1592586897.456400",
        "parent_user_id": "U5Y0B4XC3"
    },
    {
        "type": "message",
        "text": "Also this:",
        "files": [
            {
                "id": "F016F2CRHA4",
                "created": 1592588115,
                "timestamp": 1592588115,
                "name": "Image from iOS.jpg",
                "title": "Image from iOS.jpg",
                "mimetype": "image\/jpeg",
                "filetype": "jpg",
                "pretty_type": "JPEG",
                "user": "U7EP7P2JW",
                "editable": false,
                "size": 77340,
                "mode": "hosted",
                "is_external": false,
                "external_type": "",
                "is_public": true,
                "public_url_shared": false,
                "display_as_bot": false,
                "username": "",
                "url_private": "https:\/\/files.slack.com\/files-pri\/T0D1XTUAD-F016F2CRHA4\/image_from_ios.jpg?t=xoxe-13065946353-1831014033124-1821760734405-0591b3003861d046a3fe606fb5f44814",
                "url_private_download": "https:\/\/files.slack.com\/files-pri\/T0D1XTUAD-F016F2CRHA4\/download\/image_from_ios.jpg?t=xoxe-13065946353-1831014033124-1821760734405-0591b3003861d046a3fe606fb5f44814",
                "thumb_64": "https:\/\/files.slack.com\/files-tmb\/T0D1XTUAD-F016F2CRHA4-dba27b927b\/image_from_ios_64.jpg?t=xoxe-13065946353-1831014033124-1821760734405-0591b3003861d046a3fe606fb5f44814",
                "thumb_80": "https:\/\/files.slack.com\/files-tmb\/T0D1XTUAD-F016F2CRHA4-dba27b927b\/image_from_ios_80.jpg?t=xoxe-13065946353-1831014033124-1821760734405-0591b3003861d046a3fe606fb5f44814",
                "thumb_360": "https:\/\/files.slack.com\/files-tmb\/T0D1XTUAD-F016F2CRHA4-dba27b927b\/image_from_ios_360.jpg?t=xoxe-13065946353-1831014033124-1821760734405-0591b3003861d046a3fe606fb5f44814",
                "thumb_360_w": 270,
                "thumb_360_h": 360,
                "thumb_480": "https:\/\/files.slack.com\/files-tmb\/T0D1XTUAD-F016F2CRHA4-dba27b927b\/image_from_ios_480.jpg?t=xoxe-13065946353-1831014033124-1821760734405-0591b3003861d046a3fe606fb5f44814",
                "thumb_480_w": 360,
                "thumb_480_h": 480,
                "thumb_160": "https:\/\/files.slack.com\/files-tmb\/T0D1XTUAD-F016F2CRHA4-dba27b927b\/image_from_ios_160.jpg?t=xoxe-13065946353-1831014033124-1821760734405-0591b3003861d046a3fe606fb5f44814",
                "thumb_720": "https:\/\/files.slack.com\/files-tmb\/T0D1XTUAD-F016F2CRHA4-dba27b927b\/image_from_ios_720.jpg?t=xoxe-13065946353-1831014033124-1821760734405-0591b3003861d046a3fe606fb5f44814",
                "thumb_720_w": 540,
                "thumb_720_h": 720,
                "thumb_800": "https:\/\/files.slack.com\/files-tmb\/T0D1XTUAD-F016F2CRHA4-dba27b927b\/image_from_ios_800.jpg?t=xoxe-13065946353-1831014033124-1821760734405-0591b3003861d046a3fe606fb5f44814",
                "thumb_800_w": 600,
                "thumb_800_h": 800,
                "thumb_960": "https:\/\/files.slack.com\/files-tmb\/T0D1XTUAD-F016F2CRHA4-dba27b927b\/image_from_ios_960.jpg?t=xoxe-13065946353-1831014033124-1821760734405-0591b3003861d046a3fe606fb5f44814",
                "thumb_960_w": 720,
                "thumb_960_h": 960,
                "original_w": 720,
                "original_h": 960,
                "thumb_tiny": "AwAwACRYFEkSBhkYqX7LEOiH\/vqobUbo15HSrY+X+IfnSKIvs8Y\/5Zj86cIUB4jT8qkJGetFAGbfALPgAD5R0qvn2qzf\/wDHx\/wEVWpCL9j\/AKode\/arZPufyqrZcQgZFWiPcfnTGITnoTSj603o3UY+tOBHqKAM2\/P+k\/gKrZqfUFJuiR6Cq2w0CNOy\/wBWvXp6Vc5\/2v0qnY8xj2q3t9l\/KkMac57\/AKUDOO\/5UFeegpwHHvTAzL9gLkjHYVX3j0qbUSBdHI7Cq2R6UWEf\/9k=",
                "permalink": "https:\/\/kcwebteam.slack.com\/files\/U7EP7P2JW\/F016F2CRHA4\/image_from_ios.jpg",
                "permalink_public": "https:\/\/slack-files.com\/T0D1XTUAD-F016F2CRHA4-d43d64933a",
                "is_starred": false,
                "has_rich_preview": false
            }
        ],
        "upload": false,
        "blocks": [
            {
                "type": "rich_text",
                "block_id": "eP2bv",
                "elements": [
                    {
                        "type": "rich_text_section",
                        "elements": [
                            {
                                "type": "text",
                                "text": "Also this:"
                            }
                        ]
                    }
                ]
            }
        ],
        "user": "U7EP7P2JW",
        "display_as_bot": false,
        "ts": "1592588131.457300",
        "thread_ts": "1592586897.456400",
        "parent_user_id": "U5Y0B4XC3"
    },
    {
        "client_msg_id": "2fc943a9-e931-4a91-a98a-f2dd481c341b",
        "type": "message",
        "text": "<@U0D1W09V4> Here we go again! Look what was in this morning’s Scout Report! A bookmark manager!\n\nRaindrop\n<https:\/\/raindrop.io>\n\n Raindrop’s developer describes it as an “all-in-one bookmark manager.”\n Similarly to in-browser bookmark managers, Raindrop allows users to\n organize bookmarks into folders and with tags. You can search within these\n bookmarks and display the results in grid, headline, masonry, or list view.\n All the views provide an instant preview of a selected bookmark without\n leaving the bookmark manager. A batch editing feature allows users to apply\n changes to multiple bookmarks at once, which keeps bookmark collections\n organized and consistent. Raindrop supports automation via IFTTT, Zapiar,\n and its own REST API. For example, you could configure a workflow that will\n automatically save Twitter or YouTube favorites as bookmarks. By default\n bookmarks are private. However, users can also create shared folders of\n bookmarks (e.g. to share with coworkers) and public folders that are\n visible to everyone. Raindrop can be integrated into Chrome, Firefox,\n Safari, and Edge via a browser extension. There are also desktop versions\n of Raindrop for Windows and macOS, as well as smartphone versions for iOS\n and Android devices. [CRH]",
        "user": "U0NSCMBR8",
        "ts": "1592589121.458300",
        "team": "T0D1XTUAD",
        "user_team": "T0D1XTUAD",
        "source_team": "T0D1XTUAD",
        "user_profile": {
            "avatar_hash": "28a69ac871a0",
            "image_72": "https:\/\/avatars.slack-edge.com\/2016-02-24\/22896597253_28a69ac871a00b39b963_72.jpg",
            "first_name": "Al",
            "real_name": "Al Boss",
            "display_name": "",
            "team": "T0D1XTUAD",
            "name": "alboss",
            "is_restricted": false,
            "is_ultra_restricted": false
        },
        "attachments": [
            {
                "title": "Raindrop.io — All in One Bookmark Manager",
                "title_link": "https:\/\/raindrop.io\/",
                "text": "All in One Bookmark Manager. For your inspiration, read later, media and stuff.",
                "fallback": "Raindrop.io — All in One Bookmark Manager",
                "thumb_url": "https:\/\/raindrop.io\/_next\/static\/images\/screenshot-720-5e5408358eeedfff85db6c70f5f96972.jpg",
                "from_url": "https:\/\/raindrop.io\/",
                "thumb_width": 720,
                "thumb_height": 406,
                "service_icon": "https:\/\/raindrop.io\/_next\/static\/images\/icon_128-df06cb726dcea13a68344fbddea7cbba.png",
                "service_name": "raindrop.io",
                "id": 1,
                "original_url": "https:\/\/raindrop.io"
            }
        ],
        "blocks": [
            {
                "type": "rich_text",
                "block_id": "fsNh",
                "elements": [
                    {
                        "type": "rich_text_section",
                        "elements": [
                            {
                                "type": "user",
                                "user_id": "U0D1W09V4"
                            },
                            {
                                "type": "text",
                                "text": " Here we go again! Look what was in this morning’s Scout Report! A bookmark manager!\n\nRaindrop\n"
                            },
                            {
                                "type": "link",
                                "url": "https:\/\/raindrop.io"
                            },
                            {
                                "type": "text",
                                "text": "\n\n Raindrop’s developer describes it as an “all-in-one bookmark manager.”\n Similarly to in-browser bookmark managers, Raindrop allows users to\n organize bookmarks into folders and with tags. You can search within these\n bookmarks and display the results in grid, headline, masonry, or list view.\n All the views provide an instant preview of a selected bookmark without\n leaving the bookmark manager. A batch editing feature allows users to apply\n changes to multiple bookmarks at once, which keeps bookmark collections\n organized and consistent. Raindrop supports automation via IFTTT, Zapiar,\n and its own REST API. For example, you could configure a workflow that will\n automatically save Twitter or YouTube favorites as bookmarks. By default\n bookmarks are private. However, users can also create shared folders of\n bookmarks (e.g. to share with coworkers) and public folders that are\n visible to everyone. Raindrop can be integrated into Chrome, Firefox,\n Safari, and Edge via a browser extension. There are also desktop versions\n of Raindrop for Windows and macOS, as well as smartphone versions for iOS\n and Android devices. [CRH]"
                            }
                        ]
                    }
                ]
            }
        ]
    },
    {
        "client_msg_id": "705c5c2b-7601-456a-932f-7a0d13023c28",
        "type": "message",
        "text": "I feel like this might be an ignorant question, but...\nWhen we're asking a user to upload an image file, and we list acceptable file types, do we include HEIC? I don't think I've ever seen it on one of those lists.",
        "user": "U7EQMP760",
        "ts": "1592590121.459200",
        "team": "T0D1XTUAD",
        "user_team": "T0D1XTUAD",
        "source_team": "T0D1XTUAD",
        "user_profile": {
            "avatar_hash": "db1abed225d9",
            "image_72": "https:\/\/avatars.slack-edge.com\/2020-03-14\/990754009969_db1abed225d9635aae98_72.jpg",
            "first_name": "",
            "real_name": "Mary Delahanty",
            "display_name": "",
            "team": "T0D1XTUAD",
            "name": "mary.delahanty",
            "is_restricted": false,
            "is_ultra_restricted": false
        },
        "blocks": [
            {
                "type": "rich_text",
                "block_id": "Qao",
                "elements": [
                    {
                        "type": "rich_text_section",
                        "elements": [
                            {
                                "type": "text",
                                "text": "I feel like this might be an ignorant question, but...\nWhen we're asking a user to upload an image file, and we list acceptable file types, do we include HEIC? I don't think I've ever seen it on one of those lists."
                            }
                        ]
                    }
                ]
            }
        ]
    },
    {
        "client_msg_id": "95c8141e-0486-482d-8e29-37e54eea09eb",
        "type": "message",
        "text": "<@U0NSCMBR8> I installed it a few days ago :slightly_smiling_face:. <@U7EQMP760> don’t know that anyone else supports HEIC but apple shoves it at you so that’s a good question",
        "user": "U0D1W09V4",
        "ts": "1592590348.461100",
        "team": "T0D1XTUAD",
        "user_team": "T0D1XTUAD",
        "source_team": "T0D1XTUAD",
        "user_profile": {
            "avatar_hash": "69a03f210a7e",
            "image_72": "https:\/\/avatars.slack-edge.com\/2020-04-03\/1036225284226_69a03f210a7ec4e12108_72.jpg",
            "first_name": "Beth",
            "real_name": "Beth Cheatham",
            "display_name": "beth.cheatham",
            "team": "T0D1XTUAD",
            "name": "beth.cheatham",
            "is_restricted": false,
            "is_ultra_restricted": false
        },
        "blocks": [
            {
                "type": "rich_text",
                "block_id": "rJT",
                "elements": [
                    {
                        "type": "rich_text_section",
                        "elements": [
                            {
                                "type": "user",
                                "user_id": "U0NSCMBR8"
                            },
                            {
                                "type": "text",
                                "text": " I installed it a few days ago "
                            },
                            {
                                "type": "emoji",
                                "name": "slightly_smiling_face"
                            },
                            {
                                "type": "text",
                                "text": ". "
                            },
                            {
                                "type": "user",
                                "user_id": "U7EQMP760"
                            },
                            {
                                "type": "text",
                                "text": " don’t know that anyone else supports HEIC but apple shoves it at you so that’s a good question"
                            }
                        ]
                    }
                ]
            }
        ],
        "thread_ts": "1592590348.461100",
        "reply_count": 2,
        "reply_users_count": 2,
        "latest_reply": "1592852641.474900",
        "reply_users": [
            "U0NSCMBR8",
            "U7EP7P2JW"
        ],
        "replies": [
            {
                "user": "U0NSCMBR8",
                "ts": "1592603051.464700"
            },
            {
                "user": "U7EP7P2JW",
                "ts": "1592852641.474900"
            }
        ],
        "subscribed": false
    },
    {
        "client_msg_id": "09e921cd-20f7-4d72-bcea-65454deac33f",
        "type": "message",
        "text": "<@U0D1W09V4> I'm asking in context of the Reduced Fare Pass online form. Users will need to upload a copy of their photo ID; I can imagine them taking a picture with their iPhone and not wanting to (or knowing how to) convert it to .jpg before uploading.",
        "user": "U7EQMP760",
        "ts": "1592591177.463100",
        "team": "T0D1XTUAD",
        "user_team": "T0D1XTUAD",
        "source_team": "T0D1XTUAD",
        "user_profile": {
            "avatar_hash": "db1abed225d9",
            "image_72": "https:\/\/avatars.slack-edge.com\/2020-03-14\/990754009969_db1abed225d9635aae98_72.jpg",
            "first_name": "",
            "real_name": "Mary Delahanty",
            "display_name": "",
            "team": "T0D1XTUAD",
            "name": "mary.delahanty",
            "is_restricted": false,
            "is_ultra_restricted": false
        },
        "blocks": [
            {
                "type": "rich_text",
                "block_id": "s9a",
                "elements": [
                    {
                        "type": "rich_text_section",
                        "elements": [
                            {
                                "type": "user",
                                "user_id": "U0D1W09V4"
                            },
                            {
                                "type": "text",
                                "text": " I'm asking in context of the Reduced Fare Pass online form. Users will need to upload a copy of their photo ID; I can imagine them taking a picture with their iPhone and not wanting to (or knowing how to) convert it to .jpg before uploading."
                            }
                        ]
                    }
                ]
            }
        ]
    },
    {
        "client_msg_id": "1ae8a32f-7243-4325-8e1d-fc665b96a460",
        "type": "message",
        "text": "I agree. I’ve run into that issue. Even when you know how to solve it, it’s time you don’t want to spend",
        "user": "U0D1W09V4",
        "ts": "1592592663.463900",
        "team": "T0D1XTUAD",
        "user_team": "T0D1XTUAD",
        "source_team": "T0D1XTUAD",
        "user_profile": {
            "avatar_hash": "69a03f210a7e",
            "image_72": "https:\/\/avatars.slack-edge.com\/2020-04-03\/1036225284226_69a03f210a7ec4e12108_72.jpg",
            "first_name": "Beth",
            "real_name": "Beth Cheatham",
            "display_name": "beth.cheatham",
            "team": "T0D1XTUAD",
            "name": "beth.cheatham",
            "is_restricted": false,
            "is_ultra_restricted": false
        },
        "blocks": [
            {
                "type": "rich_text",
                "block_id": "PAj8y",
                "elements": [
                    {
                        "type": "rich_text_section",
                        "elements": [
                            {
                                "type": "text",
                                "text": "I agree. I’ve run into that issue. Even when you know how to solve it, it’s time you don’t want to spend"
                            }
                        ]
                    }
                ]
            }
        ],
        "thread_ts": "1592592663.463900",
        "reply_count": 2,
        "reply_users_count": 2,
        "latest_reply": "1592603024.464500",
        "reply_users": [
            "U7EQMP760",
            "U0NSCMBR8"
        ],
        "replies": [
            {
                "user": "U7EQMP760",
                "ts": "1592594616.464300"
            },
            {
                "user": "U0NSCMBR8",
                "ts": "1592603024.464500"
            }
        ],
        "subscribed": false
    },
    {
        "client_msg_id": "31b06676-b2fe-4c42-9b08-bc3c7cee398e",
        "type": "message",
        "text": "If a user did upload a HEIC (using Dynamics Portals), would someone on our end be able to open it? Or do you need special Mac software for that?",
        "user": "U7EQMP760",
        "ts": "1592594616.464300",
        "team": "T0D1XTUAD",
        "user_team": "T0D1XTUAD",
        "source_team": "T0D1XTUAD",
        "user_profile": {
            "avatar_hash": "db1abed225d9",
            "image_72": "https:\/\/avatars.slack-edge.com\/2020-03-14\/990754009969_db1abed225d9635aae98_72.jpg",
            "first_name": "",
            "real_name": "Mary Delahanty",
            "display_name": "",
            "team": "T0D1XTUAD",
            "name": "mary.delahanty",
            "is_restricted": false,
            "is_ultra_restricted": false
        },
        "blocks": [
            {
                "type": "rich_text",
                "block_id": "i+EM",
                "elements": [
                    {
                        "type": "rich_text_section",
                        "elements": [
                            {
                                "type": "text",
                                "text": "If a user did upload a HEIC (using Dynamics Portals), would someone on our end be able to open it? Or do you need special Mac software for that?"
                            }
                        ]
                    }
                ]
            }
        ],
        "thread_ts": "1592592663.463900",
        "parent_user_id": "U0D1W09V4"
    },
    {
        "client_msg_id": "c403d8e7-b76b-4844-ba77-fcbfe02fb38f",
        "type": "message",
        "text": "So, there are two parts to this question, I think: will Dynamics let the person upload the image in the first place, and can county staff view it if they do?\n\nI think it’s yes to both.\n\nIf Dynamics is like most such tools, you can configure what kind of files a person can upload. The admin for Dynamics will just have to make sure to enable it to allow HEIC and HEIF and whatever else might be popular.\n\nIt looks like The Borg have got HEIC viewers and converters in their app store. Here’s a free one for Windows 10: <https:\/\/www.microsoft.com\/en-us\/p\/heic-image-viewer-support-converter\/9nvxpt9csq11>\n\nI’m sure KCIT and Metro have got their staff’s computers locked down so tightly that the employees can’t even plug in their own mice, but the good news about that is that it will be on KCIT to do all the work evaluating the viewers, picking one, installing it for everyone who needs it, and adding it to the default build for that staff group.",
        "user": "U0NSCMBR8",
        "ts": "1592603024.464500",
        "team": "T0D1XTUAD",
        "user_team": "T0D1XTUAD",
        "source_team": "T0D1XTUAD",
        "user_profile": {
            "avatar_hash": "28a69ac871a0",
            "image_72": "https:\/\/avatars.slack-edge.com\/2016-02-24\/22896597253_28a69ac871a00b39b963_72.jpg",
            "first_name": "Al",
            "real_name": "Al Boss",
            "display_name": "",
            "team": "T0D1XTUAD",
            "name": "alboss",
            "is_restricted": false,
            "is_ultra_restricted": false
        },
        "blocks": [
            {
                "type": "rich_text",
                "block_id": "OFFVG",
                "elements": [
                    {
                        "type": "rich_text_section",
                        "elements": [
                            {
                                "type": "text",
                                "text": "So, there are two parts to this question, I think: will Dynamics let the person upload the image in the first place, and can county staff view it if they do?\n\nI think it’s yes to both.\n\nIf Dynamics is like most such tools, you can configure what kind of files a person can upload. The admin for Dynamics will just have to make sure to enable it to allow HEIC and HEIF and whatever else might be popular.\n\nIt looks like The Borg have got HEIC viewers and converters in their app store. Here’s a free one for Windows 10: "
                            },
                            {
                                "type": "link",
                                "url": "https:\/\/www.microsoft.com\/en-us\/p\/heic-image-viewer-support-converter\/9nvxpt9csq11"
                            },
                            {
                                "type": "text",
                                "text": "\n\nI’m sure KCIT and Metro have got their staff’s computers locked down so tightly that the employees can’t even plug in their own mice, but the good news about that is that it will be on KCIT to do all the work evaluating the viewers, picking one, installing it for everyone who needs it, and adding it to the default build for that staff group."
                            }
                        ]
                    }
                ]
            }
        ],
        "thread_ts": "1592592663.463900",
        "parent_user_id": "U0D1W09V4"
    },
    {
        "client_msg_id": "896ae70e-80a1-43f3-916a-a89cf43a197b",
        "type": "message",
        "text": "Haha, of course you already installed it.",
        "user": "U0NSCMBR8",
        "ts": "1592603051.464700",
        "team": "T0D1XTUAD",
        "user_team": "T0D1XTUAD",
        "source_team": "T0D1XTUAD",
        "user_profile": {
            "avatar_hash": "28a69ac871a0",
            "image_72": "https:\/\/avatars.slack-edge.com\/2016-02-24\/22896597253_28a69ac871a00b39b963_72.jpg",
            "first_name": "Al",
            "real_name": "Al Boss",
            "display_name": "",
            "team": "T0D1XTUAD",
            "name": "alboss",
            "is_restricted": false,
            "is_ultra_restricted": false
        },
        "blocks": [
            {
                "type": "rich_text",
                "block_id": "XJ\/4K",
                "elements": [
                    {
                        "type": "rich_text_section",
                        "elements": [
                            {
                                "type": "text",
                                "text": "Haha, of course you already installed it."
                            }
                        ]
                    }
                ]
            }
        ],
        "thread_ts": "1592590348.461100",
        "parent_user_id": "U0D1W09V4"
    },
    {
        "client_msg_id": "362aa147-9cdc-4d6c-a368-68f35534fdb1",
        "type": "message",
        "text": "Another aspect of \"work from home\" is that the demand for our work has increased -- everyone is working online, communicating via web, and then there are the projects.  Urgency and criticality also amped up.   I'm not complaining, just sharing an observation of work life in these historic times.\n\nStay well.",
        "user": "UUJNED77D",
        "ts": "1592604633.464900",
        "team": "T0D1XTUAD",
        "user_team": "T0D1XTUAD",
        "source_team": "T0D1XTUAD",
        "user_profile": {
            "avatar_hash": "5f4a213e859b",
            "image_72": "https:\/\/avatars.slack-edge.com\/2020-03-04\/982713408789_5f4a213e859b7369a972_72.jpg",
            "first_name": "Fred",
            "real_name": "Fred Bentler",
            "display_name": "Fred Bentler",
            "team": "T0D1XTUAD",
            "name": "fred.bentler",
            "is_restricted": false,
            "is_ultra_restricted": false
        },
        "edited": {
            "user": "UUJNED77D",
            "ts": "1592605225.000000"
        },
        "blocks": [
            {
                "type": "rich_text",
                "block_id": "niwn",
                "elements": [
                    {
                        "type": "rich_text_section",
                        "elements": [
                            {
                                "type": "text",
                                "text": "Another aspect of \"work from home\" is that the demand for our work has increased -- everyone is working online, communicating via web, and then there are the projects.  Urgency and criticality also amped up.   I'm not complaining, just sharing an observation of work life in these historic times.\n\nStay well."
                            }
                        ]
                    }
                ]
            }
        ],
        "thread_ts": "1592586897.456400",
        "parent_user_id": "U5Y0B4XC3",
        "reactions": [
            {
                "name": "+1",
                "users": [
                    "U7EP7P2JW"
                ],
                "count": 1
            }
        ]
    },
    {
        "client_msg_id": "c7d3dd2d-84a5-4b6f-ae6e-5620132fdb2b",
        "type": "message",
        "text": "<@U7EP7P2JW> That one’s already printed out and is on my refrigerator. It’s the only piece of paper on there so it’s hard to miss.",
        "user": "U0NSCMBR8",
        "ts": "1592604854.465100",
        "team": "T0D1XTUAD",
        "user_team": "T0D1XTUAD",
        "source_team": "T0D1XTUAD",
        "user_profile": {
            "avatar_hash": "28a69ac871a0",
            "image_72": "https:\/\/avatars.slack-edge.com\/2016-02-24\/22896597253_28a69ac871a00b39b963_72.jpg",
            "first_name": "Al",
            "real_name": "Al Boss",
            "display_name": "",
            "team": "T0D1XTUAD",
            "name": "alboss",
            "is_restricted": false,
            "is_ultra_restricted": false
        },
        "blocks": [
            {
                "type": "rich_text",
                "block_id": "ePNA",
                "elements": [
                    {
                        "type": "rich_text_section",
                        "elements": [
                            {
                                "type": "user",
                                "user_id": "U7EP7P2JW"
                            },
                            {
                                "type": "text",
                                "text": " That one’s already printed out and is on my refrigerator. It’s the only piece of paper on there so it’s hard to miss."
                            }
                        ]
                    }
                ]
            }
        ],
        "thread_ts": "1592586897.456400",
        "parent_user_id": "U5Y0B4XC3",
        "reactions": [
            {
                "name": "heart",
                "users": [
                    "U7EP7P2JW"
                ],
                "count": 1
            }
        ]
    },
    {
        "client_msg_id": "790d69fb-3f5b-4deb-a5fa-e3e767a1029e",
        "type": "message",
        "text": "I received an interesting request today.  It looks like KC agencies may be proceeding with work from home for the long-term:\n\n[The division director] wants me to create a SharePoint site that King Street Center &amp; Hazardous Waste employees can access to compile any and all of their questions related to the new news about _permanently teleworking_...",
        "user": "UUJNED77D",
        "ts": "1592612343.467400",
        "team": "T0D1XTUAD",
        "user_team": "T0D1XTUAD",
        "source_team": "T0D1XTUAD",
        "user_profile": {
            "avatar_hash": "5f4a213e859b",
            "image_72": "https:\/\/avatars.slack-edge.com\/2020-03-04\/982713408789_5f4a213e859b7369a972_72.jpg",
            "first_name": "Fred",
            "real_name": "Fred Bentler",
            "display_name": "Fred Bentler",
            "team": "T0D1XTUAD",
            "name": "fred.bentler",
            "is_restricted": false,
            "is_ultra_restricted": false
        },
        "blocks": [
            {
                "type": "rich_text",
                "block_id": "ETct",
                "elements": [
                    {
                        "type": "rich_text_section",
                        "elements": [
                            {
                                "type": "text",
                                "text": "I received an interesting request today.  It looks like KC agencies may be proceeding with work from home for the long-term:\n\n[The division director] wants me to create a SharePoint site that King Street Center & Hazardous Waste employees can access to compile any and all of their questions related to the new news about "
                            },
                            {
                                "type": "text",
                                "text": "permanently teleworking",
                                "style": {
                                    "italic": true
                                }
                            },
                            {
                                "type": "text",
                                "text": "..."
                            }
                        ]
                    }
                ]
            }
        ],
        "thread_ts": "1592586897.456400",
        "parent_user_id": "U5Y0B4XC3"
    },
    {
        "client_msg_id": "9575C344-F9D5-4A85-B531-60F15E9A812E",
        "type": "message",
        "text": "At least DNRP appears to have hired people it can trust. ",
        "user": "U0NSCMBR8",
        "ts": "1592612416.468300",
        "team": "T0D1XTUAD",
        "user_team": "T0D1XTUAD",
        "source_team": "T0D1XTUAD",
        "user_profile": {
            "avatar_hash": "28a69ac871a0",
            "image_72": "https:\/\/avatars.slack-edge.com\/2016-02-24\/22896597253_28a69ac871a00b39b963_72.jpg",
            "first_name": "Al",
            "real_name": "Al Boss",
            "display_name": "",
            "team": "T0D1XTUAD",
            "name": "alboss",
            "is_restricted": false,
            "is_ultra_restricted": false
        },
        "blocks": [
            {
                "type": "rich_text",
                "block_id": "3wq=",
                "elements": [
                    {
                        "type": "rich_text_section",
                        "elements": [
                            {
                                "type": "text",
                                "text": "At least DNRP appears to have hired people it can trust. "
                            }
                        ]
                    }
                ]
            }
        ],
        "thread_ts": "1592586897.456400",
        "parent_user_id": "U5Y0B4XC3"
    },
    {
        "client_msg_id": "bd1493e7-ed00-493c-b3c7-053b5364d875",
        "type": "message",
        "text": "There is no doubt.  Work life in historic times.",
        "user": "UUJNED77D",
        "ts": "1592613062.468500",
        "team": "T0D1XTUAD",
        "user_team": "T0D1XTUAD",
        "source_team": "T0D1XTUAD",
        "user_profile": {
            "avatar_hash": "5f4a213e859b",
            "image_72": "https:\/\/avatars.slack-edge.com\/2020-03-04\/982713408789_5f4a213e859b7369a972_72.jpg",
            "first_name": "Fred",
            "real_name": "Fred Bentler",
            "display_name": "Fred Bentler",
            "team": "T0D1XTUAD",
            "name": "fred.bentler",
            "is_restricted": false,
            "is_ultra_restricted": false
        },
        "blocks": [
            {
                "type": "rich_text",
                "block_id": "+a5o",
                "elements": [
                    {
                        "type": "rich_text_section",
                        "elements": [
                            {
                                "type": "text",
                                "text": "There is no doubt.  Work life in historic times."
                            }
                        ]
                    }
                ]
            }
        ],
        "thread_ts": "1592586897.456400",
        "parent_user_id": "U5Y0B4XC3"
    },
    {
        "client_msg_id": "D9340B2F-E073-4B64-9CA6-A6F7306B280F",
        "type": "message",
        "text": "DNRP sent an email today saying that the 800 employees who have been working remotely will be moving to a permanent teleworking situation. They are going to consolidate their KSC space to one floor, for meetings and docking stations. I’m curious if KCIT will be following suit.",
        "user": "UUL14UHHP",
        "ts": "1592614684.472000",
        "team": "T0D1XTUAD",
        "user_team": "T0D1XTUAD",
        "source_team": "T0D1XTUAD",
        "user_profile": {
            "avatar_hash": "0662c2f07684",
            "image_72": "https:\/\/avatars.slack-edge.com\/2020-03-04\/982524968624_0662c2f07684e471e99d_72.png",
            "first_name": "Wendy",
            "real_name": "Wendy Gable Collins",
            "display_name": "Wendy",
            "team": "T0D1XTUAD",
            "name": "wendy.collins",
            "is_restricted": false,
            "is_ultra_restricted": false
        },
        "edited": {
            "user": "UUL14UHHP",
            "ts": "1592614736.000000"
        },
        "blocks": [
            {
                "type": "rich_text",
                "block_id": "2\/qQ",
                "elements": [
                    {
                        "type": "rich_text_section",
                        "elements": [
                            {
                                "type": "text",
                                "text": "DNRP sent an email today saying that the 800 employees who have been working remotely will be moving to a permanent teleworking situation. They are going to consolidate their KSC space to one floor, for meetings and docking stations. I’m curious if KCIT will be following suit."
                            }
                        ]
                    }
                ]
            }
        ],
        "thread_ts": "1592586897.456400",
        "parent_user_id": "U5Y0B4XC3"
    }
]