[
    {
        "client_msg_id": "c586a8d3-9657-4e17-9d55-9552b6a2b876",
        "type": "message",
        "text": "<@UTJQGG2MT> Last month, King County's Web Governance Core Team agreed we should phase out Internet Explorer.  I drafted a proposal for KCIT to proceed with the change at <https:\/\/kc1-portal2.sharepoint.com\/gisvcweb\/SharedDocuments\/kcit-web-governance-proposal-discontinue-ie.docx?web=1> and shared it with the web service owner.",
        "user": "UUJNED77D",
        "ts": "1594652183.029600",
        "team": "T0D1XTUAD",
        "user_team": "T0D1XTUAD",
        "source_team": "T0D1XTUAD",
        "user_profile": {
            "avatar_hash": "5f4a213e859b",
            "image_72": "https:\/\/avatars.slack-edge.com\/2020-03-04\/982713408789_5f4a213e859b7369a972_72.jpg",
            "first_name": "Fred",
            "real_name": "Fred Bentler",
            "display_name": "Fred Bentler",
            "team": "T0D1XTUAD",
            "name": "fred.bentler",
            "is_restricted": false,
            "is_ultra_restricted": false
        },
        "edited": {
            "user": "UUJNED77D",
            "ts": "1594652483.000000"
        },
        "blocks": [
            {
                "type": "rich_text",
                "block_id": "dTKXb",
                "elements": [
                    {
                        "type": "rich_text_section",
                        "elements": [
                            {
                                "type": "user",
                                "user_id": "UTJQGG2MT"
                            },
                            {
                                "type": "text",
                                "text": " Last month, King County's Web Governance Core Team agreed we should phase out Internet Explorer.  I drafted a proposal for KCIT to proceed with the change at "
                            },
                            {
                                "type": "link",
                                "url": "https:\/\/kc1-portal2.sharepoint.com\/gisvcweb\/SharedDocuments\/kcit-web-governance-proposal-discontinue-ie.docx?web=1"
                            },
                            {
                                "type": "text",
                                "text": " and shared it with the web service owner."
                            }
                        ]
                    }
                ]
            }
        ],
        "thread_ts": "1594147536.008200",
        "parent_user_id": "UTJQGG2MT",
        "reactions": [
            {
                "name": "+1",
                "users": [
                    "UTJQGG2MT"
                ],
                "count": 1
            }
        ]
    },
    {
        "client_msg_id": "b303781d-6b84-4e45-a905-00048bd05d59",
        "type": "message",
        "text": "This is what happens when one's worldview is in conflict with the real world.",
        "user": "UUJNED77D",
        "ts": "1594658234.030000",
        "team": "T0D1XTUAD",
        "user_team": "T0D1XTUAD",
        "source_team": "T0D1XTUAD",
        "user_profile": {
            "avatar_hash": "5f4a213e859b",
            "image_72": "https:\/\/avatars.slack-edge.com\/2020-03-04\/982713408789_5f4a213e859b7369a972_72.jpg",
            "first_name": "Fred",
            "real_name": "Fred Bentler",
            "display_name": "Fred Bentler",
            "team": "T0D1XTUAD",
            "name": "fred.bentler",
            "is_restricted": false,
            "is_ultra_restricted": false
        },
        "blocks": [
            {
                "type": "rich_text",
                "block_id": "5+i+e",
                "elements": [
                    {
                        "type": "rich_text_section",
                        "elements": [
                            {
                                "type": "text",
                                "text": "This is what happens when one's worldview is in conflict with the real world."
                            }
                        ]
                    }
                ]
            }
        ],
        "thread_ts": "1594305407.019600",
        "parent_user_id": "UUJNECG67"
    },
    {
        "client_msg_id": "b717ee8d-1cc6-4c45-9c0f-17ec00a578fd",
        "type": "message",
        "text": "Although I had <@UTV659Z8X> in mind when I read this, both the UX and Web groups have to keep it in mind, and it affects everyone who has to struggle through trying to use the Web.\n<https:\/\/alistapart.com\/article\/webwaste\/>",
        "user": "U0NSCMBR8",
        "ts": "1594658304.031100",
        "team": "T0D1XTUAD",
        "user_team": "T0D1XTUAD",
        "source_team": "T0D1XTUAD",
        "user_profile": {
            "avatar_hash": "28a69ac871a0",
            "image_72": "https:\/\/avatars.slack-edge.com\/2016-02-24\/22896597253_28a69ac871a00b39b963_72.jpg",
            "first_name": "Al",
            "real_name": "Al Boss",
            "display_name": "",
            "team": "T0D1XTUAD",
            "name": "alboss",
            "is_restricted": false,
            "is_ultra_restricted": false
        },
        "attachments": [
            {
                "service_name": "A List Apart",
                "title": "Webwaste",
                "title_link": "https:\/\/alistapart.com\/article\/webwaste\/",
                "text": "In this excerpt from World Wide Waste, Gerry McGovern examines the environmental impact of bloated websites and unnecessary assets. Digital is physical. It seems cheap and free, but it’s not—…",
                "fallback": "A List Apart: Webwaste",
                "image_url": "https:\/\/alistapart.com\/wp-content\/uploads\/2013\/02\/excerptillustration_300.png?fit=1920%2C938",
                "image_width": 512,
                "image_height": 250,
                "ts": 1594305000,
                "from_url": "https:\/\/alistapart.com\/article\/webwaste\/",
                "image_bytes": 920135,
                "service_icon": "https:\/\/alistapart.com\/wp-content\/uploads\/2019\/03\/cropped-icon_navigation-laurel-512.jpg?fit=180%2C180",
                "id": 1,
                "original_url": "https:\/\/alistapart.com\/article\/webwaste\/"
            }
        ],
        "blocks": [
            {
                "type": "rich_text",
                "block_id": "xPxd",
                "elements": [
                    {
                        "type": "rich_text_section",
                        "elements": [
                            {
                                "type": "text",
                                "text": "Although I had "
                            },
                            {
                                "type": "user",
                                "user_id": "UTV659Z8X"
                            },
                            {
                                "type": "text",
                                "text": " in mind when I read this, both the UX and Web groups have to keep it in mind, and it affects everyone who has to struggle through trying to use the Web.\n"
                            },
                            {
                                "type": "link",
                                "url": "https:\/\/alistapart.com\/article\/webwaste\/"
                            }
                        ]
                    }
                ]
            }
        ],
        "thread_ts": "1594658304.031100",
        "reply_count": 7,
        "reply_users_count": 3,
        "latest_reply": "1595032332.065300",
        "reply_users": [
            "UTV659Z8X",
            "UUJNED77D",
            "U0NSCMBR8"
        ],
        "replies": [
            {
                "user": "UTV659Z8X",
                "ts": "1594658588.031300"
            },
            {
                "user": "UUJNED77D",
                "ts": "1594658610.031500"
            },
            {
                "user": "U0NSCMBR8",
                "ts": "1594660843.032300"
            },
            {
                "user": "UUJNED77D",
                "ts": "1594662522.032500"
            },
            {
                "user": "UUJNED77D",
                "ts": "1594748665.052800"
            },
            {
                "user": "UUJNED77D",
                "ts": "1595032253.065100"
            },
            {
                "user": "U0NSCMBR8",
                "ts": "1595032332.065300"
            }
        ],
        "subscribed": false,
        "reactions": [
            {
                "name": "+1",
                "users": [
                    "U7EP7P2JW"
                ],
                "count": 1
            }
        ]
    },
    {
        "client_msg_id": "84703479-5144-4386-b601-5cea5d9be087",
        "type": "message",
        "text": "thank you <@U0NSCMBR8> Anyone remember the early Internet movement called something like Take Back My Time? This dovetails--too much content\/stuff also equals too much time managing it.",
        "user": "UTV659Z8X",
        "ts": "1594658588.031300",
        "team": "T0D1XTUAD",
        "user_team": "T0D1XTUAD",
        "source_team": "T0D1XTUAD",
        "user_profile": {
            "avatar_hash": "gcdcd1928542",
            "image_72": "https:\/\/secure.gravatar.com\/avatar\/cdcd1928542317a9b98db6f980dc1212.jpg?s=72&d=https%3A%2F%2Fa.slack-edge.com%2Fdf10d%2Fimg%2Favatars%2Fava_0021-72.png",
            "first_name": "",
            "real_name": "Joy Cordell",
            "display_name": "Joy Cordell",
            "team": "T0D1XTUAD",
            "name": "n-jcordell",
            "is_restricted": false,
            "is_ultra_restricted": false
        },
        "blocks": [
            {
                "type": "rich_text",
                "block_id": "5Xm",
                "elements": [
                    {
                        "type": "rich_text_section",
                        "elements": [
                            {
                                "type": "text",
                                "text": "thank you "
                            },
                            {
                                "type": "user",
                                "user_id": "U0NSCMBR8"
                            },
                            {
                                "type": "text",
                                "text": " Anyone remember the early Internet movement called something like Take Back My Time? This dovetails--too much content\/stuff also equals too much time managing it."
                            }
                        ]
                    }
                ]
            }
        ],
        "thread_ts": "1594658304.031100",
        "parent_user_id": "U0NSCMBR8"
    },
    {
        "client_msg_id": "bffacb77-7f4e-43d4-9137-e9590c7e7f9f",
        "type": "message",
        "text": "I'll add this to the list of references for DNRP's semi-annual web report, along with info about our move to Azure hosted website and Microsoft's move to be carbon negative in 10 years - <https:\/\/blogs.microsoft.com\/blog\/2020\/01\/16\/microsoft-will-be-carbon-negative-by-2030\/>\n\nTo help content editors optimize what they need to publish, do we have references for optimal image sizes for our template design published in the help section?",
        "user": "UUJNED77D",
        "ts": "1594658610.031500",
        "team": "T0D1XTUAD",
        "user_team": "T0D1XTUAD",
        "source_team": "T0D1XTUAD",
        "user_profile": {
            "avatar_hash": "5f4a213e859b",
            "image_72": "https:\/\/avatars.slack-edge.com\/2020-03-04\/982713408789_5f4a213e859b7369a972_72.jpg",
            "first_name": "Fred",
            "real_name": "Fred Bentler",
            "display_name": "Fred Bentler",
            "team": "T0D1XTUAD",
            "name": "fred.bentler",
            "is_restricted": false,
            "is_ultra_restricted": false
        },
        "edited": {
            "user": "UUJNED77D",
            "ts": "1594660444.000000"
        },
        "blocks": [
            {
                "type": "rich_text",
                "block_id": "CuVj",
                "elements": [
                    {
                        "type": "rich_text_section",
                        "elements": [
                            {
                                "type": "text",
                                "text": "I'll add this to the list of references for DNRP's semi-annual web report, along with info about our move to Azure hosted website and Microsoft's move to be carbon negative in 10 years - "
                            },
                            {
                                "type": "link",
                                "url": "https:\/\/blogs.microsoft.com\/blog\/2020\/01\/16\/microsoft-will-be-carbon-negative-by-2030\/"
                            },
                            {
                                "type": "text",
                                "text": "\n\nTo help content editors optimize what they need to publish, do we have references for optimal image sizes for our template design published in the help section?"
                            }
                        ]
                    }
                ]
            }
        ],
        "thread_ts": "1594658304.031100",
        "parent_user_id": "U0NSCMBR8"
    },
    {
        "client_msg_id": "8ff9ae56-a9b1-4e28-8d17-3d0426ca484e",
        "type": "message",
        "text": "<@UUJNED77D> I think we do for maximum width, but we only have built in image-swapping across multiple screen widths currently for the hero image. Worse, the developers are somewhat resisting the proposal to automatically handle image sizing in the new version of Sitecore (I think because it’s not built into Sitecore). Rather than using the  HTML5 `&lt;img srcset&gt;`  to populate images, the developers want to go with Sitecore’s “device” approach. Sitecore-standard is not industry-standard but it’s certainly better than nothing.",
        "user": "U0NSCMBR8",
        "ts": "1594660843.032300",
        "team": "T0D1XTUAD",
        "user_team": "T0D1XTUAD",
        "source_team": "T0D1XTUAD",
        "user_profile": {
            "avatar_hash": "28a69ac871a0",
            "image_72": "https:\/\/avatars.slack-edge.com\/2016-02-24\/22896597253_28a69ac871a00b39b963_72.jpg",
            "first_name": "Al",
            "real_name": "Al Boss",
            "display_name": "",
            "team": "T0D1XTUAD",
            "name": "alboss",
            "is_restricted": false,
            "is_ultra_restricted": false
        },
        "blocks": [
            {
                "type": "rich_text",
                "block_id": "jeD",
                "elements": [
                    {
                        "type": "rich_text_section",
                        "elements": [
                            {
                                "type": "user",
                                "user_id": "UUJNED77D"
                            },
                            {
                                "type": "text",
                                "text": " I think we do for maximum width, but we only have built in image-swapping across multiple screen widths currently for the hero image. Worse, the developers are somewhat resisting the proposal to automatically handle image sizing in the new version of Sitecore (I think because it’s not built into Sitecore). Rather than using the  HTML5 "
                            },
                            {
                                "type": "text",
                                "text": "<img srcset>",
                                "style": {
                                    "code": true
                                }
                            },
                            {
                                "type": "text",
                                "text": "  to populate images, the developers want to go with Sitecore’s “device” approach. Sitecore-standard is not industry-standard but it’s certainly better than nothing."
                            }
                        ]
                    }
                ]
            }
        ],
        "thread_ts": "1594658304.031100",
        "parent_user_id": "U0NSCMBR8"
    },
    {
        "type": "message",
        "text": "<@U0NSCMBR8> No, we don't have guidance for image sizes on our help page about using images in web pages... seems like providing the info is a good place to start.  <https:\/\/kingcounty.gov\/help\/sitecore\/basic-elements\/images.aspx>\n\nMaybe setting source  by device makes the most sense to avoid multiple image downloads on resizing the width of a browser or tilting your phone to landscape.\n\nI was checking out a size checker for the Microsoft page posted above, which is a mix of images and text-- 2.7 MB.  I'm not sure what I'd change other than CSS and JS; content itself is smartly chosen for clarity and concision, and it's appropriate.  The big contributor to page size here looks like it's the custom design; JS is best kept to standard and reference a CDN so there's a high probability it is cached... local caching avoids downloads even if overall size seems bloated.",
        "files": [
            {
                "id": "F016TLVFLNA",
                "created": 1594661784,
                "timestamp": 1594661784,
                "name": "page-size.png",
                "title": "page-size.png",
                "mimetype": "image\/png",
                "filetype": "png",
                "pretty_type": "PNG",
                "user": "UUJNED77D",
                "editable": false,
                "size": 104523,
                "mode": "hosted",
                "is_external": false,
                "external_type": "",
                "is_public": true,
                "public_url_shared": false,
                "display_as_bot": false,
                "username": "",
                "url_private": "https:\/\/files.slack.com\/files-pri\/T0D1XTUAD-F016TLVFLNA\/page-size.png?t=xoxe-13065946353-1831014033124-1821760734405-0591b3003861d046a3fe606fb5f44814",
                "url_private_download": "https:\/\/files.slack.com\/files-pri\/T0D1XTUAD-F016TLVFLNA\/download\/page-size.png?t=xoxe-13065946353-1831014033124-1821760734405-0591b3003861d046a3fe606fb5f44814",
                "thumb_64": "https:\/\/files.slack.com\/files-tmb\/T0D1XTUAD-F016TLVFLNA-82faf5a388\/page-size_64.png?t=xoxe-13065946353-1831014033124-1821760734405-0591b3003861d046a3fe606fb5f44814",
                "thumb_80": "https:\/\/files.slack.com\/files-tmb\/T0D1XTUAD-F016TLVFLNA-82faf5a388\/page-size_80.png?t=xoxe-13065946353-1831014033124-1821760734405-0591b3003861d046a3fe606fb5f44814",
                "thumb_360": "https:\/\/files.slack.com\/files-tmb\/T0D1XTUAD-F016TLVFLNA-82faf5a388\/page-size_360.png?t=xoxe-13065946353-1831014033124-1821760734405-0591b3003861d046a3fe606fb5f44814",
                "thumb_360_w": 360,
                "thumb_360_h": 210,
                "thumb_480": "https:\/\/files.slack.com\/files-tmb\/T0D1XTUAD-F016TLVFLNA-82faf5a388\/page-size_480.png?t=xoxe-13065946353-1831014033124-1821760734405-0591b3003861d046a3fe606fb5f44814",
                "thumb_480_w": 480,
                "thumb_480_h": 280,
                "thumb_160": "https:\/\/files.slack.com\/files-tmb\/T0D1XTUAD-F016TLVFLNA-82faf5a388\/page-size_160.png?t=xoxe-13065946353-1831014033124-1821760734405-0591b3003861d046a3fe606fb5f44814",
                "thumb_720": "https:\/\/files.slack.com\/files-tmb\/T0D1XTUAD-F016TLVFLNA-82faf5a388\/page-size_720.png?t=xoxe-13065946353-1831014033124-1821760734405-0591b3003861d046a3fe606fb5f44814",
                "thumb_720_w": 720,
                "thumb_720_h": 420,
                "thumb_800": "https:\/\/files.slack.com\/files-tmb\/T0D1XTUAD-F016TLVFLNA-82faf5a388\/page-size_800.png?t=xoxe-13065946353-1831014033124-1821760734405-0591b3003861d046a3fe606fb5f44814",
                "thumb_800_w": 800,
                "thumb_800_h": 466,
                "thumb_960": "https:\/\/files.slack.com\/files-tmb\/T0D1XTUAD-F016TLVFLNA-82faf5a388\/page-size_960.png?t=xoxe-13065946353-1831014033124-1821760734405-0591b3003861d046a3fe606fb5f44814",
                "thumb_960_w": 960,
                "thumb_960_h": 560,
                "thumb_1024": "https:\/\/files.slack.com\/files-tmb\/T0D1XTUAD-F016TLVFLNA-82faf5a388\/page-size_1024.png?t=xoxe-13065946353-1831014033124-1821760734405-0591b3003861d046a3fe606fb5f44814",
                "thumb_1024_w": 1024,
                "thumb_1024_h": 597,
                "original_w": 1144,
                "original_h": 667,
                "thumb_tiny": "AwAbADDR7nj9aMf5zTicDJqE3MYOPm\/Ki40m9iUcen50c+1CurjKnIpScUCDn2pOfaonlZT935fXNSK4bHvQAOgcYOfwqMQJ0Zc\/7XepqKAWmxHFCsWcEnNOk+7TqKBt3I9w29fwptuCNx7UpUb+lSgYGBSTdxNI\/9k=",
                "permalink": "https:\/\/kcwebteam.slack.com\/files\/UUJNED77D\/F016TLVFLNA\/page-size.png",
                "permalink_public": "https:\/\/slack-files.com\/T0D1XTUAD-F016TLVFLNA-477b7325be",
                "is_starred": false,
                "has_rich_preview": false
            }
        ],
        "upload": false,
        "blocks": [
            {
                "type": "rich_text",
                "block_id": "RY2Z",
                "elements": [
                    {
                        "type": "rich_text_section",
                        "elements": [
                            {
                                "type": "user",
                                "user_id": "U0NSCMBR8"
                            },
                            {
                                "type": "text",
                                "text": " No, we don't have guidance for image sizes on our help page about using images in web pages... seems like providing the info is a good place to start.  "
                            },
                            {
                                "type": "link",
                                "url": "https:\/\/kingcounty.gov\/help\/sitecore\/basic-elements\/images.aspx"
                            },
                            {
                                "type": "text",
                                "text": "\n\nMaybe setting source  by device makes the most sense to avoid multiple image downloads on resizing the width of a browser or tilting your phone to landscape.\n\nI was checking out a size checker for the Microsoft page posted above, which is a mix of images and text-- 2.7 MB.  I'm not sure what I'd change other than CSS and JS; content itself is smartly chosen for clarity and concision, and it's appropriate.  The big contributor to page size here looks like it's the custom design; JS is best kept to standard and reference a CDN so there's a high probability it is cached... local caching avoids downloads even if overall size seems bloated."
                            }
                        ]
                    }
                ]
            }
        ],
        "user": "UUJNED77D",
        "display_as_bot": false,
        "ts": "1594662522.032500",
        "edited": {
            "user": "UUJNED77D",
            "ts": "1594663773.000000"
        },
        "thread_ts": "1594658304.031100",
        "parent_user_id": "U0NSCMBR8"
    },
    {
        "client_msg_id": "31436d8e-8ff2-4de7-bdca-fd9451301a47",
        "type": "message",
        "text": "<!here> *This announcement is just for people who use the new Sitecore 9.2 Dev environment in Azure.*  I'm just about to rewire authentication for the environment by connecting it to a new Azure AAD group.  When that happens, you may lose any Sitecore roles you have assigned to your AD account in Dev as well as admin rights.  As soon as the update is completed, I'll put another message here.  At that time, please log in with your AD account (both of them if you have a -A account) to establish it in Sitecore.  Then I can grant admin rights to the designated accounts.  Once the admins are established, they can assign roles to others.  Thanks, Lincoln",
        "user": "U3QRELVJ6",
        "ts": "1594671095.041100",
        "team": "T0D1XTUAD",
        "user_team": "T0D1XTUAD",
        "source_team": "T0D1XTUAD",
        "user_profile": {
            "avatar_hash": "1dd9b2eba853",
            "image_72": "https:\/\/avatars.slack-edge.com\/2021-02-15\/1740061138967_1dd9b2eba853c8173ff1_72.jpg",
            "first_name": "Lincoln",
            "real_name": "Lincoln Box",
            "display_name": "Lincoln Box",
            "team": "T0D1XTUAD",
            "name": "boxl",
            "is_restricted": false,
            "is_ultra_restricted": false
        },
        "blocks": [
            {
                "type": "rich_text",
                "block_id": "3Q5",
                "elements": [
                    {
                        "type": "rich_text_section",
                        "elements": [
                            {
                                "type": "broadcast",
                                "range": "here"
                            },
                            {
                                "type": "text",
                                "text": " "
                            },
                            {
                                "type": "text",
                                "text": "This announcement is just for people who use the new Sitecore 9.2 Dev environment in Azure. ",
                                "style": {
                                    "bold": true
                                }
                            },
                            {
                                "type": "text",
                                "text": " I'm just about to rewire authentication for the environment by connecting it to a new Azure AAD group.  When that happens, you may lose any Sitecore roles you have assigned to your AD account in Dev as well as admin rights.  As soon as the update is completed, I'll put another message here.  At that time, please log in with your AD account (both of them if you have a -A account) to establish it in Sitecore.  Then I can grant admin rights to the designated accounts.  Once the admins are established, they can assign roles to others.  Thanks, Lincoln"
                            }
                        ]
                    }
                ]
            }
        ],
        "reactions": [
            {
                "name": "+1",
                "users": [
                    "UTJQGG2MT",
                    "UUGC2FFGX"
                ],
                "count": 2
            },
            {
                "name": "bananadance",
                "users": [
                    "UTJQGG2MT"
                ],
                "count": 1
            }
        ]
    },
    {
        "client_msg_id": "a83f10af-0a76-46fe-bad3-8cbf2186f452",
        "type": "message",
        "text": "*This announcement is just for people who use the new Sitecore 9.2 Dev environment in Azure - FOLLOW UP:*  The AAD group has been updated - Please go ahead and try your AD accounts on Sitecore Dev.  For those with AD groups already established in Dev - you may find that you didn't lose your roles or admin rights after all:slightly_smiling_face:",
        "user": "U3QRELVJ6",
        "ts": "1594674939.044200",
        "team": "T0D1XTUAD",
        "user_team": "T0D1XTUAD",
        "source_team": "T0D1XTUAD",
        "user_profile": {
            "avatar_hash": "1dd9b2eba853",
            "image_72": "https:\/\/avatars.slack-edge.com\/2021-02-15\/1740061138967_1dd9b2eba853c8173ff1_72.jpg",
            "first_name": "Lincoln",
            "real_name": "Lincoln Box",
            "display_name": "Lincoln Box",
            "team": "T0D1XTUAD",
            "name": "boxl",
            "is_restricted": false,
            "is_ultra_restricted": false
        },
        "blocks": [
            {
                "type": "rich_text",
                "block_id": "RHF",
                "elements": [
                    {
                        "type": "rich_text_section",
                        "elements": [
                            {
                                "type": "text",
                                "text": "This announcement is just for people who use the new Sitecore 9.2 Dev environment in Azure - FOLLOW UP:  ",
                                "style": {
                                    "bold": true
                                }
                            },
                            {
                                "type": "text",
                                "text": "The AAD group has been updated - Please go ahead and try your AD accounts on Sitecore Dev.  For those with AD groups already established in Dev - you may find that you didn't lose your roles or admin rights after all"
                            },
                            {
                                "type": "emoji",
                                "name": "slightly_smiling_face"
                            }
                        ]
                    }
                ]
            }
        ],
        "reactions": [
            {
                "name": "party-dinosaur",
                "users": [
                    "UTJQGG2MT"
                ],
                "count": 1
            }
        ]
    },
    {
        "client_msg_id": "fb5a01ff-6864-427a-b865-06d7e264298a",
        "type": "message",
        "text": "What's the URL that folks should use to authenticate in Dev Sitecore?",
        "user": "UTJQGG2MT",
        "ts": "1594675036.044700",
        "team": "T0D1XTUAD",
        "user_team": "T0D1XTUAD",
        "source_team": "T0D1XTUAD",
        "user_profile": {
            "avatar_hash": "ea01aedbdf08",
            "image_72": "https:\/\/avatars.slack-edge.com\/2020-09-21\/1370342944630_ea01aedbdf0893e7c9db_72.jpg",
            "first_name": "Jaime",
            "real_name": "Jaime Schatz",
            "display_name": "Jaime Schatz",
            "team": "T0D1XTUAD",
            "name": "jschatz",
            "is_restricted": false,
            "is_ultra_restricted": false
        },
        "blocks": [
            {
                "type": "rich_text",
                "block_id": "71Fc",
                "elements": [
                    {
                        "type": "rich_text_section",
                        "elements": [
                            {
                                "type": "text",
                                "text": "What's the URL that folks should use to authenticate in Dev Sitecore?"
                            }
                        ]
                    }
                ]
            }
        ]
    },
    {
        "client_msg_id": "4a08a733-aec8-4164-ad23-fa3dee49403a",
        "type": "message",
        "text": "<https:\/\/sitecore-dev-single.azurewebsites.net\/sitecore>",
        "user": "U3QRELVJ6",
        "ts": "1594675062.044900",
        "team": "T0D1XTUAD",
        "user_team": "T0D1XTUAD",
        "source_team": "T0D1XTUAD",
        "user_profile": {
            "avatar_hash": "1dd9b2eba853",
            "image_72": "https:\/\/avatars.slack-edge.com\/2021-02-15\/1740061138967_1dd9b2eba853c8173ff1_72.jpg",
            "first_name": "Lincoln",
            "real_name": "Lincoln Box",
            "display_name": "Lincoln Box",
            "team": "T0D1XTUAD",
            "name": "boxl",
            "is_restricted": false,
            "is_ultra_restricted": false
        },
        "blocks": [
            {
                "type": "rich_text",
                "block_id": "Jw=T=",
                "elements": [
                    {
                        "type": "rich_text_section",
                        "elements": [
                            {
                                "type": "link",
                                "url": "https:\/\/sitecore-dev-single.azurewebsites.net\/sitecore"
                            }
                        ]
                    }
                ]
            }
        ],
        "reactions": [
            {
                "name": "+1",
                "users": [
                    "UTJQGG2MT"
                ],
                "count": 1
            },
            {
                "name": "thankyou",
                "users": [
                    "UTJQGG2MT"
                ],
                "count": 1
            }
        ]
    },
    {
        "client_msg_id": "46507331-a42d-45bf-8be4-9c6b7850f6e7",
        "type": "message",
        "text": "*<!here>* *This announcement is just for people who use the new Sitecore 9.2 TEST environment in Azure.* I'm just about to make the same update to the Sitecore Test environment that I did to Dev (see last two messages.)  As before, I'll let you know when it's done so you can log in and verify\/re-establish roles.\nThanks, Lincoln",
        "user": "U3QRELVJ6",
        "ts": "1594680617.048200",
        "team": "T0D1XTUAD",
        "user_team": "T0D1XTUAD",
        "source_team": "T0D1XTUAD",
        "user_profile": {
            "avatar_hash": "1dd9b2eba853",
            "image_72": "https:\/\/avatars.slack-edge.com\/2021-02-15\/1740061138967_1dd9b2eba853c8173ff1_72.jpg",
            "first_name": "Lincoln",
            "real_name": "Lincoln Box",
            "display_name": "Lincoln Box",
            "team": "T0D1XTUAD",
            "name": "boxl",
            "is_restricted": false,
            "is_ultra_restricted": false
        },
        "blocks": [
            {
                "type": "rich_text",
                "block_id": "\/nV",
                "elements": [
                    {
                        "type": "rich_text_section",
                        "elements": [
                            {
                                "type": "broadcast",
                                "range": "here",
                                "style": {
                                    "bold": true
                                }
                            },
                            {
                                "type": "text",
                                "text": " "
                            },
                            {
                                "type": "text",
                                "text": "This announcement is just for people who use the new Sitecore 9.2 TEST environment in Azure. ",
                                "style": {
                                    "bold": true
                                }
                            },
                            {
                                "type": "text",
                                "text": "I'm just about to make the same update to the Sitecore Test environment that I did to Dev (see last two messages.)  As before, I'll let you know when it's done so you can log in and verify\/re-establish roles.\nThanks, Lincoln"
                            }
                        ]
                    }
                ]
            }
        ],
        "reactions": [
            {
                "name": "+1",
                "users": [
                    "UTJQGG2MT"
                ],
                "count": 1
            },
            {
                "name": "thankyou",
                "users": [
                    "UTJQGG2MT"
                ],
                "count": 1
            },
            {
                "name": "bananadance",
                "users": [
                    "UTJQGG2MT"
                ],
                "count": 1
            }
        ]
    },
    {
        "type": "message",
        "text": "Sigh...",
        "files": [
            {
                "id": "F017DLU86TT",
                "created": 1594681412,
                "timestamp": 1594681412,
                "name": "107601225_10157921791869753_1889551565465938337_o.jpg",
                "title": "107601225_10157921791869753_1889551565465938337_o.jpg",
                "mimetype": "image\/jpeg",
                "filetype": "jpg",
                "pretty_type": "JPEG",
                "user": "UUJNED77D",
                "editable": false,
                "size": 137006,
                "mode": "hosted",
                "is_external": false,
                "external_type": "",
                "is_public": true,
                "public_url_shared": false,
                "display_as_bot": false,
                "username": "",
                "url_private": "https:\/\/files.slack.com\/files-pri\/T0D1XTUAD-F017DLU86TT\/107601225_10157921791869753_1889551565465938337_o.jpg?t=xoxe-13065946353-1831014033124-1821760734405-0591b3003861d046a3fe606fb5f44814",
                "url_private_download": "https:\/\/files.slack.com\/files-pri\/T0D1XTUAD-F017DLU86TT\/download\/107601225_10157921791869753_1889551565465938337_o.jpg?t=xoxe-13065946353-1831014033124-1821760734405-0591b3003861d046a3fe606fb5f44814",
                "thumb_64": "https:\/\/files.slack.com\/files-tmb\/T0D1XTUAD-F017DLU86TT-fde853af67\/107601225_10157921791869753_1889551565465938337_o_64.jpg?t=xoxe-13065946353-1831014033124-1821760734405-0591b3003861d046a3fe606fb5f44814",
                "thumb_80": "https:\/\/files.slack.com\/files-tmb\/T0D1XTUAD-F017DLU86TT-fde853af67\/107601225_10157921791869753_1889551565465938337_o_80.jpg?t=xoxe-13065946353-1831014033124-1821760734405-0591b3003861d046a3fe606fb5f44814",
                "thumb_360": "https:\/\/files.slack.com\/files-tmb\/T0D1XTUAD-F017DLU86TT-fde853af67\/107601225_10157921791869753_1889551565465938337_o_360.jpg?t=xoxe-13065946353-1831014033124-1821760734405-0591b3003861d046a3fe606fb5f44814",
                "thumb_360_w": 360,
                "thumb_360_h": 203,
                "thumb_480": "https:\/\/files.slack.com\/files-tmb\/T0D1XTUAD-F017DLU86TT-fde853af67\/107601225_10157921791869753_1889551565465938337_o_480.jpg?t=xoxe-13065946353-1831014033124-1821760734405-0591b3003861d046a3fe606fb5f44814",
                "thumb_480_w": 480,
                "thumb_480_h": 270,
                "thumb_160": "https:\/\/files.slack.com\/files-tmb\/T0D1XTUAD-F017DLU86TT-fde853af67\/107601225_10157921791869753_1889551565465938337_o_160.jpg?t=xoxe-13065946353-1831014033124-1821760734405-0591b3003861d046a3fe606fb5f44814",
                "thumb_720": "https:\/\/files.slack.com\/files-tmb\/T0D1XTUAD-F017DLU86TT-fde853af67\/107601225_10157921791869753_1889551565465938337_o_720.jpg?t=xoxe-13065946353-1831014033124-1821760734405-0591b3003861d046a3fe606fb5f44814",
                "thumb_720_w": 720,
                "thumb_720_h": 405,
                "thumb_800": "https:\/\/files.slack.com\/files-tmb\/T0D1XTUAD-F017DLU86TT-fde853af67\/107601225_10157921791869753_1889551565465938337_o_800.jpg?t=xoxe-13065946353-1831014033124-1821760734405-0591b3003861d046a3fe606fb5f44814",
                "thumb_800_w": 800,
                "thumb_800_h": 450,
                "thumb_960": "https:\/\/files.slack.com\/files-tmb\/T0D1XTUAD-F017DLU86TT-fde853af67\/107601225_10157921791869753_1889551565465938337_o_960.jpg?t=xoxe-13065946353-1831014033124-1821760734405-0591b3003861d046a3fe606fb5f44814",
                "thumb_960_w": 960,
                "thumb_960_h": 540,
                "thumb_1024": "https:\/\/files.slack.com\/files-tmb\/T0D1XTUAD-F017DLU86TT-fde853af67\/107601225_10157921791869753_1889551565465938337_o_1024.jpg?t=xoxe-13065946353-1831014033124-1821760734405-0591b3003861d046a3fe606fb5f44814",
                "thumb_1024_w": 1024,
                "thumb_1024_h": 576,
                "original_w": 1180,
                "original_h": 664,
                "thumb_tiny": "AwAbADDRBpCQe9NzxSZz1zQA7PuaPz\/Omg4NBagB27\/OaUNmmbs+lKD7UANNJ1pxHNJgUAJ9c0v4mjAowKADt1oHHejApQOaAP\/Z",
                "permalink": "https:\/\/kcwebteam.slack.com\/files\/UUJNED77D\/F017DLU86TT\/107601225_10157921791869753_1889551565465938337_o.jpg",
                "permalink_public": "https:\/\/slack-files.com\/T0D1XTUAD-F017DLU86TT-b0ee74abf2",
                "is_starred": false,
                "has_rich_preview": false
            }
        ],
        "upload": false,
        "blocks": [
            {
                "type": "rich_text",
                "block_id": "Ltr",
                "elements": [
                    {
                        "type": "rich_text_section",
                        "elements": [
                            {
                                "type": "text",
                                "text": "Sigh..."
                            }
                        ]
                    }
                ]
            }
        ],
        "user": "UUJNED77D",
        "display_as_bot": false,
        "ts": "1594681421.048600",
        "thread_ts": "1594305407.019600",
        "parent_user_id": "UUJNECG67"
    },
    {
        "client_msg_id": "707f7772-dcd1-43b2-99a9-507dcf77bfcf",
        "type": "message",
        "text": "*This announcement is just for people who use the new Sitecore 9.2 TEST environment in Azure - FOLLOW UP:*  The AAD group has been updated - Please go ahead and try your AD accounts on Sitecore Test.  Your roles and\/or admin rights should be unaffected by the update.  -Lincoln",
        "user": "U3QRELVJ6",
        "ts": "1594682677.050500",
        "team": "T0D1XTUAD",
        "user_team": "T0D1XTUAD",
        "source_team": "T0D1XTUAD",
        "user_profile": {
            "avatar_hash": "1dd9b2eba853",
            "image_72": "https:\/\/avatars.slack-edge.com\/2021-02-15\/1740061138967_1dd9b2eba853c8173ff1_72.jpg",
            "first_name": "Lincoln",
            "real_name": "Lincoln Box",
            "display_name": "Lincoln Box",
            "team": "T0D1XTUAD",
            "name": "boxl",
            "is_restricted": false,
            "is_ultra_restricted": false
        },
        "blocks": [
            {
                "type": "rich_text",
                "block_id": "smnPm",
                "elements": [
                    {
                        "type": "rich_text_section",
                        "elements": [
                            {
                                "type": "text",
                                "text": "This announcement is just for people who use the new Sitecore 9.2 TEST environment in Azure - FOLLOW UP:  ",
                                "style": {
                                    "bold": true
                                }
                            },
                            {
                                "type": "text",
                                "text": "The AAD group has been updated - Please go ahead and try your AD accounts on Sitecore Test.  Your roles and\/or admin rights should be unaffected by the update.  -Lincoln"
                            }
                        ]
                    }
                ]
            }
        ]
    },
    {
        "client_msg_id": "7749e469-bc8e-4df6-a31c-312dd72e3cb6",
        "type": "message",
        "text": "FYI... <https:\/\/sitecore-test-cm.azurewebsites.net\/sitecore>",
        "user": "U3QRELVJ6",
        "ts": "1594684214.050700",
        "team": "T0D1XTUAD",
        "user_team": "T0D1XTUAD",
        "source_team": "T0D1XTUAD",
        "user_profile": {
            "avatar_hash": "1dd9b2eba853",
            "image_72": "https:\/\/avatars.slack-edge.com\/2021-02-15\/1740061138967_1dd9b2eba853c8173ff1_72.jpg",
            "first_name": "Lincoln",
            "real_name": "Lincoln Box",
            "display_name": "Lincoln Box",
            "team": "T0D1XTUAD",
            "name": "boxl",
            "is_restricted": false,
            "is_ultra_restricted": false
        },
        "blocks": [
            {
                "type": "rich_text",
                "block_id": "rgSKg",
                "elements": [
                    {
                        "type": "rich_text_section",
                        "elements": [
                            {
                                "type": "text",
                                "text": "FYI... "
                            },
                            {
                                "type": "link",
                                "url": "https:\/\/sitecore-test-cm.azurewebsites.net\/sitecore"
                            }
                        ]
                    }
                ]
            }
        ]
    }
]