[
    {
        "client_msg_id": "4b646f6a-d2e6-4f55-a8bd-0935d2d98f70",
        "type": "message",
        "text": "If you want to support farmers and\/or just are having trouble getting good fresh healthy food, the Seattle Farmers Markets just partnered with the “WhatsGood” app to allow online orders with pickups at Columbia City, University District, West Seattle, and Capitol Hill. <https:\/\/seattlefarmersmarkets.org\/pickup>",
        "user": "U0D1W09V4",
        "ts": "1593457929.490200",
        "team": "T0D1XTUAD",
        "user_team": "T0D1XTUAD",
        "source_team": "T0D1XTUAD",
        "user_profile": {
            "avatar_hash": "69a03f210a7e",
            "image_72": "https:\/\/avatars.slack-edge.com\/2020-04-03\/1036225284226_69a03f210a7ec4e12108_72.jpg",
            "first_name": "Beth",
            "real_name": "Beth Cheatham",
            "display_name": "beth.cheatham",
            "team": "T0D1XTUAD",
            "name": "beth.cheatham",
            "is_restricted": false,
            "is_ultra_restricted": false
        },
        "blocks": [
            {
                "type": "rich_text",
                "block_id": "R8c",
                "elements": [
                    {
                        "type": "rich_text_section",
                        "elements": [
                            {
                                "type": "text",
                                "text": "If you want to support farmers and\/or just are having trouble getting good fresh healthy food, the Seattle Farmers Markets just partnered with the “WhatsGood” app to allow online orders with pickups at Columbia City, University District, West Seattle, and Capitol Hill. "
                            },
                            {
                                "type": "link",
                                "url": "https:\/\/seattlefarmersmarkets.org\/pickup"
                            }
                        ]
                    }
                ]
            }
        ],
        "thread_ts": "1593457929.490200",
        "reply_count": 5,
        "reply_users_count": 3,
        "latest_reply": "1594239593.016600",
        "reply_users": [
            "UUW3W20AU",
            "U7EP7P2JW",
            "U0D1W09V4"
        ],
        "replies": [
            {
                "user": "UUW3W20AU",
                "ts": "1593486924.491200"
            },
            {
                "user": "UUW3W20AU",
                "ts": "1593486970.491400"
            },
            {
                "user": "U7EP7P2JW",
                "ts": "1594239181.016200"
            },
            {
                "user": "U0D1W09V4",
                "ts": "1594239322.016400"
            },
            {
                "user": "U7EP7P2JW",
                "ts": "1594239593.016600"
            }
        ],
        "subscribed": false,
        "reactions": [
            {
                "name": "+1",
                "users": [
                    "UTJPVN880",
                    "UUJNED77D",
                    "U7EP7P2JW"
                ],
                "count": 3
            },
            {
                "name": "carrot",
                "users": [
                    "UUW3W20AU"
                ],
                "count": 1
            }
        ]
    },
    {
        "client_msg_id": "ebdddced-0707-467f-9def-c57abf605150",
        "type": "message",
        "text": "Good to know!",
        "user": "UUW3W20AU",
        "ts": "1593486924.491200",
        "team": "T0D1XTUAD",
        "user_team": "T0D1XTUAD",
        "source_team": "T0D1XTUAD",
        "user_profile": {
            "avatar_hash": "0c87430f5419",
            "image_72": "https:\/\/avatars.slack-edge.com\/2020-03-04\/984414387030_0c87430f5419d7de3cea_72.jpg",
            "first_name": "Elizabeth",
            "real_name": "Elizabeth Inglese",
            "display_name": "Tish",
            "team": "T0D1XTUAD",
            "name": "einglese",
            "is_restricted": false,
            "is_ultra_restricted": false
        },
        "blocks": [
            {
                "type": "rich_text",
                "block_id": "Smqn",
                "elements": [
                    {
                        "type": "rich_text_section",
                        "elements": [
                            {
                                "type": "text",
                                "text": "Good to know!"
                            }
                        ]
                    }
                ]
            }
        ],
        "thread_ts": "1593457929.490200",
        "parent_user_id": "U0D1W09V4"
    },
    {
        "client_msg_id": "579819ad-94de-4ab6-89c3-9ab33c8c1dda",
        "type": "message",
        "text": "I went to the Ballard one for the first time ever this past wkd. $8 for a carton of duck eggs! GEESH!! Figured I'd give 'em a try once in my life.",
        "user": "UUW3W20AU",
        "ts": "1593486970.491400",
        "team": "T0D1XTUAD",
        "user_team": "T0D1XTUAD",
        "source_team": "T0D1XTUAD",
        "user_profile": {
            "avatar_hash": "0c87430f5419",
            "image_72": "https:\/\/avatars.slack-edge.com\/2020-03-04\/984414387030_0c87430f5419d7de3cea_72.jpg",
            "first_name": "Elizabeth",
            "real_name": "Elizabeth Inglese",
            "display_name": "Tish",
            "team": "T0D1XTUAD",
            "name": "einglese",
            "is_restricted": false,
            "is_ultra_restricted": false
        },
        "blocks": [
            {
                "type": "rich_text",
                "block_id": "DqJ",
                "elements": [
                    {
                        "type": "rich_text_section",
                        "elements": [
                            {
                                "type": "text",
                                "text": "I went to the Ballard one for the first time ever this past wkd. $8 for a carton of duck eggs! GEESH!! Figured I'd give 'em a try once in my life."
                            }
                        ]
                    }
                ]
            }
        ],
        "thread_ts": "1593457929.490200",
        "parent_user_id": "U0D1W09V4"
    }
]