[
    {
        "type": "message",
        "text": "It's probably phishing when the url starts with _cardpayments.microransom.us_...",
        "files": [
            {
                "id": "F01HZ6PLNMT",
                "created": 1609885572,
                "timestamp": 1609885572,
                "name": "Screen Shot 2021-01-05 at 2.25.47 PM.png",
                "title": "Screen Shot 2021-01-05 at 2.25.47 PM.png",
                "mimetype": "image\/png",
                "filetype": "png",
                "pretty_type": "PNG",
                "user": "UUL14UHHP",
                "editable": false,
                "size": 1089170,
                "mode": "hosted",
                "is_external": false,
                "external_type": "",
                "is_public": true,
                "public_url_shared": false,
                "display_as_bot": false,
                "username": "",
                "url_private": "https:\/\/files.slack.com\/files-pri\/T0D1XTUAD-F01HZ6PLNMT\/screen_shot_2021-01-05_at_2.25.47_pm.png?t=xoxe-13065946353-1831014033124-1821760734405-0591b3003861d046a3fe606fb5f44814",
                "url_private_download": "https:\/\/files.slack.com\/files-pri\/T0D1XTUAD-F01HZ6PLNMT\/download\/screen_shot_2021-01-05_at_2.25.47_pm.png?t=xoxe-13065946353-1831014033124-1821760734405-0591b3003861d046a3fe606fb5f44814",
                "thumb_64": "https:\/\/files.slack.com\/files-tmb\/T0D1XTUAD-F01HZ6PLNMT-dc7541bcc8\/screen_shot_2021-01-05_at_2.25.47_pm_64.png?t=xoxe-13065946353-1831014033124-1821760734405-0591b3003861d046a3fe606fb5f44814",
                "thumb_80": "https:\/\/files.slack.com\/files-tmb\/T0D1XTUAD-F01HZ6PLNMT-dc7541bcc8\/screen_shot_2021-01-05_at_2.25.47_pm_80.png?t=xoxe-13065946353-1831014033124-1821760734405-0591b3003861d046a3fe606fb5f44814",
                "thumb_360": "https:\/\/files.slack.com\/files-tmb\/T0D1XTUAD-F01HZ6PLNMT-dc7541bcc8\/screen_shot_2021-01-05_at_2.25.47_pm_360.png?t=xoxe-13065946353-1831014033124-1821760734405-0591b3003861d046a3fe606fb5f44814",
                "thumb_360_w": 360,
                "thumb_360_h": 216,
                "thumb_480": "https:\/\/files.slack.com\/files-tmb\/T0D1XTUAD-F01HZ6PLNMT-dc7541bcc8\/screen_shot_2021-01-05_at_2.25.47_pm_480.png?t=xoxe-13065946353-1831014033124-1821760734405-0591b3003861d046a3fe606fb5f44814",
                "thumb_480_w": 480,
                "thumb_480_h": 288,
                "thumb_160": "https:\/\/files.slack.com\/files-tmb\/T0D1XTUAD-F01HZ6PLNMT-dc7541bcc8\/screen_shot_2021-01-05_at_2.25.47_pm_160.png?t=xoxe-13065946353-1831014033124-1821760734405-0591b3003861d046a3fe606fb5f44814",
                "thumb_720": "https:\/\/files.slack.com\/files-tmb\/T0D1XTUAD-F01HZ6PLNMT-dc7541bcc8\/screen_shot_2021-01-05_at_2.25.47_pm_720.png?t=xoxe-13065946353-1831014033124-1821760734405-0591b3003861d046a3fe606fb5f44814",
                "thumb_720_w": 720,
                "thumb_720_h": 431,
                "thumb_800": "https:\/\/files.slack.com\/files-tmb\/T0D1XTUAD-F01HZ6PLNMT-dc7541bcc8\/screen_shot_2021-01-05_at_2.25.47_pm_800.png?t=xoxe-13065946353-1831014033124-1821760734405-0591b3003861d046a3fe606fb5f44814",
                "thumb_800_w": 800,
                "thumb_800_h": 479,
                "thumb_960": "https:\/\/files.slack.com\/files-tmb\/T0D1XTUAD-F01HZ6PLNMT-dc7541bcc8\/screen_shot_2021-01-05_at_2.25.47_pm_960.png?t=xoxe-13065946353-1831014033124-1821760734405-0591b3003861d046a3fe606fb5f44814",
                "thumb_960_w": 960,
                "thumb_960_h": 575,
                "thumb_1024": "https:\/\/files.slack.com\/files-tmb\/T0D1XTUAD-F01HZ6PLNMT-dc7541bcc8\/screen_shot_2021-01-05_at_2.25.47_pm_1024.png?t=xoxe-13065946353-1831014033124-1821760734405-0591b3003861d046a3fe606fb5f44814",
                "thumb_1024_w": 1024,
                "thumb_1024_h": 614,
                "original_w": 2430,
                "original_h": 1456,
                "thumb_tiny": "AwAcADDQUEepPrgUvPv+lG6l3CgBM4OMH9KXJ\/umkO0tkrk+uKMgdv0oAXPsaPwNG4UtACbRS4FFFAEbCXcdrJjtkU0PJuG4rjvgVNTNg96dwHK24ZpaRQAOKWkB\/9k=",
                "permalink": "https:\/\/kcwebteam.slack.com\/files\/UUL14UHHP\/F01HZ6PLNMT\/screen_shot_2021-01-05_at_2.25.47_pm.png",
                "permalink_public": "https:\/\/slack-files.com\/T0D1XTUAD-F01HZ6PLNMT-0526380649",
                "is_starred": false,
                "has_rich_preview": false
            }
        ],
        "upload": false,
        "blocks": [
            {
                "type": "rich_text",
                "block_id": "2FTz",
                "elements": [
                    {
                        "type": "rich_text_section",
                        "elements": [
                            {
                                "type": "text",
                                "text": "It's probably phishing when the url starts with "
                            },
                            {
                                "type": "text",
                                "text": "cardpayments.microransom.us",
                                "style": {
                                    "italic": true,
                                    "unlink": true
                                }
                            },
                            {
                                "type": "text",
                                "text": "...",
                                "style": {
                                    "unlink": true
                                }
                            }
                        ]
                    }
                ]
            }
        ],
        "user": "UUL14UHHP",
        "display_as_bot": false,
        "ts": "1609885680.048500",
        "thread_ts": "1609885680.048500",
        "reply_count": 9,
        "reply_users_count": 4,
        "latest_reply": "1609950991.058900",
        "reply_users": [
            "UUJNED77D",
            "U0NSCMBR8",
            "U0D1W09V4",
            "UUL14UHHP"
        ],
        "replies": [
            {
                "user": "UUJNED77D",
                "ts": "1609888186.049100"
            },
            {
                "user": "U0NSCMBR8",
                "ts": "1609893275.049600"
            },
            {
                "user": "U0D1W09V4",
                "ts": "1609897394.049900"
            },
            {
                "user": "U0NSCMBR8",
                "ts": "1609898860.050100"
            },
            {
                "user": "U0D1W09V4",
                "ts": "1609907328.050500"
            },
            {
                "user": "U0NSCMBR8",
                "ts": "1609910989.055700"
            },
            {
                "user": "UUJNED77D",
                "ts": "1609949407.055900"
            },
            {
                "user": "UUL14UHHP",
                "ts": "1609950829.056100"
            },
            {
                "user": "U0NSCMBR8",
                "ts": "1609950991.058900"
            }
        ],
        "subscribed": false,
        "reactions": [
            {
                "name": "thinking_face",
                "users": [
                    "U0D1RV4N8",
                    "U7EP7P2JW"
                ],
                "count": 2
            },
            {
                "name": "laughing",
                "users": [
                    "U7EQMP760"
                ],
                "count": 1
            },
            {
                "name": "rolling_on_the_floor_laughing",
                "users": [
                    "UUW3W20AU",
                    "U019DU219B4"
                ],
                "count": 2
            }
        ]
    },
    {
        "type": "message",
        "text": "",
        "files": [
            {
                "id": "F01J2HZFGQK",
                "created": 1609888183,
                "timestamp": 1609888183,
                "name": "report-phishing.png",
                "title": "report-phishing.png",
                "mimetype": "image\/png",
                "filetype": "png",
                "pretty_type": "PNG",
                "user": "UUJNED77D",
                "editable": false,
                "size": 1838,
                "mode": "hosted",
                "is_external": false,
                "external_type": "",
                "is_public": true,
                "public_url_shared": false,
                "display_as_bot": false,
                "username": "",
                "url_private": "https:\/\/files.slack.com\/files-pri\/T0D1XTUAD-F01J2HZFGQK\/report-phishing.png?t=xoxe-13065946353-1831014033124-1821760734405-0591b3003861d046a3fe606fb5f44814",
                "url_private_download": "https:\/\/files.slack.com\/files-pri\/T0D1XTUAD-F01J2HZFGQK\/download\/report-phishing.png?t=xoxe-13065946353-1831014033124-1821760734405-0591b3003861d046a3fe606fb5f44814",
                "thumb_64": "https:\/\/files.slack.com\/files-tmb\/T0D1XTUAD-F01J2HZFGQK-1868a554fb\/report-phishing_64.png?t=xoxe-13065946353-1831014033124-1821760734405-0591b3003861d046a3fe606fb5f44814",
                "thumb_80": "https:\/\/files.slack.com\/files-tmb\/T0D1XTUAD-F01J2HZFGQK-1868a554fb\/report-phishing_80.png?t=xoxe-13065946353-1831014033124-1821760734405-0591b3003861d046a3fe606fb5f44814",
                "thumb_360": "https:\/\/files.slack.com\/files-tmb\/T0D1XTUAD-F01J2HZFGQK-1868a554fb\/report-phishing_360.png?t=xoxe-13065946353-1831014033124-1821760734405-0591b3003861d046a3fe606fb5f44814",
                "thumb_360_w": 62,
                "thumb_360_h": 99,
                "thumb_160": "https:\/\/files.slack.com\/files-tmb\/T0D1XTUAD-F01J2HZFGQK-1868a554fb\/report-phishing_160.png?t=xoxe-13065946353-1831014033124-1821760734405-0591b3003861d046a3fe606fb5f44814",
                "original_w": 62,
                "original_h": 99,
                "thumb_tiny": "AwAwAB7RooJwM03Htz34oAUsAwXHWlqNTl1\/E1JSQ2B6GkHIz8pobGNpOM8VGY\/R+P6UxEgByScUtR+VnqxPNSUANZAxGe1N8kYxk4p7khfl603e\/dKAEMQ\/vH2pyKVQA9aYXkHJTipfrQB\/\/9k=",
                "permalink": "https:\/\/kcwebteam.slack.com\/files\/UUJNED77D\/F01J2HZFGQK\/report-phishing.png",
                "permalink_public": "https:\/\/slack-files.com\/T0D1XTUAD-F01J2HZFGQK-32ca5c9eec",
                "is_starred": false,
                "has_rich_preview": false
            }
        ],
        "upload": false,
        "user": "UUJNED77D",
        "display_as_bot": false,
        "ts": "1609888186.049100",
        "thread_ts": "1609885680.048500",
        "parent_user_id": "UUL14UHHP"
    },
    {
        "client_msg_id": "bc57d961-c493-42fe-8a3d-cf281e2aefaf",
        "type": "message",
        "text": "If the email says, “this is not phishing,” then we know it’s either phishing or it’s just the KCIT security training that looks exactly like phishing but isn’t.",
        "user": "U0NSCMBR8",
        "ts": "1609893275.049600",
        "team": "T0D1XTUAD",
        "user_team": "T0D1XTUAD",
        "source_team": "T0D1XTUAD",
        "user_profile": {
            "avatar_hash": "28a69ac871a0",
            "image_72": "https:\/\/avatars.slack-edge.com\/2016-02-24\/22896597253_28a69ac871a00b39b963_72.jpg",
            "first_name": "Al",
            "real_name": "Al Boss",
            "display_name": "",
            "team": "T0D1XTUAD",
            "name": "alboss",
            "is_restricted": false,
            "is_ultra_restricted": false
        },
        "blocks": [
            {
                "type": "rich_text",
                "block_id": "p5QZ",
                "elements": [
                    {
                        "type": "rich_text_section",
                        "elements": [
                            {
                                "type": "text",
                                "text": "If the email says, “this is not phishing,” then we know it’s either phishing or it’s just the KCIT security training that looks exactly like phishing but isn’t."
                            }
                        ]
                    }
                ]
            }
        ],
        "thread_ts": "1609885680.048500",
        "parent_user_id": "UUL14UHHP"
    },
    {
        "client_msg_id": "ee2ef6ee-d80b-4c94-b2d7-98fe73f83640",
        "type": "message",
        "text": "The training said we’d get fake phishing emails to help us practice using the phishing button.",
        "user": "U0D1W09V4",
        "ts": "1609897394.049900",
        "team": "T0D1XTUAD",
        "user_team": "T0D1XTUAD",
        "source_team": "T0D1XTUAD",
        "user_profile": {
            "avatar_hash": "69a03f210a7e",
            "image_72": "https:\/\/avatars.slack-edge.com\/2020-04-03\/1036225284226_69a03f210a7ec4e12108_72.jpg",
            "first_name": "Beth",
            "real_name": "Beth Cheatham",
            "display_name": "beth.cheatham",
            "team": "T0D1XTUAD",
            "name": "beth.cheatham",
            "is_restricted": false,
            "is_ultra_restricted": false
        },
        "blocks": [
            {
                "type": "rich_text",
                "block_id": "fVWgl",
                "elements": [
                    {
                        "type": "rich_text_section",
                        "elements": [
                            {
                                "type": "text",
                                "text": "The training said we’d get fake phishing emails to help us practice using the phishing button."
                            }
                        ]
                    }
                ]
            }
        ],
        "thread_ts": "1609885680.048500",
        "parent_user_id": "UUL14UHHP"
    },
    {
        "client_msg_id": "1ca8ea3f-db05-4b37-881f-06599400645c",
        "type": "message",
        "text": "We need to practice how to click a button?",
        "user": "U0NSCMBR8",
        "ts": "1609898860.050100",
        "team": "T0D1XTUAD",
        "user_team": "T0D1XTUAD",
        "source_team": "T0D1XTUAD",
        "user_profile": {
            "avatar_hash": "28a69ac871a0",
            "image_72": "https:\/\/avatars.slack-edge.com\/2016-02-24\/22896597253_28a69ac871a00b39b963_72.jpg",
            "first_name": "Al",
            "real_name": "Al Boss",
            "display_name": "",
            "team": "T0D1XTUAD",
            "name": "alboss",
            "is_restricted": false,
            "is_ultra_restricted": false
        },
        "blocks": [
            {
                "type": "rich_text",
                "block_id": "n5ci",
                "elements": [
                    {
                        "type": "rich_text_section",
                        "elements": [
                            {
                                "type": "text",
                                "text": "We need to practice how to click a button?"
                            }
                        ]
                    }
                ]
            }
        ],
        "thread_ts": "1609885680.048500",
        "parent_user_id": "UUL14UHHP",
        "reactions": [
            {
                "name": "joy",
                "users": [
                    "UUJNECG67"
                ],
                "count": 1
            },
            {
                "name": "fishing_pole_and_fish",
                "users": [
                    "UUJNECG67"
                ],
                "count": 1
            }
        ]
    },
    {
        "client_msg_id": "056561ed-d74a-42d2-bb35-d042a864220b",
        "type": "message",
        "text": "We had 6 separate training lessons on how to click a button.",
        "user": "U0D1W09V4",
        "ts": "1609907328.050500",
        "team": "T0D1XTUAD",
        "user_team": "T0D1XTUAD",
        "source_team": "T0D1XTUAD",
        "user_profile": {
            "avatar_hash": "69a03f210a7e",
            "image_72": "https:\/\/avatars.slack-edge.com\/2020-04-03\/1036225284226_69a03f210a7ec4e12108_72.jpg",
            "first_name": "Beth",
            "real_name": "Beth Cheatham",
            "display_name": "beth.cheatham",
            "team": "T0D1XTUAD",
            "name": "beth.cheatham",
            "is_restricted": false,
            "is_ultra_restricted": false
        },
        "blocks": [
            {
                "type": "rich_text",
                "block_id": "xdPf",
                "elements": [
                    {
                        "type": "rich_text_section",
                        "elements": [
                            {
                                "type": "text",
                                "text": "We had 6 separate training lessons on how to click a button."
                            }
                        ]
                    }
                ]
            }
        ],
        "thread_ts": "1609885680.048500",
        "parent_user_id": "UUL14UHHP"
    },
    {
        "client_msg_id": "DC315B9D-4B4A-40F4-88E6-624AC6E45146",
        "type": "message",
        "text": "Oh, right—you got the accelerated training. I had to take all 17 lessons. I forgot, because I just sprinkled catnip on my keyboard and let the cats take the training for me. They got 97% right, and earned special security certificates. But we didn’t open them because they smelled like phishing attempts. Cats like to detect phish.",
        "user": "U0NSCMBR8",
        "ts": "1609910989.055700",
        "team": "T0D1XTUAD",
        "user_team": "T0D1XTUAD",
        "source_team": "T0D1XTUAD",
        "user_profile": {
            "avatar_hash": "28a69ac871a0",
            "image_72": "https:\/\/avatars.slack-edge.com\/2016-02-24\/22896597253_28a69ac871a00b39b963_72.jpg",
            "first_name": "Al",
            "real_name": "Al Boss",
            "display_name": "",
            "team": "T0D1XTUAD",
            "name": "alboss",
            "is_restricted": false,
            "is_ultra_restricted": false
        },
        "blocks": [
            {
                "type": "rich_text",
                "block_id": "hFyhH",
                "elements": [
                    {
                        "type": "rich_text_section",
                        "elements": [
                            {
                                "type": "text",
                                "text": "Oh, right—you got the accelerated training. I had to take all 17 lessons. I forgot, because I just sprinkled catnip on my keyboard and let the cats take the training for me. They got 97% right, and earned special security certificates. But we didn’t open them because they smelled like phishing attempts. Cats like to detect phish."
                            }
                        ]
                    }
                ]
            }
        ],
        "thread_ts": "1609885680.048500",
        "parent_user_id": "UUL14UHHP"
    }
]