[
    {
        "client_msg_id": "6f1d95a3-2d2a-4697-ba8b-7b8b0cdb9b5e",
        "type": "message",
        "text": "I set up an informal discussion topic for Work from Home, to give KC employees a safe place to meet other employees, share what works and solve problems when things aren't working so great.  If you're interested in this, please join the discussion.  <https:\/\/web.yammer.com\/main\/groups\/eyJfdHlwZSI6Ikdyb3VwIiwiaWQiOiI1Mzg4MjI0MTAyNCJ9\/all>",
        "user": "UUJNED77D",
        "ts": "1612905343.052100",
        "team": "T0D1XTUAD",
        "user_team": "T0D1XTUAD",
        "source_team": "T0D1XTUAD",
        "user_profile": {
            "avatar_hash": "5f4a213e859b",
            "image_72": "https:\/\/avatars.slack-edge.com\/2020-03-04\/982713408789_5f4a213e859b7369a972_72.jpg",
            "first_name": "Fred",
            "real_name": "Fred Bentler",
            "display_name": "Fred Bentler",
            "team": "T0D1XTUAD",
            "name": "fred.bentler",
            "is_restricted": false,
            "is_ultra_restricted": false
        },
        "blocks": [
            {
                "type": "rich_text",
                "block_id": "1DWP",
                "elements": [
                    {
                        "type": "rich_text_section",
                        "elements": [
                            {
                                "type": "text",
                                "text": "I set up an informal discussion topic for Work from Home, to give KC employees a safe place to meet other employees, share what works and solve problems when things aren't working so great.  If you're interested in this, please join the discussion.  "
                            },
                            {
                                "type": "link",
                                "url": "https:\/\/web.yammer.com\/main\/groups\/eyJfdHlwZSI6Ikdyb3VwIiwiaWQiOiI1Mzg4MjI0MTAyNCJ9\/all"
                            }
                        ]
                    }
                ]
            }
        ],
        "thread_ts": "1612905343.052100",
        "reply_count": 4,
        "reply_users_count": 2,
        "latest_reply": "1612981633.054400",
        "reply_users": [
            "UUW3W20AU",
            "UUJNED77D"
        ],
        "replies": [
            {
                "user": "UUW3W20AU",
                "ts": "1612910424.052200"
            },
            {
                "user": "UUJNED77D",
                "ts": "1612913082.052500"
            },
            {
                "user": "UUW3W20AU",
                "ts": "1612922943.052700"
            },
            {
                "user": "UUJNED77D",
                "ts": "1612981633.054400"
            }
        ],
        "subscribed": false,
        "reactions": [
            {
                "name": "+1",
                "users": [
                    "UUW3W20AU"
                ],
                "count": 1
            }
        ]
    },
    {
        "client_msg_id": "118b00c7-eefd-467d-8f84-5b223279f9bf",
        "type": "message",
        "text": "Good to know Fred! Thanks for doing that!",
        "user": "UUW3W20AU",
        "ts": "1612910424.052200",
        "team": "T0D1XTUAD",
        "user_team": "T0D1XTUAD",
        "source_team": "T0D1XTUAD",
        "user_profile": {
            "avatar_hash": "0c87430f5419",
            "image_72": "https:\/\/avatars.slack-edge.com\/2020-03-04\/984414387030_0c87430f5419d7de3cea_72.jpg",
            "first_name": "Elizabeth",
            "real_name": "Elizabeth Inglese",
            "display_name": "Tish",
            "team": "T0D1XTUAD",
            "name": "einglese",
            "is_restricted": false,
            "is_ultra_restricted": false
        },
        "blocks": [
            {
                "type": "rich_text",
                "block_id": "bq2b",
                "elements": [
                    {
                        "type": "rich_text_section",
                        "elements": [
                            {
                                "type": "text",
                                "text": "Good to know Fred! Thanks for doing that!"
                            }
                        ]
                    }
                ]
            }
        ],
        "thread_ts": "1612905343.052100",
        "parent_user_id": "UUJNED77D"
    },
    {
        "client_msg_id": "20c9969e-1ebd-4280-ac78-f30f52cb5278",
        "type": "message",
        "text": "At this point I assume we're working from home long-term, and some departments like DNRP have decided to do that permanently.  One thing we all could use is a place to commiserate about problems and maybe get support from people who've already figured some things out, to reduce isolation and relieve stress.",
        "user": "UUJNED77D",
        "ts": "1612913082.052500",
        "team": "T0D1XTUAD",
        "user_team": "T0D1XTUAD",
        "source_team": "T0D1XTUAD",
        "user_profile": {
            "avatar_hash": "5f4a213e859b",
            "image_72": "https:\/\/avatars.slack-edge.com\/2020-03-04\/982713408789_5f4a213e859b7369a972_72.jpg",
            "first_name": "Fred",
            "real_name": "Fred Bentler",
            "display_name": "Fred Bentler",
            "team": "T0D1XTUAD",
            "name": "fred.bentler",
            "is_restricted": false,
            "is_ultra_restricted": false
        },
        "blocks": [
            {
                "type": "rich_text",
                "block_id": "YEg",
                "elements": [
                    {
                        "type": "rich_text_section",
                        "elements": [
                            {
                                "type": "text",
                                "text": "At this point I assume we're working from home long-term, and some departments like DNRP have decided to do that permanently.  One thing we all could use is a place to commiserate about problems and maybe get support from people who've already figured some things out, to reduce isolation and relieve stress."
                            }
                        ]
                    }
                ]
            }
        ],
        "thread_ts": "1612905343.052100",
        "parent_user_id": "UUJNED77D"
    },
    {
        "client_msg_id": "0a53714d-5dee-48bd-aeb2-74ee8e31eeb6",
        "type": "message",
        "text": "Brilliant idea!",
        "user": "UUW3W20AU",
        "ts": "1612922943.052700",
        "team": "T0D1XTUAD",
        "user_team": "T0D1XTUAD",
        "source_team": "T0D1XTUAD",
        "user_profile": {
            "avatar_hash": "0c87430f5419",
            "image_72": "https:\/\/avatars.slack-edge.com\/2020-03-04\/984414387030_0c87430f5419d7de3cea_72.jpg",
            "first_name": "Elizabeth",
            "real_name": "Elizabeth Inglese",
            "display_name": "Tish",
            "team": "T0D1XTUAD",
            "name": "einglese",
            "is_restricted": false,
            "is_ultra_restricted": false
        },
        "blocks": [
            {
                "type": "rich_text",
                "block_id": "yFvH",
                "elements": [
                    {
                        "type": "rich_text_section",
                        "elements": [
                            {
                                "type": "text",
                                "text": "Brilliant idea!"
                            }
                        ]
                    }
                ]
            }
        ],
        "thread_ts": "1612905343.052100",
        "parent_user_id": "UUJNED77D"
    }
]