[
    {
        "client_msg_id": "d5699185-9fb2-45a1-9c16-adff10b25ae6",
        "type": "message",
        "text": "Here's another look at YouTube's search algorithm from the climate science perspective.  This kind of thing is important in world awash with misinformation and disinformation, and might be useful to know for King County's educational and policy communications we rely on to give residents a good understanding of issues like this locally.\n\n&gt; YouTube’s algorithm changes have been effective in elevating more accurate information by some external measures. In May, Basch and colleagues examined 100 of the most popular YouTube videos under the search “climate change.” A majority of the videos were from news channels and accepted that humans are accelerating warming.\n&gt;  \n&gt; Those results show YouTube’s progress in curbing the fringe conspiracy theorists, Basch argued. “To their credit, they’ve really tried to push these videos away,” Basch says. \n<https:\/\/www.bloomberg.com\/news\/articles\/2021-01-08\/why-climate-science-doesn-t-go-viral-on-youtube>",
        "user": "UUJNED77D",
        "ts": "1610137697.087000",
        "team": "T0D1XTUAD",
        "user_team": "T0D1XTUAD",
        "source_team": "T0D1XTUAD",
        "user_profile": {
            "avatar_hash": "5f4a213e859b",
            "image_72": "https:\/\/avatars.slack-edge.com\/2020-03-04\/982713408789_5f4a213e859b7369a972_72.jpg",
            "first_name": "Fred",
            "real_name": "Fred Bentler",
            "display_name": "Fred Bentler",
            "team": "T0D1XTUAD",
            "name": "fred.bentler",
            "is_restricted": false,
            "is_ultra_restricted": false
        },
        "edited": {
            "user": "UUJNED77D",
            "ts": "1610137950.000000"
        },
        "attachments": [
            {
                "service_name": "Bloomberg.com",
                "title": "Why Climate Science Doesn’t Go Viral on YouTube",
                "title_link": "https:\/\/www.bloomberg.com\/news\/articles\/2021-01-08\/why-climate-science-doesn-t-go-viral-on-youtube",
                "text": "Google’s video site now makes inaccurate climate change content harder to find. But educators with factual videos still struggle to gain an audience on the topic.",
                "fallback": "Bloomberg.com: Why Climate Science Doesn’t Go Viral on YouTube",
                "image_url": "https:\/\/assets.bwbx.io\/images\/users\/iqjWHBFdfxIU\/iyNlqF4HfqaY\/v0\/1200x675.jpg",
                "from_url": "https:\/\/www.bloomberg.com\/news\/articles\/2021-01-08\/why-climate-science-doesn-t-go-viral-on-youtube",
                "image_width": 444,
                "image_height": 250,
                "image_bytes": 185092,
                "service_icon": "https:\/\/assets.bwbx.io\/s3\/javelin\/public\/javelin\/images\/favicon-black-63fe5249d3.png",
                "id": 1,
                "original_url": "https:\/\/www.bloomberg.com\/news\/articles\/2021-01-08\/why-climate-science-doesn-t-go-viral-on-youtube"
            }
        ],
        "blocks": [
            {
                "type": "rich_text",
                "block_id": "+5ls",
                "elements": [
                    {
                        "type": "rich_text_section",
                        "elements": [
                            {
                                "type": "text",
                                "text": "Here's another look at YouTube's search algorithm from the climate science perspective.  This kind of thing is important in world awash with misinformation and disinformation, and might be useful to know for King County's educational and policy communications we rely on to give residents a good understanding of issues like this locally.\n\n"
                            }
                        ]
                    },
                    {
                        "type": "rich_text_quote",
                        "elements": [
                            {
                                "type": "text",
                                "text": "YouTube’s algorithm changes have been effective in elevating more accurate information by some external measures. In May, Basch and colleagues examined 100 of the most popular YouTube videos under the search “climate change.” A majority of the videos were from news channels and accepted that humans are accelerating warming.\n \nThose results show YouTube’s progress in curbing the fringe conspiracy theorists, Basch argued. “To their credit, they’ve really tried to push these videos away,” Basch says. "
                            }
                        ]
                    },
                    {
                        "type": "rich_text_section",
                        "elements": [
                            {
                                "type": "text",
                                "text": "\n"
                            },
                            {
                                "type": "link",
                                "url": "https:\/\/www.bloomberg.com\/news\/articles\/2021-01-08\/why-climate-science-doesn-t-go-viral-on-youtube"
                            }
                        ]
                    }
                ]
            }
        ]
    },
    {
        "client_msg_id": "74f66fcc-7fb4-4b15-bea7-26207a38144b",
        "type": "message",
        "text": "More on this topic at <https:\/\/www.seattletimes.com\/seattle-news\/black-washingtonians-question-disparate-treatment-in-images-of-white-extremists-storming-capitol\/> fyi",
        "user": "UUJNED77D",
        "ts": "1610138108.087400",
        "team": "T0D1XTUAD",
        "user_team": "T0D1XTUAD",
        "source_team": "T0D1XTUAD",
        "user_profile": {
            "avatar_hash": "5f4a213e859b",
            "image_72": "https:\/\/avatars.slack-edge.com\/2020-03-04\/982713408789_5f4a213e859b7369a972_72.jpg",
            "first_name": "Fred",
            "real_name": "Fred Bentler",
            "display_name": "Fred Bentler",
            "team": "T0D1XTUAD",
            "name": "fred.bentler",
            "is_restricted": false,
            "is_ultra_restricted": false
        },
        "attachments": [
            {
                "service_name": "The Seattle Times",
                "title": "Black Washingtonians question disparate treatment in images of white extremists storming Capitol",
                "title_link": "https:\/\/www.seattletimes.com\/seattle-news\/black-washingtonians-question-disparate-treatment-in-images-of-white-extremists-storming-capitol\/",
                "text": "Black Washingtonians who witnessed Wednesday's events through computer or TV screens described frustration, hurt and anger at the contrast in police response to a mob overtaking the Capitol compared to their own and other Black Americans’ experiences with police.",
                "fallback": "The Seattle Times: Black Washingtonians question disparate treatment in images of white extremists storming Capitol",
                "image_url": "https:\/\/static.seattletimes.com\/wp-content\/uploads\/2021\/01\/01072021_tzr_tzr_152927-375x241.jpg",
                "image_width": 375,
                "image_height": 241,
                "ts": 1610114400,
                "from_url": "https:\/\/www.seattletimes.com\/seattle-news\/black-washingtonians-question-disparate-treatment-in-images-of-white-extremists-storming-capitol\/",
                "image_bytes": 11539,
                "service_icon": "https:\/\/www.seattletimes.com\/apple-touch-icon.png?v=7kovnr5xE4",
                "id": 1,
                "original_url": "https:\/\/www.seattletimes.com\/seattle-news\/black-washingtonians-question-disparate-treatment-in-images-of-white-extremists-storming-capitol\/"
            }
        ],
        "blocks": [
            {
                "type": "rich_text",
                "block_id": "oPiIF",
                "elements": [
                    {
                        "type": "rich_text_section",
                        "elements": [
                            {
                                "type": "text",
                                "text": "More on this topic at "
                            },
                            {
                                "type": "link",
                                "url": "https:\/\/www.seattletimes.com\/seattle-news\/black-washingtonians-question-disparate-treatment-in-images-of-white-extremists-storming-capitol\/"
                            },
                            {
                                "type": "text",
                                "text": " fyi"
                            }
                        ]
                    }
                ]
            }
        ],
        "thread_ts": "1609986305.080600",
        "parent_user_id": "UUJNECG67"
    }
]