[
    {
        "client_msg_id": "a7e08f2a-d2d5-4493-8183-ae953412ac1f",
        "type": "message",
        "text": "This Health Dept. news release was published yesterday: <https:\/\/kingcounty.gov\/depts\/health\/news\/2021\/March\/1-vaccine.aspx>",
        "user": "UUJNED77D",
        "ts": "1614701306.022500",
        "team": "T0D1XTUAD",
        "user_team": "T0D1XTUAD",
        "source_team": "T0D1XTUAD",
        "user_profile": {
            "avatar_hash": "5f4a213e859b",
            "image_72": "https:\/\/avatars.slack-edge.com\/2020-03-04\/982713408789_5f4a213e859b7369a972_72.jpg",
            "first_name": "Fred",
            "real_name": "Fred Bentler",
            "display_name": "Fred Bentler",
            "team": "T0D1XTUAD",
            "name": "fred.bentler",
            "is_restricted": false,
            "is_ultra_restricted": false
        },
        "blocks": [
            {
                "type": "rich_text",
                "block_id": "QSB",
                "elements": [
                    {
                        "type": "rich_text_section",
                        "elements": [
                            {
                                "type": "text",
                                "text": "This Health Dept. news release was published yesterday: "
                            },
                            {
                                "type": "link",
                                "url": "https:\/\/kingcounty.gov\/depts\/health\/news\/2021\/March\/1-vaccine.aspx"
                            }
                        ]
                    }
                ]
            }
        ],
        "thread_ts": "1614616825.021200",
        "parent_user_id": "U7EQMP760"
    },
    {
        "client_msg_id": "f161a428-dab0-4a02-8c5d-234d372ed54f",
        "type": "message",
        "text": "Yeah, that was the announcement that eventually came up on DPH's twitter feed. I wonder what the effects on web traffic were.",
        "user": "U7EQMP760",
        "ts": "1614701648.022800",
        "team": "T0D1XTUAD",
        "user_team": "T0D1XTUAD",
        "source_team": "T0D1XTUAD",
        "user_profile": {
            "avatar_hash": "db1abed225d9",
            "image_72": "https:\/\/avatars.slack-edge.com\/2020-03-14\/990754009969_db1abed225d9635aae98_72.jpg",
            "first_name": "",
            "real_name": "Mary Delahanty",
            "display_name": "",
            "team": "T0D1XTUAD",
            "name": "mary.delahanty",
            "is_restricted": false,
            "is_ultra_restricted": false
        },
        "blocks": [
            {
                "type": "rich_text",
                "block_id": "YBz",
                "elements": [
                    {
                        "type": "rich_text_section",
                        "elements": [
                            {
                                "type": "text",
                                "text": "Yeah, that was the announcement that eventually came up on DPH's twitter feed. I wonder what the effects on web traffic were."
                            }
                        ]
                    }
                ]
            }
        ],
        "thread_ts": "1614616825.021200",
        "parent_user_id": "U7EQMP760"
    },
    {
        "client_msg_id": "dfa01c82-f2fb-4aa7-81d0-36b40889473a",
        "type": "message",
        "text": "That news release was viewed 1,900 times yesterday, but this one referring to the news served 17,000+: <https:\/\/kingcounty.gov\/depts\/health\/covid-19\/vaccine\/distribution.aspx>",
        "user": "UUJNED77D",
        "ts": "1614702029.023000",
        "team": "T0D1XTUAD",
        "user_team": "T0D1XTUAD",
        "source_team": "T0D1XTUAD",
        "user_profile": {
            "avatar_hash": "5f4a213e859b",
            "image_72": "https:\/\/avatars.slack-edge.com\/2020-03-04\/982713408789_5f4a213e859b7369a972_72.jpg",
            "first_name": "Fred",
            "real_name": "Fred Bentler",
            "display_name": "Fred Bentler",
            "team": "T0D1XTUAD",
            "name": "fred.bentler",
            "is_restricted": false,
            "is_ultra_restricted": false
        },
        "blocks": [
            {
                "type": "rich_text",
                "block_id": "=UP",
                "elements": [
                    {
                        "type": "rich_text_section",
                        "elements": [
                            {
                                "type": "text",
                                "text": "That news release was viewed 1,900 times yesterday, but this one referring to the news served 17,000+: "
                            },
                            {
                                "type": "link",
                                "url": "https:\/\/kingcounty.gov\/depts\/health\/covid-19\/vaccine\/distribution.aspx"
                            }
                        ]
                    }
                ]
            }
        ],
        "thread_ts": "1614616825.021200",
        "parent_user_id": "U7EQMP760"
    },
    {
        "client_msg_id": "56f08e57-a0e7-4abe-9b67-5c82ec7da80f",
        "type": "message",
        "text": "This came up in the _work from home_ Yammer discussion.  A bill is moving through the legislature to reform state law that currently forbids public entities from providing broadband internet services to the public.  For some reason, state law makes residents get their internet access through entities like Comcast or Centurylink.  Just an fyi since it relates to our work, and work from home.  It's passed the House by a wide margin according to <https:\/\/app.leg.wa.gov\/billsummary?BillNumber=1336&amp;Year=2021>.\n\nThere's an interesting letter of support at <https:\/\/nextcenturycities.org\/wp-content\/uploads\/Joint-Support-WA-HB1336-2-2-21.pdf> that says:\n\n&gt; As the Coronavirus pandemic and its economic dislocations have reinforced for us all, robust broadband\n&gt; access to the Internet is essential to home-based work, education, health care, social interaction, and so\n&gt; much more. Like electricity, advanced communications services and capabilities are platforms, drivers, \n&gt; and enablers of simultaneous progress in just about everything that matters to communities. This includes\n&gt; economic vitality, lifelong educational opportunity, workforce training and retraining, affordable modern\n&gt; health care, public safety, smart transportation, efficient government service, digital equity, democratic\n&gt; engagement, and the many other benefits that contribute to a high quality of life. HB1336 would remove\n&gt; the restrictions in current Washington law that prevent public entities from doing their part to help bring\n&gt; these advantages to their communities. ",
        "user": "UUJNED77D",
        "ts": "1614711806.030900",
        "team": "T0D1XTUAD",
        "user_team": "T0D1XTUAD",
        "source_team": "T0D1XTUAD",
        "user_profile": {
            "avatar_hash": "5f4a213e859b",
            "image_72": "https:\/\/avatars.slack-edge.com\/2020-03-04\/982713408789_5f4a213e859b7369a972_72.jpg",
            "first_name": "Fred",
            "real_name": "Fred Bentler",
            "display_name": "Fred Bentler",
            "team": "T0D1XTUAD",
            "name": "fred.bentler",
            "is_restricted": false,
            "is_ultra_restricted": false
        },
        "edited": {
            "user": "UUJNED77D",
            "ts": "1614712749.000000"
        },
        "blocks": [
            {
                "type": "rich_text",
                "block_id": "mUe7",
                "elements": [
                    {
                        "type": "rich_text_section",
                        "elements": [
                            {
                                "type": "text",
                                "text": "This came up in the "
                            },
                            {
                                "type": "text",
                                "text": "work from home",
                                "style": {
                                    "italic": true
                                }
                            },
                            {
                                "type": "text",
                                "text": " Yammer discussion.  A bill is moving through the legislature to reform state law that currently forbids public entities from providing broadband internet services to the public.  For some reason, state law makes residents get their internet access through entities like Comcast or Centurylink.  Just an fyi since it relates to our work, and work from home.  It's passed the House by a wide margin according to "
                            },
                            {
                                "type": "link",
                                "url": "https:\/\/app.leg.wa.gov\/billsummary?BillNumber=1336&Year=2021"
                            },
                            {
                                "type": "text",
                                "text": ".\n\nThere's an interesting letter of support at "
                            },
                            {
                                "type": "link",
                                "url": "https:\/\/nextcenturycities.org\/wp-content\/uploads\/Joint-Support-WA-HB1336-2-2-21.pdf"
                            },
                            {
                                "type": "text",
                                "text": " that says:\n\n"
                            }
                        ]
                    },
                    {
                        "type": "rich_text_quote",
                        "elements": [
                            {
                                "type": "text",
                                "text": "As the Coronavirus pandemic and its economic dislocations have reinforced for us all, robust broadband\naccess to the Internet is essential to home-based work, education, health care, social interaction, and so\nmuch more. Like electricity, advanced communications services and capabilities are platforms, drivers, \nand enablers of simultaneous progress in just about everything that matters to communities. This includes\neconomic vitality, lifelong educational opportunity, workforce training and retraining, affordable modern\nhealth care, public safety, smart transportation, efficient government service, digital equity, democratic\nengagement, and the many other benefits that contribute to a high quality of life. HB1336 would remove\nthe restrictions in current Washington law that prevent public entities from doing their part to help bring\nthese advantages to their communities. "
                            }
                        ]
                    }
                ]
            }
        ],
        "thread_ts": "1614711806.030900",
        "reply_count": 6,
        "reply_users_count": 5,
        "latest_reply": "1614875643.034900",
        "reply_users": [
            "U0NSCMBR8",
            "U0D1W09V4",
            "UTJPVN880",
            "UUJNED77D",
            "U5Y0B4XC3"
        ],
        "replies": [
            {
                "user": "U0NSCMBR8",
                "ts": "1614713272.031100"
            },
            {
                "user": "U0D1W09V4",
                "ts": "1614713316.031300"
            },
            {
                "user": "UTJPVN880",
                "ts": "1614713644.031600"
            },
            {
                "user": "UUJNED77D",
                "ts": "1614714832.031900"
            },
            {
                "user": "U5Y0B4XC3",
                "ts": "1614716610.032100"
            },
            {
                "user": "UUJNED77D",
                "ts": "1614875643.034900"
            }
        ],
        "subscribed": false
    },
    {
        "client_msg_id": "5bdf5e93-36f6-45f2-b866-83994291af8d",
        "type": "message",
        "text": "“For some reason…”\n\nBecause in this country we let corporations write our laws. That law was basically written by Comcast and other commercial broadband providers, after Tacoma went and put in broadband as a municipally-owned utility. It’s a very common law in the US, especially when a city installs broadband. Philadelphia installed broadband so the state legislature outlawed anyone else from doing the same.\n\nIt’s all grounded in the belief that government should not compete with businesses.\n\nThey all say that government is wasteful and incompetent and that the capitalist marketplace is the natural order of things, and yet the capitalists are unwilling to let the government participate in their marketplace for fear that they couldn’t compete with us.\n\nIf you look up “talking out of both sides of your mouth at once” in the dictionary, there’s probably a picture of the Comcast logo.",
        "user": "U0NSCMBR8",
        "ts": "1614713272.031100",
        "team": "T0D1XTUAD",
        "user_team": "T0D1XTUAD",
        "source_team": "T0D1XTUAD",
        "user_profile": {
            "avatar_hash": "28a69ac871a0",
            "image_72": "https:\/\/avatars.slack-edge.com\/2016-02-24\/22896597253_28a69ac871a00b39b963_72.jpg",
            "first_name": "Al",
            "real_name": "Al Boss",
            "display_name": "",
            "team": "T0D1XTUAD",
            "name": "alboss",
            "is_restricted": false,
            "is_ultra_restricted": false
        },
        "blocks": [
            {
                "type": "rich_text",
                "block_id": "K1Z7",
                "elements": [
                    {
                        "type": "rich_text_section",
                        "elements": [
                            {
                                "type": "text",
                                "text": "“For some reason…”\n\nBecause in this country we let corporations write our laws. That law was basically written by Comcast and other commercial broadband providers, after Tacoma went and put in broadband as a municipally-owned utility. It’s a very common law in the US, especially when a city installs broadband. Philadelphia installed broadband so the state legislature outlawed anyone else from doing the same.\n\nIt’s all grounded in the belief that government should not compete with businesses.\n\nThey all say that government is wasteful and incompetent and that the capitalist marketplace is the natural order of things, and yet the capitalists are unwilling to let the government participate in their marketplace for fear that they couldn’t compete with us.\n\nIf you look up “talking out of both sides of your mouth at once” in the dictionary, there’s probably a picture of the Comcast logo."
                            }
                        ]
                    }
                ]
            }
        ],
        "thread_ts": "1614711806.030900",
        "parent_user_id": "UUJNED77D"
    },
    {
        "client_msg_id": "b9f9507b-1e0a-40f8-a437-306fe61e230c",
        "type": "message",
        "text": "This is what I call the shortsighted “Comcast law” and they’ve been able to get similar legislation passed in 22 other states <https:\/\/broadbandnow.com\/report\/municipal-broadband-roadblocks\/> It’s a huge pet peeve of mine. There is an option to comment on this legislation at the link Fred provided. I will be doing so and I encourage everyone else to do so as well <https:\/\/app.leg.wa.gov\/billsummary?BillNumber=1336&amp;Year=2021>",
        "user": "U0D1W09V4",
        "ts": "1614713316.031300",
        "team": "T0D1XTUAD",
        "user_team": "T0D1XTUAD",
        "source_team": "T0D1XTUAD",
        "user_profile": {
            "avatar_hash": "69a03f210a7e",
            "image_72": "https:\/\/avatars.slack-edge.com\/2020-04-03\/1036225284226_69a03f210a7ec4e12108_72.jpg",
            "first_name": "Beth",
            "real_name": "Beth Cheatham",
            "display_name": "beth.cheatham",
            "team": "T0D1XTUAD",
            "name": "beth.cheatham",
            "is_restricted": false,
            "is_ultra_restricted": false
        },
        "attachments": [
            {
                "service_name": "BroadbandNow",
                "title": "Municipal Broadband Is Roadblocked Or Outlawed In 22 States | BroadbandNow",
                "title_link": "https:\/\/broadbandnow.com\/report\/municipal-broadband-roadblocks\/",
                "text": "Three states have overturned legislation preventing municipal networks since our last report in 2019, leaving 23 with legal roadblocks in place.",
                "fallback": "BroadbandNow: Municipal Broadband Is Roadblocked Or Outlawed In 22 States | BroadbandNow",
                "image_url": "https:\/\/broadbandnow.com\/app\/uploads\/2020\/06\/broadband-now-social-default.jpg",
                "image_width": 476,
                "image_height": 250,
                "fields": [
                    {
                        "title": "Est. reading time",
                        "value": "29 minutes",
                        "short": true
                    }
                ],
                "from_url": "https:\/\/broadbandnow.com\/report\/municipal-broadband-roadblocks\/",
                "image_bytes": 28556,
                "service_icon": "https:\/\/broadbandnow.com\/favicon\/apple-touch-icon.png",
                "id": 1,
                "original_url": "https:\/\/broadbandnow.com\/report\/municipal-broadband-roadblocks\/"
            }
        ],
        "blocks": [
            {
                "type": "rich_text",
                "block_id": "8L9C",
                "elements": [
                    {
                        "type": "rich_text_section",
                        "elements": [
                            {
                                "type": "text",
                                "text": "This is what I call the shortsighted “Comcast law” and they’ve been able to get similar legislation passed in 22 other states "
                            },
                            {
                                "type": "link",
                                "url": "https:\/\/broadbandnow.com\/report\/municipal-broadband-roadblocks\/"
                            },
                            {
                                "type": "text",
                                "text": " It’s a huge pet peeve of mine. There is an option to comment on this legislation at the link Fred provided. I will be doing so and I encourage everyone else to do so as well "
                            },
                            {
                                "type": "link",
                                "url": "https:\/\/app.leg.wa.gov\/billsummary?BillNumber=1336&Year=2021"
                            }
                        ]
                    }
                ]
            }
        ],
        "thread_ts": "1614711806.030900",
        "parent_user_id": "UUJNED77D"
    },
    {
        "client_msg_id": "ca36ff77-a2d8-4cad-9c87-eecf094358c5",
        "type": "message",
        "text": "At one time they were building a free wifi network along Rainier, this killed it.  Comcast is truly an awful company.",
        "user": "UTJPVN880",
        "ts": "1614713644.031600",
        "team": "T0D1XTUAD",
        "user_team": "T0D1XTUAD",
        "source_team": "T0D1XTUAD",
        "user_profile": {
            "avatar_hash": "e0fd7b937159",
            "image_72": "https:\/\/avatars.slack-edge.com\/2020-02-26\/972867120199_e0fd7b9371597938830e_72.png",
            "first_name": "",
            "real_name": "Matt Adleberg",
            "display_name": "Matt Adleberg",
            "team": "T0D1XTUAD",
            "name": "madleberg",
            "is_restricted": false,
            "is_ultra_restricted": false
        },
        "blocks": [
            {
                "type": "rich_text",
                "block_id": "FvIJT",
                "elements": [
                    {
                        "type": "rich_text_section",
                        "elements": [
                            {
                                "type": "text",
                                "text": "At one time they were building a free wifi network along Rainier, this killed it.  Comcast is truly an awful company."
                            }
                        ]
                    }
                ]
            }
        ],
        "thread_ts": "1614711806.030900",
        "parent_user_id": "UUJNED77D",
        "reactions": [
            {
                "name": "plus1",
                "users": [
                    "U5Y0BDK51"
                ],
                "count": 1
            }
        ]
    },
    {
        "client_msg_id": "c1b5e857-cb83-4d91-a234-fce3f7163d1b",
        "type": "message",
        "text": "I'm glad this amendment was withdrawn but wonder if language like this will be slipped in at some point.\n\n&gt; (1) A public utility district may provide retail 7 telecommunications services only in unserved areas but may expand 8 into underserved areas after all unserved areas in the state of Washington become served.9 10 \n&gt; \n&gt; (2) A public utility district may not provide retail 11 telecommunications services to end users where another provider 12 already provides service or has begun construction to provide service to the same end users.",
        "user": "UUJNED77D",
        "ts": "1614714832.031900",
        "team": "T0D1XTUAD",
        "user_team": "T0D1XTUAD",
        "source_team": "T0D1XTUAD",
        "user_profile": {
            "avatar_hash": "5f4a213e859b",
            "image_72": "https:\/\/avatars.slack-edge.com\/2020-03-04\/982713408789_5f4a213e859b7369a972_72.jpg",
            "first_name": "Fred",
            "real_name": "Fred Bentler",
            "display_name": "Fred Bentler",
            "team": "T0D1XTUAD",
            "name": "fred.bentler",
            "is_restricted": false,
            "is_ultra_restricted": false
        },
        "blocks": [
            {
                "type": "rich_text",
                "block_id": "BHiTy",
                "elements": [
                    {
                        "type": "rich_text_section",
                        "elements": [
                            {
                                "type": "text",
                                "text": "I'm glad this amendment was withdrawn but wonder if language like this will be slipped in at some point.\n\n"
                            }
                        ]
                    },
                    {
                        "type": "rich_text_quote",
                        "elements": [
                            {
                                "type": "text",
                                "text": "(1) A public utility district may provide retail 7 telecommunications services only in unserved areas but may expand 8 into underserved areas after all unserved areas in the state of Washington become served.9 10 \n\n(2) A public utility district may not provide retail 11 telecommunications services to end users where another provider 12 already provides service or has begun construction to provide service to the same end users."
                            }
                        ]
                    }
                ]
            }
        ],
        "thread_ts": "1614711806.030900",
        "parent_user_id": "UUJNED77D"
    },
    {
        "client_msg_id": "484ce832-9eb6-4ee9-bb7f-61eb7fe7040e",
        "type": "message",
        "text": "This type of thing makes me angry. Thanks, <@UUJNED77D> for providing the link (and also a suggestion for a way for me to channel my anger) :grin:",
        "user": "U5Y0B4XC3",
        "ts": "1614716610.032100",
        "team": "T0D1XTUAD",
        "user_team": "T0D1XTUAD",
        "source_team": "T0D1XTUAD",
        "user_profile": {
            "avatar_hash": "da718d235064",
            "image_72": "https:\/\/avatars.slack-edge.com\/2019-05-20\/629478633218_da718d2350648f939113_72.jpg",
            "first_name": "Pam",
            "real_name": "Pam Shales",
            "display_name": "Pam Shales",
            "team": "T0D1XTUAD",
            "name": "pshales",
            "is_restricted": false,
            "is_ultra_restricted": false
        },
        "edited": {
            "user": "U5Y0B4XC3",
            "ts": "1614716633.000000"
        },
        "blocks": [
            {
                "type": "rich_text",
                "block_id": "2hK",
                "elements": [
                    {
                        "type": "rich_text_section",
                        "elements": [
                            {
                                "type": "text",
                                "text": "This type of thing makes me angry. Thanks, "
                            },
                            {
                                "type": "user",
                                "user_id": "UUJNED77D"
                            },
                            {
                                "type": "text",
                                "text": " for providing the link (and also a suggestion for a way for me to channel my anger) "
                            },
                            {
                                "type": "emoji",
                                "name": "grin"
                            }
                        ]
                    }
                ]
            }
        ],
        "thread_ts": "1614711806.030900",
        "parent_user_id": "UUJNED77D",
        "reactions": [
            {
                "name": "hugging_face",
                "users": [
                    "UUJNED77D"
                ],
                "count": 1
            }
        ]
    },
    {
        "client_msg_id": "6fe4ab96-ffa9-4d24-b463-22506cc02fcc",
        "type": "message",
        "text": "Interesting. But that does make sense.\n\n“It makes sense. If you’re able to work remotely, commuting is no longer an issue. Why would you move into a high-rent city neighborhood in the middle of a pandemic when nearly all the good things about urban living aren’t available?”",
        "user": "UUW3W20AU",
        "ts": "1614731326.032700",
        "team": "T0D1XTUAD",
        "user_team": "T0D1XTUAD",
        "source_team": "T0D1XTUAD",
        "user_profile": {
            "avatar_hash": "0c87430f5419",
            "image_72": "https:\/\/avatars.slack-edge.com\/2020-03-04\/984414387030_0c87430f5419d7de3cea_72.jpg",
            "first_name": "Elizabeth",
            "real_name": "Elizabeth Inglese",
            "display_name": "Tish",
            "team": "T0D1XTUAD",
            "name": "einglese",
            "is_restricted": false,
            "is_ultra_restricted": false
        },
        "blocks": [
            {
                "type": "rich_text",
                "block_id": "PC7o",
                "elements": [
                    {
                        "type": "rich_text_section",
                        "elements": [
                            {
                                "type": "text",
                                "text": "Interesting. But that does make sense.\n\n“It makes sense. If you’re able to work remotely, commuting is no longer an issue. Why would you move into a high-rent city neighborhood in the middle of a pandemic when nearly all the good things about urban living aren’t available?”"
                            }
                        ]
                    }
                ]
            }
        ],
        "thread_ts": "1614113057.004500",
        "parent_user_id": "U7EQMP760"
    }
]