[
    {
        "client_msg_id": "b4c8312d-a218-4457-9871-a94405d0872b",
        "type": "message",
        "text": "FYI...PH plans to launch a communication on Monday around 8:30 am about a vaccine event that may drive a huge amount of traffic to <http:\/\/www.kingcounty.gov|www.kingcounty.gov> :slightly_smiling_face:",
        "user": "UUGC2FFGX",
        "ts": "1614385972.018700",
        "team": "T0D1XTUAD",
        "user_team": "T0D1XTUAD",
        "source_team": "T0D1XTUAD",
        "user_profile": {
            "avatar_hash": "a23b3deb3ac5",
            "image_72": "https:\/\/avatars.slack-edge.com\/2020-04-15\/1065314268323_a23b3deb3ac58e36c854_72.png",
            "first_name": "",
            "real_name": "Dennis Fong",
            "display_name": "Dennis Fong",
            "team": "T0D1XTUAD",
            "name": "dennis.fong",
            "is_restricted": false,
            "is_ultra_restricted": false
        },
        "blocks": [
            {
                "type": "rich_text",
                "block_id": "wO0aA",
                "elements": [
                    {
                        "type": "rich_text_section",
                        "elements": [
                            {
                                "type": "text",
                                "text": "FYI...PH plans to launch a communication on Monday around 8:30 am about a vaccine event that may drive a huge amount of traffic to "
                            },
                            {
                                "type": "link",
                                "url": "http:\/\/www.kingcounty.gov",
                                "text": "www.kingcounty.gov"
                            },
                            {
                                "type": "text",
                                "text": " "
                            },
                            {
                                "type": "emoji",
                                "name": "slightly_smiling_face"
                            }
                        ]
                    }
                ]
            }
        ],
        "thread_ts": "1614385972.018700",
        "reply_count": 4,
        "reply_users_count": 3,
        "latest_reply": "1614387021.020000",
        "reply_users": [
            "U0D1W09V4",
            "UUGC2FFGX",
            "UFDNKQCU9"
        ],
        "replies": [
            {
                "user": "U0D1W09V4",
                "ts": "1614386485.019100"
            },
            {
                "user": "UUGC2FFGX",
                "ts": "1614386703.019500"
            },
            {
                "user": "U0D1W09V4",
                "ts": "1614386801.019700"
            },
            {
                "user": "UFDNKQCU9",
                "ts": "1614387021.020000"
            }
        ],
        "subscribed": false
    },
    {
        "type": "message",
        "text": "",
        "files": [
            {
                "id": "F01PGMV9JCD",
                "created": 1614386438,
                "timestamp": 1614386438,
                "name": "image.png",
                "title": "image.png",
                "mimetype": "image\/png",
                "filetype": "png",
                "pretty_type": "PNG",
                "user": "U019DU219B4",
                "editable": false,
                "size": 152128,
                "mode": "hosted",
                "is_external": false,
                "external_type": "",
                "is_public": true,
                "public_url_shared": false,
                "display_as_bot": false,
                "username": "",
                "url_private": "https:\/\/files.slack.com\/files-pri\/T0D1XTUAD-F01PGMV9JCD\/image.png?t=xoxe-13065946353-1831014033124-1821760734405-0591b3003861d046a3fe606fb5f44814",
                "url_private_download": "https:\/\/files.slack.com\/files-pri\/T0D1XTUAD-F01PGMV9JCD\/download\/image.png?t=xoxe-13065946353-1831014033124-1821760734405-0591b3003861d046a3fe606fb5f44814",
                "thumb_64": "https:\/\/files.slack.com\/files-tmb\/T0D1XTUAD-F01PGMV9JCD-77517f2e01\/image_64.png?t=xoxe-13065946353-1831014033124-1821760734405-0591b3003861d046a3fe606fb5f44814",
                "thumb_80": "https:\/\/files.slack.com\/files-tmb\/T0D1XTUAD-F01PGMV9JCD-77517f2e01\/image_80.png?t=xoxe-13065946353-1831014033124-1821760734405-0591b3003861d046a3fe606fb5f44814",
                "thumb_360": "https:\/\/files.slack.com\/files-tmb\/T0D1XTUAD-F01PGMV9JCD-77517f2e01\/image_360.png?t=xoxe-13065946353-1831014033124-1821760734405-0591b3003861d046a3fe606fb5f44814",
                "thumb_360_w": 360,
                "thumb_360_h": 270,
                "thumb_160": "https:\/\/files.slack.com\/files-tmb\/T0D1XTUAD-F01PGMV9JCD-77517f2e01\/image_160.png?t=xoxe-13065946353-1831014033124-1821760734405-0591b3003861d046a3fe606fb5f44814",
                "original_w": 400,
                "original_h": 300,
                "thumb_tiny": "AwAkADDTIyCKh8pvUfnU1FAEHktgfMM1ExcSMqrkL3zirlVbs7XQ\/Mc+jYoArpcAyCNsoc9Sa0h0FZMpSbgY+9kn2qVLwxkKAzjFIZo0UHocVDiX3\/MUxErHCk8cDvWXO7SxDarNk8v0FWLh2C7DuO4gYHPGec\/hTGZfJUsG2rjj0oAqoqIrtJyRgBacjeXl+WdhgDNBe3YjcGwetQs5J5HbC9qQG9RRRTAzLid4710UgADPT2pkc7yABiCCcdKbef8AIRf6f0psHVf96gBZVDSEmmMA2MjGBjipZPvmoqAP\/9k=",
                "permalink": "https:\/\/kcwebteam.slack.com\/files\/U019DU219B4\/F01PGMV9JCD\/image.png",
                "permalink_public": "https:\/\/slack-files.com\/T0D1XTUAD-F01PGMV9JCD-cb4f04128e",
                "is_starred": false,
                "has_rich_preview": false
            }
        ],
        "upload": false,
        "user": "U019DU219B4",
        "display_as_bot": false,
        "ts": "1614386441.019000",
        "reactions": [
            {
                "name": "joy",
                "users": [
                    "UUGC2FFGX",
                    "UUJNECG67",
                    "UUL14UHHP",
                    "U0D1V0DPG"
                ],
                "count": 4
            },
            {
                "name": "rolling_on_the_floor_laughing",
                "users": [
                    "UUW3W20AU"
                ],
                "count": 1
            }
        ]
    },
    {
        "client_msg_id": "70c779a2-0741-4c3f-ac0b-a0d2cbbc90e0",
        "type": "message",
        "text": "Will they be expanding the eligibility pool? :dog-happy:",
        "user": "U0D1W09V4",
        "ts": "1614386485.019100",
        "team": "T0D1XTUAD",
        "user_team": "T0D1XTUAD",
        "source_team": "T0D1XTUAD",
        "user_profile": {
            "avatar_hash": "69a03f210a7e",
            "image_72": "https:\/\/avatars.slack-edge.com\/2020-04-03\/1036225284226_69a03f210a7ec4e12108_72.jpg",
            "first_name": "Beth",
            "real_name": "Beth Cheatham",
            "display_name": "beth.cheatham",
            "team": "T0D1XTUAD",
            "name": "beth.cheatham",
            "is_restricted": false,
            "is_ultra_restricted": false
        },
        "blocks": [
            {
                "type": "rich_text",
                "block_id": "hqj",
                "elements": [
                    {
                        "type": "rich_text_section",
                        "elements": [
                            {
                                "type": "text",
                                "text": "Will they be expanding the eligibility pool? "
                            },
                            {
                                "type": "emoji",
                                "name": "dog-happy"
                            }
                        ]
                    }
                ]
            }
        ],
        "thread_ts": "1614385972.018700",
        "parent_user_id": "UUGC2FFGX"
    },
    {
        "client_msg_id": "b457f50d-2943-4c65-978b-a2167ee6e845",
        "type": "message",
        "text": "Not sure. James Apa reached out for assurance that <http:\/\/www.kingcounty.gov|www.kingcounty.gov> can handle the volume :slightly_smiling_face:",
        "user": "UUGC2FFGX",
        "ts": "1614386703.019500",
        "team": "T0D1XTUAD",
        "user_team": "T0D1XTUAD",
        "source_team": "T0D1XTUAD",
        "user_profile": {
            "avatar_hash": "a23b3deb3ac5",
            "image_72": "https:\/\/avatars.slack-edge.com\/2020-04-15\/1065314268323_a23b3deb3ac58e36c854_72.png",
            "first_name": "",
            "real_name": "Dennis Fong",
            "display_name": "Dennis Fong",
            "team": "T0D1XTUAD",
            "name": "dennis.fong",
            "is_restricted": false,
            "is_ultra_restricted": false
        },
        "blocks": [
            {
                "type": "rich_text",
                "block_id": "GjPq",
                "elements": [
                    {
                        "type": "rich_text_section",
                        "elements": [
                            {
                                "type": "text",
                                "text": "Not sure. James Apa reached out for assurance that "
                            },
                            {
                                "type": "link",
                                "url": "http:\/\/www.kingcounty.gov",
                                "text": "www.kingcounty.gov"
                            },
                            {
                                "type": "text",
                                "text": " can handle the volume "
                            },
                            {
                                "type": "emoji",
                                "name": "slightly_smiling_face"
                            }
                        ]
                    }
                ]
            }
        ],
        "thread_ts": "1614385972.018700",
        "parent_user_id": "UUGC2FFGX",
        "reactions": [
            {
                "name": "open_mouth",
                "users": [
                    "UUL14UHHP"
                ],
                "count": 1
            }
        ]
    },
    {
        "client_msg_id": "c1a62a9e-8a49-4fd8-90fb-543f133df997",
        "type": "message",
        "text": "Someone posted on Nextdoor that healthcare workers at one of the hospitals in Everett said they wanted more takers than they were getting :crossed_fingers::skin-tone-3:",
        "user": "U0D1W09V4",
        "ts": "1614386801.019700",
        "team": "T0D1XTUAD",
        "user_team": "T0D1XTUAD",
        "source_team": "T0D1XTUAD",
        "user_profile": {
            "avatar_hash": "69a03f210a7e",
            "image_72": "https:\/\/avatars.slack-edge.com\/2020-04-03\/1036225284226_69a03f210a7ec4e12108_72.jpg",
            "first_name": "Beth",
            "real_name": "Beth Cheatham",
            "display_name": "beth.cheatham",
            "team": "T0D1XTUAD",
            "name": "beth.cheatham",
            "is_restricted": false,
            "is_ultra_restricted": false
        },
        "blocks": [
            {
                "type": "rich_text",
                "block_id": "PYh",
                "elements": [
                    {
                        "type": "rich_text_section",
                        "elements": [
                            {
                                "type": "text",
                                "text": "Someone posted on Nextdoor that healthcare workers at one of the hospitals in Everett said they wanted more takers than they were getting "
                            },
                            {
                                "type": "emoji",
                                "name": "crossed_fingers",
                                "skin_tone": 3
                            }
                        ]
                    }
                ]
            }
        ],
        "thread_ts": "1614385972.018700",
        "parent_user_id": "UUGC2FFGX",
        "reactions": [
            {
                "name": "+1::skin-tone-2",
                "users": [
                    "UUGC2FFGX"
                ],
                "count": 1
            }
        ]
    },
    {
        "type": "message",
        "text": "This is how I feel when I use the WA COVID form.",
        "files": [
            {
                "id": "F01PD1YTEFQ",
                "created": 1614386957,
                "timestamp": 1614386957,
                "name": "COVID-online-form-sm.png",
                "title": "COVID-online-form-sm.png",
                "mimetype": "image\/png",
                "filetype": "png",
                "pretty_type": "PNG",
                "user": "UFDNKQCU9",
                "editable": false,
                "size": 218816,
                "mode": "hosted",
                "is_external": false,
                "external_type": "",
                "is_public": true,
                "public_url_shared": false,
                "display_as_bot": false,
                "username": "",
                "url_private": "https:\/\/files.slack.com\/files-pri\/T0D1XTUAD-F01PD1YTEFQ\/covid-online-form-sm.png?t=xoxe-13065946353-1831014033124-1821760734405-0591b3003861d046a3fe606fb5f44814",
                "url_private_download": "https:\/\/files.slack.com\/files-pri\/T0D1XTUAD-F01PD1YTEFQ\/download\/covid-online-form-sm.png?t=xoxe-13065946353-1831014033124-1821760734405-0591b3003861d046a3fe606fb5f44814",
                "thumb_64": "https:\/\/files.slack.com\/files-tmb\/T0D1XTUAD-F01PD1YTEFQ-dc25921ed0\/covid-online-form-sm_64.png?t=xoxe-13065946353-1831014033124-1821760734405-0591b3003861d046a3fe606fb5f44814",
                "thumb_80": "https:\/\/files.slack.com\/files-tmb\/T0D1XTUAD-F01PD1YTEFQ-dc25921ed0\/covid-online-form-sm_80.png?t=xoxe-13065946353-1831014033124-1821760734405-0591b3003861d046a3fe606fb5f44814",
                "thumb_360": "https:\/\/files.slack.com\/files-tmb\/T0D1XTUAD-F01PD1YTEFQ-dc25921ed0\/covid-online-form-sm_360.png?t=xoxe-13065946353-1831014033124-1821760734405-0591b3003861d046a3fe606fb5f44814",
                "thumb_360_w": 360,
                "thumb_360_h": 111,
                "thumb_480": "https:\/\/files.slack.com\/files-tmb\/T0D1XTUAD-F01PD1YTEFQ-dc25921ed0\/covid-online-form-sm_480.png?t=xoxe-13065946353-1831014033124-1821760734405-0591b3003861d046a3fe606fb5f44814",
                "thumb_480_w": 480,
                "thumb_480_h": 148,
                "thumb_160": "https:\/\/files.slack.com\/files-tmb\/T0D1XTUAD-F01PD1YTEFQ-dc25921ed0\/covid-online-form-sm_160.png?t=xoxe-13065946353-1831014033124-1821760734405-0591b3003861d046a3fe606fb5f44814",
                "thumb_720": "https:\/\/files.slack.com\/files-tmb\/T0D1XTUAD-F01PD1YTEFQ-dc25921ed0\/covid-online-form-sm_720.png?t=xoxe-13065946353-1831014033124-1821760734405-0591b3003861d046a3fe606fb5f44814",
                "thumb_720_w": 720,
                "thumb_720_h": 221,
                "thumb_800": "https:\/\/files.slack.com\/files-tmb\/T0D1XTUAD-F01PD1YTEFQ-dc25921ed0\/covid-online-form-sm_800.png?t=xoxe-13065946353-1831014033124-1821760734405-0591b3003861d046a3fe606fb5f44814",
                "thumb_800_w": 800,
                "thumb_800_h": 246,
                "thumb_960": "https:\/\/files.slack.com\/files-tmb\/T0D1XTUAD-F01PD1YTEFQ-dc25921ed0\/covid-online-form-sm_960.png?t=xoxe-13065946353-1831014033124-1821760734405-0591b3003861d046a3fe606fb5f44814",
                "thumb_960_w": 960,
                "thumb_960_h": 295,
                "thumb_1024": "https:\/\/files.slack.com\/files-tmb\/T0D1XTUAD-F01PD1YTEFQ-dc25921ed0\/covid-online-form-sm_1024.png?t=xoxe-13065946353-1831014033124-1821760734405-0591b3003861d046a3fe606fb5f44814",
                "thumb_1024_w": 1024,
                "thumb_1024_h": 315,
                "original_w": 1600,
                "original_h": 492,
                "thumb_tiny": "AwAOADDQbIGcn8KBn1J\/CnEZpMHjPNACNkc5NC57kn8KUjNAB4zzQAxgw53HBpVDZ5JpxGfSgA55oA\/\/2Q==",
                "permalink": "https:\/\/kcwebteam.slack.com\/files\/UFDNKQCU9\/F01PD1YTEFQ\/covid-online-form-sm.png",
                "permalink_public": "https:\/\/slack-files.com\/T0D1XTUAD-F01PD1YTEFQ-ac6a66430b",
                "is_starred": false,
                "has_rich_preview": false
            }
        ],
        "upload": false,
        "blocks": [
            {
                "type": "rich_text",
                "block_id": "lSz=H",
                "elements": [
                    {
                        "type": "rich_text_section",
                        "elements": [
                            {
                                "type": "text",
                                "text": "This is how I feel when I use the WA COVID form."
                            }
                        ]
                    }
                ]
            }
        ],
        "user": "UFDNKQCU9",
        "display_as_bot": false,
        "ts": "1614387021.020000",
        "thread_ts": "1614385972.018700",
        "parent_user_id": "UUGC2FFGX",
        "reactions": [
            {
                "name": "joy",
                "users": [
                    "UUGC2FFGX",
                    "U5Y0BDK51"
                ],
                "count": 2
            }
        ]
    }
]