[
    {
        "client_msg_id": "0da63184-766c-4d53-bb20-a1ec6a17e5b3",
        "type": "message",
        "text": "I mentioned it to family. It was too late for my sister in Denmark but she said it reminded her of 1999 by Prince - <https:\/\/youtu.be\/rblt2EtFfC4>",
        "user": "UUJNED77D",
        "ts": "1611327610.012400",
        "team": "T0D1XTUAD",
        "user_team": "T0D1XTUAD",
        "source_team": "T0D1XTUAD",
        "user_profile": {
            "avatar_hash": "5f4a213e859b",
            "image_72": "https:\/\/avatars.slack-edge.com\/2020-03-04\/982713408789_5f4a213e859b7369a972_72.jpg",
            "first_name": "Fred",
            "real_name": "Fred Bentler",
            "display_name": "Fred Bentler",
            "team": "T0D1XTUAD",
            "name": "fred.bentler",
            "is_restricted": false,
            "is_ultra_restricted": false
        },
        "attachments": [
            {
                "service_name": "YouTube",
                "service_url": "https:\/\/www.youtube.com\/",
                "title": "Prince - 1999 (Official Music Video)",
                "title_link": "https:\/\/youtu.be\/rblt2EtFfC4",
                "author_name": "Prince",
                "author_link": "https:\/\/www.youtube.com\/user\/prince",
                "thumb_url": "https:\/\/i.ytimg.com\/vi\/rblt2EtFfC4\/hqdefault.jpg",
                "thumb_width": 480,
                "thumb_height": 360,
                "fallback": "YouTube Video: Prince - 1999 (Official Music Video)",
                "video_html": "<iframe width=\"400\" height=\"300\" src=\"https:\/\/www.youtube.com\/embed\/rblt2EtFfC4?feature=oembed&autoplay=1&iv_load_policy=3\" frameborder=\"0\" allow=\"accelerometer; autoplay; clipboard-write; encrypted-media; gyroscope; picture-in-picture\" allowfullscreen><\/iframe>",
                "video_html_width": 400,
                "video_html_height": 300,
                "from_url": "https:\/\/youtu.be\/rblt2EtFfC4",
                "service_icon": "https:\/\/a.slack-edge.com\/80588\/img\/unfurl_icons\/youtube.png",
                "id": 1,
                "original_url": "https:\/\/youtu.be\/rblt2EtFfC4"
            }
        ],
        "blocks": [
            {
                "type": "rich_text",
                "block_id": "Kmx",
                "elements": [
                    {
                        "type": "rich_text_section",
                        "elements": [
                            {
                                "type": "text",
                                "text": "I mentioned it to family. It was too late for my sister in Denmark but she said it reminded her of 1999 by Prince - "
                            },
                            {
                                "type": "link",
                                "url": "https:\/\/youtu.be\/rblt2EtFfC4"
                            }
                        ]
                    }
                ]
            }
        ],
        "thread_ts": "1611280378.010900",
        "parent_user_id": "U5Y0BDK51"
    },
    {
        "client_msg_id": "92028d9c-15c3-48e9-9191-fd4c99f367a8",
        "type": "message",
        "text": "Aaaaannnd at 9:21 last night I was watching TV. Great way to celebrate.",
        "user": "UFDNKQCU9",
        "ts": "1611338689.012900",
        "team": "T0D1XTUAD",
        "user_team": "T0D1XTUAD",
        "source_team": "T0D1XTUAD",
        "user_profile": {
            "avatar_hash": "625717ebbb6e",
            "image_72": "https:\/\/avatars.slack-edge.com\/2019-01-17\/526675529362_625717ebbb6e0ba43f68_72.jpg",
            "first_name": "Earl",
            "real_name": "Earl Krygier",
            "display_name": "Krygier",
            "team": "T0D1XTUAD",
            "name": "earl.krygier",
            "is_restricted": false,
            "is_ultra_restricted": false
        },
        "blocks": [
            {
                "type": "rich_text",
                "block_id": "Tcm4Y",
                "elements": [
                    {
                        "type": "rich_text_section",
                        "elements": [
                            {
                                "type": "text",
                                "text": "Aaaaannnd at 9:21 last night I was watching TV. Great way to celebrate."
                            }
                        ]
                    }
                ]
            }
        ],
        "thread_ts": "1611280378.010900",
        "parent_user_id": "U5Y0BDK51"
    },
    {
        "client_msg_id": "dcf6217b-cfea-4481-bca2-eeab2b6086f2",
        "type": "message",
        "text": "Monitoring message - it looks like one of Sitecore's load-balanced delivery servers is full.\n&gt; Alert: LogicalDisk_E: Disk Space Low\n&gt; Source: WEBCMSCD2.kc.www\n&gt; Path: Not Present\n&gt; Last modified by: System\n&gt; Last modified time: 1\/22\/2021 11:46:11 AM\n&gt; \n&gt; Alert description: Instance E:\n&gt;            Object LogicalDisk\n&gt;            Counter % Free Space\n&gt;            Has a value 0\n&gt;            At time 2021-01-22T11:46:15.0000000-08:00\n&gt; \n&gt; The disk drive is currently below the recommened value of 10% storage space remaining.\n&gt; \n&gt; Notification subscription ID generating this message: {4A6B4BA7-E961-78F2-2D24-66ED89C51A40}\nPer Siteimprove, there are <https:\/\/my2.siteimprove.com\/QualityAssurance\/115268\/Inventory\/MediaDetails\/1\/ReferringPages\/asc?FileType=Any&amp;FileSize=Mb1&amp;Query=~%2Fmedia&amp;LastModified=YearsAgo3|315 items larger than 1MB and older than 3 years in the media library>.",
        "user": "UUJNED77D",
        "ts": "1611346968.015100",
        "team": "T0D1XTUAD",
        "user_team": "T0D1XTUAD",
        "source_team": "T0D1XTUAD",
        "user_profile": {
            "avatar_hash": "5f4a213e859b",
            "image_72": "https:\/\/avatars.slack-edge.com\/2020-03-04\/982713408789_5f4a213e859b7369a972_72.jpg",
            "first_name": "Fred",
            "real_name": "Fred Bentler",
            "display_name": "Fred Bentler",
            "team": "T0D1XTUAD",
            "name": "fred.bentler",
            "is_restricted": false,
            "is_ultra_restricted": false
        },
        "blocks": [
            {
                "type": "rich_text",
                "block_id": "8Ap",
                "elements": [
                    {
                        "type": "rich_text_section",
                        "elements": [
                            {
                                "type": "text",
                                "text": "Monitoring message - it looks like one of Sitecore's load-balanced delivery servers is full.\n"
                            }
                        ]
                    },
                    {
                        "type": "rich_text_quote",
                        "elements": [
                            {
                                "type": "text",
                                "text": "Alert: LogicalDisk_E: Disk Space Low\nSource: WEBCMSCD2.kc.www\nPath: Not Present\nLast modified by: System\nLast modified time: 1\/22\/2021 11:46:11 AM\n\nAlert description: Instance E:\n           Object LogicalDisk\n           Counter % Free Space\n           Has a value 0\n           At time 2021-01-22T11:46:15.0000000-08:00\n\nThe disk drive is currently below the recommened value of 10% storage space remaining.\n\nNotification subscription ID generating this message: {4A6B4BA7-E961-78F2-2D24-66ED89C51A40}"
                            }
                        ]
                    },
                    {
                        "type": "rich_text_section",
                        "elements": [
                            {
                                "type": "text",
                                "text": "\nPer Siteimprove, there are "
                            },
                            {
                                "type": "link",
                                "url": "https:\/\/my2.siteimprove.com\/QualityAssurance\/115268\/Inventory\/MediaDetails\/1\/ReferringPages\/asc?FileType=Any&FileSize=Mb1&Query=~%2Fmedia&LastModified=YearsAgo3",
                                "text": "315 items larger than 1MB and older than 3 years in the media library"
                            },
                            {
                                "type": "text",
                                "text": "."
                            }
                        ]
                    }
                ]
            }
        ]
    },
    {
        "client_msg_id": "722b636f-6342-43ab-aa8b-3e059d3caff8",
        "type": "message",
        "text": "<@UUJNED77D> judging by the disk namen(and age of media) this sounds like 7.2. - who needs to tackle this?",
        "user": "UTJQGG2MT",
        "ts": "1611347625.016300",
        "team": "T0D1XTUAD",
        "user_team": "T0D1XTUAD",
        "source_team": "T0D1XTUAD",
        "user_profile": {
            "avatar_hash": "ea01aedbdf08",
            "image_72": "https:\/\/avatars.slack-edge.com\/2020-09-21\/1370342944630_ea01aedbdf0893e7c9db_72.jpg",
            "first_name": "Jaime",
            "real_name": "Jaime Schatz",
            "display_name": "Jaime Schatz",
            "team": "T0D1XTUAD",
            "name": "jschatz",
            "is_restricted": false,
            "is_ultra_restricted": false
        },
        "blocks": [
            {
                "type": "rich_text",
                "block_id": "X1u6z",
                "elements": [
                    {
                        "type": "rich_text_section",
                        "elements": [
                            {
                                "type": "user",
                                "user_id": "UUJNED77D"
                            },
                            {
                                "type": "text",
                                "text": " judging by the disk namen(and age of media) this sounds like 7.2. - who needs to tackle this?"
                            }
                        ]
                    }
                ]
            }
        ],
        "thread_ts": "1611347625.016300",
        "reply_count": 15,
        "reply_users_count": 3,
        "latest_reply": "1611587288.023500",
        "reply_users": [
            "UUJNED77D",
            "UTJQGG2MT",
            "U0NSCMBR8"
        ],
        "replies": [
            {
                "user": "UUJNED77D",
                "ts": "1611347937.016400"
            },
            {
                "user": "UTJQGG2MT",
                "ts": "1611348047.016600"
            },
            {
                "user": "UUJNED77D",
                "ts": "1611348413.016800"
            },
            {
                "user": "UUJNED77D",
                "ts": "1611349739.017000"
            },
            {
                "user": "UUJNED77D",
                "ts": "1611350580.017200"
            },
            {
                "user": "UUJNED77D",
                "ts": "1611350830.017500"
            },
            {
                "user": "UUJNED77D",
                "ts": "1611351585.017700"
            },
            {
                "user": "UUJNED77D",
                "ts": "1611354130.017900"
            },
            {
                "user": "UUJNED77D",
                "ts": "1611355028.018100"
            },
            {
                "user": "UUJNED77D",
                "ts": "1611363576.018300"
            },
            {
                "user": "U0NSCMBR8",
                "ts": "1611364153.018700"
            },
            {
                "user": "UUJNED77D",
                "ts": "1611365430.019000"
            },
            {
                "user": "U0NSCMBR8",
                "ts": "1611365727.020000"
            },
            {
                "user": "UUJNED77D",
                "ts": "1611368334.020200"
            },
            {
                "user": "U0NSCMBR8",
                "ts": "1611587288.023500"
            }
        ],
        "subscribed": false
    },
    {
        "client_msg_id": "5ef8da75-e9dc-4155-9e04-ee044acb8dbc",
        "type": "message",
        "text": "Yes, it's the existing website.  I think publishers can help by cleaning up unused media.  I thought we had a script in 7.2 admin tools to query unlinked media library items but I'm not seeing that listed.  Siteimprove needs to follow links so unlinked files are invisible to it's crawler.",
        "user": "UUJNED77D",
        "ts": "1611347937.016400",
        "team": "T0D1XTUAD",
        "user_team": "T0D1XTUAD",
        "source_team": "T0D1XTUAD",
        "user_profile": {
            "avatar_hash": "5f4a213e859b",
            "image_72": "https:\/\/avatars.slack-edge.com\/2020-03-04\/982713408789_5f4a213e859b7369a972_72.jpg",
            "first_name": "Fred",
            "real_name": "Fred Bentler",
            "display_name": "Fred Bentler",
            "team": "T0D1XTUAD",
            "name": "fred.bentler",
            "is_restricted": false,
            "is_ultra_restricted": false
        },
        "blocks": [
            {
                "type": "rich_text",
                "block_id": "Z752E",
                "elements": [
                    {
                        "type": "rich_text_section",
                        "elements": [
                            {
                                "type": "text",
                                "text": "Yes, it's the existing website.  I think publishers can help by cleaning up unused media.  I thought we had a script in 7.2 admin tools to query unlinked media library items but I'm not seeing that listed.  Siteimprove needs to follow links so unlinked files are invisible to it's crawler."
                            }
                        ]
                    }
                ]
            }
        ],
        "thread_ts": "1611347625.016300",
        "parent_user_id": "UTJQGG2MT"
    },
    {
        "client_msg_id": "9b5853ec-fc66-42ef-881d-82b294ea07df",
        "type": "message",
        "text": "So how do we approach this? Is the message here in General a call for help?",
        "user": "UTJQGG2MT",
        "ts": "1611348047.016600",
        "team": "T0D1XTUAD",
        "user_team": "T0D1XTUAD",
        "source_team": "T0D1XTUAD",
        "user_profile": {
            "avatar_hash": "ea01aedbdf08",
            "image_72": "https:\/\/avatars.slack-edge.com\/2020-09-21\/1370342944630_ea01aedbdf0893e7c9db_72.jpg",
            "first_name": "Jaime",
            "real_name": "Jaime Schatz",
            "display_name": "Jaime Schatz",
            "team": "T0D1XTUAD",
            "name": "jschatz",
            "is_restricted": false,
            "is_ultra_restricted": false
        },
        "blocks": [
            {
                "type": "rich_text",
                "block_id": "zwW1",
                "elements": [
                    {
                        "type": "rich_text_section",
                        "elements": [
                            {
                                "type": "text",
                                "text": "So how do we approach this? Is the message here in General a call for help?"
                            }
                        ]
                    }
                ]
            }
        ],
        "thread_ts": "1611347625.016300",
        "parent_user_id": "UTJQGG2MT"
    },
    {
        "client_msg_id": "654fcc4d-f555-48d4-843c-55cd8bfe2035",
        "type": "message",
        "text": "Yes, let's put our heads together @here.",
        "user": "UUJNED77D",
        "ts": "1611348413.016800",
        "team": "T0D1XTUAD",
        "user_team": "T0D1XTUAD",
        "source_team": "T0D1XTUAD",
        "user_profile": {
            "avatar_hash": "5f4a213e859b",
            "image_72": "https:\/\/avatars.slack-edge.com\/2020-03-04\/982713408789_5f4a213e859b7369a972_72.jpg",
            "first_name": "Fred",
            "real_name": "Fred Bentler",
            "display_name": "Fred Bentler",
            "team": "T0D1XTUAD",
            "name": "fred.bentler",
            "is_restricted": false,
            "is_ultra_restricted": false
        },
        "blocks": [
            {
                "type": "rich_text",
                "block_id": "7+p7F",
                "elements": [
                    {
                        "type": "rich_text_section",
                        "elements": [
                            {
                                "type": "text",
                                "text": "Yes, let's put our heads together @here."
                            }
                        ]
                    }
                ]
            }
        ],
        "thread_ts": "1611347625.016300",
        "parent_user_id": "UTJQGG2MT"
    },
    {
        "client_msg_id": "498ddc5f-4c66-4367-900d-ccaaa144be9d",
        "type": "message",
        "text": "I'll send out a message to dept. web managers.",
        "user": "UUJNED77D",
        "ts": "1611349739.017000",
        "team": "T0D1XTUAD",
        "user_team": "T0D1XTUAD",
        "source_team": "T0D1XTUAD",
        "user_profile": {
            "avatar_hash": "5f4a213e859b",
            "image_72": "https:\/\/avatars.slack-edge.com\/2020-03-04\/982713408789_5f4a213e859b7369a972_72.jpg",
            "first_name": "Fred",
            "real_name": "Fred Bentler",
            "display_name": "Fred Bentler",
            "team": "T0D1XTUAD",
            "name": "fred.bentler",
            "is_restricted": false,
            "is_ultra_restricted": false
        },
        "blocks": [
            {
                "type": "rich_text",
                "block_id": "qrmls",
                "elements": [
                    {
                        "type": "rich_text_section",
                        "elements": [
                            {
                                "type": "text",
                                "text": "I'll send out a message to dept. web managers."
                            }
                        ]
                    }
                ]
            }
        ],
        "thread_ts": "1611347625.016300",
        "parent_user_id": "UTJQGG2MT"
    },
    {
        "client_msg_id": "ce840e44-f091-4056-9aaf-ccc18b349a9b",
        "type": "message",
        "text": "We might run a powershell script like this one - modified to produce a list instead of deleting outright (change $items | Remove-Item to list items instead).  I regard fully automated delete and republish operations as too dangerous for production, but I like the idea in this. <https:\/\/michaellwest.blogspot.com\/2014\/10\/sitecore-powershell-extensions-tip.html>",
        "user": "UUJNED77D",
        "ts": "1611350580.017200",
        "team": "T0D1XTUAD",
        "user_team": "T0D1XTUAD",
        "source_team": "T0D1XTUAD",
        "user_profile": {
            "avatar_hash": "5f4a213e859b",
            "image_72": "https:\/\/avatars.slack-edge.com\/2020-03-04\/982713408789_5f4a213e859b7369a972_72.jpg",
            "first_name": "Fred",
            "real_name": "Fred Bentler",
            "display_name": "Fred Bentler",
            "team": "T0D1XTUAD",
            "name": "fred.bentler",
            "is_restricted": false,
            "is_ultra_restricted": false
        },
        "attachments": [
            {
                "title": "Sitecore PowerShell Extensions Tip - Delete Unused Media Items",
                "title_link": "https:\/\/michaellwest.blogspot.com\/2014\/10\/sitecore-powershell-extensions-tip.html",
                "text": "Sitecore PowerShell Extensions Delete unused media items older than 30 days.",
                "fallback": "Sitecore PowerShell Extensions Tip - Delete Unused Media Items",
                "from_url": "https:\/\/michaellwest.blogspot.com\/2014\/10\/sitecore-powershell-extensions-tip.html",
                "service_icon": "https:\/\/michaellwest.blogspot.com\/favicon.ico",
                "service_name": "michaellwest.blogspot.com",
                "id": 1,
                "original_url": "https:\/\/michaellwest.blogspot.com\/2014\/10\/sitecore-powershell-extensions-tip.html"
            }
        ],
        "blocks": [
            {
                "type": "rich_text",
                "block_id": "eftXL",
                "elements": [
                    {
                        "type": "rich_text_section",
                        "elements": [
                            {
                                "type": "text",
                                "text": "We might run a powershell script like this one - modified to produce a list instead of deleting outright (change $items | Remove-Item to list items instead).  I regard fully automated delete and republish operations as too dangerous for production, but I like the idea in this. "
                            },
                            {
                                "type": "link",
                                "url": "https:\/\/michaellwest.blogspot.com\/2014\/10\/sitecore-powershell-extensions-tip.html"
                            }
                        ]
                    }
                ]
            }
        ],
        "thread_ts": "1611347625.016300",
        "parent_user_id": "UTJQGG2MT"
    },
    {
        "client_msg_id": "9ec7032b-5bac-49db-a271-535d6fc5dda2",
        "type": "message",
        "text": "Ah... I found a reporting tool under Sitecore desktop &gt; Start &gt; Reporting Tools &gt; PowerShell Reports &gt; Media Audit &gt; Unused Media Items.  checking what that will produce.",
        "user": "UUJNED77D",
        "ts": "1611350830.017500",
        "team": "T0D1XTUAD",
        "user_team": "T0D1XTUAD",
        "source_team": "T0D1XTUAD",
        "user_profile": {
            "avatar_hash": "5f4a213e859b",
            "image_72": "https:\/\/avatars.slack-edge.com\/2020-03-04\/982713408789_5f4a213e859b7369a972_72.jpg",
            "first_name": "Fred",
            "real_name": "Fred Bentler",
            "display_name": "Fred Bentler",
            "team": "T0D1XTUAD",
            "name": "fred.bentler",
            "is_restricted": false,
            "is_ultra_restricted": false
        },
        "blocks": [
            {
                "type": "rich_text",
                "block_id": "rQ5",
                "elements": [
                    {
                        "type": "rich_text_section",
                        "elements": [
                            {
                                "type": "text",
                                "text": "Ah... I found a reporting tool under Sitecore desktop > Start > Reporting Tools > PowerShell Reports > Media Audit > Unused Media Items.  checking what that will produce."
                            }
                        ]
                    }
                ]
            }
        ],
        "thread_ts": "1611347625.016300",
        "parent_user_id": "UTJQGG2MT"
    },
    {
        "client_msg_id": "562c2521-4510-401b-86df-c9c60b922b5b",
        "type": "message",
        "text": "I'm also checking with server engineers to confirm that warning actually points to a disk full condition vs some other cause, since it shows for just 1 of 4 load balanced servers, and since some firewall work started shortly before this email was spawned.",
        "user": "UUJNED77D",
        "ts": "1611351585.017700",
        "team": "T0D1XTUAD",
        "user_team": "T0D1XTUAD",
        "source_team": "T0D1XTUAD",
        "user_profile": {
            "avatar_hash": "5f4a213e859b",
            "image_72": "https:\/\/avatars.slack-edge.com\/2020-03-04\/982713408789_5f4a213e859b7369a972_72.jpg",
            "first_name": "Fred",
            "real_name": "Fred Bentler",
            "display_name": "Fred Bentler",
            "team": "T0D1XTUAD",
            "name": "fred.bentler",
            "is_restricted": false,
            "is_ultra_restricted": false
        },
        "blocks": [
            {
                "type": "rich_text",
                "block_id": "f9T",
                "elements": [
                    {
                        "type": "rich_text_section",
                        "elements": [
                            {
                                "type": "text",
                                "text": "I'm also checking with server engineers to confirm that warning actually points to a disk full condition vs some other cause, since it shows for just 1 of 4 load balanced servers, and since some firewall work started shortly before this email was spawned."
                            }
                        ]
                    }
                ]
            }
        ],
        "thread_ts": "1611347625.016300",
        "parent_user_id": "UTJQGG2MT"
    },
    {
        "client_msg_id": "514edcdd-2b60-4aff-974e-79f4ee434ddc",
        "type": "message",
        "text": "Herschel replied, \"David Spidel is checking on this now. He will update us shortly.\"",
        "user": "UUJNED77D",
        "ts": "1611354130.017900",
        "team": "T0D1XTUAD",
        "user_team": "T0D1XTUAD",
        "source_team": "T0D1XTUAD",
        "user_profile": {
            "avatar_hash": "5f4a213e859b",
            "image_72": "https:\/\/avatars.slack-edge.com\/2020-03-04\/982713408789_5f4a213e859b7369a972_72.jpg",
            "first_name": "Fred",
            "real_name": "Fred Bentler",
            "display_name": "Fred Bentler",
            "team": "T0D1XTUAD",
            "name": "fred.bentler",
            "is_restricted": false,
            "is_ultra_restricted": false
        },
        "blocks": [
            {
                "type": "rich_text",
                "block_id": "ruGYl",
                "elements": [
                    {
                        "type": "rich_text_section",
                        "elements": [
                            {
                                "type": "text",
                                "text": "Herschel replied, \"David Spidel is checking on this now. He will update us shortly.\""
                            }
                        ]
                    }
                ]
            }
        ],
        "thread_ts": "1611347625.016300",
        "parent_user_id": "UTJQGG2MT"
    },
    {
        "client_msg_id": "a00799a3-be07-4955-804f-ba9a8c08e281",
        "type": "message",
        "text": "David replied, \"The space issue has been resolved.\"",
        "user": "UUJNED77D",
        "ts": "1611355028.018100",
        "team": "T0D1XTUAD",
        "user_team": "T0D1XTUAD",
        "source_team": "T0D1XTUAD",
        "user_profile": {
            "avatar_hash": "5f4a213e859b",
            "image_72": "https:\/\/avatars.slack-edge.com\/2020-03-04\/982713408789_5f4a213e859b7369a972_72.jpg",
            "first_name": "Fred",
            "real_name": "Fred Bentler",
            "display_name": "Fred Bentler",
            "team": "T0D1XTUAD",
            "name": "fred.bentler",
            "is_restricted": false,
            "is_ultra_restricted": false
        },
        "blocks": [
            {
                "type": "rich_text",
                "block_id": "3mt",
                "elements": [
                    {
                        "type": "rich_text_section",
                        "elements": [
                            {
                                "type": "text",
                                "text": "David replied, \"The space issue has been resolved.\""
                            }
                        ]
                    }
                ]
            }
        ],
        "thread_ts": "1611347625.016300",
        "parent_user_id": "UTJQGG2MT"
    },
    {
        "type": "message",
        "text": "After running for 3 hours I think it's fair to say this script doesn't work so good. :expressionless:",
        "files": [
            {
                "id": "F01KN0R8NJX",
                "created": 1611363426,
                "timestamp": 1611363426,
                "name": "unused-media-items-script.PNG",
                "title": "unused-media-items-script.PNG",
                "mimetype": "image\/png",
                "filetype": "png",
                "pretty_type": "PNG",
                "user": "UUJNED77D",
                "editable": false,
                "size": 10979,
                "mode": "hosted",
                "is_external": false,
                "external_type": "",
                "is_public": true,
                "public_url_shared": false,
                "display_as_bot": false,
                "username": "",
                "url_private": "https:\/\/files.slack.com\/files-pri\/T0D1XTUAD-F01KN0R8NJX\/unused-media-items-script.png?t=xoxe-13065946353-1831014033124-1821760734405-0591b3003861d046a3fe606fb5f44814",
                "url_private_download": "https:\/\/files.slack.com\/files-pri\/T0D1XTUAD-F01KN0R8NJX\/download\/unused-media-items-script.png?t=xoxe-13065946353-1831014033124-1821760734405-0591b3003861d046a3fe606fb5f44814",
                "thumb_64": "https:\/\/files.slack.com\/files-tmb\/T0D1XTUAD-F01KN0R8NJX-6ed3fdce9b\/unused-media-items-script_64.png?t=xoxe-13065946353-1831014033124-1821760734405-0591b3003861d046a3fe606fb5f44814",
                "thumb_80": "https:\/\/files.slack.com\/files-tmb\/T0D1XTUAD-F01KN0R8NJX-6ed3fdce9b\/unused-media-items-script_80.png?t=xoxe-13065946353-1831014033124-1821760734405-0591b3003861d046a3fe606fb5f44814",
                "thumb_360": "https:\/\/files.slack.com\/files-tmb\/T0D1XTUAD-F01KN0R8NJX-6ed3fdce9b\/unused-media-items-script_360.png?t=xoxe-13065946353-1831014033124-1821760734405-0591b3003861d046a3fe606fb5f44814",
                "thumb_360_w": 360,
                "thumb_360_h": 260,
                "thumb_160": "https:\/\/files.slack.com\/files-tmb\/T0D1XTUAD-F01KN0R8NJX-6ed3fdce9b\/unused-media-items-script_160.png?t=xoxe-13065946353-1831014033124-1821760734405-0591b3003861d046a3fe606fb5f44814",
                "original_w": 409,
                "original_h": 295,
                "thumb_tiny": "AwAiADC8QBgZPPtRgf7X5VJkDr\/KgEH\/APVQBHx\/tflS7fepKKAI9vvRt96kooATaD1o2j0oB7UtADdintR5ajt+tOooATYvpRtA6UpOKaGB6UAJk+tGT60lFAC5PrRk+tJRQAuT60ZoooA\/\/9k=",
                "permalink": "https:\/\/kcwebteam.slack.com\/files\/UUJNED77D\/F01KN0R8NJX\/unused-media-items-script.png",
                "permalink_public": "https:\/\/slack-files.com\/T0D1XTUAD-F01KN0R8NJX-e94e9e03f6",
                "is_starred": false,
                "has_rich_preview": false
            }
        ],
        "upload": false,
        "blocks": [
            {
                "type": "rich_text",
                "block_id": "\/qo",
                "elements": [
                    {
                        "type": "rich_text_section",
                        "elements": [
                            {
                                "type": "text",
                                "text": "After running for 3 hours I think it's fair to say this script doesn't work so good. "
                            },
                            {
                                "type": "emoji",
                                "name": "expressionless"
                            }
                        ]
                    }
                ]
            }
        ],
        "user": "UUJNED77D",
        "display_as_bot": false,
        "ts": "1611363576.018300",
        "thread_ts": "1611347625.016300",
        "parent_user_id": "UTJQGG2MT"
    },
    {
        "client_msg_id": "cf198aba-16a3-44ea-b8ea-fae854544cab",
        "type": "message",
        "text": "With over 40,000 media library items to go through, this script would take several hours even if you were plugged directly into an Internet trunk line. From home, through a consumer-grade broadband connection and a VPN, hardly any of our sitewide scripts work, much less the ones running against the media library. So, it’s probably not the script’s fault.\n\nAlso, I wonder how Sitecore monitors “use.” If that means “linked within Sitecore,” it’s not going to pick up anything that was hard-coded with a relative link within the code-only editor--Health, Metro, and Solid Waste for sure. It also wouldn’t pick up media that’s used by applications, accessed via GovDelivery newsletters only, or media that’s been published but deliberately not linked to within our site. Some folks do that for PDFs when they want some degree of control over access.",
        "user": "U0NSCMBR8",
        "ts": "1611364153.018700",
        "team": "T0D1XTUAD",
        "user_team": "T0D1XTUAD",
        "source_team": "T0D1XTUAD",
        "user_profile": {
            "avatar_hash": "28a69ac871a0",
            "image_72": "https:\/\/avatars.slack-edge.com\/2016-02-24\/22896597253_28a69ac871a00b39b963_72.jpg",
            "first_name": "Al",
            "real_name": "Al Boss",
            "display_name": "",
            "team": "T0D1XTUAD",
            "name": "alboss",
            "is_restricted": false,
            "is_ultra_restricted": false
        },
        "edited": {
            "user": "U0NSCMBR8",
            "ts": "1611364573.000000"
        },
        "blocks": [
            {
                "type": "rich_text",
                "block_id": "em6FF",
                "elements": [
                    {
                        "type": "rich_text_section",
                        "elements": [
                            {
                                "type": "text",
                                "text": "With over 40,000 media library items to go through, this script would take several hours even if you were plugged directly into an Internet trunk line. From home, through a consumer-grade broadband connection and a VPN, hardly any of our sitewide scripts work, much less the ones running against the media library. So, it’s probably not the script’s fault.\n\nAlso, I wonder how Sitecore monitors “use.” If that means “linked within Sitecore,” it’s not going to pick up anything that was hard-coded with a relative link within the code-only editor--Health, Metro, and Solid Waste for sure. It also wouldn’t pick up media that’s used by applications, accessed via GovDelivery newsletters only, or media that’s been published but deliberately not linked to within our site. Some folks do that for PDFs when they want some degree of control over access."
                            }
                        ]
                    }
                ]
            }
        ],
        "thread_ts": "1611347625.016300",
        "parent_user_id": "UTJQGG2MT"
    },
    {
        "client_msg_id": "bf3144e6-8811-4144-a173-3026e83f03b6",
        "type": "message",
        "text": "Thanks.  I figured the out-of-the-box scripts would have been designed to run remotely and return results; I should have taken the hint from the prominent \"abort\" button but I just had to try.  I'd hoped to pull a list to share out with web staff to evaluate for themselves... it would be necessary for them to have for media cleanup.",
        "user": "UUJNED77D",
        "ts": "1611365430.019000",
        "team": "T0D1XTUAD",
        "user_team": "T0D1XTUAD",
        "source_team": "T0D1XTUAD",
        "user_profile": {
            "avatar_hash": "5f4a213e859b",
            "image_72": "https:\/\/avatars.slack-edge.com\/2020-03-04\/982713408789_5f4a213e859b7369a972_72.jpg",
            "first_name": "Fred",
            "real_name": "Fred Bentler",
            "display_name": "Fred Bentler",
            "team": "T0D1XTUAD",
            "name": "fred.bentler",
            "is_restricted": false,
            "is_ultra_restricted": false
        },
        "blocks": [
            {
                "type": "rich_text",
                "block_id": "rZb1",
                "elements": [
                    {
                        "type": "rich_text_section",
                        "elements": [
                            {
                                "type": "text",
                                "text": "Thanks.  I figured the out-of-the-box scripts would have been designed to run remotely and return results; I should have taken the hint from the prominent \"abort\" button but I just had to try.  I'd hoped to pull a list to share out with web staff to evaluate for themselves... it would be necessary for them to have for media cleanup."
                            }
                        ]
                    }
                ]
            }
        ],
        "thread_ts": "1611347625.016300",
        "parent_user_id": "UTJQGG2MT"
    },
    {
        "client_msg_id": "5312FE85-DB3E-4AC0-AB76-111D07ACF8FF",
        "type": "message",
        "text": "We generally have to amend them to narrow where they look.",
        "user": "U0NSCMBR8",
        "ts": "1611365727.020000",
        "team": "T0D1XTUAD",
        "user_team": "T0D1XTUAD",
        "source_team": "T0D1XTUAD",
        "user_profile": {
            "avatar_hash": "28a69ac871a0",
            "image_72": "https:\/\/avatars.slack-edge.com\/2016-02-24\/22896597253_28a69ac871a00b39b963_72.jpg",
            "first_name": "Al",
            "real_name": "Al Boss",
            "display_name": "",
            "team": "T0D1XTUAD",
            "name": "alboss",
            "is_restricted": false,
            "is_ultra_restricted": false
        },
        "edited": {
            "user": "U0NSCMBR8",
            "ts": "1611587324.000000"
        },
        "blocks": [
            {
                "type": "rich_text",
                "block_id": "j94AI",
                "elements": [
                    {
                        "type": "rich_text_section",
                        "elements": [
                            {
                                "type": "text",
                                "text": "We generally have to amend them to narrow where they look."
                            }
                        ]
                    }
                ]
            }
        ],
        "thread_ts": "1611347625.016300",
        "parent_user_id": "UTJQGG2MT"
    },
    {
        "client_msg_id": "f1b79364-7b3b-4d66-883a-491d607e99e5",
        "type": "message",
        "text": "Does the abort retain and report results up to that point?  I've kept it running LOL. Well, the abort button doesn't seem to work anyway.",
        "user": "UUJNED77D",
        "ts": "1611368334.020200",
        "team": "T0D1XTUAD",
        "user_team": "T0D1XTUAD",
        "source_team": "T0D1XTUAD",
        "user_profile": {
            "avatar_hash": "5f4a213e859b",
            "image_72": "https:\/\/avatars.slack-edge.com\/2020-03-04\/982713408789_5f4a213e859b7369a972_72.jpg",
            "first_name": "Fred",
            "real_name": "Fred Bentler",
            "display_name": "Fred Bentler",
            "team": "T0D1XTUAD",
            "name": "fred.bentler",
            "is_restricted": false,
            "is_ultra_restricted": false
        },
        "edited": {
            "user": "UUJNED77D",
            "ts": "1611368908.000000"
        },
        "blocks": [
            {
                "type": "rich_text",
                "block_id": "pfbYf",
                "elements": [
                    {
                        "type": "rich_text_section",
                        "elements": [
                            {
                                "type": "text",
                                "text": "Does the abort retain and report results up to that point?  I've kept it running LOL. Well, the abort button doesn't seem to work anyway."
                            }
                        ]
                    }
                ]
            }
        ],
        "thread_ts": "1611347625.016300",
        "parent_user_id": "UTJQGG2MT"
    }
]