[
    {
        "client_msg_id": "376a58a8-4256-4a51-80fa-5aa2d3f0bf52",
        "type": "message",
        "text": "I know, these weeks fly by like days.  Maybe we can engage with Sitecore on it (as well as asking for pandemic extension on 7.x).  The size reduction is remarkable, much larger than any other change we could make for mobile-friendliness\/speed.",
        "user": "UUJNED77D",
        "ts": "1612542116.048500",
        "team": "T0D1XTUAD",
        "user_team": "T0D1XTUAD",
        "source_team": "T0D1XTUAD",
        "user_profile": {
            "avatar_hash": "5f4a213e859b",
            "image_72": "https:\/\/avatars.slack-edge.com\/2020-03-04\/982713408789_5f4a213e859b7369a972_72.jpg",
            "first_name": "Fred",
            "real_name": "Fred Bentler",
            "display_name": "Fred Bentler",
            "team": "T0D1XTUAD",
            "name": "fred.bentler",
            "is_restricted": false,
            "is_ultra_restricted": false
        },
        "blocks": [
            {
                "type": "rich_text",
                "block_id": "COg",
                "elements": [
                    {
                        "type": "rich_text_section",
                        "elements": [
                            {
                                "type": "text",
                                "text": "I know, these weeks fly by like days.  Maybe we can engage with Sitecore on it (as well as asking for pandemic extension on 7.x).  The size reduction is remarkable, much larger than any other change we could make for mobile-friendliness\/speed."
                            }
                        ]
                    }
                ]
            }
        ],
        "thread_ts": "1610732631.007100",
        "parent_user_id": "UUJNED77D"
    },
    {
        "client_msg_id": "75c18e3c-83c0-4c51-961a-76f7376dc9b2",
        "type": "message",
        "text": "<https:\/\/www.nytimes.com\/2021\/02\/05\/movies\/christopher-plummer-dead.html?campaign_id=60&amp;emc=edit_na_20210205&amp;instance_id=0&amp;nl=breaking-news&amp;ref=cta&amp;regi_id=113759656&amp;segment_id=51093&amp;user_id=20cd96e1f40ce7aaa0eec70ef19de21f|https:\/\/www.nytimes.com\/2021\/02\/05\/movies\/christopher-plummer-dead.html?campaign_id=[…]656&amp;segment_id=51093&amp;user_id=20cd96e1f40ce7aaa0eec70ef19de21f>",
        "user": "UUJNECG67",
        "ts": "1612561802.049200",
        "team": "T0D1XTUAD",
        "user_team": "T0D1XTUAD",
        "source_team": "T0D1XTUAD",
        "user_profile": {
            "avatar_hash": "3770b096c03c",
            "image_72": "https:\/\/avatars.slack-edge.com\/2020-08-27\/1329102233075_3770b096c03ccdfc53b6_72.png",
            "first_name": "Andrea",
            "real_name": "Andrea",
            "display_name": "Andrea",
            "team": "T0D1XTUAD",
            "name": "andrea.rouleau",
            "is_restricted": false,
            "is_ultra_restricted": false
        },
        "attachments": [
            {
                "service_name": "The New York Times",
                "service_url": "https:\/\/www.nytimes.com",
                "title": "Christopher Plummer, Actor From Shakespeare to ‘The Sound of Music,’ Dies at 91",
                "title_link": "https:\/\/www.nytimes.com\/2021\/02\/05\/movies\/christopher-plummer-dead.html?campaign_id=60&amp;emc=edit_na_20210205&amp;instance_id=0&amp;nl=breaking-news&amp;ref=cta&amp;regi_id=113759656&amp;segment_id=51093&amp;user_id=20cd96e1f40ce7aaa0eec70ef19de21f",
                "author_name": "By Bruce Weber",
                "thumb_url": "https:\/\/static01.nyt.com\/images\/2021\/02\/06\/obituaries\/00PLUMMER1\/00PLUMMER1-largeHorizontalJumbo.jpg",
                "thumb_width": 1024,
                "thumb_height": 683,
                "text": "His performance as Captain von Trapp in one of the most popular movies of all time propelled a steady half-century parade of television and film roles.",
                "fallback": "The New York Times Christopher Plummer, Actor From Shakespeare to ‘The Sound of Music,’ Dies at 91",
                "from_url": "https:\/\/www.nytimes.com\/2021\/02\/05\/movies\/christopher-plummer-dead.html?campaign_id=60&amp;emc=edit_na_20210205&amp;instance_id=0&amp;nl=breaking-news&amp;ref=cta&amp;regi_id=113759656&amp;segment_id=51093&amp;user_id=20cd96e1f40ce7aaa0eec70ef19de21f",
                "service_icon": "https:\/\/a.slack-edge.com\/80588\/img\/unfurl_icons\/nytimes.png",
                "id": 1,
                "original_url": "https:\/\/www.nytimes.com\/2021\/02\/05\/movies\/christopher-plummer-dead.html?campaign_id=60&amp;emc=edit_na_20210205&amp;instance_id=0&amp;nl=breaking-news&amp;ref=cta&amp;regi_id=113759656&amp;segment_id=51093&amp;user_id=20cd96e1f40ce7aaa0eec70ef19de21f"
            }
        ],
        "blocks": [
            {
                "type": "rich_text",
                "block_id": "TSLX",
                "elements": [
                    {
                        "type": "rich_text_section",
                        "elements": [
                            {
                                "type": "link",
                                "url": "https:\/\/www.nytimes.com\/2021\/02\/05\/movies\/christopher-plummer-dead.html?campaign_id=60&emc=edit_na_20210205&instance_id=0&nl=breaking-news&ref=cta&regi_id=113759656&segment_id=51093&user_id=20cd96e1f40ce7aaa0eec70ef19de21f",
                                "text": "https:\/\/www.nytimes.com\/2021\/02\/05\/movies\/christopher-plummer-dead.html?campaign_id=[…]656&segment_id=51093&user_id=20cd96e1f40ce7aaa0eec70ef19de21f"
                            }
                        ]
                    }
                ]
            }
        ],
        "thread_ts": "1612561802.049200",
        "reply_count": 3,
        "reply_users_count": 2,
        "latest_reply": "1612806236.050400",
        "reply_users": [
            "UUW3W20AU",
            "UUJNECG67"
        ],
        "replies": [
            {
                "user": "UUW3W20AU",
                "ts": "1612805074.050000"
            },
            {
                "user": "UUJNECG67",
                "ts": "1612806198.050200"
            },
            {
                "user": "UUJNECG67",
                "ts": "1612806236.050400"
            }
        ],
        "subscribed": false,
        "reactions": [
            {
                "name": "sob",
                "users": [
                    "U019DU219B4"
                ],
                "count": 1
            },
            {
                "name": "disappointed",
                "users": [
                    "UUW3W20AU"
                ],
                "count": 1
            }
        ]
    },
    {
        "client_msg_id": "ffe55914-68a2-4447-a3a3-6c59b4b79e88",
        "type": "message",
        "text": "So many actors have passed away this month. :disappointed:",
        "user": "UUJNECG67",
        "ts": "1612561819.049600",
        "team": "T0D1XTUAD",
        "user_team": "T0D1XTUAD",
        "source_team": "T0D1XTUAD",
        "user_profile": {
            "avatar_hash": "3770b096c03c",
            "image_72": "https:\/\/avatars.slack-edge.com\/2020-08-27\/1329102233075_3770b096c03ccdfc53b6_72.png",
            "first_name": "Andrea",
            "real_name": "Andrea",
            "display_name": "Andrea",
            "team": "T0D1XTUAD",
            "name": "andrea.rouleau",
            "is_restricted": false,
            "is_ultra_restricted": false
        },
        "edited": {
            "user": "UUJNECG67",
            "ts": "1612561846.000000"
        },
        "blocks": [
            {
                "type": "rich_text",
                "block_id": "+dgBb",
                "elements": [
                    {
                        "type": "rich_text_section",
                        "elements": [
                            {
                                "type": "text",
                                "text": "So many actors have passed away this month. "
                            },
                            {
                                "type": "emoji",
                                "name": "disappointed"
                            }
                        ]
                    }
                ]
            }
        ]
    }
]