[
    {
        "client_msg_id": "3ca6368b-9c3a-4d28-8c21-fcfe4be26bdc",
        "type": "message",
        "text": "haha! So this is actually a mockumentary?",
        "user": "UUW3W20AU",
        "ts": "1613496093.066300",
        "team": "T0D1XTUAD",
        "user_team": "T0D1XTUAD",
        "source_team": "T0D1XTUAD",
        "user_profile": {
            "avatar_hash": "0c87430f5419",
            "image_72": "https:\/\/avatars.slack-edge.com\/2020-03-04\/984414387030_0c87430f5419d7de3cea_72.jpg",
            "first_name": "Elizabeth",
            "real_name": "Elizabeth Inglese",
            "display_name": "Tish",
            "team": "T0D1XTUAD",
            "name": "einglese",
            "is_restricted": false,
            "is_ultra_restricted": false
        },
        "blocks": [
            {
                "type": "rich_text",
                "block_id": "YVW",
                "elements": [
                    {
                        "type": "rich_text_section",
                        "elements": [
                            {
                                "type": "text",
                                "text": "haha! So this is actually a mockumentary?"
                            }
                        ]
                    }
                ]
            }
        ],
        "thread_ts": "1613414373.065300",
        "parent_user_id": "U0NSCMBR8"
    },
    {
        "client_msg_id": "b6b1cc4f-317a-4529-94dc-2221d7a60144",
        "type": "message",
        "text": "Yes! Courtney Cox as the conservative spokeswoman is hysterical.",
        "user": "U0NSCMBR8",
        "ts": "1613499535.066500",
        "team": "T0D1XTUAD",
        "user_team": "T0D1XTUAD",
        "source_team": "T0D1XTUAD",
        "user_profile": {
            "avatar_hash": "28a69ac871a0",
            "image_72": "https:\/\/avatars.slack-edge.com\/2016-02-24\/22896597253_28a69ac871a00b39b963_72.jpg",
            "first_name": "Al",
            "real_name": "Al Boss",
            "display_name": "",
            "team": "T0D1XTUAD",
            "name": "alboss",
            "is_restricted": false,
            "is_ultra_restricted": false
        },
        "blocks": [
            {
                "type": "rich_text",
                "block_id": "rwE",
                "elements": [
                    {
                        "type": "rich_text_section",
                        "elements": [
                            {
                                "type": "text",
                                "text": "Yes! Courtney Cox as the conservative spokeswoman is hysterical."
                            }
                        ]
                    }
                ]
            }
        ],
        "thread_ts": "1613414373.065300",
        "parent_user_id": "U0NSCMBR8",
        "reactions": [
            {
                "name": "rolling_on_the_floor_laughing",
                "users": [
                    "UUW3W20AU"
                ],
                "count": 1
            }
        ]
    }
]