[
    {
        "client_msg_id": "c43882ad-b33e-49eb-9df1-9de3320b4c13",
        "type": "message",
        "text": "In the event that any of you are Veterans or know anyone who is …\n(Please pass the word!)\n\nThe Pudget Sound VA is currently scheduling veterans of ALL ages to get their COVID vaccine(s). You need an appointment (no walk-ins) and must be registered with the VA to schedule one. Those registered can call <tel:2067165716|206-716-5716> to schedule an appointment or log into <http:\/\/MyHealth.va.gov|MyHealth.va.gov><https:\/\/l.facebook.com\/l.php?u=http%3A%2F%2FMyHealth.va.gov%2F%3Ffbclid%3DIwAR3xassxkFZ9YTDjn1HMQDqmSMB__7CDFzlCow_-6aI8_K_-0fQgTPbcoiE&amp;h=AT1UpJ99APpMQMTIaA0Xih42S2ST99mj6zXesxIK5bqX8UNsrqz-Zakj-MQ5jvB4UKfScwyYZqUfmB243uc8XpkW1cldrlT-5Xaq_9uWK6LBhc0FChjheCtKkDjmhxHM5GlfNHg&amp;__tn__=-UK-R&amp;c[0]=AT0RkG-H41T-9oRShnYdzW0lNHRNKoTY-EJoJJAtBEG6QEFIrXemwuIXDmzfsC6K3JJ-qIxcMvE6O5X_lCvdzCffdN4c-V5FAPTuvPs6g6oYgoQelyfK-56Y0P1lmVVj1Mn75DovkR9dIQW24ypHuLfh4zY|.> The Moderna and Phizer vaccines are both currently being offered.\n\nIf you aren’t registered with the VA you can get registered by visiting <https:\/\/www.va.gov\/health...\/apply\/application\/introduction>",
        "user": "UUW3W20AU",
        "ts": "1614796707.033900",
        "team": "T0D1XTUAD",
        "user_team": "T0D1XTUAD",
        "source_team": "T0D1XTUAD",
        "user_profile": {
            "avatar_hash": "0c87430f5419",
            "image_72": "https:\/\/avatars.slack-edge.com\/2020-03-04\/984414387030_0c87430f5419d7de3cea_72.jpg",
            "first_name": "Elizabeth",
            "real_name": "Elizabeth Inglese",
            "display_name": "Tish",
            "team": "T0D1XTUAD",
            "name": "einglese",
            "is_restricted": false,
            "is_ultra_restricted": false
        },
        "edited": {
            "user": "UUW3W20AU",
            "ts": "1614798485.000000"
        },
        "blocks": [
            {
                "type": "rich_text",
                "block_id": "yAwNC",
                "elements": [
                    {
                        "type": "rich_text_section",
                        "elements": [
                            {
                                "type": "text",
                                "text": "In the event that any of you are Veterans or know anyone who is …\n(Please pass the word!)\n\nThe Pudget Sound VA is currently scheduling veterans of ALL ages to get their COVID vaccine(s). You need an appointment (no walk-ins) and must be registered with the VA to schedule one. Those registered can call "
                            },
                            {
                                "type": "link",
                                "url": "tel:2067165716",
                                "text": "206-716-5716"
                            },
                            {
                                "type": "text",
                                "text": " to schedule an appointment or log into "
                            },
                            {
                                "type": "link",
                                "url": "http:\/\/MyHealth.va.gov",
                                "text": "MyHealth.va.gov"
                            },
                            {
                                "type": "link",
                                "url": "https:\/\/l.facebook.com\/l.php?u=http%3A%2F%2FMyHealth.va.gov%2F%3Ffbclid%3DIwAR3xassxkFZ9YTDjn1HMQDqmSMB__7CDFzlCow_-6aI8_K_-0fQgTPbcoiE&h=AT1UpJ99APpMQMTIaA0Xih42S2ST99mj6zXesxIK5bqX8UNsrqz-Zakj-MQ5jvB4UKfScwyYZqUfmB243uc8XpkW1cldrlT-5Xaq_9uWK6LBhc0FChjheCtKkDjmhxHM5GlfNHg&__tn__=-UK-R&c[0]=AT0RkG-H41T-9oRShnYdzW0lNHRNKoTY-EJoJJAtBEG6QEFIrXemwuIXDmzfsC6K3JJ-qIxcMvE6O5X_lCvdzCffdN4c-V5FAPTuvPs6g6oYgoQelyfK-56Y0P1lmVVj1Mn75DovkR9dIQW24ypHuLfh4zY",
                                "text": "."
                            },
                            {
                                "type": "text",
                                "text": " The Moderna and Phizer vaccines are both currently being offered.\n\nIf you aren’t registered with the VA you can get registered by visiting "
                            },
                            {
                                "type": "link",
                                "url": "https:\/\/www.va.gov\/health...\/apply\/application\/introduction"
                            }
                        ]
                    }
                ]
            }
        ],
        "thread_ts": "1614796707.033900",
        "reply_count": 4,
        "reply_users_count": 2,
        "latest_reply": "1614799446.034700",
        "reply_users": [
            "U0NSCMBR8",
            "UUW3W20AU"
        ],
        "replies": [
            {
                "user": "U0NSCMBR8",
                "ts": "1614798116.034000"
            },
            {
                "user": "UUW3W20AU",
                "ts": "1614798458.034200"
            },
            {
                "user": "U0NSCMBR8",
                "ts": "1614798731.034500"
            },
            {
                "user": "UUW3W20AU",
                "ts": "1614799446.034700"
            }
        ],
        "subscribed": false
    },
    {
        "client_msg_id": "39289c7d-fe16-49dd-8e5d-ac5ecc1024f4",
        "type": "message",
        "text": "That. Is. Fantastic.",
        "user": "U0NSCMBR8",
        "ts": "1614798116.034000",
        "team": "T0D1XTUAD",
        "user_team": "T0D1XTUAD",
        "source_team": "T0D1XTUAD",
        "user_profile": {
            "avatar_hash": "28a69ac871a0",
            "image_72": "https:\/\/avatars.slack-edge.com\/2016-02-24\/22896597253_28a69ac871a00b39b963_72.jpg",
            "first_name": "Al",
            "real_name": "Al Boss",
            "display_name": "",
            "team": "T0D1XTUAD",
            "name": "alboss",
            "is_restricted": false,
            "is_ultra_restricted": false
        },
        "blocks": [
            {
                "type": "rich_text",
                "block_id": "20uzy",
                "elements": [
                    {
                        "type": "rich_text_section",
                        "elements": [
                            {
                                "type": "text",
                                "text": "That. Is. Fantastic."
                            }
                        ]
                    }
                ]
            }
        ],
        "thread_ts": "1614796707.033900",
        "parent_user_id": "UUW3W20AU"
    },
    {
        "client_msg_id": "ed94e1ea-abd9-4810-bcfb-1d817b525e53",
        "type": "message",
        "text": "Indeed! I think I personally want to try and hold out for the J&amp;J shot since it’s a “one shot \/ one kill” shot, but this may end up being a beggars can’t be choosers scenario.",
        "user": "UUW3W20AU",
        "ts": "1614798458.034200",
        "team": "T0D1XTUAD",
        "user_team": "T0D1XTUAD",
        "source_team": "T0D1XTUAD",
        "user_profile": {
            "avatar_hash": "0c87430f5419",
            "image_72": "https:\/\/avatars.slack-edge.com\/2020-03-04\/984414387030_0c87430f5419d7de3cea_72.jpg",
            "first_name": "Elizabeth",
            "real_name": "Elizabeth Inglese",
            "display_name": "Tish",
            "team": "T0D1XTUAD",
            "name": "einglese",
            "is_restricted": false,
            "is_ultra_restricted": false
        },
        "blocks": [
            {
                "type": "rich_text",
                "block_id": "dkfB",
                "elements": [
                    {
                        "type": "rich_text_section",
                        "elements": [
                            {
                                "type": "text",
                                "text": "Indeed! I think I personally want to try and hold out for the J&J shot since it’s a “one shot \/ one kill” shot, but this may end up being a beggars can’t be choosers scenario."
                            }
                        ]
                    }
                ]
            }
        ],
        "thread_ts": "1614796707.033900",
        "parent_user_id": "UUW3W20AU"
    },
    {
        "client_msg_id": "669b7ad3-8658-4725-a543-2e2e4c282001",
        "type": "message",
        "text": "It’s interesting because there’s a lot of angst about that vaccine being the most likely candidate for areas with poor infrastructure or at-risk populations. Because it has a slightly lower success rate at prevention, people are saying it creates a two-tier system with the poor and at-risk getting the lesser option.\n\nMind you, it seems to have an excellent success rate at keeping people out of the hospital, and all the vaccines have insanely high success rates compared to normal vaccines.",
        "user": "U0NSCMBR8",
        "ts": "1614798731.034500",
        "team": "T0D1XTUAD",
        "user_team": "T0D1XTUAD",
        "source_team": "T0D1XTUAD",
        "user_profile": {
            "avatar_hash": "28a69ac871a0",
            "image_72": "https:\/\/avatars.slack-edge.com\/2016-02-24\/22896597253_28a69ac871a00b39b963_72.jpg",
            "first_name": "Al",
            "real_name": "Al Boss",
            "display_name": "",
            "team": "T0D1XTUAD",
            "name": "alboss",
            "is_restricted": false,
            "is_ultra_restricted": false
        },
        "blocks": [
            {
                "type": "rich_text",
                "block_id": "Dxy",
                "elements": [
                    {
                        "type": "rich_text_section",
                        "elements": [
                            {
                                "type": "text",
                                "text": "It’s interesting because there’s a lot of angst about that vaccine being the most likely candidate for areas with poor infrastructure or at-risk populations. Because it has a slightly lower success rate at prevention, people are saying it creates a two-tier system with the poor and at-risk getting the lesser option.\n\nMind you, it seems to have an excellent success rate at keeping people out of the hospital, and all the vaccines have insanely high success rates compared to normal vaccines."
                            }
                        ]
                    }
                ]
            }
        ],
        "thread_ts": "1614796707.033900",
        "parent_user_id": "UUW3W20AU"
    },
    {
        "client_msg_id": "068e4d3e-8604-47b0-8f17-e52405a8c457",
        "type": "message",
        "text": "True. All the vaccines have a much higher success rate than normal vaccines. I personally think 1 shot vs 2 is easier, but at the end of the day I’ll take what I can get.",
        "user": "UUW3W20AU",
        "ts": "1614799446.034700",
        "team": "T0D1XTUAD",
        "user_team": "T0D1XTUAD",
        "source_team": "T0D1XTUAD",
        "user_profile": {
            "avatar_hash": "0c87430f5419",
            "image_72": "https:\/\/avatars.slack-edge.com\/2020-03-04\/984414387030_0c87430f5419d7de3cea_72.jpg",
            "first_name": "Elizabeth",
            "real_name": "Elizabeth Inglese",
            "display_name": "Tish",
            "team": "T0D1XTUAD",
            "name": "einglese",
            "is_restricted": false,
            "is_ultra_restricted": false
        },
        "blocks": [
            {
                "type": "rich_text",
                "block_id": "Pc\/",
                "elements": [
                    {
                        "type": "rich_text_section",
                        "elements": [
                            {
                                "type": "text",
                                "text": "True. All the vaccines have a much higher success rate than normal vaccines. I personally think 1 shot vs 2 is easier, but at the end of the day I’ll take what I can get."
                            }
                        ]
                    }
                ]
            }
        ],
        "thread_ts": "1614796707.033900",
        "parent_user_id": "UUW3W20AU"
    }
]