[
    {
        "client_msg_id": "7CCC10F2-8D13-4B5E-88AA-2629FE05221D",
        "type": "message",
        "text": "Trump banned from Facebook indefinitely, CEO Mark Zuckerberg says",
        "user": "U0NSCMBR8",
        "ts": "1610036406.082100",
        "team": "T0D1XTUAD",
        "user_team": "T0D1XTUAD",
        "source_team": "T0D1XTUAD",
        "user_profile": {
            "avatar_hash": "28a69ac871a0",
            "image_72": "https:\/\/avatars.slack-edge.com\/2016-02-24\/22896597253_28a69ac871a00b39b963_72.jpg",
            "first_name": "Al",
            "real_name": "Al Boss",
            "display_name": "",
            "team": "T0D1XTUAD",
            "name": "alboss",
            "is_restricted": false,
            "is_ultra_restricted": false
        },
        "edited": {
            "user": "U0NSCMBR8",
            "ts": "1610036419.000000"
        },
        "blocks": [
            {
                "type": "rich_text",
                "block_id": "LPNM",
                "elements": [
                    {
                        "type": "rich_text_section",
                        "elements": [
                            {
                                "type": "text",
                                "text": "Trump banned from Facebook indefinitely, CEO Mark Zuckerberg says"
                            }
                        ]
                    }
                ]
            }
        ],
        "thread_ts": "1609968021.066400",
        "parent_user_id": "UUYA52R62",
        "reactions": [
            {
                "name": "the_horns",
                "users": [
                    "UUW3W20AU"
                ],
                "count": 1
            }
        ]
    },
    {
        "client_msg_id": "9428edd5-13ba-4a7a-ae8c-95d22660a640",
        "type": "message",
        "text": "Similar to the Bundy case described at <https:\/\/www.hcn.org\/issues\/48.20\/the-bundy-family-on-trial>\n\nRegarding the make-up of the jury in that case,\n&gt; “We ended up getting the kinds of people we wanted: rural people, pro-gun or gun owners”",
        "user": "UUJNED77D",
        "ts": "1610036682.082400",
        "team": "T0D1XTUAD",
        "user_team": "T0D1XTUAD",
        "source_team": "T0D1XTUAD",
        "user_profile": {
            "avatar_hash": "5f4a213e859b",
            "image_72": "https:\/\/avatars.slack-edge.com\/2020-03-04\/982713408789_5f4a213e859b7369a972_72.jpg",
            "first_name": "Fred",
            "real_name": "Fred Bentler",
            "display_name": "Fred Bentler",
            "team": "T0D1XTUAD",
            "name": "fred.bentler",
            "is_restricted": false,
            "is_ultra_restricted": false
        },
        "attachments": [
            {
                "title": "How Ammon Bundy got acquitted in Oregon",
                "title_link": "https:\/\/www.hcn.org\/issues\/48.20\/the-bundy-family-on-trial",
                "text": "At the Malheur trial, Bundys were acquitted, but what will happen in Nevada?",
                "fallback": "How Ammon Bundy got acquitted in Oregon",
                "image_url": "https:\/\/www.hcn.org\/issues\/48.20\/the-bundy-family-on-trial\/bigimage_large",
                "from_url": "https:\/\/www.hcn.org\/issues\/48.20\/the-bundy-family-on-trial",
                "image_width": 375,
                "image_height": 250,
                "image_bytes": 116213,
                "service_icon": "https:\/\/www.hcn.org\/apple-touch-icon.png",
                "service_name": "High Country News",
                "id": 1,
                "original_url": "https:\/\/www.hcn.org\/issues\/48.20\/the-bundy-family-on-trial"
            }
        ],
        "blocks": [
            {
                "type": "rich_text",
                "block_id": "sZr",
                "elements": [
                    {
                        "type": "rich_text_section",
                        "elements": [
                            {
                                "type": "text",
                                "text": "Similar to the Bundy case described at "
                            },
                            {
                                "type": "link",
                                "url": "https:\/\/www.hcn.org\/issues\/48.20\/the-bundy-family-on-trial"
                            },
                            {
                                "type": "text",
                                "text": "\n\nRegarding the make-up of the jury in that case,\n"
                            }
                        ]
                    },
                    {
                        "type": "rich_text_quote",
                        "elements": [
                            {
                                "type": "text",
                                "text": "“We ended up getting the kinds of people we wanted: rural people, pro-gun or gun owners”"
                            }
                        ]
                    }
                ]
            }
        ],
        "thread_ts": "1609986305.080600",
        "parent_user_id": "UUJNECG67"
    },
    {
        "client_msg_id": "13ffdd35-62d1-4a04-9f8c-41283602cf60",
        "type": "message",
        "text": "Hopefully Twitter does the same!",
        "user": "UUL14UHHP",
        "ts": "1610036752.082700",
        "team": "T0D1XTUAD",
        "user_team": "T0D1XTUAD",
        "source_team": "T0D1XTUAD",
        "user_profile": {
            "avatar_hash": "0662c2f07684",
            "image_72": "https:\/\/avatars.slack-edge.com\/2020-03-04\/982524968624_0662c2f07684e471e99d_72.png",
            "first_name": "Wendy",
            "real_name": "Wendy Gable Collins",
            "display_name": "Wendy",
            "team": "T0D1XTUAD",
            "name": "wendy.collins",
            "is_restricted": false,
            "is_ultra_restricted": false
        },
        "blocks": [
            {
                "type": "rich_text",
                "block_id": "hTv",
                "elements": [
                    {
                        "type": "rich_text_section",
                        "elements": [
                            {
                                "type": "text",
                                "text": "Hopefully Twitter does the same!"
                            }
                        ]
                    }
                ]
            }
        ],
        "thread_ts": "1609968021.066400",
        "parent_user_id": "UUYA52R62",
        "reactions": [
            {
                "name": "100",
                "users": [
                    "UUW3W20AU"
                ],
                "count": 1
            }
        ]
    },
    {
        "client_msg_id": "fbc8d8be-67d3-4fa1-8892-9e0b80f16475",
        "type": "message",
        "text": "Just got <https:\/\/503.kingcounty.gov\/>",
        "user": "UUJNED77D",
        "ts": "1610047762.083100",
        "team": "T0D1XTUAD",
        "user_team": "T0D1XTUAD",
        "source_team": "T0D1XTUAD",
        "user_profile": {
            "avatar_hash": "5f4a213e859b",
            "image_72": "https:\/\/avatars.slack-edge.com\/2020-03-04\/982713408789_5f4a213e859b7369a972_72.jpg",
            "first_name": "Fred",
            "real_name": "Fred Bentler",
            "display_name": "Fred Bentler",
            "team": "T0D1XTUAD",
            "name": "fred.bentler",
            "is_restricted": false,
            "is_ultra_restricted": false
        },
        "attachments": [
            {
                "title": "King County, Washington",
                "title_link": "https:\/\/503.kingcounty.gov\/",
                "text": "503 Error - Maintenance page",
                "fallback": "King County, Washington",
                "thumb_url": "https:\/\/503kingcounty.files.wordpress.com\/2018\/09\/cropped-kclogo-wp-icon.png?w=200",
                "from_url": "https:\/\/503.kingcounty.gov\/",
                "thumb_width": 200,
                "thumb_height": 200,
                "service_icon": "https:\/\/503kingcounty.files.wordpress.com\/2018\/09\/cropped-kclogo-wp-icon.png?w=180",
                "service_name": "King County, Washington",
                "id": 1,
                "original_url": "https:\/\/503.kingcounty.gov\/"
            }
        ],
        "blocks": [
            {
                "type": "rich_text",
                "block_id": "AvDK",
                "elements": [
                    {
                        "type": "rich_text_section",
                        "elements": [
                            {
                                "type": "text",
                                "text": "Just got "
                            },
                            {
                                "type": "link",
                                "url": "https:\/\/503.kingcounty.gov\/"
                            }
                        ]
                    }
                ]
            }
        ]
    },
    {
        "client_msg_id": "55281f25-8d23-4fca-953f-21ad4f492f38",
        "type": "message",
        "text": "Both 7.2 amd 9.2 are resolving for me :confused:",
        "user": "UTJQGG2MT",
        "ts": "1610047894.083700",
        "team": "T0D1XTUAD",
        "user_team": "T0D1XTUAD",
        "source_team": "T0D1XTUAD",
        "user_profile": {
            "avatar_hash": "ea01aedbdf08",
            "image_72": "https:\/\/avatars.slack-edge.com\/2020-09-21\/1370342944630_ea01aedbdf0893e7c9db_72.jpg",
            "first_name": "Jaime",
            "real_name": "Jaime Schatz",
            "display_name": "Jaime Schatz",
            "team": "T0D1XTUAD",
            "name": "jschatz",
            "is_restricted": false,
            "is_ultra_restricted": false
        },
        "blocks": [
            {
                "type": "rich_text",
                "block_id": "XVO7G",
                "elements": [
                    {
                        "type": "rich_text_section",
                        "elements": [
                            {
                                "type": "text",
                                "text": "Both 7.2 amd 9.2 are resolving for me "
                            },
                            {
                                "type": "emoji",
                                "name": "confused"
                            }
                        ]
                    }
                ]
            }
        ],
        "thread_ts": "1610047894.083700",
        "reply_count": 1,
        "reply_users_count": 1,
        "latest_reply": "1610048317.084100",
        "reply_users": [
            "UUJNED77D"
        ],
        "replies": [
            {
                "user": "UUJNED77D",
                "ts": "1610048317.084100"
            }
        ],
        "subscribed": false
    },
    {
        "client_msg_id": "708a231e-dde8-4f68-97d4-170c29685a7d",
        "type": "message",
        "text": "I was checking edits so it would have been for <http:\/\/edit.kingcounty.gov|edit.kingcounty.gov>; sorry I should have mentioned that it's not a public outage and no alert was triggered from an external monitor.  <http:\/\/edit.kingcounty.gov|edit.kingcounty.gov> is available now too.",
        "user": "UUJNED77D",
        "ts": "1610048317.084100",
        "team": "T0D1XTUAD",
        "user_team": "T0D1XTUAD",
        "source_team": "T0D1XTUAD",
        "user_profile": {
            "avatar_hash": "5f4a213e859b",
            "image_72": "https:\/\/avatars.slack-edge.com\/2020-03-04\/982713408789_5f4a213e859b7369a972_72.jpg",
            "first_name": "Fred",
            "real_name": "Fred Bentler",
            "display_name": "Fred Bentler",
            "team": "T0D1XTUAD",
            "name": "fred.bentler",
            "is_restricted": false,
            "is_ultra_restricted": false
        },
        "blocks": [
            {
                "type": "rich_text",
                "block_id": "y6E",
                "elements": [
                    {
                        "type": "rich_text_section",
                        "elements": [
                            {
                                "type": "text",
                                "text": "I was checking edits so it would have been for "
                            },
                            {
                                "type": "link",
                                "url": "http:\/\/edit.kingcounty.gov",
                                "text": "edit.kingcounty.gov"
                            },
                            {
                                "type": "text",
                                "text": "; sorry I should have mentioned that it's not a public outage and no alert was triggered from an external monitor.  "
                            },
                            {
                                "type": "link",
                                "url": "http:\/\/edit.kingcounty.gov",
                                "text": "edit.kingcounty.gov"
                            },
                            {
                                "type": "text",
                                "text": " is available now too."
                            }
                        ]
                    }
                ]
            }
        ],
        "thread_ts": "1610047894.083700",
        "parent_user_id": "UTJQGG2MT",
        "reactions": [
            {
                "name": "+1",
                "users": [
                    "UTJQGG2MT"
                ],
                "count": 1
            }
        ]
    }
]