[
    {
        "type": "message",
        "subtype": "channel_join",
        "ts": "1609958932.000200",
        "user": "U0NSCMBR8",
        "text": "<@U0NSCMBR8> has joined the channel"
    },
    {
        "type": "message",
        "subtype": "channel_join",
        "ts": "1609959299.000400",
        "user": "UUYA2ADEJ",
        "text": "<@UUYA2ADEJ> has joined the channel"
    },
    {
        "type": "message",
        "subtype": "channel_join",
        "ts": "1609959702.000600",
        "user": "U01068RE77Z",
        "text": "<@U01068RE77Z> has joined the channel",
        "inviter": "U0NSCMBR8"
    },
    {
        "type": "message",
        "subtype": "channel_join",
        "ts": "1609959755.000800",
        "user": "UFDNKQCU9",
        "text": "<@UFDNKQCU9> has joined the channel"
    },
    {
        "type": "message",
        "subtype": "channel_join",
        "ts": "1609960104.001000",
        "user": "U0D1V0DPG",
        "text": "<@U0D1V0DPG> has joined the channel"
    },
    {
        "type": "message",
        "subtype": "channel_join",
        "ts": "1609960533.001300",
        "user": "U5Y0BDK51",
        "text": "<@U5Y0BDK51> has joined the channel",
        "inviter": "U0NSCMBR8"
    },
    {
        "type": "message",
        "subtype": "channel_join",
        "ts": "1609960533.001400",
        "user": "UUW3W20AU",
        "text": "<@UUW3W20AU> has joined the channel",
        "inviter": "U0NSCMBR8"
    },
    {
        "type": "message",
        "subtype": "channel_join",
        "ts": "1609960594.001600",
        "user": "UUJNECG67",
        "text": "<@UUJNECG67> has joined the channel",
        "inviter": "UUW3W20AU"
    },
    {
        "type": "message",
        "subtype": "channel_join",
        "ts": "1609960595.001800",
        "user": "UUL14UHHP",
        "text": "<@UUL14UHHP> has joined the channel",
        "inviter": "UUW3W20AU"
    },
    {
        "type": "message",
        "subtype": "channel_join",
        "ts": "1609960595.002000",
        "user": "UUHCZU5UJ",
        "text": "<@UUHCZU5UJ> has joined the channel",
        "inviter": "UUW3W20AU"
    },
    {
        "type": "message",
        "subtype": "channel_join",
        "ts": "1609960595.002200",
        "user": "UUYA52R62",
        "text": "<@UUYA52R62> has joined the channel",
        "inviter": "UUW3W20AU"
    },
    {
        "type": "message",
        "subtype": "channel_join",
        "ts": "1609960595.002400",
        "user": "UUJNAHXB5",
        "text": "<@UUJNAHXB5> has joined the channel",
        "inviter": "UUW3W20AU"
    },
    {
        "client_msg_id": "e4c0c0a2-e1e6-4dbb-8f0f-1fa82db37d67",
        "type": "message",
        "text": "Thanks to <@UUJNAHXB5> for giving me the scoop on “The Toys That Made Us”, “The Movies That Made Us,” and “The Christmas Movies That Made Us” - all on Netflix. They reflect on the popular movies and toys from the 80s and 90s that defined a generation. Really good!",
        "user": "UUW3W20AU",
        "ts": "1609960680.003800",
        "team": "T0D1XTUAD",
        "user_team": "T0D1XTUAD",
        "source_team": "T0D1XTUAD",
        "user_profile": {
            "avatar_hash": "0c87430f5419",
            "image_72": "https:\/\/avatars.slack-edge.com\/2020-03-04\/984414387030_0c87430f5419d7de3cea_72.jpg",
            "first_name": "Elizabeth",
            "real_name": "Elizabeth Inglese",
            "display_name": "Tish",
            "team": "T0D1XTUAD",
            "name": "einglese",
            "is_restricted": false,
            "is_ultra_restricted": false
        },
        "blocks": [
            {
                "type": "rich_text",
                "block_id": "I1XAV",
                "elements": [
                    {
                        "type": "rich_text_section",
                        "elements": [
                            {
                                "type": "text",
                                "text": "Thanks to "
                            },
                            {
                                "type": "user",
                                "user_id": "UUJNAHXB5"
                            },
                            {
                                "type": "text",
                                "text": " for giving me the scoop on “The Toys That Made Us”, “The Movies That Made Us,” and “The Christmas Movies That Made Us” - all on Netflix. They reflect on the popular movies and toys from the 80s and 90s that defined a generation. Really good!"
                            }
                        ]
                    }
                ]
            }
        ],
        "reactions": [
            {
                "name": "+1",
                "users": [
                    "UTJPVN880"
                ],
                "count": 1
            }
        ]
    },
    {
        "type": "message",
        "subtype": "channel_purpose",
        "ts": "1609961058.003900",
        "user": "U0NSCMBR8",
        "text": "<@U0NSCMBR8> set the channel purpose: Share suggestions for great shows",
        "purpose": "Share suggestions for great shows"
    },
    {
        "type": "message",
        "subtype": "channel_purpose",
        "ts": "1609961058.004000",
        "user": "U0NSCMBR8",
        "text": "<@U0NSCMBR8> set the channel purpose: Share suggestions for great shows",
        "purpose": "Share suggestions for great shows"
    },
    {
        "type": "message",
        "subtype": "channel_join",
        "ts": "1609961674.004200",
        "user": "U019DU219B4",
        "text": "<@U019DU219B4> has joined the channel"
    },
    {
        "type": "message",
        "subtype": "channel_join",
        "ts": "1609966252.004400",
        "user": "U7EQMP760",
        "text": "<@U7EQMP760> has joined the channel"
    },
    {
        "type": "message",
        "subtype": "channel_join",
        "ts": "1609966952.004600",
        "user": "UTJPVN880",
        "text": "<@UTJPVN880> has joined the channel"
    },
    {
        "client_msg_id": "2f2cf788-b4b0-469f-a8b9-4f2d3e717780",
        "type": "message",
        "text": "I recently rewatched all of the Great British Baking Show *original hosts only* eps on Netflix. I still can't quite bring myself to try the newer ones, but quarantine will likely break me eventually.",
        "user": "U019DU219B4",
        "ts": "1609974358.006100",
        "team": "T0D1XTUAD",
        "user_team": "T0D1XTUAD",
        "source_team": "T0D1XTUAD",
        "user_profile": {
            "avatar_hash": "b99fbed56ce5",
            "image_72": "https:\/\/avatars.slack-edge.com\/2020-08-24\/1326180875044_b99fbed56ce584617434_72.jpg",
            "first_name": "Dominique",
            "real_name": "Dominique Barni",
            "display_name": "Dominique Barni",
            "team": "T0D1XTUAD",
            "name": "n-dbarni",
            "is_restricted": false,
            "is_ultra_restricted": false
        },
        "blocks": [
            {
                "type": "rich_text",
                "block_id": "MF3",
                "elements": [
                    {
                        "type": "rich_text_section",
                        "elements": [
                            {
                                "type": "text",
                                "text": "I recently rewatched all of the Great British Baking Show *original hosts only* eps on Netflix. I still can't quite bring myself to try the newer ones, but quarantine will likely break me eventually."
                            }
                        ]
                    }
                ]
            }
        ]
    },
    {
        "bot_id": "B4M05S43S",
        "type": "message",
        "text": "gbbo",
        "user": "U019DU219B4",
        "ts": "1609974422.006300",
        "team": "T0D1XTUAD",
        "bot_profile": {
            "id": "B4M05S43S",
            "deleted": false,
            "name": "giphy",
            "updated": 1490131602,
            "app_id": "A0F827J2C",
            "icons": {
                "image_36": "https:\/\/a.slack-edge.com\/dc483\/img\/plugins\/giphy\/service_72.png",
                "image_48": "https:\/\/a.slack-edge.com\/dc483\/img\/plugins\/giphy\/service_48.png",
                "image_72": "https:\/\/a.slack-edge.com\/dc483\/img\/plugins\/giphy\/service_72.png"
            },
            "team_id": "T0D1XTUAD"
        },
        "blocks": [
            {
                "type": "image",
                "block_id": "XEoGL",
                "image_url": "https:\/\/media4.giphy.com\/media\/26gJzS2PzGDORN92o\/giphy-downsized.gif?cid=6104955ecfac943eecbb0e57b33b88daa4f766c39cc9e449&rid=giphy-downsized.gif",
                "alt_text": "gbbo",
                "title": {
                    "type": "plain_text",
                    "text": "gbbo",
                    "emoji": true
                },
                "fallback": "480x270px image",
                "image_width": 480,
                "image_height": 270,
                "image_bytes": 1476134,
                "is_animated": true
            },
            {
                "type": "context",
                "block_id": "8w3b",
                "elements": [
                    {
                        "type": "image",
                        "image_url": "https:\/\/a.slack-edge.com\/dc483\/img\/plugins\/giphy\/service_32.png",
                        "alt_text": "giphy logo"
                    },
                    {
                        "type": "mrkdwn",
                        "text": "Posted using \/giphy | GIF by <https:\/\/giphy.com\/pbs\/|PBS>",
                        "verbatim": false
                    }
                ]
            }
        ],
        "thread_ts": "1609974422.006300",
        "reply_count": 3,
        "reply_users_count": 2,
        "latest_reply": "1609974605.008100",
        "reply_users": [
            "U5Y0BDK51",
            "U019DU219B4"
        ],
        "replies": [
            {
                "user": "U5Y0BDK51",
                "ts": "1609974494.007100"
            },
            {
                "user": "U019DU219B4",
                "ts": "1609974551.007500"
            },
            {
                "user": "U019DU219B4",
                "ts": "1609974605.008100"
            }
        ],
        "subscribed": false
    },
    {
        "client_msg_id": "5a193a88-8dc5-4235-b588-dd59bea6fcca",
        "type": "message",
        "text": "And Ted Lasso (season 1) on Apple TV+ was an absolute DELIGHT.",
        "user": "U019DU219B4",
        "ts": "1609974488.006900",
        "team": "T0D1XTUAD",
        "user_team": "T0D1XTUAD",
        "source_team": "T0D1XTUAD",
        "user_profile": {
            "avatar_hash": "b99fbed56ce5",
            "image_72": "https:\/\/avatars.slack-edge.com\/2020-08-24\/1326180875044_b99fbed56ce584617434_72.jpg",
            "first_name": "Dominique",
            "real_name": "Dominique Barni",
            "display_name": "Dominique Barni",
            "team": "T0D1XTUAD",
            "name": "n-dbarni",
            "is_restricted": false,
            "is_ultra_restricted": false
        },
        "blocks": [
            {
                "type": "rich_text",
                "block_id": "kkj",
                "elements": [
                    {
                        "type": "rich_text_section",
                        "elements": [
                            {
                                "type": "text",
                                "text": "And Ted Lasso (season 1) on Apple TV+ was an absolute DELIGHT."
                            }
                        ]
                    }
                ]
            }
        ]
    },
    {
        "client_msg_id": "6b1555e4-c756-48d6-9ee5-4f6e0c07e656",
        "type": "message",
        "text": "Mel and Sue are the best!",
        "user": "U5Y0BDK51",
        "ts": "1609974494.007100",
        "team": "T0D1XTUAD",
        "user_team": "T0D1XTUAD",
        "source_team": "T0D1XTUAD",
        "user_profile": {
            "avatar_hash": "8ead721adcae",
            "image_72": "https:\/\/avatars.slack-edge.com\/2020-02-27\/973218989973_8ead721adcae603f0609_72.jpg",
            "first_name": "Marisa",
            "real_name": "Marisa Mellema",
            "display_name": "Marisa Mellema",
            "team": "T0D1XTUAD",
            "name": "marisam",
            "is_restricted": false,
            "is_ultra_restricted": false
        },
        "blocks": [
            {
                "type": "rich_text",
                "block_id": "16O5G",
                "elements": [
                    {
                        "type": "rich_text_section",
                        "elements": [
                            {
                                "type": "text",
                                "text": "Mel and Sue are the best!"
                            }
                        ]
                    }
                ]
            }
        ],
        "thread_ts": "1609974422.006300",
        "parent_user_id": "U019DU219B4"
    },
    {
        "bot_id": "B4M05S43S",
        "type": "message",
        "text": "ted lasso",
        "user": "U019DU219B4",
        "ts": "1609974532.007400",
        "team": "T0D1XTUAD",
        "bot_profile": {
            "id": "B4M05S43S",
            "deleted": false,
            "name": "giphy",
            "updated": 1490131602,
            "app_id": "A0F827J2C",
            "icons": {
                "image_36": "https:\/\/a.slack-edge.com\/dc483\/img\/plugins\/giphy\/service_72.png",
                "image_48": "https:\/\/a.slack-edge.com\/dc483\/img\/plugins\/giphy\/service_48.png",
                "image_72": "https:\/\/a.slack-edge.com\/dc483\/img\/plugins\/giphy\/service_72.png"
            },
            "team_id": "T0D1XTUAD"
        },
        "blocks": [
            {
                "type": "image",
                "block_id": "He6om",
                "image_url": "https:\/\/media2.giphy.com\/media\/GbddJJKbqtY2j8QRKq\/giphy.gif?cid=6104955eb1896a99612bf2e5914b985fb75a4b6d877d77a6&rid=giphy.gif",
                "alt_text": "ted lasso",
                "title": {
                    "type": "plain_text",
                    "text": "ted lasso",
                    "emoji": true
                },
                "fallback": "480x270px image",
                "image_width": 480,
                "image_height": 270,
                "image_bytes": 1278287,
                "is_animated": true
            },
            {
                "type": "context",
                "block_id": "sLA",
                "elements": [
                    {
                        "type": "image",
                        "image_url": "https:\/\/a.slack-edge.com\/dc483\/img\/plugins\/giphy\/service_32.png",
                        "alt_text": "giphy logo"
                    },
                    {
                        "type": "mrkdwn",
                        "text": "Posted using \/giphy | GIF by <https:\/\/giphy.com\/AppleTV\/|Apple TV>",
                        "verbatim": false
                    }
                ]
            }
        ],
        "reactions": [
            {
                "name": "100",
                "users": [
                    "U0NSCMBR8",
                    "UUL14UHHP"
                ],
                "count": 2
            }
        ]
    },
    {
        "client_msg_id": "2c16785e-002c-484a-b884-26fea603d11a",
        "type": "message",
        "text": "<@U5Y0BDK51> AGREED",
        "user": "U019DU219B4",
        "ts": "1609974551.007500",
        "team": "T0D1XTUAD",
        "user_team": "T0D1XTUAD",
        "source_team": "T0D1XTUAD",
        "user_profile": {
            "avatar_hash": "b99fbed56ce5",
            "image_72": "https:\/\/avatars.slack-edge.com\/2020-08-24\/1326180875044_b99fbed56ce584617434_72.jpg",
            "first_name": "Dominique",
            "real_name": "Dominique Barni",
            "display_name": "Dominique Barni",
            "team": "T0D1XTUAD",
            "name": "n-dbarni",
            "is_restricted": false,
            "is_ultra_restricted": false
        },
        "blocks": [
            {
                "type": "rich_text",
                "block_id": "0R4JS",
                "elements": [
                    {
                        "type": "rich_text_section",
                        "elements": [
                            {
                                "type": "user",
                                "user_id": "U5Y0BDK51"
                            },
                            {
                                "type": "text",
                                "text": " AGREED"
                            }
                        ]
                    }
                ]
            }
        ],
        "thread_ts": "1609974422.006300",
        "parent_user_id": "U019DU219B4"
    },
    {
        "client_msg_id": "27fb4c4d-84f3-4205-b733-f46a222c944a",
        "type": "message",
        "text": "<https:\/\/www.netflix.com\/title\/80234304>",
        "user": "UUJNECG67",
        "ts": "1609974595.007900",
        "team": "T0D1XTUAD",
        "user_team": "T0D1XTUAD",
        "source_team": "T0D1XTUAD",
        "user_profile": {
            "avatar_hash": "3770b096c03c",
            "image_72": "https:\/\/avatars.slack-edge.com\/2020-08-27\/1329102233075_3770b096c03ccdfc53b6_72.png",
            "first_name": "Andrea",
            "real_name": "Andrea",
            "display_name": "Andrea",
            "team": "T0D1XTUAD",
            "name": "andrea.rouleau",
            "is_restricted": false,
            "is_ultra_restricted": false
        },
        "attachments": [
            {
                "title": "The Queen's Gambit | Netflix Official Site",
                "title_link": "https:\/\/www.netflix.com\/title\/80234304",
                "text": "In a 1950s orphanage, a young girl reveals an astonishing talent for chess and begins an unlikely journey to stardom while grappling with addiction.",
                "fallback": "The Queen's Gambit | Netflix Official Site",
                "image_url": "https:\/\/occ-0-2433-2705.1.nflxso.net\/dnm\/api\/v6\/E8vDc_W8CLv7-yMQu8KMEC7Rrr8\/AAAABRAnu1-hzxBSmcqeM1FY1uehHJRO_lOQcHEGxWgMTR2Dp3i8Zy2bk739PJPZQyqVncIMQkAq0tB3O_7eceRvOxXJwxm5.jpg?r=736",
                "from_url": "https:\/\/www.netflix.com\/title\/80234304",
                "image_width": 444,
                "image_height": 250,
                "image_bytes": 182884,
                "service_icon": "https:\/\/assets.nflxext.com\/us\/ffe\/siteui\/common\/icons\/nficon2016.png",
                "service_name": "netflix.com",
                "id": 1,
                "original_url": "https:\/\/www.netflix.com\/title\/80234304"
            }
        ],
        "blocks": [
            {
                "type": "rich_text",
                "block_id": "NnH",
                "elements": [
                    {
                        "type": "rich_text_section",
                        "elements": [
                            {
                                "type": "link",
                                "url": "https:\/\/www.netflix.com\/title\/80234304"
                            }
                        ]
                    }
                ]
            }
        ],
        "thread_ts": "1609974595.007900",
        "reply_count": 5,
        "reply_users_count": 3,
        "latest_reply": "1610035880.022300",
        "reply_users": [
            "U019DU219B4",
            "UUL14UHHP",
            "UUJNECG67"
        ],
        "replies": [
            {
                "user": "U019DU219B4",
                "ts": "1609974676.008700"
            },
            {
                "user": "UUL14UHHP",
                "ts": "1609974759.009000"
            },
            {
                "user": "UUJNECG67",
                "ts": "1609974868.010000"
            },
            {
                "user": "U019DU219B4",
                "ts": "1610035842.022100"
            },
            {
                "user": "U019DU219B4",
                "ts": "1610035880.022300"
            }
        ],
        "subscribed": false,
        "reactions": [
            {
                "name": "white_check_mark",
                "users": [
                    "UUJNAHXB5"
                ],
                "count": 1
            }
        ]
    },
    {
        "bot_id": "B4M05S43S",
        "type": "message",
        "text": "mel sue sandwich",
        "user": "U019DU219B4",
        "ts": "1609974605.008100",
        "team": "T0D1XTUAD",
        "bot_profile": {
            "id": "B4M05S43S",
            "deleted": false,
            "name": "giphy",
            "updated": 1490131602,
            "app_id": "A0F827J2C",
            "icons": {
                "image_36": "https:\/\/a.slack-edge.com\/dc483\/img\/plugins\/giphy\/service_72.png",
                "image_48": "https:\/\/a.slack-edge.com\/dc483\/img\/plugins\/giphy\/service_48.png",
                "image_72": "https:\/\/a.slack-edge.com\/dc483\/img\/plugins\/giphy\/service_72.png"
            },
            "team_id": "T0D1XTUAD"
        },
        "blocks": [
            {
                "type": "image",
                "block_id": "6T5t",
                "image_url": "https:\/\/media2.giphy.com\/media\/l3vQZgNtToBynqGju\/giphy-downsized.gif?cid=6104955eda6beb848357cca771440181f8bbdbfb54bc78fb&rid=giphy-downsized.gif",
                "alt_text": "mel sue sandwich",
                "title": {
                    "type": "plain_text",
                    "text": "mel sue sandwich",
                    "emoji": true
                },
                "fallback": "500x281px image",
                "image_width": 500,
                "image_height": 281,
                "image_bytes": 1551164,
                "is_animated": true
            },
            {
                "type": "context",
                "block_id": "Jp2",
                "elements": [
                    {
                        "type": "image",
                        "image_url": "https:\/\/a.slack-edge.com\/dc483\/img\/plugins\/giphy\/service_32.png",
                        "alt_text": "giphy logo"
                    },
                    {
                        "type": "mrkdwn",
                        "text": "Posted using \/giphy | GIF by <https:\/\/giphy.com\/bbc\/|BBC>",
                        "verbatim": false
                    }
                ]
            }
        ],
        "thread_ts": "1609974422.006300",
        "parent_user_id": "U019DU219B4",
        "reactions": [
            {
                "name": "heart",
                "users": [
                    "U5Y0BDK51",
                    "UUJNECG67"
                ],
                "count": 2
            }
        ]
    },
    {
        "client_msg_id": "eb93e313-1b7b-4e55-a572-48298f195fe0",
        "type": "message",
        "text": "<https:\/\/www.netflix.com\/title\/70272726>",
        "user": "UUJNECG67",
        "ts": "1609974620.008500",
        "team": "T0D1XTUAD",
        "user_team": "T0D1XTUAD",
        "source_team": "T0D1XTUAD",
        "user_profile": {
            "avatar_hash": "3770b096c03c",
            "image_72": "https:\/\/avatars.slack-edge.com\/2020-08-27\/1329102233075_3770b096c03ccdfc53b6_72.png",
            "first_name": "Andrea",
            "real_name": "Andrea",
            "display_name": "Andrea",
            "team": "T0D1XTUAD",
            "name": "andrea.rouleau",
            "is_restricted": false,
            "is_ultra_restricted": false
        },
        "attachments": [
            {
                "title": "The Fall | Netflix Official Site",
                "title_link": "https:\/\/www.netflix.com\/title\/70272726",
                "text": "A detective superintendent battles her own personal demons as she tries to get inside the head of a serial killer hiding behind a family-man facade.",
                "fallback": "The Fall | Netflix Official Site",
                "image_url": "https:\/\/occ-0-2433-2705.1.nflxso.net\/dnm\/api\/v6\/E8vDc_W8CLv7-yMQu8KMEC7Rrr8\/AAAABdgcx5QU1Jh7C6zSQ4wu1Z0IRM5hx-U9u3I9yrGNSrj-m3Q9-H2g2tFDsFH3I3Qz6NYKjsSUtYSzZ88H9DLZw4_1zB1g.jpg?r=bce",
                "from_url": "https:\/\/www.netflix.com\/title\/70272726",
                "image_width": 444,
                "image_height": 250,
                "image_bytes": 80947,
                "service_icon": "https:\/\/assets.nflxext.com\/us\/ffe\/siteui\/common\/icons\/nficon2016.png",
                "service_name": "netflix.com",
                "id": 1,
                "original_url": "https:\/\/www.netflix.com\/title\/70272726"
            }
        ],
        "blocks": [
            {
                "type": "rich_text",
                "block_id": "V7q",
                "elements": [
                    {
                        "type": "rich_text_section",
                        "elements": [
                            {
                                "type": "link",
                                "url": "https:\/\/www.netflix.com\/title\/70272726"
                            }
                        ]
                    }
                ]
            }
        ]
    },
    {
        "client_msg_id": "83bcdf42-df1a-48dc-9c1d-e6e92be8b704",
        "type": "message",
        "text": "I haven't taken the plunge yet, but will be in the next week or few. I hear it's great!",
        "user": "U019DU219B4",
        "ts": "1609974676.008700",
        "team": "T0D1XTUAD",
        "user_team": "T0D1XTUAD",
        "source_team": "T0D1XTUAD",
        "user_profile": {
            "avatar_hash": "b99fbed56ce5",
            "image_72": "https:\/\/avatars.slack-edge.com\/2020-08-24\/1326180875044_b99fbed56ce584617434_72.jpg",
            "first_name": "Dominique",
            "real_name": "Dominique Barni",
            "display_name": "Dominique Barni",
            "team": "T0D1XTUAD",
            "name": "n-dbarni",
            "is_restricted": false,
            "is_ultra_restricted": false
        },
        "blocks": [
            {
                "type": "rich_text",
                "block_id": "j6g",
                "elements": [
                    {
                        "type": "rich_text_section",
                        "elements": [
                            {
                                "type": "text",
                                "text": "I haven't taken the plunge yet, but will be in the next week or few. I hear it's great!"
                            }
                        ]
                    }
                ]
            }
        ],
        "thread_ts": "1609974595.007900",
        "parent_user_id": "UUJNECG67",
        "reactions": [
            {
                "name": "+1::skin-tone-4",
                "users": [
                    "UUJNECG67"
                ],
                "count": 1
            }
        ]
    },
    {
        "client_msg_id": "4938ce1e-1838-4b17-beb7-cdd5c60fe778",
        "type": "message",
        "text": "I loved this show so much that I also listened to the audiobook. SO GOOD! :crown:",
        "user": "UUL14UHHP",
        "ts": "1609974759.009000",
        "team": "T0D1XTUAD",
        "user_team": "T0D1XTUAD",
        "source_team": "T0D1XTUAD",
        "user_profile": {
            "avatar_hash": "0662c2f07684",
            "image_72": "https:\/\/avatars.slack-edge.com\/2020-03-04\/982524968624_0662c2f07684e471e99d_72.png",
            "first_name": "Wendy",
            "real_name": "Wendy Gable Collins",
            "display_name": "Wendy",
            "team": "T0D1XTUAD",
            "name": "wendy.collins",
            "is_restricted": false,
            "is_ultra_restricted": false
        },
        "blocks": [
            {
                "type": "rich_text",
                "block_id": "XY61",
                "elements": [
                    {
                        "type": "rich_text_section",
                        "elements": [
                            {
                                "type": "text",
                                "text": "I loved this show so much that I also listened to the audiobook. SO GOOD! "
                            },
                            {
                                "type": "emoji",
                                "name": "crown"
                            }
                        ]
                    }
                ]
            }
        ],
        "thread_ts": "1609974595.007900",
        "parent_user_id": "UUJNECG67",
        "reactions": [
            {
                "name": "+1::skin-tone-4",
                "users": [
                    "UUJNECG67"
                ],
                "count": 1
            }
        ]
    },
    {
        "client_msg_id": "5bb91469-060f-44dd-97a4-5625aa82c497",
        "type": "message",
        "text": "<https:\/\/www.netflix.com\/title\/80002479>",
        "user": "UUJNECG67",
        "ts": "1609974831.009600",
        "team": "T0D1XTUAD",
        "user_team": "T0D1XTUAD",
        "source_team": "T0D1XTUAD",
        "user_profile": {
            "avatar_hash": "3770b096c03c",
            "image_72": "https:\/\/avatars.slack-edge.com\/2020-08-27\/1329102233075_3770b096c03ccdfc53b6_72.png",
            "first_name": "Andrea",
            "real_name": "Andrea",
            "display_name": "Andrea",
            "team": "T0D1XTUAD",
            "name": "andrea.rouleau",
            "is_restricted": false,
            "is_ultra_restricted": false
        },
        "attachments": [
            {
                "title": "Peaky Blinders | Netflix Official Site",
                "title_link": "https:\/\/www.netflix.com\/title\/80002479",
                "text": "A notorious gang in 1919 Birmingham, England, is led by the fierce Tommy Shelby, a crime boss set on moving up in the world no matter the cost.",
                "fallback": "Peaky Blinders | Netflix Official Site",
                "image_url": "https:\/\/occ-0-2433-2705.1.nflxso.net\/dnm\/api\/v6\/E8vDc_W8CLv7-yMQu8KMEC7Rrr8\/AAAABWUGiNAuTCVwaZ0dR2l4N5Ll5OgdRVlq0v39fOGBdvqiJSnZ4ascEEBMwTU2spQANdpTtzL6wLZyNSYAc8JdSll3gmxa.jpg?r=4cf",
                "from_url": "https:\/\/www.netflix.com\/title\/80002479",
                "image_width": 444,
                "image_height": 250,
                "image_bytes": 212369,
                "service_icon": "https:\/\/assets.nflxext.com\/us\/ffe\/siteui\/common\/icons\/nficon2016.png",
                "service_name": "netflix.com",
                "id": 1,
                "original_url": "https:\/\/www.netflix.com\/title\/80002479"
            }
        ],
        "blocks": [
            {
                "type": "rich_text",
                "block_id": "VwMx8",
                "elements": [
                    {
                        "type": "rich_text_section",
                        "elements": [
                            {
                                "type": "link",
                                "url": "https:\/\/www.netflix.com\/title\/80002479"
                            }
                        ]
                    }
                ]
            }
        ],
        "thread_ts": "1609974831.009600",
        "reply_count": 3,
        "reply_users_count": 3,
        "latest_reply": "1609975752.018100",
        "reply_users": [
            "UTJPVN880",
            "UUJNECG67",
            "UUYA2ADEJ"
        ],
        "replies": [
            {
                "user": "UTJPVN880",
                "ts": "1609975213.012900"
            },
            {
                "user": "UUJNECG67",
                "ts": "1609975514.017400"
            },
            {
                "user": "UUYA2ADEJ",
                "ts": "1609975752.018100"
            }
        ],
        "subscribed": false
    },
    {
        "client_msg_id": "23af99d1-f21c-4169-a5a8-7fde8dadeb18",
        "type": "message",
        "text": "<@U019DU219B4> it is! once you start, you can’t stop. Brilliant show!",
        "user": "UUJNECG67",
        "ts": "1609974868.010000",
        "team": "T0D1XTUAD",
        "user_team": "T0D1XTUAD",
        "source_team": "T0D1XTUAD",
        "user_profile": {
            "avatar_hash": "3770b096c03c",
            "image_72": "https:\/\/avatars.slack-edge.com\/2020-08-27\/1329102233075_3770b096c03ccdfc53b6_72.png",
            "first_name": "Andrea",
            "real_name": "Andrea",
            "display_name": "Andrea",
            "team": "T0D1XTUAD",
            "name": "andrea.rouleau",
            "is_restricted": false,
            "is_ultra_restricted": false
        },
        "blocks": [
            {
                "type": "rich_text",
                "block_id": "6rj",
                "elements": [
                    {
                        "type": "rich_text_section",
                        "elements": [
                            {
                                "type": "user",
                                "user_id": "U019DU219B4"
                            },
                            {
                                "type": "text",
                                "text": " it is! once you start, you can’t stop. Brilliant show!"
                            }
                        ]
                    }
                ]
            }
        ],
        "thread_ts": "1609974595.007900",
        "parent_user_id": "UUJNECG67",
        "reactions": [
            {
                "name": "the_horns",
                "users": [
                    "U019DU219B4"
                ],
                "count": 1
            }
        ]
    },
    {
        "client_msg_id": "4cb63022-774d-473b-9172-214a92a2da42",
        "type": "message",
        "text": "<https:\/\/www.hbo.com\/his-dark-materials>\nThis is a YA show, I think, but I really enjoyed it. The production quality is really good.",
        "user": "UUL14UHHP",
        "ts": "1609974931.011200",
        "team": "T0D1XTUAD",
        "user_team": "T0D1XTUAD",
        "source_team": "T0D1XTUAD",
        "user_profile": {
            "avatar_hash": "0662c2f07684",
            "image_72": "https:\/\/avatars.slack-edge.com\/2020-03-04\/982524968624_0662c2f07684e471e99d_72.png",
            "first_name": "Wendy",
            "real_name": "Wendy Gable Collins",
            "display_name": "Wendy",
            "team": "T0D1XTUAD",
            "name": "wendy.collins",
            "is_restricted": false,
            "is_ultra_restricted": false
        },
        "edited": {
            "user": "UUL14UHHP",
            "ts": "1609975097.000000"
        },
        "attachments": [
            {
                "service_name": "HBO",
                "title": "His Dark Materials: Official Website for the Series | HBO",
                "title_link": "https:\/\/www.hbo.com\/his-dark-materials",
                "text": "Learn more about the HBO series His Dark Materials.",
                "fallback": "HBO: His Dark Materials: Official Website for the Series | HBO",
                "image_url": "https:\/\/www.hbo.com\/content\/dam\/hbodata\/series\/his-dark-materials\/key-art\/his-dark-materials-ka-1920.jpg\/_jcr_content\/renditions\/cq5dam.web.768.432.jpeg",
                "from_url": "https:\/\/www.hbo.com\/his-dark-materials",
                "image_width": 444,
                "image_height": 250,
                "image_bytes": 44192,
                "service_icon": "https:\/\/www.hbo.com\/favicon.ico",
                "id": 1,
                "original_url": "https:\/\/www.hbo.com\/his-dark-materials"
            }
        ],
        "blocks": [
            {
                "type": "rich_text",
                "block_id": "iQB",
                "elements": [
                    {
                        "type": "rich_text_section",
                        "elements": [
                            {
                                "type": "link",
                                "url": "https:\/\/www.hbo.com\/his-dark-materials"
                            },
                            {
                                "type": "text",
                                "text": "\nThis is a YA show, I think, but I really enjoyed it. The production quality is really good."
                            }
                        ]
                    }
                ]
            }
        ],
        "reactions": [
            {
                "name": "plus1",
                "users": [
                    "UTJPVN880",
                    "UUYA2ADEJ"
                ],
                "count": 2
            }
        ]
    },
    {
        "client_msg_id": "4ADD3A9B-CB5D-41CB-9B99-D4F5715330A9",
        "type": "message",
        "text": "Offspring is a delight.\n<https:\/\/www.netflix.com\/title\/80118289>\n<https:\/\/www.imdb.com\/title\/tt1530541\/?ref_=fn_al_tt_1>",
        "user": "U0NSCMBR8",
        "ts": "1609974937.011500",
        "team": "T0D1XTUAD",
        "user_team": "T0D1XTUAD",
        "source_team": "T0D1XTUAD",
        "user_profile": {
            "avatar_hash": "28a69ac871a0",
            "image_72": "https:\/\/avatars.slack-edge.com\/2016-02-24\/22896597253_28a69ac871a00b39b963_72.jpg",
            "first_name": "Al",
            "real_name": "Al Boss",
            "display_name": "",
            "team": "T0D1XTUAD",
            "name": "alboss",
            "is_restricted": false,
            "is_ultra_restricted": false
        },
        "edited": {
            "user": "U0NSCMBR8",
            "ts": "1609975546.000000"
        },
        "attachments": [
            {
                "service_name": "IMDb",
                "title": "Offspring (TV Series 2010–2017) - IMDb",
                "title_link": "https:\/\/www.imdb.com\/title\/tt1530541\/?ref_=fn_al_tt_1",
                "text": "Created by Debra Oswald, Imogen Banks, John Edwards. With Asher Keddie, Kat Stewart, Richard Davies, Linda Cropper. The story of the impossible loves of 30-something obstetrician Nina Proudman and her fabulously messy family.",
                "fallback": "IMDb: Offspring (TV Series 2010–2017) - IMDb",
                "image_url": "https:\/\/m.media-amazon.com\/images\/M\/MV5BN2UxZjgzNzEtZDk4ZC00ZjNmLTkzMWYtNTA0YzhkYmUyMzE2XkEyXkFqcGdeQXVyMTExNDQ2MTI@._V1_UY1200_CR94,0,630,1200_AL_.jpg",
                "from_url": "https:\/\/www.imdb.com\/title\/tt1530541\/?ref_=fn_al_tt_1",
                "image_width": 131,
                "image_height": 250,
                "image_bytes": 105407,
                "service_icon": "https:\/\/www.imdb.com\/favicon.ico",
                "id": 1,
                "original_url": "https:\/\/www.imdb.com\/title\/tt1530541\/?ref_=fn_al_tt_1"
            }
        ],
        "blocks": [
            {
                "type": "rich_text",
                "block_id": "pUCN",
                "elements": [
                    {
                        "type": "rich_text_section",
                        "elements": [
                            {
                                "type": "text",
                                "text": "Offspring is a delight.\n"
                            },
                            {
                                "type": "link",
                                "url": "https:\/\/www.netflix.com\/title\/80118289"
                            },
                            {
                                "type": "text",
                                "text": "\n"
                            },
                            {
                                "type": "link",
                                "url": "https:\/\/www.imdb.com\/title\/tt1530541\/?ref_=fn_al_tt_1"
                            }
                        ]
                    }
                ]
            }
        ]
    },
    {
        "client_msg_id": "89a54dc6-434e-4e99-a946-700af702ae86",
        "type": "message",
        "text": "<https:\/\/tv.apple.com\/us\/show\/tehran\/umc.cmc.337cdk1ou0bmn6frmzxwm7xqd>\nI'm watching this right now. I really like it.",
        "user": "UUL14UHHP",
        "ts": "1609975022.012000",
        "team": "T0D1XTUAD",
        "user_team": "T0D1XTUAD",
        "source_team": "T0D1XTUAD",
        "user_profile": {
            "avatar_hash": "0662c2f07684",
            "image_72": "https:\/\/avatars.slack-edge.com\/2020-03-04\/982524968624_0662c2f07684e471e99d_72.png",
            "first_name": "Wendy",
            "real_name": "Wendy Gable Collins",
            "display_name": "Wendy",
            "team": "T0D1XTUAD",
            "name": "wendy.collins",
            "is_restricted": false,
            "is_ultra_restricted": false
        },
        "attachments": [
            {
                "service_name": "Apple TV",
                "title": "Tehran on Apple TV+",
                "title_link": "https:\/\/tv.apple.com\/us\/show\/tehran\/umc.cmc.337cdk1ou0bmn6frmzxwm7xqd",
                "text": "Tamar is a Mossad hacker-agent who infiltrates Tehran under a false identity to help destroy Iran’s nuclear reactor. But when her mission fails and sh…",
                "fallback": "Apple TV: Tehran on Apple TV+",
                "image_url": "https:\/\/is3-ssl.mzstatic.com\/image\/thumb\/XqH2qFzXvw8ZwLXQTRHsbw\/1200x630.jpg",
                "image_width": 444,
                "image_height": 250,
                "from_url": "https:\/\/tv.apple.com\/us\/show\/tehran\/umc.cmc.337cdk1ou0bmn6frmzxwm7xqd",
                "image_bytes": 252264,
                "service_icon": "https:\/\/tv.apple.com\/assets\/favicon\/favicon-180-c2dbf2388d7aafbd6ea06ec265a59570.png",
                "id": 1,
                "original_url": "https:\/\/tv.apple.com\/us\/show\/tehran\/umc.cmc.337cdk1ou0bmn6frmzxwm7xqd"
            }
        ],
        "blocks": [
            {
                "type": "rich_text",
                "block_id": "YBJn9",
                "elements": [
                    {
                        "type": "rich_text_section",
                        "elements": [
                            {
                                "type": "link",
                                "url": "https:\/\/tv.apple.com\/us\/show\/tehran\/umc.cmc.337cdk1ou0bmn6frmzxwm7xqd"
                            },
                            {
                                "type": "text",
                                "text": "\nI'm watching this right now. I really like it."
                            }
                        ]
                    }
                ]
            }
        ],
        "reactions": [
            {
                "name": "+1::skin-tone-4",
                "users": [
                    "UUJNECG67"
                ],
                "count": 1
            }
        ]
    },
    {
        "client_msg_id": "d786fbcf-662a-44a4-9e15-2ef057578c2f",
        "type": "message",
        "text": "My wife loves this one.",
        "user": "UTJPVN880",
        "ts": "1609975213.012900",
        "team": "T0D1XTUAD",
        "user_team": "T0D1XTUAD",
        "source_team": "T0D1XTUAD",
        "user_profile": {
            "avatar_hash": "e0fd7b937159",
            "image_72": "https:\/\/avatars.slack-edge.com\/2020-02-26\/972867120199_e0fd7b9371597938830e_72.png",
            "first_name": "",
            "real_name": "Matt Adleberg",
            "display_name": "Matt Adleberg",
            "team": "T0D1XTUAD",
            "name": "madleberg",
            "is_restricted": false,
            "is_ultra_restricted": false
        },
        "blocks": [
            {
                "type": "rich_text",
                "block_id": "x5S",
                "elements": [
                    {
                        "type": "rich_text_section",
                        "elements": [
                            {
                                "type": "text",
                                "text": "My wife loves this one."
                            }
                        ]
                    }
                ]
            }
        ],
        "thread_ts": "1609974831.009600",
        "parent_user_id": "UUJNECG67",
        "reactions": [
            {
                "name": "the_horns::skin-tone-4",
                "users": [
                    "UUJNECG67"
                ],
                "count": 1
            }
        ]
    },
    {
        "client_msg_id": "8d2ff622-c5bc-44f8-8a5e-e92b9eceabfb",
        "type": "message",
        "text": "Very, VERY good!\n<https:\/\/www.netflix.com\/title\/81004164>\n<https:\/\/www.imdb.com\/title\/tt3069894\/>",
        "user": "UUJNECG67",
        "ts": "1609975249.013600",
        "team": "T0D1XTUAD",
        "user_team": "T0D1XTUAD",
        "source_team": "T0D1XTUAD",
        "user_profile": {
            "avatar_hash": "3770b096c03c",
            "image_72": "https:\/\/avatars.slack-edge.com\/2020-08-27\/1329102233075_3770b096c03ccdfc53b6_72.png",
            "first_name": "Andrea",
            "real_name": "Andrea",
            "display_name": "Andrea",
            "team": "T0D1XTUAD",
            "name": "andrea.rouleau",
            "is_restricted": false,
            "is_ultra_restricted": false
        },
        "edited": {
            "user": "UUJNECG67",
            "ts": "1609975440.000000"
        },
        "attachments": [
            {
                "service_name": "IMDb",
                "title": "Shtisel (TV Series 2013– ) - IMDb",
                "title_link": "https:\/\/www.imdb.com\/title\/tt3069894\/",
                "text": "Created by Ori Elon, Yehonatan Indursky. With Doval'e Glickman, Michael Aloni, Neta Riskin, Shira Haas. The life of the Shtisel family, a haredi family in Jerusalem.",
                "fallback": "IMDb: Shtisel (TV Series 2013– ) - IMDb",
                "image_url": "https:\/\/m.media-amazon.com\/images\/M\/MV5BN2Y1MGJkMmEtNjZmZi00MDJjLTlmMDgtZjVlYTI3ZGVkMzU5XkEyXkFqcGdeQXVyMjMyMzI4MzY@._V1_UY1200_CR113,0,630,1200_AL_.jpg",
                "from_url": "https:\/\/www.imdb.com\/title\/tt3069894\/",
                "image_width": 131,
                "image_height": 250,
                "image_bytes": 81689,
                "service_icon": "https:\/\/www.imdb.com\/favicon.ico",
                "id": 1,
                "original_url": "https:\/\/www.imdb.com\/title\/tt3069894\/"
            }
        ],
        "blocks": [
            {
                "type": "rich_text",
                "block_id": "6Fmt4",
                "elements": [
                    {
                        "type": "rich_text_section",
                        "elements": [
                            {
                                "type": "text",
                                "text": "Very, VERY good!\n"
                            },
                            {
                                "type": "link",
                                "url": "https:\/\/www.netflix.com\/title\/81004164"
                            },
                            {
                                "type": "text",
                                "text": "\n"
                            },
                            {
                                "type": "link",
                                "url": "https:\/\/www.imdb.com\/title\/tt3069894\/"
                            }
                        ]
                    }
                ]
            }
        ]
    },
    {
        "client_msg_id": "5e5969c0-2b0b-4752-a39a-8314ce307bce",
        "type": "message",
        "text": "Detectorists is brilliant.\n<https:\/\/www.amazon.com\/Detectorists\/dp\/B014P63IC6>\n<https:\/\/www.imdb.com\/title\/tt4082744\/?ref_=fn_al_tt_1>",
        "user": "U0NSCMBR8",
        "ts": "1609975251.013700",
        "team": "T0D1XTUAD",
        "user_team": "T0D1XTUAD",
        "source_team": "T0D1XTUAD",
        "user_profile": {
            "avatar_hash": "28a69ac871a0",
            "image_72": "https:\/\/avatars.slack-edge.com\/2016-02-24\/22896597253_28a69ac871a00b39b963_72.jpg",
            "first_name": "Al",
            "real_name": "Al Boss",
            "display_name": "",
            "team": "T0D1XTUAD",
            "name": "alboss",
            "is_restricted": false,
            "is_ultra_restricted": false
        },
        "edited": {
            "user": "U0NSCMBR8",
            "ts": "1609975447.000000"
        },
        "attachments": [
            {
                "service_name": "IMDb",
                "title": "Detectorists (TV Series 2014–2017) - IMDb",
                "title_link": "https:\/\/www.imdb.com\/title\/tt4082744\/?ref_=fn_al_tt_1",
                "text": "Created by Mackenzie Crook. With Mackenzie Crook, Toby Jones, Rachael Stirling, Gerard Horan. The lives of two eccentric metal detectorists, who spend their days plodding along ploughed tracks and open fields, hoping to disturb the tedium by unearthing the fortune of a lifetime.",
                "fallback": "IMDb: Detectorists (TV Series 2014–2017) - IMDb",
                "image_url": "https:\/\/m.media-amazon.com\/images\/M\/MV5BZGUyOWJiYTUtN2E0Ni00MGUwLTk4ZjktYzc3ZmRkNzVlNTU0XkEyXkFqcGdeQXVyMTExNDQ2MTI@._V1_UY1200_CR85,0,630,1200_AL_.jpg",
                "from_url": "https:\/\/www.imdb.com\/title\/tt4082744\/?ref_=fn_al_tt_1",
                "image_width": 131,
                "image_height": 250,
                "image_bytes": 113773,
                "service_icon": "https:\/\/www.imdb.com\/favicon.ico",
                "id": 1,
                "original_url": "https:\/\/www.imdb.com\/title\/tt4082744\/?ref_=fn_al_tt_1"
            }
        ],
        "blocks": [
            {
                "type": "rich_text",
                "block_id": "mbQQ",
                "elements": [
                    {
                        "type": "rich_text_section",
                        "elements": [
                            {
                                "type": "text",
                                "text": "Detectorists is brilliant.\n"
                            },
                            {
                                "type": "link",
                                "url": "https:\/\/www.amazon.com\/Detectorists\/dp\/B014P63IC6"
                            },
                            {
                                "type": "text",
                                "text": "\n"
                            },
                            {
                                "type": "link",
                                "url": "https:\/\/www.imdb.com\/title\/tt4082744\/?ref_=fn_al_tt_1"
                            }
                        ]
                    }
                ]
            }
        ],
        "thread_ts": "1609975251.013700",
        "reply_count": 1,
        "reply_users_count": 1,
        "latest_reply": "1610002077.020900",
        "reply_users": [
            "UUJNECG67"
        ],
        "replies": [
            {
                "user": "UUJNECG67",
                "ts": "1610002077.020900"
            }
        ],
        "subscribed": false
    },
    {
        "client_msg_id": "1800b0f9-42f7-4730-81dc-d7c271692ee9",
        "type": "message",
        "text": "The Expanse is real well done:\n<https:\/\/www.imdb.com\/title\/tt3230854\/> so good.",
        "user": "UTJPVN880",
        "ts": "1609975327.014300",
        "team": "T0D1XTUAD",
        "user_team": "T0D1XTUAD",
        "source_team": "T0D1XTUAD",
        "user_profile": {
            "avatar_hash": "e0fd7b937159",
            "image_72": "https:\/\/avatars.slack-edge.com\/2020-02-26\/972867120199_e0fd7b9371597938830e_72.png",
            "first_name": "",
            "real_name": "Matt Adleberg",
            "display_name": "Matt Adleberg",
            "team": "T0D1XTUAD",
            "name": "madleberg",
            "is_restricted": false,
            "is_ultra_restricted": false
        },
        "attachments": [
            {
                "service_name": "IMDb",
                "title": "The Expanse (TV Series 2015– ) - IMDb",
                "title_link": "https:\/\/www.imdb.com\/title\/tt3230854\/",
                "text": "Created by Daniel Abraham, Mark Fergus, Ty Franck. With Steven Strait, Dominique Tipper, Wes Chatham, Shohreh Aghdashloo. In the 24th century, a disparate band of antiheroes unravel a vast conspiracy that threatens the Solar System's fragile state of cold war.",
                "fallback": "IMDb: The Expanse (TV Series 2015– ) - IMDb",
                "image_url": "https:\/\/m.media-amazon.com\/images\/M\/MV5BMjM4ZTVkODctNGZhNC00NWY5LWJkMjEtYmI1ZDg2Yjg2NDQzXkEyXkFqcGdeQXVyNjcyNjcyMzQ@._V1_UY1200_CR90,0,630,1200_AL_.jpg",
                "from_url": "https:\/\/www.imdb.com\/title\/tt3230854\/",
                "image_width": 131,
                "image_height": 250,
                "image_bytes": 211980,
                "service_icon": "https:\/\/www.imdb.com\/favicon.ico",
                "id": 1,
                "original_url": "https:\/\/www.imdb.com\/title\/tt3230854\/"
            }
        ],
        "blocks": [
            {
                "type": "rich_text",
                "block_id": "=KA",
                "elements": [
                    {
                        "type": "rich_text_section",
                        "elements": [
                            {
                                "type": "text",
                                "text": "The Expanse is real well done:\n"
                            },
                            {
                                "type": "link",
                                "url": "https:\/\/www.imdb.com\/title\/tt3230854\/"
                            },
                            {
                                "type": "text",
                                "text": " so good."
                            }
                        ]
                    }
                ]
            }
        ],
        "thread_ts": "1609975327.014300",
        "reply_count": 2,
        "reply_users_count": 2,
        "latest_reply": "1610001959.019900",
        "reply_users": [
            "U5Y0BDK51",
            "UUJNECG67"
        ],
        "replies": [
            {
                "user": "U5Y0BDK51",
                "ts": "1609986071.018900"
            },
            {
                "user": "UUJNECG67",
                "ts": "1610001959.019900"
            }
        ],
        "subscribed": false,
        "reactions": [
            {
                "name": "100",
                "users": [
                    "U5Y0BDK51",
                    "U0NSCMBR8"
                ],
                "count": 2
            },
            {
                "name": "plus1",
                "users": [
                    "U5Y0BDK51"
                ],
                "count": 1
            }
        ]
    },
    {
        "client_msg_id": "77140530-84ed-42d3-aca4-9b6c6d259bd2",
        "type": "message",
        "text": "800 Words is awesome. You can get it on AcornTV, which is an Amazon Prime add-on.\n<https:\/\/www.imdb.com\/title\/tt4380324\/>",
        "user": "U0NSCMBR8",
        "ts": "1609975398.015900",
        "team": "T0D1XTUAD",
        "user_team": "T0D1XTUAD",
        "source_team": "T0D1XTUAD",
        "user_profile": {
            "avatar_hash": "28a69ac871a0",
            "image_72": "https:\/\/avatars.slack-edge.com\/2016-02-24\/22896597253_28a69ac871a00b39b963_72.jpg",
            "first_name": "Al",
            "real_name": "Al Boss",
            "display_name": "",
            "team": "T0D1XTUAD",
            "name": "alboss",
            "is_restricted": false,
            "is_ultra_restricted": false
        },
        "attachments": [
            {
                "service_name": "IMDb",
                "title": "800 Words (TV Series 2015–2018) - IMDb",
                "title_link": "https:\/\/www.imdb.com\/title\/tt4380324\/",
                "text": "Created by James Griffin, Maxine Fleming. With Erik Thomson, Melina Vidler, Benson Jack Anthony, Michelle Langstone. A recently widowed father quits his job as a popular 800-word columnist for a top-selling Sydney newspaper.",
                "fallback": "IMDb: 800 Words (TV Series 2015–2018) - IMDb",
                "image_url": "https:\/\/m.media-amazon.com\/images\/M\/MV5BNWZhNzhhYmYtMzc5ZS00ZmQ1LWI3MGUtNzM4Yzc1NzJmNWY0XkEyXkFqcGdeQXVyNjgwNTMzNjc@._V1_UY1200_CR108,0,630,1200_AL_.jpg",
                "from_url": "https:\/\/www.imdb.com\/title\/tt4380324\/",
                "image_width": 131,
                "image_height": 250,
                "image_bytes": 90862,
                "service_icon": "https:\/\/www.imdb.com\/favicon.ico",
                "id": 1,
                "original_url": "https:\/\/www.imdb.com\/title\/tt4380324\/"
            }
        ],
        "blocks": [
            {
                "type": "rich_text",
                "block_id": "Eugp",
                "elements": [
                    {
                        "type": "rich_text_section",
                        "elements": [
                            {
                                "type": "text",
                                "text": "800 Words is awesome. You can get it on AcornTV, which is an Amazon Prime add-on.\n"
                            },
                            {
                                "type": "link",
                                "url": "https:\/\/www.imdb.com\/title\/tt4380324\/"
                            }
                        ]
                    }
                ]
            }
        ]
    },
    {
        "client_msg_id": "a245b045-ffea-4461-8f47-a0611c90d2ae",
        "type": "message",
        "text": "This was incredible! <https:\/\/www.netflix.com\/search?q=sht&amp;jbv=81019069>",
        "user": "UUJNECG67",
        "ts": "1609975415.016400",
        "team": "T0D1XTUAD",
        "user_team": "T0D1XTUAD",
        "source_team": "T0D1XTUAD",
        "user_profile": {
            "avatar_hash": "3770b096c03c",
            "image_72": "https:\/\/avatars.slack-edge.com\/2020-08-27\/1329102233075_3770b096c03ccdfc53b6_72.png",
            "first_name": "Andrea",
            "real_name": "Andrea",
            "display_name": "Andrea",
            "team": "T0D1XTUAD",
            "name": "andrea.rouleau",
            "is_restricted": false,
            "is_ultra_restricted": false
        },
        "attachments": [
            {
                "title": "Unorthodox | Netflix Official Site",
                "title_link": "https:\/\/www.netflix.com\/search?q=sht&jbv=81019069",
                "text": "A Hasidic Jewish woman in Brooklyn flees to Berlin from an arranged marriage and is taken in by a group of musicians — until her past comes calling.",
                "fallback": "Unorthodox | Netflix Official Site",
                "image_url": "https:\/\/occ-0-2433-2705.1.nflxso.net\/dnm\/api\/v6\/E8vDc_W8CLv7-yMQu8KMEC7Rrr8\/AAAABf0qTRVwVM7KUwcjQV9iRYJq1dv32-ihcGAymCJECUa2pfg7pGFh_ypxOostgbdh8_NFlpf_gsppU-XSFF_NfvX5yLse.jpg?r=bd8",
                "from_url": "https:\/\/www.netflix.com\/search?q=sht&jbv=81019069",
                "image_width": 444,
                "image_height": 250,
                "image_bytes": 95107,
                "service_icon": "https:\/\/assets.nflxext.com\/us\/ffe\/siteui\/common\/icons\/nficon2016.png",
                "service_name": "netflix.com",
                "id": 1,
                "original_url": "https:\/\/www.netflix.com\/search?q=sht&amp;jbv=81019069"
            }
        ],
        "blocks": [
            {
                "type": "rich_text",
                "block_id": "yWMg",
                "elements": [
                    {
                        "type": "rich_text_section",
                        "elements": [
                            {
                                "type": "text",
                                "text": "This was incredible! "
                            },
                            {
                                "type": "link",
                                "url": "https:\/\/www.netflix.com\/search?q=sht&jbv=81019069"
                            }
                        ]
                    }
                ]
            }
        ]
    },
    {
        "client_msg_id": "423cb77e-b9c2-48e2-89ad-7fb7f0874697",
        "type": "message",
        "text": "It’s so well done. Violent, but the storyline and actors are fantastic!",
        "user": "UUJNECG67",
        "ts": "1609975514.017400",
        "team": "T0D1XTUAD",
        "user_team": "T0D1XTUAD",
        "source_team": "T0D1XTUAD",
        "user_profile": {
            "avatar_hash": "3770b096c03c",
            "image_72": "https:\/\/avatars.slack-edge.com\/2020-08-27\/1329102233075_3770b096c03ccdfc53b6_72.png",
            "first_name": "Andrea",
            "real_name": "Andrea",
            "display_name": "Andrea",
            "team": "T0D1XTUAD",
            "name": "andrea.rouleau",
            "is_restricted": false,
            "is_ultra_restricted": false
        },
        "blocks": [
            {
                "type": "rich_text",
                "block_id": "V0NbM",
                "elements": [
                    {
                        "type": "rich_text_section",
                        "elements": [
                            {
                                "type": "text",
                                "text": "It’s so well done. Violent, but the storyline and actors are fantastic!"
                            }
                        ]
                    }
                ]
            }
        ],
        "thread_ts": "1609974831.009600",
        "parent_user_id": "UUJNECG67"
    },
    {
        "client_msg_id": "2dfb0ae8-e955-4fb1-b2c1-301b8754f17c",
        "type": "message",
        "text": "<https:\/\/www.hulu.com\/series\/ramy-4bcb6c3a-3d9a-4d49-b8e0-57fb7de9c8d6>",
        "user": "UUL14UHHP",
        "ts": "1609975665.017900",
        "team": "T0D1XTUAD",
        "user_team": "T0D1XTUAD",
        "source_team": "T0D1XTUAD",
        "user_profile": {
            "avatar_hash": "0662c2f07684",
            "image_72": "https:\/\/avatars.slack-edge.com\/2020-03-04\/982524968624_0662c2f07684e471e99d_72.png",
            "first_name": "Wendy",
            "real_name": "Wendy Gable Collins",
            "display_name": "Wendy",
            "team": "T0D1XTUAD",
            "name": "wendy.collins",
            "is_restricted": false,
            "is_ultra_restricted": false
        },
        "attachments": [
            {
                "service_name": "Hulu",
                "title": "Watch Ramy Streaming Online | Hulu (Season 2 Premieres May 29)",
                "title_link": "https:\/\/www.hulu.com\/series\/ramy-4bcb6c3a-3d9a-4d49-b8e0-57fb7de9c8d6",
                "text": "Start your free trial to watch Ramy and other popular TV shows and movies including new releases, classics, Hulu Originals, and more. It’s all on Hulu. Season 2 premieres on May 29, 2020",
                "fallback": "Hulu: Watch Ramy Streaming Online | Hulu (Season 2 Premieres May 29)",
                "thumb_url": "https:\/\/assetshuluimcom-a.akamaihd.net\/h3o\/facebook_share_thumb_default_hulu.jpg",
                "from_url": "https:\/\/www.hulu.com\/series\/ramy-4bcb6c3a-3d9a-4d49-b8e0-57fb7de9c8d6",
                "thumb_width": 1200,
                "thumb_height": 630,
                "service_icon": "https:\/\/www.hulu.com\/static\/icons\/apple-touch-icon.png",
                "id": 1,
                "original_url": "https:\/\/www.hulu.com\/series\/ramy-4bcb6c3a-3d9a-4d49-b8e0-57fb7de9c8d6"
            }
        ],
        "blocks": [
            {
                "type": "rich_text",
                "block_id": "zRA",
                "elements": [
                    {
                        "type": "rich_text_section",
                        "elements": [
                            {
                                "type": "link",
                                "url": "https:\/\/www.hulu.com\/series\/ramy-4bcb6c3a-3d9a-4d49-b8e0-57fb7de9c8d6"
                            }
                        ]
                    }
                ]
            }
        ]
    },
    {
        "client_msg_id": "5f9bd9a6-bf62-495c-a969-dcc32b50aebc",
        "type": "message",
        "text": "Love that show!",
        "user": "UUYA2ADEJ",
        "ts": "1609975752.018100",
        "team": "T0D1XTUAD",
        "user_team": "T0D1XTUAD",
        "source_team": "T0D1XTUAD",
        "user_profile": {
            "avatar_hash": "46b16199c48a",
            "image_72": "https:\/\/avatars.slack-edge.com\/2020-03-04\/981780142468_46b16199c48afa719f2d_72.jpg",
            "first_name": "Jay",
            "real_name": "Jay Beach",
            "display_name": "Jay Beach",
            "team": "T0D1XTUAD",
            "name": "jay.beach",
            "is_restricted": false,
            "is_ultra_restricted": false
        },
        "blocks": [
            {
                "type": "rich_text",
                "block_id": "8sBhp",
                "elements": [
                    {
                        "type": "rich_text_section",
                        "elements": [
                            {
                                "type": "text",
                                "text": "Love that show!"
                            }
                        ]
                    }
                ]
            }
        ],
        "thread_ts": "1609974831.009600",
        "parent_user_id": "UUJNECG67",
        "reactions": [
            {
                "name": "black_heart",
                "users": [
                    "UUJNECG67"
                ],
                "count": 1
            }
        ]
    },
    {
        "client_msg_id": "082e5847-adae-4f9c-a907-d7f4a0b8793b",
        "type": "message",
        "text": "We LOVE The Expanse! I love SciFi, but even those who do not will like this show.",
        "user": "U5Y0BDK51",
        "ts": "1609986071.018900",
        "team": "T0D1XTUAD",
        "user_team": "T0D1XTUAD",
        "source_team": "T0D1XTUAD",
        "user_profile": {
            "avatar_hash": "8ead721adcae",
            "image_72": "https:\/\/avatars.slack-edge.com\/2020-02-27\/973218989973_8ead721adcae603f0609_72.jpg",
            "first_name": "Marisa",
            "real_name": "Marisa Mellema",
            "display_name": "Marisa Mellema",
            "team": "T0D1XTUAD",
            "name": "marisam",
            "is_restricted": false,
            "is_ultra_restricted": false
        },
        "blocks": [
            {
                "type": "rich_text",
                "block_id": "4mqf",
                "elements": [
                    {
                        "type": "rich_text_section",
                        "elements": [
                            {
                                "type": "text",
                                "text": "We LOVE The Expanse! I love SciFi, but even those who do not will like this show."
                            }
                        ]
                    }
                ]
            }
        ],
        "thread_ts": "1609975327.014300",
        "parent_user_id": "UTJPVN880"
    },
    {
        "client_msg_id": "ACC7643A-A70B-4D9B-B518-A5E51553A83A",
        "type": "message",
        "text": "Adding to my watch list. Thank you!",
        "user": "UUJNECG67",
        "ts": "1610001959.019900",
        "team": "T0D1XTUAD",
        "user_team": "T0D1XTUAD",
        "source_team": "T0D1XTUAD",
        "user_profile": {
            "avatar_hash": "3770b096c03c",
            "image_72": "https:\/\/avatars.slack-edge.com\/2020-08-27\/1329102233075_3770b096c03ccdfc53b6_72.png",
            "first_name": "Andrea",
            "real_name": "Andrea",
            "display_name": "Andrea",
            "team": "T0D1XTUAD",
            "name": "andrea.rouleau",
            "is_restricted": false,
            "is_ultra_restricted": false
        },
        "blocks": [
            {
                "type": "rich_text",
                "block_id": "VJ4Ky",
                "elements": [
                    {
                        "type": "rich_text_section",
                        "elements": [
                            {
                                "type": "text",
                                "text": "Adding to my watch list. Thank you!"
                            }
                        ]
                    }
                ]
            }
        ],
        "thread_ts": "1609975327.014300",
        "parent_user_id": "UTJPVN880"
    },
    {
        "client_msg_id": "B955BAB6-E075-41D7-AC76-6C104718BBD6",
        "type": "message",
        "text": "I haven’t heard of this one. Thanks Mr. <@U0NSCMBR8> ! :heavy_check_mark:Added",
        "user": "UUJNECG67",
        "ts": "1610002077.020900",
        "team": "T0D1XTUAD",
        "user_team": "T0D1XTUAD",
        "source_team": "T0D1XTUAD",
        "user_profile": {
            "avatar_hash": "3770b096c03c",
            "image_72": "https:\/\/avatars.slack-edge.com\/2020-08-27\/1329102233075_3770b096c03ccdfc53b6_72.png",
            "first_name": "Andrea",
            "real_name": "Andrea",
            "display_name": "Andrea",
            "team": "T0D1XTUAD",
            "name": "andrea.rouleau",
            "is_restricted": false,
            "is_ultra_restricted": false
        },
        "blocks": [
            {
                "type": "rich_text",
                "block_id": "QO6",
                "elements": [
                    {
                        "type": "rich_text_section",
                        "elements": [
                            {
                                "type": "text",
                                "text": "I haven’t heard of this one. Thanks Mr. "
                            },
                            {
                                "type": "user",
                                "user_id": "U0NSCMBR8"
                            },
                            {
                                "type": "text",
                                "text": " ! "
                            },
                            {
                                "type": "emoji",
                                "name": "heavy_check_mark"
                            },
                            {
                                "type": "text",
                                "text": "Added"
                            }
                        ]
                    }
                ]
            }
        ],
        "thread_ts": "1609975251.013700",
        "parent_user_id": "U0NSCMBR8"
    }
]