[
    {
        "client_msg_id": "377B9AE5-0423-4D9E-AC45-BF1971053B95",
        "type": "message",
        "text": "Modern Love\n<https:\/\/www.imdb.com\/title\/tt8543390\/|https:\/\/www.imdb.com\/title\/tt8543390\/>",
        "user": "UUL14UHHP",
        "ts": "1610030722.021600",
        "team": "T0D1XTUAD",
        "user_team": "T0D1XTUAD",
        "source_team": "T0D1XTUAD",
        "user_profile": {
            "avatar_hash": "0662c2f07684",
            "image_72": "https:\/\/avatars.slack-edge.com\/2020-03-04\/982524968624_0662c2f07684e471e99d_72.png",
            "first_name": "Wendy",
            "real_name": "Wendy Gable Collins",
            "display_name": "Wendy",
            "team": "T0D1XTUAD",
            "name": "wendy.collins",
            "is_restricted": false,
            "is_ultra_restricted": false
        },
        "attachments": [
            {
                "service_name": "IMDb",
                "title": "Modern Love (TV Series 2019– ) - IMDb",
                "title_link": "https:\/\/www.imdb.com\/title\/tt8543390\/",
                "text": "With Anne Hathaway, Tina Fey, Andy Garcia, Dev Patel. TV series based on the New York Times' column that explores relationships, love and the human connection.",
                "fallback": "IMDb: Modern Love (TV Series 2019– ) - IMDb",
                "image_url": "https:\/\/m.media-amazon.com\/images\/M\/MV5BMGUxNGNiNzktODY2Yy00NGYyLTk0NmQtOTc5YzJlOTdhNzNiXkEyXkFqcGdeQXVyODk4OTc3MTY@._V1_UY1200_CR85,0,630,1200_AL_.jpg",
                "from_url": "https:\/\/www.imdb.com\/title\/tt8543390\/",
                "image_width": 131,
                "image_height": 250,
                "image_bytes": 93650,
                "service_icon": "https:\/\/www.imdb.com\/favicon.ico",
                "id": 1,
                "original_url": "https:\/\/www.imdb.com\/title\/tt8543390\/"
            }
        ],
        "blocks": [
            {
                "type": "rich_text",
                "block_id": "9zKj",
                "elements": [
                    {
                        "type": "rich_text_section",
                        "elements": [
                            {
                                "type": "text",
                                "text": "Modern Love\n"
                            },
                            {
                                "type": "link",
                                "url": "https:\/\/www.imdb.com\/title\/tt8543390\/",
                                "text": "https:\/\/www.imdb.com\/title\/tt8543390\/"
                            }
                        ]
                    }
                ]
            }
        ],
        "reactions": [
            {
                "name": "heart",
                "users": [
                    "U019DU219B4"
                ],
                "count": 1
            },
            {
                "name": "plus1",
                "users": [
                    "U019DU219B4"
                ],
                "count": 1
            },
            {
                "name": "+1",
                "users": [
                    "U5Y0B4XC3"
                ],
                "count": 1
            }
        ]
    },
    {
        "bot_id": "B4M05S43S",
        "type": "message",
        "text": "pringles",
        "user": "U019DU219B4",
        "ts": "1610035842.022100",
        "team": "T0D1XTUAD",
        "bot_profile": {
            "id": "B4M05S43S",
            "deleted": false,
            "name": "giphy",
            "updated": 1490131602,
            "app_id": "A0F827J2C",
            "icons": {
                "image_36": "https:\/\/a.slack-edge.com\/dc483\/img\/plugins\/giphy\/service_72.png",
                "image_48": "https:\/\/a.slack-edge.com\/dc483\/img\/plugins\/giphy\/service_48.png",
                "image_72": "https:\/\/a.slack-edge.com\/dc483\/img\/plugins\/giphy\/service_72.png"
            },
            "team_id": "T0D1XTUAD"
        },
        "blocks": [
            {
                "type": "image",
                "block_id": "NFHn=",
                "image_url": "https:\/\/media4.giphy.com\/media\/X1FeBsAYMQiwo\/giphy.gif?cid=6104955e29988dff442ed637ca61bf1f7be5637b8142a4de&rid=giphy.gif",
                "alt_text": "pringles",
                "title": {
                    "type": "plain_text",
                    "text": "pringles",
                    "emoji": true
                },
                "fallback": "491x371px image",
                "image_width": 491,
                "image_height": 371,
                "image_bytes": 349182,
                "is_animated": true
            },
            {
                "type": "context",
                "block_id": "4mj",
                "elements": [
                    {
                        "type": "image",
                        "image_url": "https:\/\/a.slack-edge.com\/dc483\/img\/plugins\/giphy\/service_32.png",
                        "alt_text": "giphy logo"
                    },
                    {
                        "type": "mrkdwn",
                        "text": "Posted using \/giphy",
                        "verbatim": false
                    }
                ]
            }
        ],
        "thread_ts": "1609974595.007900",
        "parent_user_id": "UUJNECG67",
        "reactions": [
            {
                "name": "heart",
                "users": [
                    "UUJNECG67"
                ],
                "count": 1
            }
        ]
    },
    {
        "client_msg_id": "94a416f1-6e0b-4e4d-a53c-91058dc8824a",
        "type": "message",
        "text": ":point_up_2: that GIF's for you <@UUJNECG67> :slightly_smiling_face:",
        "user": "U019DU219B4",
        "ts": "1610035880.022300",
        "team": "T0D1XTUAD",
        "user_team": "T0D1XTUAD",
        "source_team": "T0D1XTUAD",
        "user_profile": {
            "avatar_hash": "b99fbed56ce5",
            "image_72": "https:\/\/avatars.slack-edge.com\/2020-08-24\/1326180875044_b99fbed56ce584617434_72.jpg",
            "first_name": "Dominique",
            "real_name": "Dominique Barni",
            "display_name": "Dominique Barni",
            "team": "T0D1XTUAD",
            "name": "n-dbarni",
            "is_restricted": false,
            "is_ultra_restricted": false
        },
        "blocks": [
            {
                "type": "rich_text",
                "block_id": "R+Gaj",
                "elements": [
                    {
                        "type": "rich_text_section",
                        "elements": [
                            {
                                "type": "emoji",
                                "name": "point_up_2"
                            },
                            {
                                "type": "text",
                                "text": " that GIF's for you "
                            },
                            {
                                "type": "user",
                                "user_id": "UUJNECG67"
                            },
                            {
                                "type": "text",
                                "text": " "
                            },
                            {
                                "type": "emoji",
                                "name": "slightly_smiling_face"
                            }
                        ]
                    }
                ]
            }
        ],
        "thread_ts": "1609974595.007900",
        "parent_user_id": "UUJNECG67",
        "reactions": [
            {
                "name": "+1::skin-tone-4",
                "users": [
                    "UUJNECG67"
                ],
                "count": 1
            },
            {
                "name": "heart",
                "users": [
                    "UUJNECG67"
                ],
                "count": 1
            }
        ]
    },
    {
        "client_msg_id": "617e3787-aefd-42af-b6a9-5a407f939cc3",
        "type": "message",
        "text": "Just going to leave this here. After yesterday<https:\/\/www.reddit.com\/r\/buffy\/comments\/ksbtra\/giles_lie_to_me_speech_is_what_we_need_to_hear\/?ref=share&amp;ref_source=link| it seemed like a good quote. >",
        "user": "UFDNKQCU9",
        "ts": "1610071812.023800",
        "team": "T0D1XTUAD",
        "user_team": "T0D1XTUAD",
        "source_team": "T0D1XTUAD",
        "user_profile": {
            "avatar_hash": "625717ebbb6e",
            "image_72": "https:\/\/avatars.slack-edge.com\/2019-01-17\/526675529362_625717ebbb6e0ba43f68_72.jpg",
            "first_name": "Earl",
            "real_name": "Earl Krygier",
            "display_name": "Krygier",
            "team": "T0D1XTUAD",
            "name": "earl.krygier",
            "is_restricted": false,
            "is_ultra_restricted": false
        },
        "attachments": [
            {
                "service_name": "reddit",
                "title": "Giles' \"Lie To Me\" speech is what we need to hear right now",
                "title_link": "https:\/\/www.reddit.com\/r\/buffy\/comments\/ksbtra\/giles_lie_to_me_speech_is_what_we_need_to_hear\/?ref=share&ref_source=link",
                "text": "Posted in r\/buffy by u\/Use_Her-Name • 857 points and 46 comments",
                "fallback": "reddit: Giles' \"Lie To Me\" speech is what we need to hear right now",
                "image_url": "https:\/\/external-preview.redd.it\/9ambvXPyyrzRS4WwaXMH2SDHLQxlcN4_XhR9xaGbwDo.png?overlay-align=bottom,left&crop=1200:628.272251309,smart&overlay-height=15p&overlay=%2Fwatermark%2Ft5_2sd68.png%3Fs%3Da8b7dcad6b7d1e585dcd366a19e5b267ef3a52c5&width=1200&height=628.272251309&auto=webp&s=79c5872b84ace856024051c0729d2ff2bdb4aaaf",
                "image_width": 478,
                "image_height": 250,
                "from_url": "https:\/\/www.reddit.com\/r\/buffy\/comments\/ksbtra\/giles_lie_to_me_speech_is_what_we_need_to_hear\/?ref=share&ref_source=link",
                "image_bytes": 400023,
                "service_icon": "http:\/\/www.redditstatic.com\/desktop2x\/img\/favicon\/apple-icon-57x57.png",
                "id": 1,
                "original_url": "https:\/\/www.reddit.com\/r\/buffy\/comments\/ksbtra\/giles_lie_to_me_speech_is_what_we_need_to_hear\/?ref=share&amp;ref_source=link"
            }
        ],
        "blocks": [
            {
                "type": "rich_text",
                "block_id": "Vd4a+",
                "elements": [
                    {
                        "type": "rich_text_section",
                        "elements": [
                            {
                                "type": "text",
                                "text": "Just going to leave this here. After yesterday"
                            },
                            {
                                "type": "link",
                                "url": "https:\/\/www.reddit.com\/r\/buffy\/comments\/ksbtra\/giles_lie_to_me_speech_is_what_we_need_to_hear\/?ref=share&ref_source=link",
                                "text": " it seemed like a good quote. "
                            }
                        ]
                    }
                ]
            }
        ],
        "reactions": [
            {
                "name": "+1::skin-tone-3",
                "users": [
                    "U0NSCMBR8",
                    "UUJNECG67"
                ],
                "count": 2
            }
        ]
    },
    {
        "client_msg_id": "0af77f5f-662f-4575-b34d-e13a112b5c50",
        "type": "message",
        "text": "Faaaabulous!\n<https:\/\/www.rottentomatoes.com\/tv\/the_marvelous_mrs_maisel>",
        "user": "UUJNECG67",
        "ts": "1610073166.024400",
        "team": "T0D1XTUAD",
        "user_team": "T0D1XTUAD",
        "source_team": "T0D1XTUAD",
        "user_profile": {
            "avatar_hash": "3770b096c03c",
            "image_72": "https:\/\/avatars.slack-edge.com\/2020-08-27\/1329102233075_3770b096c03ccdfc53b6_72.png",
            "first_name": "Andrea",
            "real_name": "Andrea",
            "display_name": "Andrea",
            "team": "T0D1XTUAD",
            "name": "andrea.rouleau",
            "is_restricted": false,
            "is_ultra_restricted": false
        },
        "attachments": [
            {
                "service_name": "Rotten Tomatoes",
                "title": "The Marvelous Mrs. Maisel",
                "title_link": "https:\/\/www.rottentomatoes.com\/tv\/the_marvelous_mrs_maisel",
                "text": "Synopsis:Set in the 1950s, Miriam",
                "fallback": "Rotten Tomatoes: The Marvelous Mrs. Maisel",
                "image_url": "https:\/\/resizing.flixster.com\/ticBStOu2hIDpYGgC-g6iMPgZN0=\/206x305\/v1.dDsyNTE2Mzc7ajsxODY3NzsxMjAwOzEyMDA7MTgwMA",
                "from_url": "https:\/\/www.rottentomatoes.com\/tv\/the_marvelous_mrs_maisel",
                "image_width": 169,
                "image_height": 250,
                "image_bytes": 20934,
                "service_icon": "https:\/\/www.rottentomatoes.com\/assets\/pizza-pie\/head-assets\/images\/apple-touch-icon-60.jpg",
                "id": 1,
                "original_url": "https:\/\/www.rottentomatoes.com\/tv\/the_marvelous_mrs_maisel"
            }
        ],
        "blocks": [
            {
                "type": "rich_text",
                "block_id": "pl07Z",
                "elements": [
                    {
                        "type": "rich_text_section",
                        "elements": [
                            {
                                "type": "text",
                                "text": "Faaaabulous!\n"
                            },
                            {
                                "type": "link",
                                "url": "https:\/\/www.rottentomatoes.com\/tv\/the_marvelous_mrs_maisel"
                            }
                        ]
                    }
                ]
            }
        ]
    },
    {
        "client_msg_id": "c3a46b36-ef07-40ed-a725-5019efb51ff1",
        "type": "message",
        "text": "One of the best shows on Netflix. Heartfelt, light, and funny.\n<https:\/\/www.rottentomatoes.com\/tv\/sex_education>",
        "user": "UUJNECG67",
        "ts": "1610074104.026000",
        "team": "T0D1XTUAD",
        "user_team": "T0D1XTUAD",
        "source_team": "T0D1XTUAD",
        "user_profile": {
            "avatar_hash": "3770b096c03c",
            "image_72": "https:\/\/avatars.slack-edge.com\/2020-08-27\/1329102233075_3770b096c03ccdfc53b6_72.png",
            "first_name": "Andrea",
            "real_name": "Andrea",
            "display_name": "Andrea",
            "team": "T0D1XTUAD",
            "name": "andrea.rouleau",
            "is_restricted": false,
            "is_ultra_restricted": false
        },
        "attachments": [
            {
                "service_name": "Rotten Tomatoes",
                "title": "Sex Education",
                "title_link": "https:\/\/www.rottentomatoes.com\/tv\/sex_education",
                "text": "Synopsis:Meet Otis Milburn -- an inexperienced, socially awkward high school student who lives with his mother, a sex therapist. Surrounded by manuals, videos and tediously open conversations about sex, Otis is a reluctant expert on the subject. When his home life is revealed at school, Otis realizes that he can use his specialist knowledge to gain status. He teams up with Maeve, a whip-smart bad-girl, and together they set up an underground sex therapy clinic to deal with their fellow students' weird and wonderful problems. Through his analysis of teenage sexuality, Otis realises he may need some therapy of his own.",
                "fallback": "Rotten Tomatoes: Sex Education",
                "image_url": "https:\/\/resizing.flixster.com\/ar8nwDh6c_lWjq3eugYC4Jf6fow=\/206x305\/v1.dDs0MDIwNjA7ajsxODY3OTsxMjAwOzE1MDA7MjIyMg",
                "from_url": "https:\/\/www.rottentomatoes.com\/tv\/sex_education",
                "image_width": 169,
                "image_height": 250,
                "image_bytes": 27205,
                "service_icon": "https:\/\/www.rottentomatoes.com\/assets\/pizza-pie\/head-assets\/images\/apple-touch-icon-60.jpg",
                "id": 1,
                "original_url": "https:\/\/www.rottentomatoes.com\/tv\/sex_education"
            }
        ],
        "blocks": [
            {
                "type": "rich_text",
                "block_id": "xsuak",
                "elements": [
                    {
                        "type": "rich_text_section",
                        "elements": [
                            {
                                "type": "text",
                                "text": "One of the best shows on Netflix. Heartfelt, light, and funny.\n"
                            },
                            {
                                "type": "link",
                                "url": "https:\/\/www.rottentomatoes.com\/tv\/sex_education"
                            }
                        ]
                    }
                ]
            }
        ],
        "reactions": [
            {
                "name": "100",
                "users": [
                    "U019DU219B4",
                    "UUL14UHHP"
                ],
                "count": 2
            }
        ]
    },
    {
        "client_msg_id": "6d12bd1c-8cc6-4c33-b91c-cc36c0f241e0",
        "type": "message",
        "text": "<https:\/\/www.netflix.com\/search?q=minimalists&amp;jbv=81074662>",
        "user": "UUJNECG67",
        "ts": "1610074132.026300",
        "team": "T0D1XTUAD",
        "user_team": "T0D1XTUAD",
        "source_team": "T0D1XTUAD",
        "user_profile": {
            "avatar_hash": "3770b096c03c",
            "image_72": "https:\/\/avatars.slack-edge.com\/2020-08-27\/1329102233075_3770b096c03ccdfc53b6_72.png",
            "first_name": "Andrea",
            "real_name": "Andrea",
            "display_name": "Andrea",
            "team": "T0D1XTUAD",
            "name": "andrea.rouleau",
            "is_restricted": false,
            "is_ultra_restricted": false
        },
        "attachments": [
            {
                "title": "The Minimalists: Less Is Now | Netflix Official Site",
                "title_link": "https:\/\/www.netflix.com\/search?q=minimalists&jbv=81074662",
                "text": "They've built a movement out of minimalism. Longtime friends Joshua Fields Millburn and Ryan Nicodemus share how our lives can be better with less.",
                "fallback": "The Minimalists: Less Is Now | Netflix Official Site",
                "image_url": "https:\/\/occ-0-2433-2705.1.nflxso.net\/dnm\/api\/v6\/E8vDc_W8CLv7-yMQu8KMEC7Rrr8\/AAAABZwB3cwJB_nytfM78ZRoI9sA4IRrxJKg3UnxakKaxcE4VGXycgYfx3EUHxZalzwh8AJ3DZkht45DaBGSM8GhGtqgnQE7.jpg?r=099",
                "from_url": "https:\/\/www.netflix.com\/search?q=minimalists&jbv=81074662",
                "image_width": 444,
                "image_height": 250,
                "image_bytes": 191370,
                "service_icon": "https:\/\/assets.nflxext.com\/us\/ffe\/siteui\/common\/icons\/nficon2016.png",
                "service_name": "netflix.com",
                "id": 1,
                "original_url": "https:\/\/www.netflix.com\/search?q=minimalists&amp;jbv=81074662"
            }
        ],
        "blocks": [
            {
                "type": "rich_text",
                "block_id": "utZCb",
                "elements": [
                    {
                        "type": "rich_text_section",
                        "elements": [
                            {
                                "type": "link",
                                "url": "https:\/\/www.netflix.com\/search?q=minimalists&jbv=81074662"
                            }
                        ]
                    }
                ]
            }
        ]
    }
]