[
    {
        "client_msg_id": "bacc7f41-ce02-4416-b3bb-f5d7b82aafb3",
        "type": "message",
        "text": "That was excellent! I knew their music, but nothing about their history.",
        "user": "UUYA2ADEJ",
        "ts": "1610746736.005500",
        "team": "T0D1XTUAD",
        "user_team": "T0D1XTUAD",
        "source_team": "T0D1XTUAD",
        "user_profile": {
            "avatar_hash": "46b16199c48a",
            "image_72": "https:\/\/avatars.slack-edge.com\/2020-03-04\/981780142468_46b16199c48afa719f2d_72.jpg",
            "first_name": "Jay",
            "real_name": "Jay Beach",
            "display_name": "Jay Beach",
            "team": "T0D1XTUAD",
            "name": "jay.beach",
            "is_restricted": false,
            "is_ultra_restricted": false
        },
        "blocks": [
            {
                "type": "rich_text",
                "block_id": "d7I+P",
                "elements": [
                    {
                        "type": "rich_text_section",
                        "elements": [
                            {
                                "type": "text",
                                "text": "That was excellent! I knew their music, but nothing about their history."
                            }
                        ]
                    }
                ]
            }
        ],
        "thread_ts": "1610672707.000900",
        "parent_user_id": "UUW3W20AU",
        "reactions": [
            {
                "name": "black_heart",
                "users": [
                    "UUW3W20AU"
                ],
                "count": 1
            }
        ]
    },
    {
        "client_msg_id": "1e8017c2-84d6-4027-96df-5230f621b3f9",
        "type": "message",
        "text": "Sweet, this looks great!",
        "user": "UUYA2ADEJ",
        "ts": "1610746814.005800",
        "team": "T0D1XTUAD",
        "user_team": "T0D1XTUAD",
        "source_team": "T0D1XTUAD",
        "user_profile": {
            "avatar_hash": "46b16199c48a",
            "image_72": "https:\/\/avatars.slack-edge.com\/2020-03-04\/981780142468_46b16199c48afa719f2d_72.jpg",
            "first_name": "Jay",
            "real_name": "Jay Beach",
            "display_name": "Jay Beach",
            "team": "T0D1XTUAD",
            "name": "jay.beach",
            "is_restricted": false,
            "is_ultra_restricted": false
        },
        "blocks": [
            {
                "type": "rich_text",
                "block_id": "N2+",
                "elements": [
                    {
                        "type": "rich_text_section",
                        "elements": [
                            {
                                "type": "text",
                                "text": "Sweet, this looks great!"
                            }
                        ]
                    }
                ]
            }
        ],
        "thread_ts": "1610674411.005200",
        "parent_user_id": "U019DU219B4"
    }
]