[
    {
        "type": "message",
        "text": "<http:\/\/proto-sandbox-kingcounty-gov.s3-website-us-west-2.amazonaws.com\/carousel.html>",
        "user": "U0D1V0DPG",
        "ts": "1510081811.000183",
        "team": "T0D1XTUAD",
        "user_team": "T0D1XTUAD",
        "source_team": "T0D1XTUAD",
        "user_profile": {
            "avatar_hash": "444d12cac49a",
            "image_72": "https:\/\/avatars.slack-edge.com\/2020-04-20\/1073909907794_444d12cac49a8d89b527_72.png",
            "first_name": "Alex",
            "real_name": "Alex Aragon",
            "display_name": "Alex",
            "team": "T0D1XTUAD",
            "name": "alex.aragon",
            "is_restricted": false,
            "is_ultra_restricted": false
        },
        "attachments": [
            {
                "title": "King County, Washington",
                "title_link": "http:\/\/proto-sandbox-kingcounty-gov.s3-website-us-west-2.amazonaws.com\/carousel.html",
                "text": "Official home page for King County Government, Seattle, Wash. Features include innovative government initiatives, information on county services and news.",
                "fallback": "King County, Washington",
                "from_url": "http:\/\/proto-sandbox-kingcounty-gov.s3-website-us-west-2.amazonaws.com\/carousel.html",
                "service_icon": "http:\/\/proto-sandbox-kingcounty-gov.s3-website-us-west-2.amazonaws.com\/favicon.ico",
                "service_name": "proto-sandbox-kingcounty-gov.s3-website-us-west-2.amazonaws.com",
                "id": 1
            }
        ]
    }
]