[
    {
        "client_msg_id": "60232ff1-4ab4-4302-b0e5-025ec3aca37b",
        "type": "message",
        "text": "<https:\/\/the-pastry-box-project.net\/anne-gibson\/2014-july-31>",
        "user": "UTV659Z8X",
        "ts": "1581635991.000100",
        "team": "T0D1XTUAD",
        "user_team": "T0D1XTUAD",
        "source_team": "T0D1XTUAD",
        "user_profile": {
            "avatar_hash": "gcdcd1928542",
            "image_72": "https:\/\/secure.gravatar.com\/avatar\/cdcd1928542317a9b98db6f980dc1212.jpg?s=72&d=https%3A%2F%2Fa.slack-edge.com%2Fdf10d%2Fimg%2Favatars%2Fava_0021-72.png",
            "first_name": "",
            "real_name": "Joy Cordell",
            "display_name": "Joy Cordell",
            "team": "T0D1XTUAD",
            "name": "n-jcordell",
            "is_restricted": false,
            "is_ultra_restricted": false
        },
        "attachments": [
            {
                "title": "An Alphabet of Accessibility Issues",
                "title_link": "https:\/\/the-pastry-box-project.net\/anne-gibson\/2014-july-31",
                "text": "A is blind, and has been since birth. He’s always used a screen reader, and always used a computer. He’s a programmer, and he’s better prepared to use the web than most of the others on this list.",
                "fallback": "An Alphabet of Accessibility Issues",
                "from_url": "https:\/\/the-pastry-box-project.net\/anne-gibson\/2014-july-31",
                "service_name": "the-pastry-box-project.net",
                "id": 1,
                "original_url": "https:\/\/the-pastry-box-project.net\/anne-gibson\/2014-july-31"
            }
        ],
        "blocks": [
            {
                "type": "rich_text",
                "block_id": "HoJDV",
                "elements": [
                    {
                        "type": "rich_text_section",
                        "elements": [
                            {
                                "type": "link",
                                "url": "https:\/\/the-pastry-box-project.net\/anne-gibson\/2014-july-31"
                            }
                        ]
                    }
                ]
            }
        ],
        "thread_ts": "1579207155.001400",
        "parent_user_id": "U0NSCMBR8"
    }
]