[
    {
        "client_msg_id": "68b55ded-9691-48f6-8a17-e103a1eb7c3f",
        "type": "message",
        "text": "Have you ever had a passenger tell you to turn right and point left? See?",
        "user": "UTV659Z8X",
        "ts": "1593442440.037000",
        "team": "T0D1XTUAD",
        "user_team": "T0D1XTUAD",
        "source_team": "T0D1XTUAD",
        "user_profile": {
            "avatar_hash": "gcdcd1928542",
            "image_72": "https:\/\/secure.gravatar.com\/avatar\/cdcd1928542317a9b98db6f980dc1212.jpg?s=72&d=https%3A%2F%2Fa.slack-edge.com%2Fdf10d%2Fimg%2Favatars%2Fava_0021-72.png",
            "first_name": "",
            "real_name": "Joy Cordell",
            "display_name": "Joy Cordell",
            "team": "T0D1XTUAD",
            "name": "n-jcordell",
            "is_restricted": false,
            "is_ultra_restricted": false
        },
        "blocks": [
            {
                "type": "rich_text",
                "block_id": "GqD3\/",
                "elements": [
                    {
                        "type": "rich_text_section",
                        "elements": [
                            {
                                "type": "text",
                                "text": "Have you ever had a passenger tell you to turn right and point left? See?"
                            }
                        ]
                    }
                ]
            }
        ],
        "thread_ts": "1593127828.036500",
        "parent_user_id": "UTV659Z8X"
    }
]