[
    {
        "client_msg_id": "0403ace8-d47c-4ee4-a660-a2b337027599",
        "type": "message",
        "text": "Expedia has shared their translation of the WCAG 2.1, along with examples. A couple of the pieces refer to internal standards but it’s overall really easy to understand and very straightforward. <https:\/\/accessibility.expedia.biz\/>",
        "user": "U0NSCMBR8",
        "ts": "1593639014.038500",
        "team": "T0D1XTUAD",
        "user_team": "T0D1XTUAD",
        "source_team": "T0D1XTUAD",
        "user_profile": {
            "avatar_hash": "28a69ac871a0",
            "image_72": "https:\/\/avatars.slack-edge.com\/2016-02-24\/22896597253_28a69ac871a00b39b963_72.jpg",
            "first_name": "Al",
            "real_name": "Al Boss",
            "display_name": "",
            "team": "T0D1XTUAD",
            "name": "alboss",
            "is_restricted": false,
            "is_ultra_restricted": false
        },
        "blocks": [
            {
                "type": "rich_text",
                "block_id": "5SygT",
                "elements": [
                    {
                        "type": "rich_text_section",
                        "elements": [
                            {
                                "type": "text",
                                "text": "Expedia has shared their translation of the WCAG 2.1, along with examples. A couple of the pieces refer to internal standards but it’s overall really easy to understand and very straightforward. "
                            },
                            {
                                "type": "link",
                                "url": "https:\/\/accessibility.expedia.biz\/"
                            }
                        ]
                    }
                ]
            }
        ],
        "reactions": [
            {
                "name": "+1",
                "users": [
                    "UTV659Z8X"
                ],
                "count": 1
            }
        ]
    }
]