[
    {
        "client_msg_id": "b173783e-785b-4863-8153-0356be109428",
        "type": "message",
        "text": "<https:\/\/medium.com\/@sheribyrnehaber\/ten-basic-accessibility-facts-abcaf0acfe3e>",
        "user": "U0NSCMBR8",
        "ts": "1598638763.001700",
        "team": "T0D1XTUAD",
        "user_team": "T0D1XTUAD",
        "source_team": "T0D1XTUAD",
        "user_profile": {
            "avatar_hash": "28a69ac871a0",
            "image_72": "https:\/\/avatars.slack-edge.com\/2016-02-24\/22896597253_28a69ac871a00b39b963_72.jpg",
            "first_name": "Al",
            "real_name": "Al Boss",
            "display_name": "",
            "team": "T0D1XTUAD",
            "name": "alboss",
            "is_restricted": false,
            "is_ultra_restricted": false
        },
        "attachments": [
            {
                "service_name": "Medium",
                "title": "Ten basic accessibility facts",
                "title_link": "https:\/\/medium.com\/@sheribyrnehaber\/ten-basic-accessibility-facts-abcaf0acfe3e",
                "text": "All accessibility managers should be comfortable communicating the following facts and the reasons behind them.",
                "fallback": "Medium: Ten basic accessibility facts",
                "image_url": "https:\/\/miro.medium.com\/max\/1200\/1*1bE4Sur60fpdfQ5HXg7kmQ.jpeg",
                "fields": [
                    {
                        "title": "Reading time",
                        "value": "5 min read",
                        "short": true
                    }
                ],
                "ts": 1598635189,
                "from_url": "https:\/\/medium.com\/@sheribyrnehaber\/ten-basic-accessibility-facts-abcaf0acfe3e",
                "image_width": 250,
                "image_height": 250,
                "image_bytes": 98395,
                "service_icon": "https:\/\/cdn-images-1.medium.com\/fit\/c\/152\/152\/1*8I-HPL0bfoIzGied-dzOvA.png",
                "id": 1,
                "original_url": "https:\/\/medium.com\/@sheribyrnehaber\/ten-basic-accessibility-facts-abcaf0acfe3e"
            }
        ],
        "blocks": [
            {
                "type": "rich_text",
                "block_id": "E7t",
                "elements": [
                    {
                        "type": "rich_text_section",
                        "elements": [
                            {
                                "type": "link",
                                "url": "https:\/\/medium.com\/@sheribyrnehaber\/ten-basic-accessibility-facts-abcaf0acfe3e"
                            }
                        ]
                    }
                ]
            }
        ],
        "thread_ts": "1598638763.001700",
        "reply_count": 3,
        "reply_users_count": 3,
        "latest_reply": "1599423707.000100",
        "reply_users": [
            "U7EP7P2JW",
            "U0NSCMBR8",
            "UTJPVN880"
        ],
        "replies": [
            {
                "user": "U7EP7P2JW",
                "ts": "1598641221.002300"
            },
            {
                "user": "U0NSCMBR8",
                "ts": "1598641634.002700"
            },
            {
                "user": "UTJPVN880",
                "ts": "1599423707.000100"
            }
        ],
        "subscribed": false,
        "reactions": [
            {
                "name": "+1",
                "users": [
                    "U7EP7P2JW"
                ],
                "count": 1
            }
        ]
    },
    {
        "client_msg_id": "30b0bf68-a7ba-4eba-99ba-310ceac0c9da",
        "type": "message",
        "text": "<@U0NSCMBR8> Does KC use a video captioning service?",
        "user": "U7EP7P2JW",
        "ts": "1598641221.002300",
        "team": "T0D1XTUAD",
        "user_team": "T0D1XTUAD",
        "source_team": "T0D1XTUAD",
        "user_profile": {
            "avatar_hash": "7fac73a9f68f",
            "image_72": "https:\/\/avatars.slack-edge.com\/2020-11-05\/1503307917168_7fac73a9f68f9db6dfe6_72.png",
            "first_name": "Rebecca",
            "real_name": "Rebecca Watson",
            "display_name": "rebecca",
            "team": "T0D1XTUAD",
            "name": "rebecca.watson",
            "is_restricted": false,
            "is_ultra_restricted": false
        },
        "blocks": [
            {
                "type": "rich_text",
                "block_id": "yG87v",
                "elements": [
                    {
                        "type": "rich_text_section",
                        "elements": [
                            {
                                "type": "user",
                                "user_id": "U0NSCMBR8"
                            },
                            {
                                "type": "text",
                                "text": " Does KC use a video captioning service?"
                            }
                        ]
                    }
                ]
            }
        ],
        "thread_ts": "1598638763.001700",
        "parent_user_id": "U0NSCMBR8"
    },
    {
        "client_msg_id": "259dec09-ec99-4d1e-b560-61bc7d183ef5",
        "type": "message",
        "text": "Probably a good question for <@UUW4ERY1K>. I don’t think we have a set contract for one; it seems like different agencies work with different vendors depending on circumstances.",
        "user": "U0NSCMBR8",
        "ts": "1598641634.002700",
        "team": "T0D1XTUAD",
        "user_team": "T0D1XTUAD",
        "source_team": "T0D1XTUAD",
        "user_profile": {
            "avatar_hash": "28a69ac871a0",
            "image_72": "https:\/\/avatars.slack-edge.com\/2016-02-24\/22896597253_28a69ac871a00b39b963_72.jpg",
            "first_name": "Al",
            "real_name": "Al Boss",
            "display_name": "",
            "team": "T0D1XTUAD",
            "name": "alboss",
            "is_restricted": false,
            "is_ultra_restricted": false
        },
        "blocks": [
            {
                "type": "rich_text",
                "block_id": "RIV3",
                "elements": [
                    {
                        "type": "rich_text_section",
                        "elements": [
                            {
                                "type": "text",
                                "text": "Probably a good question for "
                            },
                            {
                                "type": "user",
                                "user_id": "UUW4ERY1K"
                            },
                            {
                                "type": "text",
                                "text": ". I don’t think we have a set contract for one; it seems like different agencies work with different vendors depending on circumstances."
                            }
                        ]
                    }
                ]
            }
        ],
        "thread_ts": "1598638763.001700",
        "parent_user_id": "U0NSCMBR8",
        "reactions": [
            {
                "name": "+1",
                "users": [
                    "U7EP7P2JW"
                ],
                "count": 1
            }
        ]
    }
]