[
    {
        "type": "message",
        "text": "",
        "files": [
            {
                "id": "F01DQ0V22J3",
                "created": 1604609362,
                "timestamp": 1604609362,
                "name": "Image from iOS.jpg",
                "title": "Image from iOS",
                "mimetype": "image\/jpeg",
                "filetype": "jpg",
                "pretty_type": "JPEG",
                "user": "U7EP7P2JW",
                "editable": false,
                "size": 45118,
                "mode": "hosted",
                "is_external": false,
                "external_type": "",
                "is_public": true,
                "public_url_shared": false,
                "display_as_bot": false,
                "username": "",
                "url_private": "https:\/\/files.slack.com\/files-pri\/T0D1XTUAD-F01DQ0V22J3\/image_from_ios.jpg?t=xoxe-13065946353-1831014033124-1821760734405-0591b3003861d046a3fe606fb5f44814",
                "url_private_download": "https:\/\/files.slack.com\/files-pri\/T0D1XTUAD-F01DQ0V22J3\/download\/image_from_ios.jpg?t=xoxe-13065946353-1831014033124-1821760734405-0591b3003861d046a3fe606fb5f44814",
                "thumb_64": "https:\/\/files.slack.com\/files-tmb\/T0D1XTUAD-F01DQ0V22J3-ace4cf1599\/image_from_ios_64.jpg?t=xoxe-13065946353-1831014033124-1821760734405-0591b3003861d046a3fe606fb5f44814",
                "thumb_80": "https:\/\/files.slack.com\/files-tmb\/T0D1XTUAD-F01DQ0V22J3-ace4cf1599\/image_from_ios_80.jpg?t=xoxe-13065946353-1831014033124-1821760734405-0591b3003861d046a3fe606fb5f44814",
                "thumb_360": "https:\/\/files.slack.com\/files-tmb\/T0D1XTUAD-F01DQ0V22J3-ace4cf1599\/image_from_ios_360.jpg?t=xoxe-13065946353-1831014033124-1821760734405-0591b3003861d046a3fe606fb5f44814",
                "thumb_360_w": 360,
                "thumb_360_h": 171,
                "thumb_480": "https:\/\/files.slack.com\/files-tmb\/T0D1XTUAD-F01DQ0V22J3-ace4cf1599\/image_from_ios_480.jpg?t=xoxe-13065946353-1831014033124-1821760734405-0591b3003861d046a3fe606fb5f44814",
                "thumb_480_w": 480,
                "thumb_480_h": 228,
                "thumb_160": "https:\/\/files.slack.com\/files-tmb\/T0D1XTUAD-F01DQ0V22J3-ace4cf1599\/image_from_ios_160.jpg?t=xoxe-13065946353-1831014033124-1821760734405-0591b3003861d046a3fe606fb5f44814",
                "thumb_720": "https:\/\/files.slack.com\/files-tmb\/T0D1XTUAD-F01DQ0V22J3-ace4cf1599\/image_from_ios_720.jpg?t=xoxe-13065946353-1831014033124-1821760734405-0591b3003861d046a3fe606fb5f44814",
                "thumb_720_w": 720,
                "thumb_720_h": 343,
                "original_w": 750,
                "original_h": 357,
                "thumb_tiny": "AwAWADCW7mmSRtmQBjaAOtWdzdzj1GRxUtRnO49f1oATcf75\/MUu8+v6ik546\/rRz6n9aAF3985\/EU5GLduPrTOe+f1p6DjJJ\/OgB1N2gnJAp1FADdgzwBSFOm0D3z6U+igBAMLiloooA\/\/Z",
                "permalink": "https:\/\/kcwebteam.slack.com\/files\/U7EP7P2JW\/F01DQ0V22J3\/image_from_ios.jpg",
                "permalink_public": "https:\/\/slack-files.com\/T0D1XTUAD-F01DQ0V22J3-11f8c13a19",
                "is_starred": false,
                "has_rich_preview": false
            }
        ],
        "upload": true,
        "blocks": [
            {
                "type": "rich_text",
                "block_id": "XNDv1",
                "elements": []
            }
        ],
        "user": "U7EP7P2JW",
        "display_as_bot": false,
        "ts": "1604609365.000100",
        "client_msg_id": "935E0635-ED6C-4F75-8C4C-E5880804E0C5",
        "reactions": [
            {
                "name": "+1",
                "users": [
                    "U0D1RV4N8",
                    "U0NSCMBR8"
                ],
                "count": 2
            }
        ]
    },
    {
        "client_msg_id": "d2642d34-9961-4f0a-811c-a0e3dae6ea05",
        "type": "message",
        "text": "I'm working on the online Reduced Fare Pass application. There are some instructions at the start of each application type, telling the user things like what documents they'll need to upload with their application. Do we have a standard on what reading-grade-level we want text to be, in online forms like that?",
        "user": "U7EQMP760",
        "ts": "1604616567.002900",
        "team": "T0D1XTUAD",
        "user_team": "T0D1XTUAD",
        "source_team": "T0D1XTUAD",
        "user_profile": {
            "avatar_hash": "db1abed225d9",
            "image_72": "https:\/\/avatars.slack-edge.com\/2020-03-14\/990754009969_db1abed225d9635aae98_72.jpg",
            "first_name": "",
            "real_name": "Mary Delahanty",
            "display_name": "",
            "team": "T0D1XTUAD",
            "name": "mary.delahanty",
            "is_restricted": false,
            "is_ultra_restricted": false
        },
        "blocks": [
            {
                "type": "rich_text",
                "block_id": "hASF",
                "elements": [
                    {
                        "type": "rich_text_section",
                        "elements": [
                            {
                                "type": "text",
                                "text": "I'm working on the online Reduced Fare Pass application. There are some instructions at the start of each application type, telling the user things like what documents they'll need to upload with their application. Do we have a standard on what reading-grade-level we want text to be, in online forms like that?"
                            }
                        ]
                    }
                ]
            }
        ]
    },
    {
        "client_msg_id": "1DD394BD-32F2-4138-AACC-29BB85A62F3E",
        "type": "message",
        "text": "I think I read in some documentation that we were aiming for a 5th grade reading level for home page and 7th-8th grade for tasks...",
        "user": "U019DU219B4",
        "ts": "1604617753.004300",
        "team": "T0D1XTUAD",
        "user_team": "T0D1XTUAD",
        "source_team": "T0D1XTUAD",
        "user_profile": {
            "avatar_hash": "b99fbed56ce5",
            "image_72": "https:\/\/avatars.slack-edge.com\/2020-08-24\/1326180875044_b99fbed56ce584617434_72.jpg",
            "first_name": "Dominique",
            "real_name": "Dominique Barni",
            "display_name": "Dominique Barni",
            "team": "T0D1XTUAD",
            "name": "n-dbarni",
            "is_restricted": false,
            "is_ultra_restricted": false
        },
        "blocks": [
            {
                "type": "rich_text",
                "block_id": "Zml",
                "elements": [
                    {
                        "type": "rich_text_section",
                        "elements": [
                            {
                                "type": "text",
                                "text": "I think I read in some documentation that we were aiming for a 5th grade reading level for home page and 7th-8th grade for tasks..."
                            }
                        ]
                    }
                ]
            }
        ]
    },
    {
        "client_msg_id": "fddf0ae5-36d4-4083-8a36-d41eeda66fbf",
        "type": "message",
        "text": "Thanks!",
        "user": "U7EQMP760",
        "ts": "1604618041.004600",
        "team": "T0D1XTUAD",
        "user_team": "T0D1XTUAD",
        "source_team": "T0D1XTUAD",
        "user_profile": {
            "avatar_hash": "db1abed225d9",
            "image_72": "https:\/\/avatars.slack-edge.com\/2020-03-14\/990754009969_db1abed225d9635aae98_72.jpg",
            "first_name": "",
            "real_name": "Mary Delahanty",
            "display_name": "",
            "team": "T0D1XTUAD",
            "name": "mary.delahanty",
            "is_restricted": false,
            "is_ultra_restricted": false
        },
        "blocks": [
            {
                "type": "rich_text",
                "block_id": "ZdTr+",
                "elements": [
                    {
                        "type": "rich_text_section",
                        "elements": [
                            {
                                "type": "text",
                                "text": "Thanks!"
                            }
                        ]
                    }
                ]
            }
        ],
        "reactions": [
            {
                "name": "+1",
                "users": [
                    "U019DU219B4"
                ],
                "count": 1
            }
        ]
    }
]