[
    {
        "client_msg_id": "3f1a94c0-ec40-4d90-bfd1-084b34392357",
        "type": "message",
        "text": "<@U0D1V0DPG> I’m a little late, but this might still be of use:\n<https:\/\/www.nomensa.com\/blog\/2020\/how-build-accessible-cards%E2%80%93block-links>",
        "user": "U0NSCMBR8",
        "ts": "1598286065.000500",
        "team": "T0D1XTUAD",
        "user_team": "T0D1XTUAD",
        "source_team": "T0D1XTUAD",
        "user_profile": {
            "avatar_hash": "28a69ac871a0",
            "image_72": "https:\/\/avatars.slack-edge.com\/2016-02-24\/22896597253_28a69ac871a00b39b963_72.jpg",
            "first_name": "Al",
            "real_name": "Al Boss",
            "display_name": "",
            "team": "T0D1XTUAD",
            "name": "alboss",
            "is_restricted": false,
            "is_ultra_restricted": false
        },
        "attachments": [
            {
                "service_name": "Humanising Technology Blog",
                "title": "How to build accessible cards–block links",
                "title_link": "https:\/\/www.nomensa.com\/blog\/2020\/how-build-accessible-cards%E2%80%93block-links",
                "text": "Joel Strohmeier, Accessibility Consultant, looks at a much-used feature of website interfaces: the 'card' component. He covers what cards are, common accessibility challenges they pose and how to create robust and accessible card components for your website.",
                "fallback": "Humanising Technology Blog: How to build accessible cards–block links",
                "thumb_url": "https:\/\/www.nomensa.com\/blog\/sites\/default\/files\/microsoft-card-example.png",
                "ts": 1597154961,
                "from_url": "https:\/\/www.nomensa.com\/blog\/2020\/how-build-accessible-cards%E2%80%93block-links",
                "thumb_width": 298,
                "thumb_height": 300,
                "service_icon": "http:\/\/www.nomensa.com\/static\/dist\/assets\/img\/favicons\/favicon-152.png",
                "id": 1,
                "original_url": "https:\/\/www.nomensa.com\/blog\/2020\/how-build-accessible-cards%E2%80%93block-links"
            }
        ],
        "blocks": [
            {
                "type": "rich_text",
                "block_id": "=Ud",
                "elements": [
                    {
                        "type": "rich_text_section",
                        "elements": [
                            {
                                "type": "user",
                                "user_id": "U0D1V0DPG"
                            },
                            {
                                "type": "text",
                                "text": " I’m a little late, but this might still be of use:\n"
                            },
                            {
                                "type": "link",
                                "url": "https:\/\/www.nomensa.com\/blog\/2020\/how-build-accessible-cards%E2%80%93block-links"
                            }
                        ]
                    }
                ]
            }
        ],
        "reactions": [
            {
                "name": "+1",
                "users": [
                    "U7EP7P2JW"
                ],
                "count": 1
            }
        ]
    },
    {
        "client_msg_id": "6ad3985a-c98a-472b-988f-c17ace1b5d9e",
        "type": "message",
        "text": "This lWeb accessibility checklist looks pretty handy:\n<https:\/\/a11yengineer.com\/web\/>",
        "user": "U0NSCMBR8",
        "ts": "1598286166.001200",
        "team": "T0D1XTUAD",
        "user_team": "T0D1XTUAD",
        "source_team": "T0D1XTUAD",
        "user_profile": {
            "avatar_hash": "28a69ac871a0",
            "image_72": "https:\/\/avatars.slack-edge.com\/2016-02-24\/22896597253_28a69ac871a00b39b963_72.jpg",
            "first_name": "Al",
            "real_name": "Al Boss",
            "display_name": "",
            "team": "T0D1XTUAD",
            "name": "alboss",
            "is_restricted": false,
            "is_ultra_restricted": false
        },
        "edited": {
            "user": "U0NSCMBR8",
            "ts": "1598639168.000000"
        },
        "blocks": [
            {
                "type": "rich_text",
                "block_id": "Bn=Kx",
                "elements": [
                    {
                        "type": "rich_text_section",
                        "elements": [
                            {
                                "type": "text",
                                "text": "This lWeb accessibility checklist looks pretty handy:\n"
                            },
                            {
                                "type": "link",
                                "url": "https:\/\/a11yengineer.com\/web\/"
                            }
                        ]
                    }
                ]
            }
        ]
    },
    {
        "type": "message",
        "subtype": "channel_join",
        "ts": "1598299635.001400",
        "user": "U019DU219B4",
        "text": "<@U019DU219B4> has joined the channel",
        "inviter": "U0NSCMBR8"
    }
]