[
    {
        "client_msg_id": "C67C73A7-E3F3-4506-B697-113FAD20385B",
        "type": "message",
        "text": "<@U0D1RV4N8> <@U0D1V0DPG> <@U0D1W09V4> thanks for nothing, Apple. \n\nFrom a newsletter: Note that if you use lists and turn off the list decoration, Apple has decided that lists without decoration are not really lists.  You have to add role=\"list\" and role=\"listitem\" back in.",
        "user": "U0NSCMBR8",
        "ts": "1593004509.004800",
        "team": "T0D1XTUAD",
        "user_team": "T0D1XTUAD",
        "source_team": "T0D1XTUAD",
        "user_profile": {
            "avatar_hash": "28a69ac871a0",
            "image_72": "https:\/\/avatars.slack-edge.com\/2016-02-24\/22896597253_28a69ac871a00b39b963_72.jpg",
            "first_name": "Al",
            "real_name": "Al Boss",
            "display_name": "",
            "team": "T0D1XTUAD",
            "name": "alboss",
            "is_restricted": false,
            "is_ultra_restricted": false
        },
        "blocks": [
            {
                "type": "rich_text",
                "block_id": "lOD8M",
                "elements": [
                    {
                        "type": "rich_text_section",
                        "elements": [
                            {
                                "type": "user",
                                "user_id": "U0D1RV4N8"
                            },
                            {
                                "type": "text",
                                "text": " "
                            },
                            {
                                "type": "user",
                                "user_id": "U0D1V0DPG"
                            },
                            {
                                "type": "text",
                                "text": " "
                            },
                            {
                                "type": "user",
                                "user_id": "U0D1W09V4"
                            },
                            {
                                "type": "text",
                                "text": " thanks for nothing, Apple. \n\nFrom a newsletter: Note that if you use lists and turn off the list decoration, Apple has decided that lists without decoration are not really lists.  You have to add role=\"list\" and role=\"listitem\" back in."
                            }
                        ]
                    }
                ]
            }
        ]
    },
    {
        "client_msg_id": "5f506ae5-0e25-4955-94a6-54e965a6c912",
        "type": "message",
        "text": "<@U0NSCMBR8> Our homepage hero might have a looping video. Matt doesn’t really want a play\/pause button. Have you heard of any other way to meet this requirement other than using the play\/pause button? <https:\/\/www.w3.org\/TR\/WCAG20\/#time-limits-pause>",
        "user": "U0D1W09V4",
        "ts": "1593031993.006600",
        "team": "T0D1XTUAD",
        "user_team": "T0D1XTUAD",
        "source_team": "T0D1XTUAD",
        "user_profile": {
            "avatar_hash": "69a03f210a7e",
            "image_72": "https:\/\/avatars.slack-edge.com\/2020-04-03\/1036225284226_69a03f210a7ec4e12108_72.jpg",
            "first_name": "Beth",
            "real_name": "Beth Cheatham",
            "display_name": "beth.cheatham",
            "team": "T0D1XTUAD",
            "name": "beth.cheatham",
            "is_restricted": false,
            "is_ultra_restricted": false
        },
        "blocks": [
            {
                "type": "rich_text",
                "block_id": "Wdre",
                "elements": [
                    {
                        "type": "rich_text_section",
                        "elements": [
                            {
                                "type": "user",
                                "user_id": "U0NSCMBR8"
                            },
                            {
                                "type": "text",
                                "text": " Our homepage hero might have a looping video. Matt doesn’t really want a play\/pause button. Have you heard of any other way to meet this requirement other than using the play\/pause button? "
                            },
                            {
                                "type": "link",
                                "url": "https:\/\/www.w3.org\/TR\/WCAG20\/#time-limits-pause"
                            }
                        ]
                    }
                ]
            }
        ]
    },
    {
        "client_msg_id": "0c19a006-a5b9-473e-99a4-46142f987f61",
        "type": "message",
        "text": "It’s a background video, like a drone shot of King County",
        "user": "U0D1W09V4",
        "ts": "1593032013.006900",
        "team": "T0D1XTUAD",
        "user_team": "T0D1XTUAD",
        "source_team": "T0D1XTUAD",
        "user_profile": {
            "avatar_hash": "69a03f210a7e",
            "image_72": "https:\/\/avatars.slack-edge.com\/2020-04-03\/1036225284226_69a03f210a7ec4e12108_72.jpg",
            "first_name": "Beth",
            "real_name": "Beth Cheatham",
            "display_name": "beth.cheatham",
            "team": "T0D1XTUAD",
            "name": "beth.cheatham",
            "is_restricted": false,
            "is_ultra_restricted": false
        },
        "blocks": [
            {
                "type": "rich_text",
                "block_id": "aeBSl",
                "elements": [
                    {
                        "type": "rich_text_section",
                        "elements": [
                            {
                                "type": "text",
                                "text": "It’s a background video, like a drone shot of King County"
                            }
                        ]
                    }
                ]
            }
        ],
        "thread_ts": "1593032013.006900",
        "reply_count": 8,
        "reply_users_count": 2,
        "latest_reply": "1593034179.011500",
        "reply_users": [
            "U0D1RV4N8",
            "UTJPVN880"
        ],
        "replies": [
            {
                "user": "U0D1RV4N8",
                "ts": "1593032380.009100"
            },
            {
                "user": "UTJPVN880",
                "ts": "1593033570.009500"
            },
            {
                "user": "U0D1RV4N8",
                "ts": "1593033909.009700"
            },
            {
                "user": "UTJPVN880",
                "ts": "1593033932.009900"
            },
            {
                "user": "UTJPVN880",
                "ts": "1593033993.010100"
            },
            {
                "user": "U0D1RV4N8",
                "ts": "1593034045.010800"
            },
            {
                "user": "UTJPVN880",
                "ts": "1593034069.011300"
            },
            {
                "user": "UTJPVN880",
                "ts": "1593034179.011500"
            }
        ],
        "subscribed": false
    },
    {
        "client_msg_id": "860f47a4-d168-4fe5-9296-c55b6fbc5eaf",
        "type": "message",
        "text": "I may be wrong, but I think the HTML 5 video element offers a start and pause option on the video element if you add an event listener so you do not need  play\/pause button.",
        "user": "U7EP7P2JW",
        "ts": "1593032330.008900",
        "team": "T0D1XTUAD",
        "user_team": "T0D1XTUAD",
        "source_team": "T0D1XTUAD",
        "user_profile": {
            "avatar_hash": "7fac73a9f68f",
            "image_72": "https:\/\/avatars.slack-edge.com\/2020-11-05\/1503307917168_7fac73a9f68f9db6dfe6_72.png",
            "first_name": "Rebecca",
            "real_name": "Rebecca Watson",
            "display_name": "rebecca",
            "team": "T0D1XTUAD",
            "name": "rebecca.watson",
            "is_restricted": false,
            "is_ultra_restricted": false
        },
        "blocks": [
            {
                "type": "rich_text",
                "block_id": "5MvbU",
                "elements": [
                    {
                        "type": "rich_text_section",
                        "elements": [
                            {
                                "type": "text",
                                "text": "I may be wrong, but I think the HTML 5 video element offers a start and pause option on the video element if you add an event listener so you do not need  play\/pause button."
                            }
                        ]
                    }
                ]
            }
        ]
    },
    {
        "client_msg_id": "cc531d07-9c41-4aa8-94c5-f37eaeb9d1d9",
        "type": "message",
        "text": "This at least has a few more questions to ask: <https:\/\/css-tricks.com\/should-i-use-a-video-as-a-background\/> At the very least, we’ll need to include a media query that swaps the video with an image or nothing if users have “prefers reduced motion” turned on. Realistically, I’d also be worried that it’ll get stale (like for years) given the availability of updated, good images\/video that fit. And, mostly, I’m worried about the performance hit.",
        "user": "U0D1RV4N8",
        "ts": "1593032380.009100",
        "team": "T0D1XTUAD",
        "user_team": "T0D1XTUAD",
        "source_team": "T0D1XTUAD",
        "user_profile": {
            "avatar_hash": "b0af0714bdde",
            "image_72": "https:\/\/avatars.slack-edge.com\/2019-05-22\/642788517284_b0af0714bddea68e9e1c_72.jpg",
            "first_name": "Derek",
            "real_name": "Derek Sheppard",
            "display_name": "Derek Sheppard",
            "team": "T0D1XTUAD",
            "name": "derek.sheppard",
            "is_restricted": false,
            "is_ultra_restricted": false
        },
        "attachments": [
            {
                "service_name": "CSS-Tricks",
                "title": "Should I use a video as a background? | CSS-Tricks",
                "title_link": "https:\/\/css-tricks.com\/should-i-use-a-video-as-a-background\/",
                "text": "A reader writes in: I've seen done beautifully, but I'm having a hard time finding any articles on best practices. I try to steer clients away from",
                "fallback": "CSS-Tricks: Should I use a video as a background? | CSS-Tricks",
                "ts": 1451400395,
                "from_url": "https:\/\/css-tricks.com\/should-i-use-a-video-as-a-background\/",
                "service_icon": "https:\/\/css-tricks.com\/apple-touch-icon.png",
                "id": 1,
                "original_url": "https:\/\/css-tricks.com\/should-i-use-a-video-as-a-background\/"
            }
        ],
        "blocks": [
            {
                "type": "rich_text",
                "block_id": "UFWRC",
                "elements": [
                    {
                        "type": "rich_text_section",
                        "elements": [
                            {
                                "type": "text",
                                "text": "This at least has a few more questions to ask: "
                            },
                            {
                                "type": "link",
                                "url": "https:\/\/css-tricks.com\/should-i-use-a-video-as-a-background\/"
                            },
                            {
                                "type": "text",
                                "text": " At the very least, we’ll need to include a media query that swaps the video with an image or nothing if users have “prefers reduced motion” turned on. Realistically, I’d also be worried that it’ll get stale (like for years) given the availability of updated, good images\/video that fit. And, mostly, I’m worried about the performance hit."
                            }
                        ]
                    }
                ]
            }
        ],
        "thread_ts": "1593032013.006900",
        "parent_user_id": "U0D1W09V4"
    },
    {
        "client_msg_id": "8c13280d-6cb0-4bdf-af69-d003a63fc6f7",
        "type": "message",
        "text": "All great point Derek!  The image, video, asset will have to be swapped out at a (very) minimum quarterly, this will be part of governance.  If departments and divisions are not interested in utilizing this space I would suggest we remove it rather than keeping stale content up.\n\nI am not as concerned about the performance.  I am not sure I have any concerns about a video this size on desktop, streaming.   On mobile we will be showing the poster and no auto-playing.  It’s also worth noting this will not always be a video.\n\nIf we have a hero that is up for too long we will remove it from the site entirely, it becomes a  “loser” at that point.\n\nI am very concerned about the overall experience for the majority of our users re: visible play\/pause on looped BG content.\n\nAlso I love Chris but that article is almost entirely anecdotal and pretty old!",
        "user": "UTJPVN880",
        "ts": "1593033570.009500",
        "team": "T0D1XTUAD",
        "user_team": "T0D1XTUAD",
        "source_team": "T0D1XTUAD",
        "user_profile": {
            "avatar_hash": "e0fd7b937159",
            "image_72": "https:\/\/avatars.slack-edge.com\/2020-02-26\/972867120199_e0fd7b9371597938830e_72.png",
            "first_name": "",
            "real_name": "Matt Adleberg",
            "display_name": "Matt Adleberg",
            "team": "T0D1XTUAD",
            "name": "madleberg",
            "is_restricted": false,
            "is_ultra_restricted": false
        },
        "blocks": [
            {
                "type": "rich_text",
                "block_id": "KB+g",
                "elements": [
                    {
                        "type": "rich_text_section",
                        "elements": [
                            {
                                "type": "text",
                                "text": "All great point Derek!  The image, video, asset will have to be swapped out at a (very) minimum quarterly, this will be part of governance.  If departments and divisions are not interested in utilizing this space I would suggest we remove it rather than keeping stale content up.\n\nI am not as concerned about the performance.  I am not sure I have any concerns about a video this size on desktop, streaming.   On mobile we will be showing the poster and no auto-playing.  It’s also worth noting this will not always be a video.\n\nIf we have a hero that is up for too long we will remove it from the site entirely, it becomes a  “loser” at that point.\n\nI am very concerned about the overall experience for the majority of our users re: visible play\/pause on looped BG content.\n\nAlso I love Chris but that article is almost entirely anecdotal and pretty old!"
                            }
                        ]
                    }
                ]
            }
        ],
        "thread_ts": "1593032013.006900",
        "parent_user_id": "U0D1W09V4"
    },
    {
        "client_msg_id": "2ae68995-db00-4064-aa02-a8c59496b215",
        "type": "message",
        "text": "<@UTJPVN880> I’d be good to start with a bank of like at least 4, better 8 for two years worth of quarterly swaps, to begin with.",
        "user": "U0D1RV4N8",
        "ts": "1593033909.009700",
        "team": "T0D1XTUAD",
        "user_team": "T0D1XTUAD",
        "source_team": "T0D1XTUAD",
        "user_profile": {
            "avatar_hash": "b0af0714bdde",
            "image_72": "https:\/\/avatars.slack-edge.com\/2019-05-22\/642788517284_b0af0714bddea68e9e1c_72.jpg",
            "first_name": "Derek",
            "real_name": "Derek Sheppard",
            "display_name": "Derek Sheppard",
            "team": "T0D1XTUAD",
            "name": "derek.sheppard",
            "is_restricted": false,
            "is_ultra_restricted": false
        },
        "blocks": [
            {
                "type": "rich_text",
                "block_id": "CFuo0",
                "elements": [
                    {
                        "type": "rich_text_section",
                        "elements": [
                            {
                                "type": "user",
                                "user_id": "UTJPVN880"
                            },
                            {
                                "type": "text",
                                "text": " I’d be good to start with a bank of like at least 4, better 8 for two years worth of quarterly swaps, to begin with."
                            }
                        ]
                    }
                ]
            }
        ],
        "thread_ts": "1593032013.006900",
        "parent_user_id": "U0D1W09V4"
    },
    {
        "client_msg_id": "b555c6a2-864e-4c5b-99b9-42b478007e4d",
        "type": "message",
        "text": "That is a really great suggestion.",
        "user": "UTJPVN880",
        "ts": "1593033932.009900",
        "team": "T0D1XTUAD",
        "user_team": "T0D1XTUAD",
        "source_team": "T0D1XTUAD",
        "user_profile": {
            "avatar_hash": "e0fd7b937159",
            "image_72": "https:\/\/avatars.slack-edge.com\/2020-02-26\/972867120199_e0fd7b9371597938830e_72.png",
            "first_name": "",
            "real_name": "Matt Adleberg",
            "display_name": "Matt Adleberg",
            "team": "T0D1XTUAD",
            "name": "madleberg",
            "is_restricted": false,
            "is_ultra_restricted": false
        },
        "blocks": [
            {
                "type": "rich_text",
                "block_id": "oP+",
                "elements": [
                    {
                        "type": "rich_text_section",
                        "elements": [
                            {
                                "type": "text",
                                "text": "That is a really great suggestion."
                            }
                        ]
                    }
                ]
            }
        ],
        "thread_ts": "1593032013.006900",
        "parent_user_id": "U0D1W09V4"
    },
    {
        "client_msg_id": "128508a5-9328-45cc-a454-0754dbd6e047",
        "type": "message",
        "text": "<@U0D1RV4N8> When you mentioned performance were you referring to page (end user) or application\/server performance?",
        "user": "UTJPVN880",
        "ts": "1593033993.010100",
        "team": "T0D1XTUAD",
        "user_team": "T0D1XTUAD",
        "source_team": "T0D1XTUAD",
        "user_profile": {
            "avatar_hash": "e0fd7b937159",
            "image_72": "https:\/\/avatars.slack-edge.com\/2020-02-26\/972867120199_e0fd7b9371597938830e_72.png",
            "first_name": "",
            "real_name": "Matt Adleberg",
            "display_name": "Matt Adleberg",
            "team": "T0D1XTUAD",
            "name": "madleberg",
            "is_restricted": false,
            "is_ultra_restricted": false
        },
        "blocks": [
            {
                "type": "rich_text",
                "block_id": "Qo9Kg",
                "elements": [
                    {
                        "type": "rich_text_section",
                        "elements": [
                            {
                                "type": "user",
                                "user_id": "U0D1RV4N8"
                            },
                            {
                                "type": "text",
                                "text": " When you mentioned performance were you referring to page (end user) or application\/server performance?"
                            }
                        ]
                    }
                ]
            }
        ],
        "thread_ts": "1593032013.006900",
        "parent_user_id": "U0D1W09V4"
    },
    {
        "client_msg_id": "37c4985c-fb4e-443f-a909-6fc26f5a8b86",
        "type": "message",
        "text": "User\/page load. The images we already have today are big bandwidth hogs.",
        "user": "U0D1RV4N8",
        "ts": "1593034045.010800",
        "team": "T0D1XTUAD",
        "user_team": "T0D1XTUAD",
        "source_team": "T0D1XTUAD",
        "user_profile": {
            "avatar_hash": "b0af0714bdde",
            "image_72": "https:\/\/avatars.slack-edge.com\/2019-05-22\/642788517284_b0af0714bddea68e9e1c_72.jpg",
            "first_name": "Derek",
            "real_name": "Derek Sheppard",
            "display_name": "Derek Sheppard",
            "team": "T0D1XTUAD",
            "name": "derek.sheppard",
            "is_restricted": false,
            "is_ultra_restricted": false
        },
        "blocks": [
            {
                "type": "rich_text",
                "block_id": "PCo",
                "elements": [
                    {
                        "type": "rich_text_section",
                        "elements": [
                            {
                                "type": "text",
                                "text": "User\/page load. The images we already have today are big bandwidth hogs."
                            }
                        ]
                    }
                ]
            }
        ],
        "thread_ts": "1593032013.006900",
        "parent_user_id": "U0D1W09V4"
    },
    {
        "client_msg_id": "9beffc5f-c233-47e2-8acf-4fcf37dff8d2",
        "type": "message",
        "text": "And it’s just a preference we can have the play\/pause, not a huge deal :slightly_smiling_face:  I do want to be accessible as possible.",
        "user": "UTJPVN880",
        "ts": "1593034054.011200",
        "team": "T0D1XTUAD",
        "user_team": "T0D1XTUAD",
        "source_team": "T0D1XTUAD",
        "user_profile": {
            "avatar_hash": "e0fd7b937159",
            "image_72": "https:\/\/avatars.slack-edge.com\/2020-02-26\/972867120199_e0fd7b9371597938830e_72.png",
            "first_name": "",
            "real_name": "Matt Adleberg",
            "display_name": "Matt Adleberg",
            "team": "T0D1XTUAD",
            "name": "madleberg",
            "is_restricted": false,
            "is_ultra_restricted": false
        },
        "blocks": [
            {
                "type": "rich_text",
                "block_id": "\/XpU",
                "elements": [
                    {
                        "type": "rich_text_section",
                        "elements": [
                            {
                                "type": "text",
                                "text": "And it’s just a preference we can have the play\/pause, not a huge deal "
                            },
                            {
                                "type": "emoji",
                                "name": "slightly_smiling_face"
                            },
                            {
                                "type": "text",
                                "text": "  I do want to be accessible as possible."
                            }
                        ]
                    }
                ]
            }
        ]
    },
    {
        "client_msg_id": "d79f5998-e71c-4556-8eab-d9ca1ccc466f",
        "type": "message",
        "text": "Yea, they do add up quick.",
        "user": "UTJPVN880",
        "ts": "1593034069.011300",
        "team": "T0D1XTUAD",
        "user_team": "T0D1XTUAD",
        "source_team": "T0D1XTUAD",
        "user_profile": {
            "avatar_hash": "e0fd7b937159",
            "image_72": "https:\/\/avatars.slack-edge.com\/2020-02-26\/972867120199_e0fd7b9371597938830e_72.png",
            "first_name": "",
            "real_name": "Matt Adleberg",
            "display_name": "Matt Adleberg",
            "team": "T0D1XTUAD",
            "name": "madleberg",
            "is_restricted": false,
            "is_ultra_restricted": false
        },
        "blocks": [
            {
                "type": "rich_text",
                "block_id": "T+XDt",
                "elements": [
                    {
                        "type": "rich_text_section",
                        "elements": [
                            {
                                "type": "text",
                                "text": "Yea, they do add up quick."
                            }
                        ]
                    }
                ]
            }
        ],
        "thread_ts": "1593032013.006900",
        "parent_user_id": "U0D1W09V4",
        "reactions": [
            {
                "name": "scales",
                "users": [
                    "U0D1RV4N8"
                ],
                "count": 1
            }
        ]
    },
    {
        "client_msg_id": "3148064e-a5d6-47a4-b686-cf24200a4045",
        "type": "message",
        "text": "<@U0D1RV4N8>  <https:\/\/css-tricks.com\/bandwidth-media-queries\/> what if!?!?!?",
        "user": "UTJPVN880",
        "ts": "1593034179.011500",
        "team": "T0D1XTUAD",
        "user_team": "T0D1XTUAD",
        "source_team": "T0D1XTUAD",
        "user_profile": {
            "avatar_hash": "e0fd7b937159",
            "image_72": "https:\/\/avatars.slack-edge.com\/2020-02-26\/972867120199_e0fd7b9371597938830e_72.png",
            "first_name": "",
            "real_name": "Matt Adleberg",
            "display_name": "Matt Adleberg",
            "team": "T0D1XTUAD",
            "name": "madleberg",
            "is_restricted": false,
            "is_ultra_restricted": false
        },
        "edited": {
            "user": "UTJPVN880",
            "ts": "1593034363.000000"
        },
        "attachments": [
            {
                "service_name": "CSS-Tricks",
                "title": "Bandwidth Media Queries | CSS-Tricks",
                "title_link": "https:\/\/css-tricks.com\/bandwidth-media-queries\/",
                "text": "They don't exist. But wouldn't that be nice? Take for instance the markup being discussed for the element: --&gt; I'm 100% on board with this idea. Let's",
                "fallback": "CSS-Tricks: Bandwidth Media Queries | CSS-Tricks",
                "ts": 1332949589,
                "from_url": "https:\/\/css-tricks.com\/bandwidth-media-queries\/",
                "service_icon": "https:\/\/css-tricks.com\/apple-touch-icon.png",
                "id": 1,
                "original_url": "https:\/\/css-tricks.com\/bandwidth-media-queries\/"
            }
        ],
        "blocks": [
            {
                "type": "rich_text",
                "block_id": "aFv\/",
                "elements": [
                    {
                        "type": "rich_text_section",
                        "elements": [
                            {
                                "type": "user",
                                "user_id": "U0D1RV4N8"
                            },
                            {
                                "type": "text",
                                "text": "  "
                            },
                            {
                                "type": "link",
                                "url": "https:\/\/css-tricks.com\/bandwidth-media-queries\/"
                            },
                            {
                                "type": "text",
                                "text": " what if!?!?!?"
                            }
                        ]
                    }
                ]
            }
        ],
        "thread_ts": "1593032013.006900",
        "parent_user_id": "U0D1W09V4"
    }
]