[
    {
        "client_msg_id": "39d9b37d-5fa4-4805-9bef-25772f490490",
        "type": "message",
        "text": "A good menu accessibility tip I also didn’t know about. Seems like a no-brainer to build this into the new site: <https:\/\/gomakethings.com\/better-more-accessible-active-link-styling\/>",
        "user": "U0D1RV4N8",
        "ts": "1589470387.001400",
        "team": "T0D1XTUAD",
        "user_team": "T0D1XTUAD",
        "source_team": "T0D1XTUAD",
        "user_profile": {
            "avatar_hash": "b0af0714bdde",
            "image_72": "https:\/\/avatars.slack-edge.com\/2019-05-22\/642788517284_b0af0714bddea68e9e1c_72.jpg",
            "first_name": "Derek",
            "real_name": "Derek Sheppard",
            "display_name": "Derek Sheppard",
            "team": "T0D1XTUAD",
            "name": "derek.sheppard",
            "is_restricted": false,
            "is_ultra_restricted": false
        },
        "blocks": [
            {
                "type": "rich_text",
                "block_id": "unK+W",
                "elements": [
                    {
                        "type": "rich_text_section",
                        "elements": [
                            {
                                "type": "text",
                                "text": "A good menu accessibility tip I also didn’t know about. Seems like a no-brainer to build this into the new site: "
                            },
                            {
                                "type": "link",
                                "url": "https:\/\/gomakethings.com\/better-more-accessible-active-link-styling\/"
                            }
                        ]
                    }
                ]
            }
        ],
        "thread_ts": "1589470387.001400",
        "reply_count": 9,
        "reply_users_count": 3,
        "latest_reply": "1590087248.003600",
        "reply_users": [
            "U0NSCMBR8",
            "U0D1V0DPG",
            "U0D1W09V4"
        ],
        "replies": [
            {
                "user": "U0NSCMBR8",
                "ts": "1589474133.001500"
            },
            {
                "user": "U0NSCMBR8",
                "ts": "1589474266.001900"
            },
            {
                "user": "U0D1V0DPG",
                "ts": "1589474666.002100"
            },
            {
                "user": "U0D1V0DPG",
                "ts": "1589474668.002300"
            },
            {
                "user": "U0NSCMBR8",
                "ts": "1589476642.002500"
            },
            {
                "user": "U0D1V0DPG",
                "ts": "1589476763.002700"
            },
            {
                "user": "U0NSCMBR8",
                "ts": "1589477576.002900"
            },
            {
                "user": "U0D1W09V4",
                "ts": "1590087062.003400"
            },
            {
                "user": "U0NSCMBR8",
                "ts": "1590087248.003600"
            }
        ],
        "subscribed": false,
        "reactions": [
            {
                "name": "+1",
                "users": [
                    "UTV659Z8X",
                    "U7EP7P2JW"
                ],
                "count": 2
            }
        ]
    },
    {
        "client_msg_id": "138303b9-b3db-406b-bb2b-6b91b60e359a",
        "type": "message",
        "text": "Oooh, I Iike that! (I didn’t know about it, either.) I normally think of aria as “things you should avoid since well-structured HTML mostly doesn’t need it,” but here it does something useful that the regular html might not.",
        "user": "U0NSCMBR8",
        "ts": "1589474133.001500",
        "team": "T0D1XTUAD",
        "user_team": "T0D1XTUAD",
        "source_team": "T0D1XTUAD",
        "user_profile": {
            "avatar_hash": "28a69ac871a0",
            "image_72": "https:\/\/avatars.slack-edge.com\/2016-02-24\/22896597253_28a69ac871a00b39b963_72.jpg",
            "first_name": "Al",
            "real_name": "Al Boss",
            "display_name": "",
            "team": "T0D1XTUAD",
            "name": "alboss",
            "is_restricted": false,
            "is_ultra_restricted": false
        },
        "edited": {
            "user": "U0NSCMBR8",
            "ts": "1589474181.000000"
        },
        "blocks": [
            {
                "type": "rich_text",
                "block_id": "ja9k3",
                "elements": [
                    {
                        "type": "rich_text_section",
                        "elements": [
                            {
                                "type": "text",
                                "text": "Oooh, I Iike that! (I didn’t know about it, either.) I normally think of aria as “things you should avoid since well-structured HTML mostly doesn’t need it,” but here it does something useful that the regular html might not."
                            }
                        ]
                    }
                ]
            }
        ],
        "thread_ts": "1589470387.001400",
        "parent_user_id": "U0D1RV4N8"
    },
    {
        "client_msg_id": "15564945-2f01-448d-9bdf-23b4e87416cf",
        "type": "message",
        "text": "<@U0D1V0DPG> Are you guys working on site navigation yet for the Casey project.",
        "user": "U0NSCMBR8",
        "ts": "1589474266.001900",
        "team": "T0D1XTUAD",
        "user_team": "T0D1XTUAD",
        "source_team": "T0D1XTUAD",
        "user_profile": {
            "avatar_hash": "28a69ac871a0",
            "image_72": "https:\/\/avatars.slack-edge.com\/2016-02-24\/22896597253_28a69ac871a00b39b963_72.jpg",
            "first_name": "Al",
            "real_name": "Al Boss",
            "display_name": "",
            "team": "T0D1XTUAD",
            "name": "alboss",
            "is_restricted": false,
            "is_ultra_restricted": false
        },
        "blocks": [
            {
                "type": "rich_text",
                "block_id": "bFHP",
                "elements": [
                    {
                        "type": "rich_text_section",
                        "elements": [
                            {
                                "type": "user",
                                "user_id": "U0D1V0DPG"
                            },
                            {
                                "type": "text",
                                "text": " Are you guys working on site navigation yet for the Casey project."
                            }
                        ]
                    }
                ]
            }
        ],
        "thread_ts": "1589470387.001400",
        "parent_user_id": "U0D1RV4N8"
    },
    {
        "client_msg_id": "a9c05a33-c043-4719-8c9e-2dcb8a63fbfb",
        "type": "message",
        "text": "Yes, we are doing that this sprint",
        "user": "U0D1V0DPG",
        "ts": "1589474666.002100",
        "team": "T0D1XTUAD",
        "user_team": "T0D1XTUAD",
        "source_team": "T0D1XTUAD",
        "user_profile": {
            "avatar_hash": "444d12cac49a",
            "image_72": "https:\/\/avatars.slack-edge.com\/2020-04-20\/1073909907794_444d12cac49a8d89b527_72.png",
            "first_name": "Alex",
            "real_name": "Alex Aragon",
            "display_name": "Alex",
            "team": "T0D1XTUAD",
            "name": "alex.aragon",
            "is_restricted": false,
            "is_ultra_restricted": false
        },
        "blocks": [
            {
                "type": "rich_text",
                "block_id": "8RJP",
                "elements": [
                    {
                        "type": "rich_text_section",
                        "elements": [
                            {
                                "type": "text",
                                "text": "Yes, we are doing that this sprint"
                            }
                        ]
                    }
                ]
            }
        ],
        "thread_ts": "1589470387.001400",
        "parent_user_id": "U0D1RV4N8"
    },
    {
        "client_msg_id": "14dfe16c-33d4-4d94-a017-b1c6cc0344b6",
        "type": "message",
        "text": "I think",
        "user": "U0D1V0DPG",
        "ts": "1589474668.002300",
        "team": "T0D1XTUAD",
        "user_team": "T0D1XTUAD",
        "source_team": "T0D1XTUAD",
        "user_profile": {
            "avatar_hash": "444d12cac49a",
            "image_72": "https:\/\/avatars.slack-edge.com\/2020-04-20\/1073909907794_444d12cac49a8d89b527_72.png",
            "first_name": "Alex",
            "real_name": "Alex Aragon",
            "display_name": "Alex",
            "team": "T0D1XTUAD",
            "name": "alex.aragon",
            "is_restricted": false,
            "is_ultra_restricted": false
        },
        "blocks": [
            {
                "type": "rich_text",
                "block_id": "hG1",
                "elements": [
                    {
                        "type": "rich_text_section",
                        "elements": [
                            {
                                "type": "text",
                                "text": "I think"
                            }
                        ]
                    }
                ]
            }
        ],
        "thread_ts": "1589470387.001400",
        "parent_user_id": "U0D1RV4N8"
    },
    {
        "client_msg_id": "db61e913-bd90-40c6-bd50-5615bb2b1a8e",
        "type": "message",
        "text": "<@U0D1V0DPG> Might be a good opportunity to slip in aria-current like Derek suggested.",
        "user": "U0NSCMBR8",
        "ts": "1589476642.002500",
        "team": "T0D1XTUAD",
        "user_team": "T0D1XTUAD",
        "source_team": "T0D1XTUAD",
        "user_profile": {
            "avatar_hash": "28a69ac871a0",
            "image_72": "https:\/\/avatars.slack-edge.com\/2016-02-24\/22896597253_28a69ac871a00b39b963_72.jpg",
            "first_name": "Al",
            "real_name": "Al Boss",
            "display_name": "",
            "team": "T0D1XTUAD",
            "name": "alboss",
            "is_restricted": false,
            "is_ultra_restricted": false
        },
        "blocks": [
            {
                "type": "rich_text",
                "block_id": "NhFx",
                "elements": [
                    {
                        "type": "rich_text_section",
                        "elements": [
                            {
                                "type": "user",
                                "user_id": "U0D1V0DPG"
                            },
                            {
                                "type": "text",
                                "text": " Might be a good opportunity to slip in aria-current like Derek suggested."
                            }
                        ]
                    }
                ]
            }
        ],
        "thread_ts": "1589470387.001400",
        "parent_user_id": "U0D1RV4N8"
    },
    {
        "client_msg_id": "d5bc9793-0ccd-48c2-a965-50c468cfca1a",
        "type": "message",
        "text": "How do we test aria labels?",
        "user": "U0D1V0DPG",
        "ts": "1589476763.002700",
        "team": "T0D1XTUAD",
        "user_team": "T0D1XTUAD",
        "source_team": "T0D1XTUAD",
        "user_profile": {
            "avatar_hash": "444d12cac49a",
            "image_72": "https:\/\/avatars.slack-edge.com\/2020-04-20\/1073909907794_444d12cac49a8d89b527_72.png",
            "first_name": "Alex",
            "real_name": "Alex Aragon",
            "display_name": "Alex",
            "team": "T0D1XTUAD",
            "name": "alex.aragon",
            "is_restricted": false,
            "is_ultra_restricted": false
        },
        "blocks": [
            {
                "type": "rich_text",
                "block_id": "mGoWD",
                "elements": [
                    {
                        "type": "rich_text_section",
                        "elements": [
                            {
                                "type": "text",
                                "text": "How do we test aria labels?"
                            }
                        ]
                    }
                ]
            }
        ],
        "thread_ts": "1589470387.001400",
        "parent_user_id": "U0D1RV4N8"
    },
    {
        "client_msg_id": "8f866153-50ed-48d8-b374-648f239e6824",
        "type": "message",
        "text": "If Jim Wingren is on the project, he’s actually accessibility-certified and has a lot of tools at his disposal. Us mere mortals can “test” (in quotes because we aren’t dependent on the tools so it’s all guesswork) using VoiceOver on Mac, Accessibility Inspector on OSX, or a number of browser tools. I like “Accessibility Insights” for Chrome and Edge, the Accessibility tab built into Firefox and the Axe plugin, and in Chrome, Audits, plus plugins for Axe, ChromeLens, and ARC Toolkit. I’m probably forgetting something.",
        "user": "U0NSCMBR8",
        "ts": "1589477576.002900",
        "team": "T0D1XTUAD",
        "user_team": "T0D1XTUAD",
        "source_team": "T0D1XTUAD",
        "user_profile": {
            "avatar_hash": "28a69ac871a0",
            "image_72": "https:\/\/avatars.slack-edge.com\/2016-02-24\/22896597253_28a69ac871a00b39b963_72.jpg",
            "first_name": "Al",
            "real_name": "Al Boss",
            "display_name": "",
            "team": "T0D1XTUAD",
            "name": "alboss",
            "is_restricted": false,
            "is_ultra_restricted": false
        },
        "blocks": [
            {
                "type": "rich_text",
                "block_id": "tCOL=",
                "elements": [
                    {
                        "type": "rich_text_section",
                        "elements": [
                            {
                                "type": "text",
                                "text": "If Jim Wingren is on the project, he’s actually accessibility-certified and has a lot of tools at his disposal. Us mere mortals can “test” (in quotes because we aren’t dependent on the tools so it’s all guesswork) using VoiceOver on Mac, Accessibility Inspector on OSX, or a number of browser tools. I like “Accessibility Insights” for Chrome and Edge, the Accessibility tab built into Firefox and the Axe plugin, and in Chrome, Audits, plus plugins for Axe, ChromeLens, and ARC Toolkit. I’m probably forgetting something."
                            }
                        ]
                    }
                ]
            }
        ],
        "thread_ts": "1589470387.001400",
        "parent_user_id": "U0D1RV4N8"
    }
]