[
    {
        "client_msg_id": "31a9cb2b-b755-4393-9caa-34e7b439adb2",
        "type": "message",
        "text": "Yeah, Comcast's tubes are always getting kinks.",
        "user": "UUJNED77D",
        "ts": "1613165407.033100",
        "team": "T0D1XTUAD",
        "user_team": "T0D1XTUAD",
        "source_team": "T0D1XTUAD",
        "user_profile": {
            "avatar_hash": "5f4a213e859b",
            "image_72": "https:\/\/avatars.slack-edge.com\/2020-03-04\/982713408789_5f4a213e859b7369a972_72.jpg",
            "first_name": "Fred",
            "real_name": "Fred Bentler",
            "display_name": "Fred Bentler",
            "team": "T0D1XTUAD",
            "name": "fred.bentler",
            "is_restricted": false,
            "is_ultra_restricted": false
        },
        "blocks": [
            {
                "type": "rich_text",
                "block_id": "DvC7",
                "elements": [
                    {
                        "type": "rich_text_section",
                        "elements": [
                            {
                                "type": "text",
                                "text": "Yeah, Comcast's tubes are always getting kinks."
                            }
                        ]
                    }
                ]
            }
        ],
        "thread_ts": "1613084079.029300",
        "parent_user_id": "U0NSCMBR8"
    }
]