[
    {
        "client_msg_id": "efd8f997-8127-45d1-8dc1-d1d7193d647c",
        "type": "message",
        "text": "I learned something new this morning. If you ever need to test a page for a slower connection, you can slow your internet speed way down in Chrome settings.\n\n1. Choose ‘More Tools’ and then select ‘Developer Settings’:\n2. Then click on the mobile icon on the lower left in the console:\n3. In the settings choose ‘Lower-end mobile’\nIf this does NOT slow your internet enough, try ‘throttling’ in Chrome:\n\n1. Go back to the Chrome settings and Choose More tools, Developer Tools, and then open the Developer Tools settings by clicking the cog wheel in the lower right of the console:\n2. Under settings on the left, choose ‘Throttling’: \n3. You can select ‘Add a custom profile’. Here you can make a nice and slow network as needed! I made a network called ‘Slow Network Testing’ and chose 300kb\/s download and 40 kb\/s upload.\n4. Once you have created the custom profile, close this panel.\n \nYou can apply your new throttling profile from the Network Panel throttle options. Click ‘Network’ on the developer tools panel and then Click on ‘Online’, and select your custom profile from the drop down list. If you need, you can slow the custom setting down even more.\n \nThere’s also the option to select ‘Slow 3G’ from the Online list in Network settings. ",
        "user": "U0NSCMBR8",
        "ts": "1613084079.029300",
        "team": "T0D1XTUAD",
        "user_team": "T0D1XTUAD",
        "source_team": "T0D1XTUAD",
        "user_profile": {
            "avatar_hash": "28a69ac871a0",
            "image_72": "https:\/\/avatars.slack-edge.com\/2016-02-24\/22896597253_28a69ac871a00b39b963_72.jpg",
            "first_name": "Al",
            "real_name": "Al Boss",
            "display_name": "",
            "team": "T0D1XTUAD",
            "name": "alboss",
            "is_restricted": false,
            "is_ultra_restricted": false
        },
        "blocks": [
            {
                "type": "rich_text",
                "block_id": "3BKm",
                "elements": [
                    {
                        "type": "rich_text_section",
                        "elements": [
                            {
                                "type": "text",
                                "text": "I learned something new this morning. If you ever need to test a page for a slower connection, you can slow your internet speed way down in Chrome settings.\n\n"
                            }
                        ]
                    },
                    {
                        "type": "rich_text_list",
                        "elements": [
                            {
                                "type": "rich_text_section",
                                "elements": [
                                    {
                                        "type": "text",
                                        "text": "Choose ‘More Tools’ and then select ‘Developer Settings’:"
                                    }
                                ]
                            },
                            {
                                "type": "rich_text_section",
                                "elements": [
                                    {
                                        "type": "text",
                                        "text": "Then click on the mobile icon on the lower left in the console:"
                                    }
                                ]
                            },
                            {
                                "type": "rich_text_section",
                                "elements": [
                                    {
                                        "type": "text",
                                        "text": "In the settings choose ‘Lower-end mobile’"
                                    }
                                ]
                            }
                        ],
                        "style": "ordered",
                        "indent": 0
                    },
                    {
                        "type": "rich_text_section",
                        "elements": [
                            {
                                "type": "text",
                                "text": "\nIf this does NOT slow your internet enough, try ‘throttling’ in Chrome:\n\n"
                            }
                        ]
                    },
                    {
                        "type": "rich_text_list",
                        "elements": [
                            {
                                "type": "rich_text_section",
                                "elements": [
                                    {
                                        "type": "text",
                                        "text": "Go back to the Chrome settings and Choose More tools, Developer Tools, and then open the Developer Tools settings by clicking the cog wheel in the lower right of the console:"
                                    }
                                ]
                            },
                            {
                                "type": "rich_text_section",
                                "elements": [
                                    {
                                        "type": "text",
                                        "text": "Under settings on the left, choose ‘Throttling’: "
                                    }
                                ]
                            },
                            {
                                "type": "rich_text_section",
                                "elements": [
                                    {
                                        "type": "text",
                                        "text": "You can select ‘Add a custom profile’. Here you can make a nice and slow network as needed! I made a network called ‘Slow Network Testing’ and chose 300kb\/s download and 40 kb\/s upload."
                                    }
                                ]
                            },
                            {
                                "type": "rich_text_section",
                                "elements": [
                                    {
                                        "type": "text",
                                        "text": "Once you have created the custom profile, close this panel."
                                    }
                                ]
                            }
                        ],
                        "style": "ordered",
                        "indent": 0
                    },
                    {
                        "type": "rich_text_section",
                        "elements": [
                            {
                                "type": "text",
                                "text": " \nYou can apply your new throttling profile from the Network Panel throttle options. Click ‘Network’ on the developer tools panel and then Click on ‘Online’, and select your custom profile from the drop down list. If you need, you can slow the custom setting down even more.\n \nThere’s also the option to select ‘Slow 3G’ from the Online list in Network settings. "
                            }
                        ]
                    }
                ]
            }
        ],
        "thread_ts": "1613084079.029300",
        "reply_count": 8,
        "reply_users_count": 4,
        "latest_reply": "1613165407.033100",
        "reply_users": [
            "U0D1RV4N8",
            "U0D1V0DPG",
            "U0NSCMBR8",
            "UUJNED77D"
        ],
        "replies": [
            {
                "user": "U0D1RV4N8",
                "ts": "1613084243.029500"
            },
            {
                "user": "U0D1V0DPG",
                "ts": "1613084758.030100"
            },
            {
                "user": "U0NSCMBR8",
                "ts": "1613084979.030500"
            },
            {
                "user": "U0D1V0DPG",
                "ts": "1613085056.030800"
            },
            {
                "user": "U0NSCMBR8",
                "ts": "1613085197.031000"
            },
            {
                "user": "UUJNED77D",
                "ts": "1613092391.031800"
            },
            {
                "user": "U0NSCMBR8",
                "ts": "1613093257.032800"
            },
            {
                "user": "UUJNED77D",
                "ts": "1613165407.033100"
            }
        ],
        "subscribed": false,
        "reactions": [
            {
                "name": "+1",
                "users": [
                    "U0D1RV4N8",
                    "U7EP7P2JW",
                    "UTJPVN880",
                    "U0D1V0DPG",
                    "U5Y0BDK51",
                    "U019DU219B4"
                ],
                "count": 6
            }
        ]
    },
    {
        "client_msg_id": "b589a89b-06f3-4668-98d8-1c9a6c955dc4",
        "type": "message",
        "text": "In Firefox you can do this by opening Developer Tools, Network tab, select \"No Throttling\" (t's the default option) then you can choose a range of suggested connection types.",
        "user": "U0D1RV4N8",
        "ts": "1613084243.029500",
        "team": "T0D1XTUAD",
        "user_team": "T0D1XTUAD",
        "source_team": "T0D1XTUAD",
        "user_profile": {
            "avatar_hash": "b0af0714bdde",
            "image_72": "https:\/\/avatars.slack-edge.com\/2019-05-22\/642788517284_b0af0714bddea68e9e1c_72.jpg",
            "first_name": "Derek",
            "real_name": "Derek Sheppard",
            "display_name": "Derek Sheppard",
            "team": "T0D1XTUAD",
            "name": "derek.sheppard",
            "is_restricted": false,
            "is_ultra_restricted": false
        },
        "blocks": [
            {
                "type": "rich_text",
                "block_id": "yLN",
                "elements": [
                    {
                        "type": "rich_text_section",
                        "elements": [
                            {
                                "type": "text",
                                "text": "In Firefox you can do this by opening Developer Tools, Network tab, select \"No Throttling\" (t's the default option) then you can choose a range of suggested connection types."
                            }
                        ]
                    }
                ]
            }
        ],
        "thread_ts": "1613084079.029300",
        "parent_user_id": "U0NSCMBR8",
        "reactions": [
            {
                "name": "+1",
                "users": [
                    "UTJPVN880",
                    "U0NSCMBR8",
                    "U0D1V0DPG"
                ],
                "count": 3
            }
        ]
    },
    {
        "type": "message",
        "text": "FYI: You can also slow down internet by folding the ethernet cable like a garden hose.",
        "files": [
            {
                "id": "F01MF51F8RM",
                "created": 1613084717,
                "timestamp": 1613084717,
                "name": "ab1Pf.jpg",
                "title": "ab1Pf.jpg",
                "mimetype": "image\/jpeg",
                "filetype": "jpg",
                "pretty_type": "JPEG",
                "user": "U0D1V0DPG",
                "editable": false,
                "size": 185947,
                "mode": "hosted",
                "is_external": false,
                "external_type": "",
                "is_public": true,
                "public_url_shared": false,
                "display_as_bot": false,
                "username": "",
                "url_private": "https:\/\/files.slack.com\/files-pri\/T0D1XTUAD-F01MF51F8RM\/ab1pf.jpg?t=xoxe-13065946353-1831014033124-1821760734405-0591b3003861d046a3fe606fb5f44814",
                "url_private_download": "https:\/\/files.slack.com\/files-pri\/T0D1XTUAD-F01MF51F8RM\/download\/ab1pf.jpg?t=xoxe-13065946353-1831014033124-1821760734405-0591b3003861d046a3fe606fb5f44814",
                "thumb_64": "https:\/\/files.slack.com\/files-tmb\/T0D1XTUAD-F01MF51F8RM-24b6d995db\/ab1pf_64.jpg?t=xoxe-13065946353-1831014033124-1821760734405-0591b3003861d046a3fe606fb5f44814",
                "thumb_80": "https:\/\/files.slack.com\/files-tmb\/T0D1XTUAD-F01MF51F8RM-24b6d995db\/ab1pf_80.jpg?t=xoxe-13065946353-1831014033124-1821760734405-0591b3003861d046a3fe606fb5f44814",
                "thumb_360": "https:\/\/files.slack.com\/files-tmb\/T0D1XTUAD-F01MF51F8RM-24b6d995db\/ab1pf_360.jpg?t=xoxe-13065946353-1831014033124-1821760734405-0591b3003861d046a3fe606fb5f44814",
                "thumb_360_w": 360,
                "thumb_360_h": 156,
                "thumb_480": "https:\/\/files.slack.com\/files-tmb\/T0D1XTUAD-F01MF51F8RM-24b6d995db\/ab1pf_480.jpg?t=xoxe-13065946353-1831014033124-1821760734405-0591b3003861d046a3fe606fb5f44814",
                "thumb_480_w": 480,
                "thumb_480_h": 208,
                "thumb_160": "https:\/\/files.slack.com\/files-tmb\/T0D1XTUAD-F01MF51F8RM-24b6d995db\/ab1pf_160.jpg?t=xoxe-13065946353-1831014033124-1821760734405-0591b3003861d046a3fe606fb5f44814",
                "thumb_720": "https:\/\/files.slack.com\/files-tmb\/T0D1XTUAD-F01MF51F8RM-24b6d995db\/ab1pf_720.jpg?t=xoxe-13065946353-1831014033124-1821760734405-0591b3003861d046a3fe606fb5f44814",
                "thumb_720_w": 720,
                "thumb_720_h": 312,
                "thumb_800": "https:\/\/files.slack.com\/files-tmb\/T0D1XTUAD-F01MF51F8RM-24b6d995db\/ab1pf_800.jpg?t=xoxe-13065946353-1831014033124-1821760734405-0591b3003861d046a3fe606fb5f44814",
                "thumb_800_w": 800,
                "thumb_800_h": 347,
                "thumb_960": "https:\/\/files.slack.com\/files-tmb\/T0D1XTUAD-F01MF51F8RM-24b6d995db\/ab1pf_960.jpg?t=xoxe-13065946353-1831014033124-1821760734405-0591b3003861d046a3fe606fb5f44814",
                "thumb_960_w": 960,
                "thumb_960_h": 416,
                "thumb_1024": "https:\/\/files.slack.com\/files-tmb\/T0D1XTUAD-F01MF51F8RM-24b6d995db\/ab1pf_1024.jpg?t=xoxe-13065946353-1831014033124-1821760734405-0591b3003861d046a3fe606fb5f44814",
                "thumb_1024_w": 1024,
                "thumb_1024_h": 444,
                "original_w": 1200,
                "original_h": 520,
                "thumb_tiny": "AwAUADBypjnFO2Ac8UxTxgGh2OBtJA74GTWFiR5AzgfiaYV46t+Q\/wAKYAhAJZie+WpcKBkOQf8Aep2AAHz94Ee60AYGWHPsf8aaJkHDOD9OtLIV2grkg+xNOzAevOQaceAKanU\/SnHoP896kY1kG0seTR5SYHy9fWnN\/qz9aXstMRHsXBXHGaYP3bjb0JwQe9Sd2+pqN\/vL\/vU0M\/\/Z",
                "permalink": "https:\/\/kcwebteam.slack.com\/files\/U0D1V0DPG\/F01MF51F8RM\/ab1pf.jpg",
                "permalink_public": "https:\/\/slack-files.com\/T0D1XTUAD-F01MF51F8RM-f56a68a931",
                "is_starred": false,
                "has_rich_preview": false
            }
        ],
        "upload": false,
        "blocks": [
            {
                "type": "rich_text",
                "block_id": "Co5M",
                "elements": [
                    {
                        "type": "rich_text_section",
                        "elements": [
                            {
                                "type": "text",
                                "text": "FYI: You can also slow down internet by folding the ethernet cable like a garden hose."
                            }
                        ]
                    }
                ]
            }
        ],
        "user": "U0D1V0DPG",
        "display_as_bot": false,
        "ts": "1613084758.030100",
        "thread_ts": "1613084079.029300",
        "parent_user_id": "U0NSCMBR8",
        "reactions": [
            {
                "name": "rolling_on_the_floor_laughing",
                "users": [
                    "U0D1RV4N8",
                    "U019DU219B4"
                ],
                "count": 2
            },
            {
                "name": "point_up_2",
                "users": [
                    "UUJNED77D"
                ],
                "count": 1
            }
        ]
    },
    {
        "client_msg_id": "da1183d8-7019-48c0-a5ad-46cf782acec0",
        "type": "message",
        "text": "But won’t all that Internet just back up the cable and constipate the buffers?",
        "user": "U0NSCMBR8",
        "ts": "1613084979.030500",
        "team": "T0D1XTUAD",
        "user_team": "T0D1XTUAD",
        "source_team": "T0D1XTUAD",
        "user_profile": {
            "avatar_hash": "28a69ac871a0",
            "image_72": "https:\/\/avatars.slack-edge.com\/2016-02-24\/22896597253_28a69ac871a00b39b963_72.jpg",
            "first_name": "Al",
            "real_name": "Al Boss",
            "display_name": "",
            "team": "T0D1XTUAD",
            "name": "alboss",
            "is_restricted": false,
            "is_ultra_restricted": false
        },
        "blocks": [
            {
                "type": "rich_text",
                "block_id": "IbCi",
                "elements": [
                    {
                        "type": "rich_text_section",
                        "elements": [
                            {
                                "type": "text",
                                "text": "But won’t all that Internet just back up the cable and constipate the buffers?"
                            }
                        ]
                    }
                ]
            }
        ],
        "thread_ts": "1613084079.029300",
        "parent_user_id": "U0NSCMBR8"
    },
    {
        "client_msg_id": "d4ba6387-735a-4d31-9a50-f061bf31299a",
        "type": "message",
        "text": "Yes, but you can also put your finger over the end of the cable and spray your dog with it!",
        "user": "U0D1V0DPG",
        "ts": "1613085056.030800",
        "team": "T0D1XTUAD",
        "user_team": "T0D1XTUAD",
        "source_team": "T0D1XTUAD",
        "user_profile": {
            "avatar_hash": "444d12cac49a",
            "image_72": "https:\/\/avatars.slack-edge.com\/2020-04-20\/1073909907794_444d12cac49a8d89b527_72.png",
            "first_name": "Alex",
            "real_name": "Alex Aragon",
            "display_name": "Alex",
            "team": "T0D1XTUAD",
            "name": "alex.aragon",
            "is_restricted": false,
            "is_ultra_restricted": false
        },
        "blocks": [
            {
                "type": "rich_text",
                "block_id": "3wg4",
                "elements": [
                    {
                        "type": "rich_text_section",
                        "elements": [
                            {
                                "type": "text",
                                "text": "Yes, but you can also put your finger over the end of the cable and spray your dog with it!"
                            }
                        ]
                    }
                ]
            }
        ],
        "thread_ts": "1613084079.029300",
        "parent_user_id": "U0NSCMBR8",
        "reactions": [
            {
                "name": "plus1",
                "users": [
                    "U5Y0BDK51"
                ],
                "count": 1
            }
        ]
    },
    {
        "client_msg_id": "ec8ed4df-9aae-4c19-b872-becad7fadc0b",
        "type": "message",
        "text": "My neighbor’s dog rolled in the Internet and started humping everything in sight. Down at the pond there are ducks that are *still* in therapy.",
        "user": "U0NSCMBR8",
        "ts": "1613085197.031000",
        "team": "T0D1XTUAD",
        "user_team": "T0D1XTUAD",
        "source_team": "T0D1XTUAD",
        "user_profile": {
            "avatar_hash": "28a69ac871a0",
            "image_72": "https:\/\/avatars.slack-edge.com\/2016-02-24\/22896597253_28a69ac871a00b39b963_72.jpg",
            "first_name": "Al",
            "real_name": "Al Boss",
            "display_name": "",
            "team": "T0D1XTUAD",
            "name": "alboss",
            "is_restricted": false,
            "is_ultra_restricted": false
        },
        "blocks": [
            {
                "type": "rich_text",
                "block_id": "KfgHB",
                "elements": [
                    {
                        "type": "rich_text_section",
                        "elements": [
                            {
                                "type": "text",
                                "text": "My neighbor’s dog rolled in the Internet and started humping everything in sight. Down at the pond there are ducks that are "
                            },
                            {
                                "type": "text",
                                "text": "still",
                                "style": {
                                    "bold": true
                                }
                            },
                            {
                                "type": "text",
                                "text": " in therapy."
                            }
                        ]
                    }
                ]
            }
        ],
        "thread_ts": "1613084079.029300",
        "parent_user_id": "U0NSCMBR8"
    },
    {
        "client_msg_id": "7d88547e-b027-4277-8523-20fdb37d4bd6",
        "type": "message",
        "text": "With my internet service I can use any browser and get the same effect.",
        "user": "UUJNED77D",
        "ts": "1613092391.031800",
        "team": "T0D1XTUAD",
        "user_team": "T0D1XTUAD",
        "source_team": "T0D1XTUAD",
        "user_profile": {
            "avatar_hash": "5f4a213e859b",
            "image_72": "https:\/\/avatars.slack-edge.com\/2020-03-04\/982713408789_5f4a213e859b7369a972_72.jpg",
            "first_name": "Fred",
            "real_name": "Fred Bentler",
            "display_name": "Fred Bentler",
            "team": "T0D1XTUAD",
            "name": "fred.bentler",
            "is_restricted": false,
            "is_ultra_restricted": false
        },
        "blocks": [
            {
                "type": "rich_text",
                "block_id": "Cv\/N",
                "elements": [
                    {
                        "type": "rich_text_section",
                        "elements": [
                            {
                                "type": "text",
                                "text": "With my internet service I can use any browser and get the same effect."
                            }
                        ]
                    }
                ]
            }
        ],
        "thread_ts": "1613084079.029300",
        "parent_user_id": "U0NSCMBR8"
    },
    {
        "client_msg_id": "5030A719-C44D-4D38-845F-182C84ABB2D2",
        "type": "message",
        "text": "I was going to say, “or, you can just use Comcast.”",
        "user": "U0NSCMBR8",
        "ts": "1613093257.032800",
        "team": "T0D1XTUAD",
        "user_team": "T0D1XTUAD",
        "source_team": "T0D1XTUAD",
        "user_profile": {
            "avatar_hash": "28a69ac871a0",
            "image_72": "https:\/\/avatars.slack-edge.com\/2016-02-24\/22896597253_28a69ac871a00b39b963_72.jpg",
            "first_name": "Al",
            "real_name": "Al Boss",
            "display_name": "",
            "team": "T0D1XTUAD",
            "name": "alboss",
            "is_restricted": false,
            "is_ultra_restricted": false
        },
        "blocks": [
            {
                "type": "rich_text",
                "block_id": "Il5Cx",
                "elements": [
                    {
                        "type": "rich_text_section",
                        "elements": [
                            {
                                "type": "text",
                                "text": "I was going to say, “or, you can just use Comcast.”"
                            }
                        ]
                    }
                ]
            }
        ],
        "thread_ts": "1613084079.029300",
        "parent_user_id": "U0NSCMBR8",
        "reactions": [
            {
                "name": "smile",
                "users": [
                    "UUJNED77D"
                ],
                "count": 1
            }
        ]
    }
]