[
    {
        "client_msg_id": "9ae6cb2c-89bf-482c-8c5d-10915f36a893",
        "type": "message",
        "text": "Harold!! :heart_eyes_cat:\n(Yes, I'm logging in on a vacation day to see if there are any important cat photos. Logging back out now.)",
        "user": "U7EQMP760",
        "ts": "1598639241.020600",
        "team": "T0D1XTUAD",
        "user_team": "T0D1XTUAD",
        "source_team": "T0D1XTUAD",
        "user_profile": {
            "avatar_hash": "db1abed225d9",
            "image_72": "https:\/\/avatars.slack-edge.com\/2020-03-14\/990754009969_db1abed225d9635aae98_72.jpg",
            "first_name": "",
            "real_name": "Mary Delahanty",
            "display_name": "",
            "team": "T0D1XTUAD",
            "name": "mary.delahanty",
            "is_restricted": false,
            "is_ultra_restricted": false
        },
        "blocks": [
            {
                "type": "rich_text",
                "block_id": "6UvH",
                "elements": [
                    {
                        "type": "rich_text_section",
                        "elements": [
                            {
                                "type": "text",
                                "text": "Harold!! "
                            },
                            {
                                "type": "emoji",
                                "name": "heart_eyes_cat"
                            },
                            {
                                "type": "text",
                                "text": "\n(Yes, I'm logging in on a vacation day to see if there are any important cat photos. Logging back out now.)"
                            }
                        ]
                    }
                ]
            }
        ],
        "thread_ts": "1598582172.018500",
        "parent_user_id": "U0D1RV4N8"
    },
    {
        "client_msg_id": "8e937a4d-4c2d-4685-92d3-c5a059084083",
        "type": "message",
        "text": "<@U0D1RV4N8> beautiful kitten!",
        "user": "U016LJ8547R",
        "ts": "1598654960.021100",
        "team": "T0D1XTUAD",
        "user_team": "T0D1XTUAD",
        "source_team": "T0D1XTUAD",
        "user_profile": {
            "avatar_hash": "ga8c2c7d0ea7",
            "image_72": "https:\/\/secure.gravatar.com\/avatar\/a8c2c7d0ea73f3173b0f6aa7921d1ab6.jpg?s=72&d=https%3A%2F%2Fa.slack-edge.com%2Fdf10d%2Fimg%2Favatars%2Fava_0005-72.png",
            "first_name": "",
            "real_name": "Taifa Harris",
            "display_name": "Taifa Harris",
            "team": "T0D1XTUAD",
            "name": "n-tharris",
            "is_restricted": false,
            "is_ultra_restricted": false
        },
        "blocks": [
            {
                "type": "rich_text",
                "block_id": "40A",
                "elements": [
                    {
                        "type": "rich_text_section",
                        "elements": [
                            {
                                "type": "user",
                                "user_id": "U0D1RV4N8"
                            },
                            {
                                "type": "text",
                                "text": " beautiful kitten!"
                            }
                        ]
                    }
                ]
            }
        ]
    },
    {
        "client_msg_id": "846ba8cf-432e-47ff-a229-15307f2ec9c1",
        "type": "message",
        "text": "<@UUJNECG67> Thank you! they are British Shorthair.",
        "user": "U016LJ8547R",
        "ts": "1598655073.022100",
        "team": "T0D1XTUAD",
        "user_team": "T0D1XTUAD",
        "source_team": "T0D1XTUAD",
        "user_profile": {
            "avatar_hash": "ga8c2c7d0ea7",
            "image_72": "https:\/\/secure.gravatar.com\/avatar\/a8c2c7d0ea73f3173b0f6aa7921d1ab6.jpg?s=72&d=https%3A%2F%2Fa.slack-edge.com%2Fdf10d%2Fimg%2Favatars%2Fava_0005-72.png",
            "first_name": "",
            "real_name": "Taifa Harris",
            "display_name": "Taifa Harris",
            "team": "T0D1XTUAD",
            "name": "n-tharris",
            "is_restricted": false,
            "is_ultra_restricted": false
        },
        "blocks": [
            {
                "type": "rich_text",
                "block_id": "QpF\/5",
                "elements": [
                    {
                        "type": "rich_text_section",
                        "elements": [
                            {
                                "type": "user",
                                "user_id": "UUJNECG67"
                            },
                            {
                                "type": "text",
                                "text": " Thank you! they are British Shorthair."
                            }
                        ]
                    }
                ]
            }
        ],
        "reactions": [
            {
                "name": "heart",
                "users": [
                    "UUJNECG67"
                ],
                "count": 1
            }
        ]
    }
]