[
    {
        "type": "message",
        "subtype": "channel_join",
        "ts": "1584636036.000400",
        "user": "UUW3W20AU",
        "text": "<@UUW3W20AU> has joined the channel",
        "inviter": "UUYA52R62"
    },
    {
        "client_msg_id": "040cd1e6-3974-4d49-8438-1fdfd56238eb",
        "type": "message",
        "text": "YAYYY!!!",
        "user": "UUW3W20AU",
        "ts": "1584636462.000600",
        "team": "T0D1XTUAD",
        "user_team": "T0D1XTUAD",
        "source_team": "T0D1XTUAD",
        "user_profile": {
            "avatar_hash": "0c87430f5419",
            "image_72": "https:\/\/avatars.slack-edge.com\/2020-03-04\/984414387030_0c87430f5419d7de3cea_72.jpg",
            "first_name": "Elizabeth",
            "real_name": "Elizabeth Inglese",
            "display_name": "Tish",
            "team": "T0D1XTUAD",
            "name": "einglese",
            "is_restricted": false,
            "is_ultra_restricted": false
        },
        "blocks": [
            {
                "type": "rich_text",
                "block_id": "WpuB",
                "elements": [
                    {
                        "type": "rich_text_section",
                        "elements": [
                            {
                                "type": "text",
                                "text": "YAYYY!!!"
                            }
                        ]
                    }
                ]
            }
        ]
    },
    {
        "bot_id": "B4M05S43S",
        "type": "message",
        "text": "",
        "user": "UUW3W20AU",
        "ts": "1584639769.000800",
        "team": "T0D1XTUAD",
        "bot_profile": {
            "id": "B4M05S43S",
            "deleted": false,
            "name": "giphy",
            "updated": 1490131602,
            "app_id": "A0F827J2C",
            "icons": {
                "image_36": "https:\/\/a.slack-edge.com\/dc483\/img\/plugins\/giphy\/service_72.png",
                "image_48": "https:\/\/a.slack-edge.com\/dc483\/img\/plugins\/giphy\/service_48.png",
                "image_72": "https:\/\/a.slack-edge.com\/dc483\/img\/plugins\/giphy\/service_72.png"
            },
            "team_id": "T0D1XTUAD"
        },
        "attachments": [
            {
                "fallback": "giphy: https:\/\/giphy.com\/gifs\/computer-cat-wearing-glasses-VbnUQpnihPSIgIXuZv",
                "image_url": "https:\/\/media1.giphy.com\/media\/VbnUQpnihPSIgIXuZv\/giphy-downsized.gif?cid=6104955ee8824b41925e77b3a8edfd13f60e4f29876e5897&rid=giphy-downsized.gif",
                "image_width": 384,
                "image_height": 480,
                "image_bytes": 1882876,
                "is_animated": true,
                "title": "cat",
                "footer": "Posted using \/giphy",
                "id": 1,
                "title_link": "https:\/\/giphy.com\/gifs\/computer-cat-wearing-glasses-VbnUQpnihPSIgIXuZv"
            }
        ]
    }
]