[
    {
        "type": "message",
        "text": "These are my two co-workers (Bodie and Zoe), showing their normal level of engagement in our \"team\" effort.",
        "files": [
            {
                "id": "F019MBD5GD9",
                "created": 1598537798,
                "timestamp": 1598537798,
                "name": "Bodie.jpg",
                "title": "Bodie.jpg",
                "mimetype": "image\/jpeg",
                "filetype": "jpg",
                "pretty_type": "JPEG",
                "user": "U016LJ8547R",
                "editable": false,
                "size": 2875518,
                "mode": "hosted",
                "is_external": false,
                "external_type": "",
                "is_public": true,
                "public_url_shared": false,
                "display_as_bot": false,
                "username": "",
                "url_private": "https:\/\/files.slack.com\/files-pri\/T0D1XTUAD-F019MBD5GD9\/bodie.jpg?t=xoxe-13065946353-1831014033124-1821760734405-0591b3003861d046a3fe606fb5f44814",
                "url_private_download": "https:\/\/files.slack.com\/files-pri\/T0D1XTUAD-F019MBD5GD9\/download\/bodie.jpg?t=xoxe-13065946353-1831014033124-1821760734405-0591b3003861d046a3fe606fb5f44814",
                "thumb_64": "https:\/\/files.slack.com\/files-tmb\/T0D1XTUAD-F019MBD5GD9-b1b7dd7927\/bodie_64.jpg?t=xoxe-13065946353-1831014033124-1821760734405-0591b3003861d046a3fe606fb5f44814",
                "thumb_80": "https:\/\/files.slack.com\/files-tmb\/T0D1XTUAD-F019MBD5GD9-b1b7dd7927\/bodie_80.jpg?t=xoxe-13065946353-1831014033124-1821760734405-0591b3003861d046a3fe606fb5f44814",
                "thumb_360": "https:\/\/files.slack.com\/files-tmb\/T0D1XTUAD-F019MBD5GD9-b1b7dd7927\/bodie_360.jpg?t=xoxe-13065946353-1831014033124-1821760734405-0591b3003861d046a3fe606fb5f44814",
                "thumb_360_w": 360,
                "thumb_360_h": 270,
                "thumb_480": "https:\/\/files.slack.com\/files-tmb\/T0D1XTUAD-F019MBD5GD9-b1b7dd7927\/bodie_480.jpg?t=xoxe-13065946353-1831014033124-1821760734405-0591b3003861d046a3fe606fb5f44814",
                "thumb_480_w": 480,
                "thumb_480_h": 360,
                "thumb_160": "https:\/\/files.slack.com\/files-tmb\/T0D1XTUAD-F019MBD5GD9-b1b7dd7927\/bodie_160.jpg?t=xoxe-13065946353-1831014033124-1821760734405-0591b3003861d046a3fe606fb5f44814",
                "thumb_720": "https:\/\/files.slack.com\/files-tmb\/T0D1XTUAD-F019MBD5GD9-b1b7dd7927\/bodie_720.jpg?t=xoxe-13065946353-1831014033124-1821760734405-0591b3003861d046a3fe606fb5f44814",
                "thumb_720_w": 720,
                "thumb_720_h": 540,
                "thumb_800": "https:\/\/files.slack.com\/files-tmb\/T0D1XTUAD-F019MBD5GD9-b1b7dd7927\/bodie_800.jpg?t=xoxe-13065946353-1831014033124-1821760734405-0591b3003861d046a3fe606fb5f44814",
                "thumb_800_w": 800,
                "thumb_800_h": 600,
                "thumb_960": "https:\/\/files.slack.com\/files-tmb\/T0D1XTUAD-F019MBD5GD9-b1b7dd7927\/bodie_960.jpg?t=xoxe-13065946353-1831014033124-1821760734405-0591b3003861d046a3fe606fb5f44814",
                "thumb_960_w": 960,
                "thumb_960_h": 720,
                "thumb_1024": "https:\/\/files.slack.com\/files-tmb\/T0D1XTUAD-F019MBD5GD9-b1b7dd7927\/bodie_1024.jpg?t=xoxe-13065946353-1831014033124-1821760734405-0591b3003861d046a3fe606fb5f44814",
                "thumb_1024_w": 1024,
                "thumb_1024_h": 768,
                "original_w": 4032,
                "original_h": 3024,
                "thumb_tiny": "AwAkADAIxwaikXAqwyEfSopF9elAEUUmDg1aEi4IzzVaJRvBYcelOJHPHOfSlyjuP3ZoNRx7j1FSEc1Ay2R2qORBgjtUjGgkelUmFiiPlpV3McdR60+aMg8Hg0Ww+U56im2JII1Ap2Pmp3ApB1FQUPViyKT1Ip3emJ\/ql+lO70AMkGQp9DSqAAcCkf7opy9DTYhjetJ\/EKVulIPvCpGf\/9k=",
                "permalink": "https:\/\/kcwebteam.slack.com\/files\/U016LJ8547R\/F019MBD5GD9\/bodie.jpg",
                "permalink_public": "https:\/\/slack-files.com\/T0D1XTUAD-F019MBD5GD9-184b17c4ee",
                "is_starred": false,
                "has_rich_preview": false
            },
            {
                "id": "F0196CXCHJB",
                "created": 1598537822,
                "timestamp": 1598537822,
                "name": "Zoe.jpg",
                "title": "Zoe.jpg",
                "mimetype": "image\/jpeg",
                "filetype": "jpg",
                "pretty_type": "JPEG",
                "user": "U016LJ8547R",
                "editable": false,
                "size": 2879969,
                "mode": "hosted",
                "is_external": false,
                "external_type": "",
                "is_public": true,
                "public_url_shared": false,
                "display_as_bot": false,
                "username": "",
                "url_private": "https:\/\/files.slack.com\/files-pri\/T0D1XTUAD-F0196CXCHJB\/zoe.jpg?t=xoxe-13065946353-1831014033124-1821760734405-0591b3003861d046a3fe606fb5f44814",
                "url_private_download": "https:\/\/files.slack.com\/files-pri\/T0D1XTUAD-F0196CXCHJB\/download\/zoe.jpg?t=xoxe-13065946353-1831014033124-1821760734405-0591b3003861d046a3fe606fb5f44814",
                "thumb_64": "https:\/\/files.slack.com\/files-tmb\/T0D1XTUAD-F0196CXCHJB-8964213b70\/zoe_64.jpg?t=xoxe-13065946353-1831014033124-1821760734405-0591b3003861d046a3fe606fb5f44814",
                "thumb_80": "https:\/\/files.slack.com\/files-tmb\/T0D1XTUAD-F0196CXCHJB-8964213b70\/zoe_80.jpg?t=xoxe-13065946353-1831014033124-1821760734405-0591b3003861d046a3fe606fb5f44814",
                "thumb_360": "https:\/\/files.slack.com\/files-tmb\/T0D1XTUAD-F0196CXCHJB-8964213b70\/zoe_360.jpg?t=xoxe-13065946353-1831014033124-1821760734405-0591b3003861d046a3fe606fb5f44814",
                "thumb_360_w": 270,
                "thumb_360_h": 360,
                "thumb_480": "https:\/\/files.slack.com\/files-tmb\/T0D1XTUAD-F0196CXCHJB-8964213b70\/zoe_480.jpg?t=xoxe-13065946353-1831014033124-1821760734405-0591b3003861d046a3fe606fb5f44814",
                "thumb_480_w": 360,
                "thumb_480_h": 480,
                "thumb_160": "https:\/\/files.slack.com\/files-tmb\/T0D1XTUAD-F0196CXCHJB-8964213b70\/zoe_160.jpg?t=xoxe-13065946353-1831014033124-1821760734405-0591b3003861d046a3fe606fb5f44814",
                "thumb_720": "https:\/\/files.slack.com\/files-tmb\/T0D1XTUAD-F0196CXCHJB-8964213b70\/zoe_720.jpg?t=xoxe-13065946353-1831014033124-1821760734405-0591b3003861d046a3fe606fb5f44814",
                "thumb_720_w": 540,
                "thumb_720_h": 720,
                "thumb_800": "https:\/\/files.slack.com\/files-tmb\/T0D1XTUAD-F0196CXCHJB-8964213b70\/zoe_800.jpg?t=xoxe-13065946353-1831014033124-1821760734405-0591b3003861d046a3fe606fb5f44814",
                "thumb_800_w": 800,
                "thumb_800_h": 1067,
                "thumb_960": "https:\/\/files.slack.com\/files-tmb\/T0D1XTUAD-F0196CXCHJB-8964213b70\/zoe_960.jpg?t=xoxe-13065946353-1831014033124-1821760734405-0591b3003861d046a3fe606fb5f44814",
                "thumb_960_w": 720,
                "thumb_960_h": 960,
                "thumb_1024": "https:\/\/files.slack.com\/files-tmb\/T0D1XTUAD-F0196CXCHJB-8964213b70\/zoe_1024.jpg?t=xoxe-13065946353-1831014033124-1821760734405-0591b3003861d046a3fe606fb5f44814",
                "thumb_1024_w": 768,
                "thumb_1024_h": 1024,
                "original_w": 3024,
                "original_h": 4032,
                "thumb_tiny": "AwAwACRFBJ61Js9xUAal3VkaFgKFBJPAp+0Yzmq8sZ2gZ56mnjoBnpTtoK5OIx60eWPWo93vS7vekMqMhAyARUkMeFLtg46Co1lCEK4JTPIq7F5ZjJU5U1ZJG5G8sQScdBVd2cjMeasNIBx1A7VWkmLfKBgVRIqynHzEZ+lL5v0\/KoMkUbjSGWFlifg\/KffpUqnaMDp7VnipEkaM8H8KALEgIFVyOatkh0DjuKhIpiIaKeaTn0oA\/9k=",
                "permalink": "https:\/\/kcwebteam.slack.com\/files\/U016LJ8547R\/F0196CXCHJB\/zoe.jpg",
                "permalink_public": "https:\/\/slack-files.com\/T0D1XTUAD-F0196CXCHJB-aadf47de66",
                "is_starred": false,
                "has_rich_preview": false
            }
        ],
        "upload": false,
        "blocks": [
            {
                "type": "rich_text",
                "block_id": "yGM",
                "elements": [
                    {
                        "type": "rich_text_section",
                        "elements": [
                            {
                                "type": "text",
                                "text": "These are my two co-workers (Bodie and Zoe), showing their normal level of engagement in our \"team\" effort."
                            }
                        ]
                    }
                ]
            }
        ],
        "user": "U016LJ8547R",
        "ts": "1598538039.012700",
        "thread_ts": "1598538039.012700",
        "reply_count": 2,
        "reply_users_count": 2,
        "latest_reply": "1598541487.015700",
        "reply_users": [
            "U0NSCMBR8",
            "U019DU219B4"
        ],
        "replies": [
            {
                "user": "U0NSCMBR8",
                "ts": "1598539919.015400"
            },
            {
                "user": "U019DU219B4",
                "ts": "1598541487.015700"
            }
        ],
        "subscribed": false,
        "reactions": [
            {
                "name": "heart_eyes_cat",
                "users": [
                    "U019DU219B4",
                    "UUJNECG67",
                    "UT7A459JP"
                ],
                "count": 3
            }
        ]
    },
    {
        "client_msg_id": "611B675E-7961-4184-B871-469ADB9A8F0C",
        "type": "message",
        "text": "Taifa, their expressions look like they were told they’re going to be using the Sitecore training.",
        "user": "U0NSCMBR8",
        "ts": "1598539919.015400",
        "team": "T0D1XTUAD",
        "user_team": "T0D1XTUAD",
        "source_team": "T0D1XTUAD",
        "user_profile": {
            "avatar_hash": "28a69ac871a0",
            "image_72": "https:\/\/avatars.slack-edge.com\/2016-02-24\/22896597253_28a69ac871a00b39b963_72.jpg",
            "first_name": "Al",
            "real_name": "Al Boss",
            "display_name": "",
            "team": "T0D1XTUAD",
            "name": "alboss",
            "is_restricted": false,
            "is_ultra_restricted": false
        },
        "blocks": [
            {
                "type": "rich_text",
                "block_id": "gvhvD",
                "elements": [
                    {
                        "type": "rich_text_section",
                        "elements": [
                            {
                                "type": "text",
                                "text": "Taifa, their expressions look like they were told they’re going to be using the Sitecore training."
                            }
                        ]
                    }
                ]
            }
        ],
        "thread_ts": "1598538039.012700",
        "parent_user_id": "U016LJ8547R",
        "reactions": [
            {
                "name": "laughing",
                "users": [
                    "U019DU219B4"
                ],
                "count": 1
            }
        ]
    },
    {
        "client_msg_id": "21cf7da1-1d5b-4a46-a3b9-e0037f518b8d",
        "type": "message",
        "text": "I almost can't handle their cuteness, <@U016LJ8547R>!",
        "user": "U019DU219B4",
        "ts": "1598541487.015700",
        "team": "T0D1XTUAD",
        "user_team": "T0D1XTUAD",
        "source_team": "T0D1XTUAD",
        "user_profile": {
            "avatar_hash": "b99fbed56ce5",
            "image_72": "https:\/\/avatars.slack-edge.com\/2020-08-24\/1326180875044_b99fbed56ce584617434_72.jpg",
            "first_name": "Dominique",
            "real_name": "Dominique Barni",
            "display_name": "Dominique Barni",
            "team": "T0D1XTUAD",
            "name": "n-dbarni",
            "is_restricted": false,
            "is_ultra_restricted": false
        },
        "blocks": [
            {
                "type": "rich_text",
                "block_id": "swYy",
                "elements": [
                    {
                        "type": "rich_text_section",
                        "elements": [
                            {
                                "type": "text",
                                "text": "I almost can't handle their cuteness, "
                            },
                            {
                                "type": "user",
                                "user_id": "U016LJ8547R"
                            },
                            {
                                "type": "text",
                                "text": "!"
                            }
                        ]
                    }
                ]
            }
        ],
        "thread_ts": "1598538039.012700",
        "parent_user_id": "U016LJ8547R",
        "reactions": [
            {
                "name": "smile",
                "users": [
                    "U016LJ8547R"
                ],
                "count": 1
            }
        ]
    },
    {
        "client_msg_id": "251169bf-919f-4e56-b19f-70e6cfeef1d9",
        "type": "message",
        "text": ":joy:<@U0NSCMBR8>",
        "user": "U016LJ8547R",
        "ts": "1598542641.016400",
        "team": "T0D1XTUAD",
        "user_team": "T0D1XTUAD",
        "source_team": "T0D1XTUAD",
        "user_profile": {
            "avatar_hash": "ga8c2c7d0ea7",
            "image_72": "https:\/\/secure.gravatar.com\/avatar\/a8c2c7d0ea73f3173b0f6aa7921d1ab6.jpg?s=72&d=https%3A%2F%2Fa.slack-edge.com%2Fdf10d%2Fimg%2Favatars%2Fava_0005-72.png",
            "first_name": "",
            "real_name": "Taifa Harris",
            "display_name": "Taifa Harris",
            "team": "T0D1XTUAD",
            "name": "n-tharris",
            "is_restricted": false,
            "is_ultra_restricted": false
        },
        "blocks": [
            {
                "type": "rich_text",
                "block_id": "MbJV",
                "elements": [
                    {
                        "type": "rich_text_section",
                        "elements": [
                            {
                                "type": "emoji",
                                "name": "joy"
                            },
                            {
                                "type": "user",
                                "user_id": "U0NSCMBR8"
                            }
                        ]
                    }
                ]
            }
        ]
    },
    {
        "type": "message",
        "text": "",
        "files": [
            {
                "id": "F019JV865AR",
                "created": 1598558590,
                "timestamp": 1598558590,
                "name": "Image from iOS.jpg",
                "title": "Image from iOS",
                "mimetype": "image\/jpeg",
                "filetype": "jpg",
                "pretty_type": "JPEG",
                "user": "U019DU219B4",
                "editable": false,
                "size": 27428,
                "mode": "hosted",
                "is_external": false,
                "external_type": "",
                "is_public": true,
                "public_url_shared": false,
                "display_as_bot": false,
                "username": "",
                "url_private": "https:\/\/files.slack.com\/files-pri\/T0D1XTUAD-F019JV865AR\/image_from_ios.jpg?t=xoxe-13065946353-1831014033124-1821760734405-0591b3003861d046a3fe606fb5f44814",
                "url_private_download": "https:\/\/files.slack.com\/files-pri\/T0D1XTUAD-F019JV865AR\/download\/image_from_ios.jpg?t=xoxe-13065946353-1831014033124-1821760734405-0591b3003861d046a3fe606fb5f44814",
                "thumb_64": "https:\/\/files.slack.com\/files-tmb\/T0D1XTUAD-F019JV865AR-ac6002222f\/image_from_ios_64.jpg?t=xoxe-13065946353-1831014033124-1821760734405-0591b3003861d046a3fe606fb5f44814",
                "thumb_80": "https:\/\/files.slack.com\/files-tmb\/T0D1XTUAD-F019JV865AR-ac6002222f\/image_from_ios_80.jpg?t=xoxe-13065946353-1831014033124-1821760734405-0591b3003861d046a3fe606fb5f44814",
                "thumb_360": "https:\/\/files.slack.com\/files-tmb\/T0D1XTUAD-F019JV865AR-ac6002222f\/image_from_ios_360.jpg?t=xoxe-13065946353-1831014033124-1821760734405-0591b3003861d046a3fe606fb5f44814",
                "thumb_360_w": 360,
                "thumb_360_h": 360,
                "thumb_480": "https:\/\/files.slack.com\/files-tmb\/T0D1XTUAD-F019JV865AR-ac6002222f\/image_from_ios_480.jpg?t=xoxe-13065946353-1831014033124-1821760734405-0591b3003861d046a3fe606fb5f44814",
                "thumb_480_w": 480,
                "thumb_480_h": 480,
                "thumb_160": "https:\/\/files.slack.com\/files-tmb\/T0D1XTUAD-F019JV865AR-ac6002222f\/image_from_ios_160.jpg?t=xoxe-13065946353-1831014033124-1821760734405-0591b3003861d046a3fe606fb5f44814",
                "thumb_720": "https:\/\/files.slack.com\/files-tmb\/T0D1XTUAD-F019JV865AR-ac6002222f\/image_from_ios_720.jpg?t=xoxe-13065946353-1831014033124-1821760734405-0591b3003861d046a3fe606fb5f44814",
                "thumb_720_w": 720,
                "thumb_720_h": 720,
                "thumb_800": "https:\/\/files.slack.com\/files-tmb\/T0D1XTUAD-F019JV865AR-ac6002222f\/image_from_ios_800.jpg?t=xoxe-13065946353-1831014033124-1821760734405-0591b3003861d046a3fe606fb5f44814",
                "thumb_800_w": 800,
                "thumb_800_h": 800,
                "thumb_960": "https:\/\/files.slack.com\/files-tmb\/T0D1XTUAD-F019JV865AR-ac6002222f\/image_from_ios_960.jpg?t=xoxe-13065946353-1831014033124-1821760734405-0591b3003861d046a3fe606fb5f44814",
                "thumb_960_w": 960,
                "thumb_960_h": 960,
                "original_w": 960,
                "original_h": 960,
                "thumb_tiny": "AwAwADDSpaSlHSgAxRijOKAQehoAKKKKAEpR0pKCSFyKAGuASM7vwojVUyFB\/Gk3t7flRvb0\/SgCSikGcc9aWgBKUdKSloAQqCckCgADoBS0UAFFFFAH\/9k=",
                "permalink": "https:\/\/kcwebteam.slack.com\/files\/U019DU219B4\/F019JV865AR\/image_from_ios.jpg",
                "permalink_public": "https:\/\/slack-files.com\/T0D1XTUAD-F019JV865AR-7a9bd1812f",
                "is_starred": false,
                "has_rich_preview": false
            }
        ],
        "upload": true,
        "blocks": [
            {
                "type": "rich_text",
                "block_id": "j5MeJ",
                "elements": []
            }
        ],
        "user": "U019DU219B4",
        "display_as_bot": false,
        "ts": "1598558592.016700",
        "client_msg_id": "C36D365A-FBF3-42A7-8DCD-C9AE52DF2570",
        "reactions": [
            {
                "name": "joy",
                "users": [
                    "UUJNECG67",
                    "U0NSCMBR8"
                ],
                "count": 2
            },
            {
                "name": "rolling_on_the_floor_laughing",
                "users": [
                    "UUW3W20AU"
                ],
                "count": 1
            }
        ]
    },
    {
        "client_msg_id": "f46bd6f0-8e0e-450b-b105-21039579476b",
        "type": "message",
        "text": "<@U019DU219B4> this is SO true!",
        "user": "UUJNECG67",
        "ts": "1598558619.017400",
        "team": "T0D1XTUAD",
        "user_team": "T0D1XTUAD",
        "source_team": "T0D1XTUAD",
        "user_profile": {
            "avatar_hash": "3770b096c03c",
            "image_72": "https:\/\/avatars.slack-edge.com\/2020-08-27\/1329102233075_3770b096c03ccdfc53b6_72.png",
            "first_name": "Andrea",
            "real_name": "Andrea",
            "display_name": "Andrea",
            "team": "T0D1XTUAD",
            "name": "andrea.rouleau",
            "is_restricted": false,
            "is_ultra_restricted": false
        },
        "blocks": [
            {
                "type": "rich_text",
                "block_id": "=mvr",
                "elements": [
                    {
                        "type": "rich_text_section",
                        "elements": [
                            {
                                "type": "user",
                                "user_id": "U019DU219B4"
                            },
                            {
                                "type": "text",
                                "text": " this is SO true!"
                            }
                        ]
                    }
                ]
            }
        ]
    },
    {
        "client_msg_id": "a59c20ff-bf42-4044-b819-a9bbeca69f76",
        "type": "message",
        "text": "It’s perfect.",
        "user": "U0NSCMBR8",
        "ts": "1598558636.017600",
        "team": "T0D1XTUAD",
        "user_team": "T0D1XTUAD",
        "source_team": "T0D1XTUAD",
        "user_profile": {
            "avatar_hash": "28a69ac871a0",
            "image_72": "https:\/\/avatars.slack-edge.com\/2016-02-24\/22896597253_28a69ac871a00b39b963_72.jpg",
            "first_name": "Al",
            "real_name": "Al Boss",
            "display_name": "",
            "team": "T0D1XTUAD",
            "name": "alboss",
            "is_restricted": false,
            "is_ultra_restricted": false
        },
        "blocks": [
            {
                "type": "rich_text",
                "block_id": "yQV",
                "elements": [
                    {
                        "type": "rich_text_section",
                        "elements": [
                            {
                                "type": "text",
                                "text": "It’s perfect."
                            }
                        ]
                    }
                ]
            }
        ]
    },
    {
        "type": "message",
        "text": "Harold and I had some outside time today on the porch.",
        "files": [
            {
                "id": "F01ACEP3740",
                "created": 1598582166,
                "timestamp": 1598582166,
                "name": "IMG_20200827_134531_1.jpg",
                "title": "IMG_20200827_134531_1.jpg",
                "mimetype": "image\/jpeg",
                "filetype": "jpg",
                "pretty_type": "JPEG",
                "user": "U0D1RV4N8",
                "editable": false,
                "size": 1019360,
                "mode": "hosted",
                "is_external": false,
                "external_type": "",
                "is_public": true,
                "public_url_shared": false,
                "display_as_bot": false,
                "username": "",
                "url_private": "https:\/\/files.slack.com\/files-pri\/T0D1XTUAD-F01ACEP3740\/img_20200827_134531_1.jpg?t=xoxe-13065946353-1831014033124-1821760734405-0591b3003861d046a3fe606fb5f44814",
                "url_private_download": "https:\/\/files.slack.com\/files-pri\/T0D1XTUAD-F01ACEP3740\/download\/img_20200827_134531_1.jpg?t=xoxe-13065946353-1831014033124-1821760734405-0591b3003861d046a3fe606fb5f44814",
                "thumb_64": "https:\/\/files.slack.com\/files-tmb\/T0D1XTUAD-F01ACEP3740-c8e00e7925\/img_20200827_134531_1_64.jpg?t=xoxe-13065946353-1831014033124-1821760734405-0591b3003861d046a3fe606fb5f44814",
                "thumb_80": "https:\/\/files.slack.com\/files-tmb\/T0D1XTUAD-F01ACEP3740-c8e00e7925\/img_20200827_134531_1_80.jpg?t=xoxe-13065946353-1831014033124-1821760734405-0591b3003861d046a3fe606fb5f44814",
                "thumb_360": "https:\/\/files.slack.com\/files-tmb\/T0D1XTUAD-F01ACEP3740-c8e00e7925\/img_20200827_134531_1_360.jpg?t=xoxe-13065946353-1831014033124-1821760734405-0591b3003861d046a3fe606fb5f44814",
                "thumb_360_w": 270,
                "thumb_360_h": 360,
                "thumb_480": "https:\/\/files.slack.com\/files-tmb\/T0D1XTUAD-F01ACEP3740-c8e00e7925\/img_20200827_134531_1_480.jpg?t=xoxe-13065946353-1831014033124-1821760734405-0591b3003861d046a3fe606fb5f44814",
                "thumb_480_w": 360,
                "thumb_480_h": 480,
                "thumb_160": "https:\/\/files.slack.com\/files-tmb\/T0D1XTUAD-F01ACEP3740-c8e00e7925\/img_20200827_134531_1_160.jpg?t=xoxe-13065946353-1831014033124-1821760734405-0591b3003861d046a3fe606fb5f44814",
                "thumb_720": "https:\/\/files.slack.com\/files-tmb\/T0D1XTUAD-F01ACEP3740-c8e00e7925\/img_20200827_134531_1_720.jpg?t=xoxe-13065946353-1831014033124-1821760734405-0591b3003861d046a3fe606fb5f44814",
                "thumb_720_w": 540,
                "thumb_720_h": 720,
                "thumb_800": "https:\/\/files.slack.com\/files-tmb\/T0D1XTUAD-F01ACEP3740-c8e00e7925\/img_20200827_134531_1_800.jpg?t=xoxe-13065946353-1831014033124-1821760734405-0591b3003861d046a3fe606fb5f44814",
                "thumb_800_w": 800,
                "thumb_800_h": 1067,
                "thumb_960": "https:\/\/files.slack.com\/files-tmb\/T0D1XTUAD-F01ACEP3740-c8e00e7925\/img_20200827_134531_1_960.jpg?t=xoxe-13065946353-1831014033124-1821760734405-0591b3003861d046a3fe606fb5f44814",
                "thumb_960_w": 720,
                "thumb_960_h": 960,
                "thumb_1024": "https:\/\/files.slack.com\/files-tmb\/T0D1XTUAD-F01ACEP3740-c8e00e7925\/img_20200827_134531_1_1024.jpg?t=xoxe-13065946353-1831014033124-1821760734405-0591b3003861d046a3fe606fb5f44814",
                "thumb_1024_w": 768,
                "thumb_1024_h": 1024,
                "original_w": 3456,
                "original_h": 4608,
                "thumb_tiny": "AwAwACSwDg0bjSEik3rg4OSPSmxJDsg0mcCo+SeMkdwO1AIAClsdzQFh26l3D3oz6Yoz9KYhkpwhOevFQxvhzzjIxRO+SB6VCD8649aBmgeQAO1QS4CoQTk561MuNtQTxt9\/sOtJACvgUu+og1G6mIiYknJp0IBcFsYpjHmmAkH2pDNLGVyDVd5iSyNjGKa042AqeQelIkiMx38ZoAQHilzT\/KjP3WOPY0eSn941Qj\/\/2Q==",
                "permalink": "https:\/\/kcwebteam.slack.com\/files\/U0D1RV4N8\/F01ACEP3740\/img_20200827_134531_1.jpg",
                "permalink_public": "https:\/\/slack-files.com\/T0D1XTUAD-F01ACEP3740-5cc3a7eaa8",
                "is_starred": false,
                "has_rich_preview": false
            }
        ],
        "upload": true,
        "blocks": [
            {
                "type": "rich_text",
                "block_id": "E\/VT",
                "elements": [
                    {
                        "type": "rich_text_section",
                        "elements": [
                            {
                                "type": "text",
                                "text": "Harold and I had some outside time today on the porch."
                            }
                        ]
                    }
                ]
            }
        ],
        "user": "U0D1RV4N8",
        "display_as_bot": false,
        "ts": "1598582172.018500",
        "client_msg_id": "56dedc19-996c-4a27-b20b-ef2fc7d22ce9",
        "thread_ts": "1598582172.018500",
        "reply_count": 4,
        "reply_users_count": 4,
        "latest_reply": "1599075564.019200",
        "reply_users": [
            "U7EQMP760",
            "UUW3W20AU",
            "U016LJ8547R",
            "U0D1RV4N8"
        ],
        "replies": [
            {
                "user": "U7EQMP760",
                "ts": "1598639241.020600"
            },
            {
                "user": "UUW3W20AU",
                "ts": "1598919714.007000"
            },
            {
                "user": "U016LJ8547R",
                "ts": "1598977172.007800"
            },
            {
                "user": "U0D1RV4N8",
                "ts": "1599075564.019200"
            }
        ],
        "subscribed": false,
        "reactions": [
            {
                "name": "cat2",
                "users": [
                    "U0NSCMBR8"
                ],
                "count": 1
            },
            {
                "name": "heart",
                "users": [
                    "UUJNECG67",
                    "UUW3W20AU"
                ],
                "count": 2
            },
            {
                "name": "heart_eyes_cat",
                "users": [
                    "U019DU219B4"
                ],
                "count": 1
            }
        ]
    },
    {
        "client_msg_id": "79BCD046-73FE-429D-B8A0-EE1BF7DBDD77",
        "type": "message",
        "text": "<@U0D1RV4N8> he is sooo adorable!",
        "user": "UUJNECG67",
        "ts": "1598595733.019500",
        "team": "T0D1XTUAD",
        "user_team": "T0D1XTUAD",
        "source_team": "T0D1XTUAD",
        "user_profile": {
            "avatar_hash": "3770b096c03c",
            "image_72": "https:\/\/avatars.slack-edge.com\/2020-08-27\/1329102233075_3770b096c03ccdfc53b6_72.png",
            "first_name": "Andrea",
            "real_name": "Andrea",
            "display_name": "Andrea",
            "team": "T0D1XTUAD",
            "name": "andrea.rouleau",
            "is_restricted": false,
            "is_ultra_restricted": false
        },
        "blocks": [
            {
                "type": "rich_text",
                "block_id": "10Itr",
                "elements": [
                    {
                        "type": "rich_text_section",
                        "elements": [
                            {
                                "type": "user",
                                "user_id": "U0D1RV4N8"
                            },
                            {
                                "type": "text",
                                "text": " he is sooo adorable!"
                            }
                        ]
                    }
                ]
            }
        ]
    },
    {
        "client_msg_id": "74F0CA76-9F0F-4D9E-915F-2DC2BFF5C899",
        "type": "message",
        "text": "<@U016LJ8547R> what breed of cats are they? They’re beautiful!",
        "user": "UUJNECG67",
        "ts": "1598595806.020500",
        "team": "T0D1XTUAD",
        "user_team": "T0D1XTUAD",
        "source_team": "T0D1XTUAD",
        "user_profile": {
            "avatar_hash": "3770b096c03c",
            "image_72": "https:\/\/avatars.slack-edge.com\/2020-08-27\/1329102233075_3770b096c03ccdfc53b6_72.png",
            "first_name": "Andrea",
            "real_name": "Andrea",
            "display_name": "Andrea",
            "team": "T0D1XTUAD",
            "name": "andrea.rouleau",
            "is_restricted": false,
            "is_ultra_restricted": false
        },
        "blocks": [
            {
                "type": "rich_text",
                "block_id": "ACKX",
                "elements": [
                    {
                        "type": "rich_text_section",
                        "elements": [
                            {
                                "type": "user",
                                "user_id": "U016LJ8547R"
                            },
                            {
                                "type": "text",
                                "text": " what breed of cats are they? They’re beautiful!"
                            }
                        ]
                    }
                ]
            }
        ]
    }
]