[
    {
        "type": "message",
        "text": "Come to bed and get a big surprise!\n",
        "files": [
            {
                "id": "F01FAJQS623",
                "created": 1606679109,
                "timestamp": 1606679109,
                "name": "Image from iOS.jpg",
                "title": "Image from iOS",
                "mimetype": "image\/jpeg",
                "filetype": "jpg",
                "pretty_type": "JPEG",
                "user": "U0NSCMBR8",
                "editable": false,
                "size": 761725,
                "mode": "hosted",
                "is_external": false,
                "external_type": "",
                "is_public": true,
                "public_url_shared": false,
                "display_as_bot": false,
                "username": "",
                "url_private": "https:\/\/files.slack.com\/files-pri\/T0D1XTUAD-F01FAJQS623\/image_from_ios.jpg?t=xoxe-13065946353-1831014033124-1821760734405-0591b3003861d046a3fe606fb5f44814",
                "url_private_download": "https:\/\/files.slack.com\/files-pri\/T0D1XTUAD-F01FAJQS623\/download\/image_from_ios.jpg?t=xoxe-13065946353-1831014033124-1821760734405-0591b3003861d046a3fe606fb5f44814",
                "thumb_64": "https:\/\/files.slack.com\/files-tmb\/T0D1XTUAD-F01FAJQS623-2b2bb7b9e3\/image_from_ios_64.jpg?t=xoxe-13065946353-1831014033124-1821760734405-0591b3003861d046a3fe606fb5f44814",
                "thumb_80": "https:\/\/files.slack.com\/files-tmb\/T0D1XTUAD-F01FAJQS623-2b2bb7b9e3\/image_from_ios_80.jpg?t=xoxe-13065946353-1831014033124-1821760734405-0591b3003861d046a3fe606fb5f44814",
                "thumb_360": "https:\/\/files.slack.com\/files-tmb\/T0D1XTUAD-F01FAJQS623-2b2bb7b9e3\/image_from_ios_360.jpg?t=xoxe-13065946353-1831014033124-1821760734405-0591b3003861d046a3fe606fb5f44814",
                "thumb_360_w": 270,
                "thumb_360_h": 360,
                "thumb_480": "https:\/\/files.slack.com\/files-tmb\/T0D1XTUAD-F01FAJQS623-2b2bb7b9e3\/image_from_ios_480.jpg?t=xoxe-13065946353-1831014033124-1821760734405-0591b3003861d046a3fe606fb5f44814",
                "thumb_480_w": 360,
                "thumb_480_h": 480,
                "thumb_160": "https:\/\/files.slack.com\/files-tmb\/T0D1XTUAD-F01FAJQS623-2b2bb7b9e3\/image_from_ios_160.jpg?t=xoxe-13065946353-1831014033124-1821760734405-0591b3003861d046a3fe606fb5f44814",
                "thumb_720": "https:\/\/files.slack.com\/files-tmb\/T0D1XTUAD-F01FAJQS623-2b2bb7b9e3\/image_from_ios_720.jpg?t=xoxe-13065946353-1831014033124-1821760734405-0591b3003861d046a3fe606fb5f44814",
                "thumb_720_w": 540,
                "thumb_720_h": 720,
                "thumb_800": "https:\/\/files.slack.com\/files-tmb\/T0D1XTUAD-F01FAJQS623-2b2bb7b9e3\/image_from_ios_800.jpg?t=xoxe-13065946353-1831014033124-1821760734405-0591b3003861d046a3fe606fb5f44814",
                "thumb_800_w": 800,
                "thumb_800_h": 1067,
                "thumb_960": "https:\/\/files.slack.com\/files-tmb\/T0D1XTUAD-F01FAJQS623-2b2bb7b9e3\/image_from_ios_960.jpg?t=xoxe-13065946353-1831014033124-1821760734405-0591b3003861d046a3fe606fb5f44814",
                "thumb_960_w": 720,
                "thumb_960_h": 960,
                "thumb_1024": "https:\/\/files.slack.com\/files-tmb\/T0D1XTUAD-F01FAJQS623-2b2bb7b9e3\/image_from_ios_1024.jpg?t=xoxe-13065946353-1831014033124-1821760734405-0591b3003861d046a3fe606fb5f44814",
                "thumb_1024_w": 768,
                "thumb_1024_h": 1024,
                "original_w": 3024,
                "original_h": 4032,
                "thumb_tiny": "AwAwACR0c20AHOMYNWFYYO4hgTxiqEjonAJyP4T\/AI1JbTDP+yeoPao9Si0MZx\/SpAfeq0koiOSRhvun1qRRk5Ztx9ugq7Im5KHGOTRuX1qPcfSl3H0\/nS5QuZ3mLOSJFG7+Fv8AGkYGEHDAntTkjC5JOSetIQMHO36nrUXLJw4mtd5HMbA1MGHHGCfaq9qqncFJwwI5qSIhUAJGenWriSyUt9fwo3fWmEyZ4KY+lG6X1j\/KqJK4OWIGc+lMkj3KWA5FW4dpQBz81K8eOhBrE0ZXgjeNAxHGc5pzbCcMv41Isb7sj5QOuajuF2sMYII7VUdxMaWCHAJx9TR5nu3+fwpgLgYBBHuKXfJ\/s\/lWhB\/\/2Q==",
                "permalink": "https:\/\/kcwebteam.slack.com\/files\/U0NSCMBR8\/F01FAJQS623\/image_from_ios.jpg",
                "permalink_public": "https:\/\/slack-files.com\/T0D1XTUAD-F01FAJQS623-7192f3b8a4",
                "is_starred": false,
                "has_rich_preview": false
            }
        ],
        "upload": true,
        "blocks": [
            {
                "type": "rich_text",
                "block_id": "N=Fl",
                "elements": [
                    {
                        "type": "rich_text_section",
                        "elements": [
                            {
                                "type": "text",
                                "text": "Come to bed and get a big surprise!\n"
                            }
                        ]
                    }
                ]
            }
        ],
        "user": "U0NSCMBR8",
        "display_as_bot": false,
        "ts": "1606679113.034000",
        "client_msg_id": "758CD3D5-750E-4238-8405-74D52101E93A"
    },
    {
        "type": "message",
        "text": "Marco is not amused.\n",
        "files": [
            {
                "id": "F01FXFZ62E8",
                "created": 1606679385,
                "timestamp": 1606679385,
                "name": "Image from iOS.jpg",
                "title": "Image from iOS",
                "mimetype": "image\/jpeg",
                "filetype": "jpg",
                "pretty_type": "JPEG",
                "user": "U0NSCMBR8",
                "editable": false,
                "size": 824289,
                "mode": "hosted",
                "is_external": false,
                "external_type": "",
                "is_public": true,
                "public_url_shared": false,
                "display_as_bot": false,
                "username": "",
                "url_private": "https:\/\/files.slack.com\/files-pri\/T0D1XTUAD-F01FXFZ62E8\/image_from_ios.jpg?t=xoxe-13065946353-1831014033124-1821760734405-0591b3003861d046a3fe606fb5f44814",
                "url_private_download": "https:\/\/files.slack.com\/files-pri\/T0D1XTUAD-F01FXFZ62E8\/download\/image_from_ios.jpg?t=xoxe-13065946353-1831014033124-1821760734405-0591b3003861d046a3fe606fb5f44814",
                "thumb_64": "https:\/\/files.slack.com\/files-tmb\/T0D1XTUAD-F01FXFZ62E8-2871bdb141\/image_from_ios_64.jpg?t=xoxe-13065946353-1831014033124-1821760734405-0591b3003861d046a3fe606fb5f44814",
                "thumb_80": "https:\/\/files.slack.com\/files-tmb\/T0D1XTUAD-F01FXFZ62E8-2871bdb141\/image_from_ios_80.jpg?t=xoxe-13065946353-1831014033124-1821760734405-0591b3003861d046a3fe606fb5f44814",
                "thumb_360": "https:\/\/files.slack.com\/files-tmb\/T0D1XTUAD-F01FXFZ62E8-2871bdb141\/image_from_ios_360.jpg?t=xoxe-13065946353-1831014033124-1821760734405-0591b3003861d046a3fe606fb5f44814",
                "thumb_360_w": 360,
                "thumb_360_h": 270,
                "thumb_480": "https:\/\/files.slack.com\/files-tmb\/T0D1XTUAD-F01FXFZ62E8-2871bdb141\/image_from_ios_480.jpg?t=xoxe-13065946353-1831014033124-1821760734405-0591b3003861d046a3fe606fb5f44814",
                "thumb_480_w": 480,
                "thumb_480_h": 360,
                "thumb_160": "https:\/\/files.slack.com\/files-tmb\/T0D1XTUAD-F01FXFZ62E8-2871bdb141\/image_from_ios_160.jpg?t=xoxe-13065946353-1831014033124-1821760734405-0591b3003861d046a3fe606fb5f44814",
                "thumb_720": "https:\/\/files.slack.com\/files-tmb\/T0D1XTUAD-F01FXFZ62E8-2871bdb141\/image_from_ios_720.jpg?t=xoxe-13065946353-1831014033124-1821760734405-0591b3003861d046a3fe606fb5f44814",
                "thumb_720_w": 720,
                "thumb_720_h": 540,
                "thumb_800": "https:\/\/files.slack.com\/files-tmb\/T0D1XTUAD-F01FXFZ62E8-2871bdb141\/image_from_ios_800.jpg?t=xoxe-13065946353-1831014033124-1821760734405-0591b3003861d046a3fe606fb5f44814",
                "thumb_800_w": 800,
                "thumb_800_h": 600,
                "thumb_960": "https:\/\/files.slack.com\/files-tmb\/T0D1XTUAD-F01FXFZ62E8-2871bdb141\/image_from_ios_960.jpg?t=xoxe-13065946353-1831014033124-1821760734405-0591b3003861d046a3fe606fb5f44814",
                "thumb_960_w": 960,
                "thumb_960_h": 720,
                "thumb_1024": "https:\/\/files.slack.com\/files-tmb\/T0D1XTUAD-F01FXFZ62E8-2871bdb141\/image_from_ios_1024.jpg?t=xoxe-13065946353-1831014033124-1821760734405-0591b3003861d046a3fe606fb5f44814",
                "thumb_1024_w": 1024,
                "thumb_1024_h": 768,
                "original_w": 4032,
                "original_h": 3024,
                "thumb_tiny": "AwAkADC2vWmk4zSj7wpkmdxA6kHFIB+CRSBTkHIqot4yuu4DaQBx2q8elADGGWByOKXI9aRiFUsTgDqaqJctJMMABM9O9Ay2DwCaSXCuGJwBSnFNkw6\/N0FAFb7Kkyb1fGeo7Vc\/gH0qFSGUgDK\/SpxgIoHTFAFW+crCAP4jVe0UtNkj3q5OgkK5GQM9KRVC9PyFADx0H0pcUg6D6U6gBB6UvXjtSDqaXvQAhpppxpp6UAf\/2Q==",
                "permalink": "https:\/\/kcwebteam.slack.com\/files\/U0NSCMBR8\/F01FXFZ62E8\/image_from_ios.jpg",
                "permalink_public": "https:\/\/slack-files.com\/T0D1XTUAD-F01FXFZ62E8-e02a8c93aa",
                "is_starred": false,
                "has_rich_preview": false
            }
        ],
        "upload": true,
        "blocks": [
            {
                "type": "rich_text",
                "block_id": "VA96",
                "elements": [
                    {
                        "type": "rich_text_section",
                        "elements": [
                            {
                                "type": "text",
                                "text": "Marco is not amused.\n"
                            }
                        ]
                    }
                ]
            }
        ],
        "user": "U0NSCMBR8",
        "display_as_bot": false,
        "ts": "1606679389.034600",
        "client_msg_id": "672F505E-537A-4D26-BB42-2825A695CE8A",
        "thread_ts": "1606679389.034600",
        "reply_count": 2,
        "reply_users_count": 2,
        "latest_reply": "1606784804.035900",
        "reply_users": [
            "UUW3W20AU",
            "U0NSCMBR8"
        ],
        "replies": [
            {
                "user": "UUW3W20AU",
                "ts": "1606783936.035700"
            },
            {
                "user": "U0NSCMBR8",
                "ts": "1606784804.035900"
            }
        ],
        "subscribed": false,
        "reactions": [
            {
                "name": "sly-cat",
                "users": [
                    "U0D1W09V4"
                ],
                "count": 1
            },
            {
                "name": "joy_cat",
                "users": [
                    "U7EQMP760",
                    "UUJNECG67"
                ],
                "count": 2
            }
        ]
    },
    {
        "client_msg_id": "FF08D33F-19C4-4B2E-8FE6-33DF3C7834E7",
        "type": "message",
        "text": "<https:\/\/www.facebook.com\/625484474300584\/posts\/1653868988128789\/?d=n|https:\/\/www.facebook.com\/625484474300584\/posts\/1653868988128789\/?d=n>",
        "user": "U0NSCMBR8",
        "ts": "1606720020.035300",
        "team": "T0D1XTUAD",
        "user_team": "T0D1XTUAD",
        "source_team": "T0D1XTUAD",
        "user_profile": {
            "avatar_hash": "28a69ac871a0",
            "image_72": "https:\/\/avatars.slack-edge.com\/2016-02-24\/22896597253_28a69ac871a00b39b963_72.jpg",
            "first_name": "Al",
            "real_name": "Al Boss",
            "display_name": "",
            "team": "T0D1XTUAD",
            "name": "alboss",
            "is_restricted": false,
            "is_ultra_restricted": false
        },
        "attachments": [
            {
                "title": "The Ditch Kitty",
                "title_link": "https:\/\/www.facebook.com\/625484474300584\/posts\/1653868988128789\/?d=n",
                "text": "Get a cat, they said. It’ll be FUN, they said. :smile_cat::smile_cat::smile_cat:",
                "fallback": "The Ditch Kitty",
                "image_url": "https:\/\/scontent-iad3-1.xx.fbcdn.net\/v\/t1.0-9\/126317587_1653868611462160_1649918875400306036_n.jpg?_nc_cat=1&ccb=2&_nc_sid=110474&_nc_ohc=Mvd038s_-_0AX8-2zTa&_nc_ht=scontent-iad3-1.xx&oh=a475114760ade13ed7ac8c9c442f4f56&oe=5FE92A0F",
                "from_url": "https:\/\/www.facebook.com\/625484474300584\/posts\/1653868988128789\/?d=n",
                "image_width": 346,
                "image_height": 250,
                "image_bytes": 64809,
                "service_icon": "https:\/\/static.xx.fbcdn.net\/rsrc.php\/yz\/r\/KFyVIAWzntM.ico",
                "service_name": "facebook.com",
                "id": 1,
                "original_url": "https:\/\/www.facebook.com\/625484474300584\/posts\/1653868988128789\/?d=n"
            }
        ],
        "blocks": [
            {
                "type": "rich_text",
                "block_id": "dhF",
                "elements": [
                    {
                        "type": "rich_text_section",
                        "elements": [
                            {
                                "type": "link",
                                "url": "https:\/\/www.facebook.com\/625484474300584\/posts\/1653868988128789\/?d=n",
                                "text": "https:\/\/www.facebook.com\/625484474300584\/posts\/1653868988128789\/?d=n"
                            }
                        ]
                    }
                ]
            }
        ],
        "thread_ts": "1606720020.035300",
        "reply_count": 1,
        "reply_users_count": 1,
        "latest_reply": "1606788998.036400",
        "reply_users": [
            "UUW3W20AU"
        ],
        "replies": [
            {
                "user": "UUW3W20AU",
                "ts": "1606788998.036400"
            }
        ],
        "subscribed": false,
        "reactions": [
            {
                "name": "joy_cat",
                "users": [
                    "U019DU219B4"
                ],
                "count": 1
            },
            {
                "name": "rolling_on_the_floor_laughing",
                "users": [
                    "UUW3W20AU",
                    "UUJNECG67"
                ],
                "count": 2
            }
        ]
    }
]