[
    {
        "type": "message",
        "text": "Dropped off my kids' presents last night. Timmy staked a prompt claim to the box.",
        "files": [
            {
                "id": "F01J31D2C80",
                "created": 1608570221,
                "timestamp": 1608570221,
                "name": "timmy-box.jpg",
                "title": "timmy-box.jpg",
                "mimetype": "image\/jpeg",
                "filetype": "jpg",
                "pretty_type": "JPEG",
                "user": "U7EQMP760",
                "editable": false,
                "size": 79270,
                "mode": "hosted",
                "is_external": false,
                "external_type": "",
                "is_public": true,
                "public_url_shared": false,
                "display_as_bot": false,
                "username": "",
                "url_private": "https:\/\/files.slack.com\/files-pri\/T0D1XTUAD-F01J31D2C80\/timmy-box.jpg?t=xoxe-13065946353-1831014033124-1821760734405-0591b3003861d046a3fe606fb5f44814",
                "url_private_download": "https:\/\/files.slack.com\/files-pri\/T0D1XTUAD-F01J31D2C80\/download\/timmy-box.jpg?t=xoxe-13065946353-1831014033124-1821760734405-0591b3003861d046a3fe606fb5f44814",
                "thumb_64": "https:\/\/files.slack.com\/files-tmb\/T0D1XTUAD-F01J31D2C80-77c0295cb0\/timmy-box_64.jpg?t=xoxe-13065946353-1831014033124-1821760734405-0591b3003861d046a3fe606fb5f44814",
                "thumb_80": "https:\/\/files.slack.com\/files-tmb\/T0D1XTUAD-F01J31D2C80-77c0295cb0\/timmy-box_80.jpg?t=xoxe-13065946353-1831014033124-1821760734405-0591b3003861d046a3fe606fb5f44814",
                "thumb_360": "https:\/\/files.slack.com\/files-tmb\/T0D1XTUAD-F01J31D2C80-77c0295cb0\/timmy-box_360.jpg?t=xoxe-13065946353-1831014033124-1821760734405-0591b3003861d046a3fe606fb5f44814",
                "thumb_360_w": 360,
                "thumb_360_h": 360,
                "thumb_480": "https:\/\/files.slack.com\/files-tmb\/T0D1XTUAD-F01J31D2C80-77c0295cb0\/timmy-box_480.jpg?t=xoxe-13065946353-1831014033124-1821760734405-0591b3003861d046a3fe606fb5f44814",
                "thumb_480_w": 480,
                "thumb_480_h": 480,
                "thumb_160": "https:\/\/files.slack.com\/files-tmb\/T0D1XTUAD-F01J31D2C80-77c0295cb0\/timmy-box_160.jpg?t=xoxe-13065946353-1831014033124-1821760734405-0591b3003861d046a3fe606fb5f44814",
                "original_w": 685,
                "original_h": 685,
                "thumb_tiny": "AwAwADCkCpTGDuz1o7UA+9HtzUgSxqXIUED61Z8iNI2LfM2OCfWq9tnfkdhVlxv61JaehTIKnBH41MYUSMMWD9\/l6U5woXLHgVC0ichfwIpgyHqaenyuCD7UbAC2eR0BHrSx4X73WmKyLKfuskjj+dPj\/eEk8AdhUG8MnAwe4phkIJ\/UUrDuPkbDbd24euKh2YBI5zRnecj8qkjU4Jx7UbDHNHmQhQSo64FSiGPIZicjqO1CSEDAAoJwKBEMq5ZinBpsYX+LIU+nWpCtMVQHOcc0XsFk2EcY3bxkDtU3akzSbu1IZ\/\/Z",
                "permalink": "https:\/\/kcwebteam.slack.com\/files\/U7EQMP760\/F01J31D2C80\/timmy-box.jpg",
                "permalink_public": "https:\/\/slack-files.com\/T0D1XTUAD-F01J31D2C80-97e928e720",
                "is_starred": false,
                "has_rich_preview": false
            }
        ],
        "upload": false,
        "blocks": [
            {
                "type": "rich_text",
                "block_id": "w=NX",
                "elements": [
                    {
                        "type": "rich_text_section",
                        "elements": [
                            {
                                "type": "text",
                                "text": "Dropped off my kids' presents last night. Timmy staked a prompt claim to the box."
                            }
                        ]
                    }
                ]
            }
        ],
        "user": "U7EQMP760",
        "display_as_bot": false,
        "ts": "1608570246.049600",
        "thread_ts": "1608570246.049600",
        "reply_count": 1,
        "reply_users_count": 1,
        "latest_reply": "1608570518.051400",
        "reply_users": [
            "U0NSCMBR8"
        ],
        "replies": [
            {
                "user": "U0NSCMBR8",
                "ts": "1608570518.051400"
            }
        ],
        "subscribed": false,
        "reactions": [
            {
                "name": "heart_eyes_cat",
                "users": [
                    "U019DU219B4",
                    "UUJNECG67",
                    "U7EP7P2JW"
                ],
                "count": 3
            },
            {
                "name": "rolling_on_the_floor_laughing",
                "users": [
                    "UUW3W20AU"
                ],
                "count": 1
            }
        ]
    },
    {
        "client_msg_id": "007F119B-10E4-40FC-9CF6-37D4376E6210",
        "type": "message",
        "text": "I don’t know why we get our cats presents; they’d be happy with just the box.\n\nTimmy is a handsome gentleman!",
        "user": "U0NSCMBR8",
        "ts": "1608570518.051400",
        "team": "T0D1XTUAD",
        "user_team": "T0D1XTUAD",
        "source_team": "T0D1XTUAD",
        "user_profile": {
            "avatar_hash": "28a69ac871a0",
            "image_72": "https:\/\/avatars.slack-edge.com\/2016-02-24\/22896597253_28a69ac871a00b39b963_72.jpg",
            "first_name": "Al",
            "real_name": "Al Boss",
            "display_name": "",
            "team": "T0D1XTUAD",
            "name": "alboss",
            "is_restricted": false,
            "is_ultra_restricted": false
        },
        "blocks": [
            {
                "type": "rich_text",
                "block_id": "deSwK",
                "elements": [
                    {
                        "type": "rich_text_section",
                        "elements": [
                            {
                                "type": "text",
                                "text": "I don’t know why we get our cats presents; they’d be happy with just the box.\n"
                            },
                            {
                                "type": "text",
                                "text": "\n"
                            },
                            {
                                "type": "text",
                                "text": "Timmy is a handsome gentleman!"
                            }
                        ]
                    }
                ]
            }
        ],
        "thread_ts": "1608570246.049600",
        "parent_user_id": "U7EQMP760"
    },
    {
        "client_msg_id": "147c4a4c-7bc8-4c9c-99df-1715784cd97a",
        "type": "message",
        "text": "Seems the cats approve of your new roommate. :rolling_on_the_floor_laughing:",
        "user": "UUW3W20AU",
        "ts": "1608576068.051900",
        "team": "T0D1XTUAD",
        "user_team": "T0D1XTUAD",
        "source_team": "T0D1XTUAD",
        "user_profile": {
            "avatar_hash": "0c87430f5419",
            "image_72": "https:\/\/avatars.slack-edge.com\/2020-03-04\/984414387030_0c87430f5419d7de3cea_72.jpg",
            "first_name": "Elizabeth",
            "real_name": "Elizabeth Inglese",
            "display_name": "Tish",
            "team": "T0D1XTUAD",
            "name": "einglese",
            "is_restricted": false,
            "is_ultra_restricted": false
        },
        "blocks": [
            {
                "type": "rich_text",
                "block_id": "OB0",
                "elements": [
                    {
                        "type": "rich_text_section",
                        "elements": [
                            {
                                "type": "text",
                                "text": "Seems the cats approve of your new roommate. "
                            },
                            {
                                "type": "emoji",
                                "name": "rolling_on_the_floor_laughing"
                            }
                        ]
                    }
                ]
            }
        ],
        "thread_ts": "1608231452.044600",
        "parent_user_id": "U0NSCMBR8"
    }
]