[
    {
        "client_msg_id": "9e4d4bfa-ef18-4654-97b1-88a0d91a7c56",
        "type": "message",
        "text": "AWESOME! So Oct 31st it is!",
        "user": "UUW3W20AU",
        "ts": "1600722940.028500",
        "team": "T0D1XTUAD",
        "user_team": "T0D1XTUAD",
        "source_team": "T0D1XTUAD",
        "user_profile": {
            "avatar_hash": "0c87430f5419",
            "image_72": "https:\/\/avatars.slack-edge.com\/2020-03-04\/984414387030_0c87430f5419d7de3cea_72.jpg",
            "first_name": "Elizabeth",
            "real_name": "Elizabeth Inglese",
            "display_name": "Tish",
            "team": "T0D1XTUAD",
            "name": "einglese",
            "is_restricted": false,
            "is_ultra_restricted": false
        },
        "blocks": [
            {
                "type": "rich_text",
                "block_id": "6vjJR",
                "elements": [
                    {
                        "type": "rich_text_section",
                        "elements": [
                            {
                                "type": "text",
                                "text": "AWESOME! So Oct 31st it is!"
                            }
                        ]
                    }
                ]
            }
        ],
        "thread_ts": "1600393321.010300",
        "parent_user_id": "UUJNECG67"
    },
    {
        "client_msg_id": "dd2b4b1c-46f7-4ac5-9b15-b926105a185f",
        "type": "message",
        "text": "Just in case anyone needs yet ANOTHER cat IG account to follow. This is the IG account Ali and I created for his cat Anahita. I believe Anahita is Persian for Spawn of Satan, because that's literally what she is. Actually, no ... I take it back ... that's too generous. She may be Satan himself. Anyway. She's a Persian who has world's best \"I hope you die a slow painful death\" face. She is very mean. He is the only one who can pet her or even get within 3 feet of her. He got her as a kitten and it took her ONE WHOLE YEAR to finally trust him and not try and murder him. He thinks she might have cat Austism because there's no reason for her to have trust issues since he's had her ever since she was a kitten. Anyway, because she's so funny looking and looks so evil I mandated that he make an IG acct for her. He'll typically find her lurking behind a corner or doorway watching him. I'm pretty sure she's hexing him. She sniffed my hand once, then after that hissed at me and swatted me. That's the extend of our relationship.\n<https:\/\/www.instagram.com\/anahita_the_judge\/?hl=en>",
        "user": "UUW3W20AU",
        "ts": "1600724641.033700",
        "team": "T0D1XTUAD",
        "user_team": "T0D1XTUAD",
        "source_team": "T0D1XTUAD",
        "user_profile": {
            "avatar_hash": "0c87430f5419",
            "image_72": "https:\/\/avatars.slack-edge.com\/2020-03-04\/984414387030_0c87430f5419d7de3cea_72.jpg",
            "first_name": "Elizabeth",
            "real_name": "Elizabeth Inglese",
            "display_name": "Tish",
            "team": "T0D1XTUAD",
            "name": "einglese",
            "is_restricted": false,
            "is_ultra_restricted": false
        },
        "blocks": [
            {
                "type": "rich_text",
                "block_id": "e0+",
                "elements": [
                    {
                        "type": "rich_text_section",
                        "elements": [
                            {
                                "type": "text",
                                "text": "Just in case anyone needs yet ANOTHER cat IG account to follow. This is the IG account Ali and I created for his cat Anahita. I believe Anahita is Persian for Spawn of Satan, because that's literally what she is. Actually, no ... I take it back ... that's too generous. She may be Satan himself. Anyway. She's a Persian who has world's best \"I hope you die a slow painful death\" face. She is very mean. He is the only one who can pet her or even get within 3 feet of her. He got her as a kitten and it took her ONE WHOLE YEAR to finally trust him and not try and murder him. He thinks she might have cat Austism because there's no reason for her to have trust issues since he's had her ever since she was a kitten. Anyway, because she's so funny looking and looks so evil I mandated that he make an IG acct for her. He'll typically find her lurking behind a corner or doorway watching him. I'm pretty sure she's hexing him. She sniffed my hand once, then after that hissed at me and swatted me. That's the extend of our relationship.\n"
                            },
                            {
                                "type": "link",
                                "url": "https:\/\/www.instagram.com\/anahita_the_judge\/?hl=en"
                            }
                        ]
                    }
                ]
            }
        ],
        "thread_ts": "1600724641.033700",
        "reply_count": 2,
        "reply_users_count": 2,
        "latest_reply": "1600727975.034200",
        "reply_users": [
            "U7EQMP760",
            "UUW3W20AU"
        ],
        "replies": [
            {
                "user": "U7EQMP760",
                "ts": "1600727324.034000"
            },
            {
                "user": "UUW3W20AU",
                "ts": "1600727975.034200"
            }
        ],
        "subscribed": false
    },
    {
        "client_msg_id": "c5fd2783-6b32-4f41-85e7-6f20deeb460e",
        "type": "message",
        "text": "OMG that face",
        "user": "U7EQMP760",
        "ts": "1600727324.034000",
        "team": "T0D1XTUAD",
        "user_team": "T0D1XTUAD",
        "source_team": "T0D1XTUAD",
        "user_profile": {
            "avatar_hash": "db1abed225d9",
            "image_72": "https:\/\/avatars.slack-edge.com\/2020-03-14\/990754009969_db1abed225d9635aae98_72.jpg",
            "first_name": "",
            "real_name": "Mary Delahanty",
            "display_name": "",
            "team": "T0D1XTUAD",
            "name": "mary.delahanty",
            "is_restricted": false,
            "is_ultra_restricted": false
        },
        "blocks": [
            {
                "type": "rich_text",
                "block_id": "er2",
                "elements": [
                    {
                        "type": "rich_text_section",
                        "elements": [
                            {
                                "type": "text",
                                "text": "OMG that face"
                            }
                        ]
                    }
                ]
            }
        ],
        "thread_ts": "1600724641.033700",
        "parent_user_id": "UUW3W20AU"
    },
    {
        "client_msg_id": "5dc718a3-3963-4c2d-81d5-d91b3038537b",
        "type": "message",
        "text": "Yep. So much hate and discontent.",
        "user": "UUW3W20AU",
        "ts": "1600727975.034200",
        "team": "T0D1XTUAD",
        "user_team": "T0D1XTUAD",
        "source_team": "T0D1XTUAD",
        "user_profile": {
            "avatar_hash": "0c87430f5419",
            "image_72": "https:\/\/avatars.slack-edge.com\/2020-03-04\/984414387030_0c87430f5419d7de3cea_72.jpg",
            "first_name": "Elizabeth",
            "real_name": "Elizabeth Inglese",
            "display_name": "Tish",
            "team": "T0D1XTUAD",
            "name": "einglese",
            "is_restricted": false,
            "is_ultra_restricted": false
        },
        "blocks": [
            {
                "type": "rich_text",
                "block_id": "bfL",
                "elements": [
                    {
                        "type": "rich_text_section",
                        "elements": [
                            {
                                "type": "text",
                                "text": "Yep. So much hate and discontent."
                            }
                        ]
                    }
                ]
            }
        ],
        "thread_ts": "1600724641.033700",
        "parent_user_id": "UUW3W20AU"
    }
]