[
    {
        "bot_id": "B4M05S43S",
        "type": "message",
        "text": "spock",
        "user": "UFDNKQCU9",
        "ts": "1601582655.013600",
        "team": "T0D1XTUAD",
        "bot_profile": {
            "id": "B4M05S43S",
            "deleted": false,
            "name": "giphy",
            "updated": 1490131602,
            "app_id": "A0F827J2C",
            "icons": {
                "image_36": "https:\/\/a.slack-edge.com\/dc483\/img\/plugins\/giphy\/service_72.png",
                "image_48": "https:\/\/a.slack-edge.com\/dc483\/img\/plugins\/giphy\/service_48.png",
                "image_72": "https:\/\/a.slack-edge.com\/dc483\/img\/plugins\/giphy\/service_72.png"
            },
            "team_id": "T0D1XTUAD"
        },
        "blocks": [
            {
                "type": "image",
                "block_id": "y\/tm",
                "image_url": "https:\/\/media4.giphy.com\/media\/x7gybOmE9zBmw\/giphy.gif?cid=6104955e3457edf55002f5d35a4ba60ab7eb58ad3066bc01&rid=giphy.gif",
                "alt_text": "spock",
                "title": {
                    "type": "plain_text",
                    "text": "spock",
                    "emoji": true
                },
                "fallback": "480x363px image",
                "image_width": 480,
                "image_height": 363,
                "image_bytes": 184943,
                "is_animated": true
            },
            {
                "type": "context",
                "block_id": "HM9As",
                "elements": [
                    {
                        "type": "image",
                        "image_url": "https:\/\/a.slack-edge.com\/dc483\/img\/plugins\/giphy\/service_32.png",
                        "alt_text": "giphy logo"
                    },
                    {
                        "type": "mrkdwn",
                        "text": "Posted using \/giphy",
                        "verbatim": false
                    }
                ]
            }
        ],
        "reactions": [
            {
                "name": "heart_eyes_cat",
                "users": [
                    "UUJNECG67",
                    "U019DU219B4"
                ],
                "count": 2
            }
        ]
    },
    {
        "client_msg_id": "325826a3-84b8-4c9f-86c3-02ef10dfc7f1",
        "type": "message",
        "text": "Need more Harold content.",
        "user": "U7EQMP760",
        "ts": "1601585729.013900",
        "team": "T0D1XTUAD",
        "user_team": "T0D1XTUAD",
        "source_team": "T0D1XTUAD",
        "user_profile": {
            "avatar_hash": "db1abed225d9",
            "image_72": "https:\/\/avatars.slack-edge.com\/2020-03-14\/990754009969_db1abed225d9635aae98_72.jpg",
            "first_name": "",
            "real_name": "Mary Delahanty",
            "display_name": "",
            "team": "T0D1XTUAD",
            "name": "mary.delahanty",
            "is_restricted": false,
            "is_ultra_restricted": false
        },
        "blocks": [
            {
                "type": "rich_text",
                "block_id": "sK4Y",
                "elements": [
                    {
                        "type": "rich_text_section",
                        "elements": [
                            {
                                "type": "text",
                                "text": "Need more Harold content."
                            }
                        ]
                    }
                ]
            }
        ],
        "thread_ts": "1601414270.011400",
        "parent_user_id": "U0D1RV4N8",
        "reactions": [
            {
                "name": "+1::skin-tone-3",
                "users": [
                    "U0NSCMBR8"
                ],
                "count": 1
            }
        ]
    },
    {
        "type": "message",
        "text": "<@U7EQMP760>",
        "files": [
            {
                "id": "F01BTULG1UK",
                "created": 1601588211,
                "timestamp": 1601588211,
                "name": "IMG_20201001_143421383.jpg",
                "title": "IMG_20201001_143421383.jpg",
                "mimetype": "image\/jpeg",
                "filetype": "jpg",
                "pretty_type": "JPEG",
                "user": "U0D1RV4N8",
                "editable": false,
                "size": 963815,
                "mode": "hosted",
                "is_external": false,
                "external_type": "",
                "is_public": true,
                "public_url_shared": false,
                "display_as_bot": false,
                "username": "",
                "url_private": "https:\/\/files.slack.com\/files-pri\/T0D1XTUAD-F01BTULG1UK\/img_20201001_143421383.jpg?t=xoxe-13065946353-1831014033124-1821760734405-0591b3003861d046a3fe606fb5f44814",
                "url_private_download": "https:\/\/files.slack.com\/files-pri\/T0D1XTUAD-F01BTULG1UK\/download\/img_20201001_143421383.jpg?t=xoxe-13065946353-1831014033124-1821760734405-0591b3003861d046a3fe606fb5f44814",
                "thumb_64": "https:\/\/files.slack.com\/files-tmb\/T0D1XTUAD-F01BTULG1UK-539109af6e\/img_20201001_143421383_64.jpg?t=xoxe-13065946353-1831014033124-1821760734405-0591b3003861d046a3fe606fb5f44814",
                "thumb_80": "https:\/\/files.slack.com\/files-tmb\/T0D1XTUAD-F01BTULG1UK-539109af6e\/img_20201001_143421383_80.jpg?t=xoxe-13065946353-1831014033124-1821760734405-0591b3003861d046a3fe606fb5f44814",
                "thumb_360": "https:\/\/files.slack.com\/files-tmb\/T0D1XTUAD-F01BTULG1UK-539109af6e\/img_20201001_143421383_360.jpg?t=xoxe-13065946353-1831014033124-1821760734405-0591b3003861d046a3fe606fb5f44814",
                "thumb_360_w": 360,
                "thumb_360_h": 270,
                "thumb_480": "https:\/\/files.slack.com\/files-tmb\/T0D1XTUAD-F01BTULG1UK-539109af6e\/img_20201001_143421383_480.jpg?t=xoxe-13065946353-1831014033124-1821760734405-0591b3003861d046a3fe606fb5f44814",
                "thumb_480_w": 480,
                "thumb_480_h": 360,
                "thumb_160": "https:\/\/files.slack.com\/files-tmb\/T0D1XTUAD-F01BTULG1UK-539109af6e\/img_20201001_143421383_160.jpg?t=xoxe-13065946353-1831014033124-1821760734405-0591b3003861d046a3fe606fb5f44814",
                "thumb_720": "https:\/\/files.slack.com\/files-tmb\/T0D1XTUAD-F01BTULG1UK-539109af6e\/img_20201001_143421383_720.jpg?t=xoxe-13065946353-1831014033124-1821760734405-0591b3003861d046a3fe606fb5f44814",
                "thumb_720_w": 720,
                "thumb_720_h": 540,
                "thumb_800": "https:\/\/files.slack.com\/files-tmb\/T0D1XTUAD-F01BTULG1UK-539109af6e\/img_20201001_143421383_800.jpg?t=xoxe-13065946353-1831014033124-1821760734405-0591b3003861d046a3fe606fb5f44814",
                "thumb_800_w": 800,
                "thumb_800_h": 600,
                "thumb_960": "https:\/\/files.slack.com\/files-tmb\/T0D1XTUAD-F01BTULG1UK-539109af6e\/img_20201001_143421383_960.jpg?t=xoxe-13065946353-1831014033124-1821760734405-0591b3003861d046a3fe606fb5f44814",
                "thumb_960_w": 960,
                "thumb_960_h": 720,
                "thumb_1024": "https:\/\/files.slack.com\/files-tmb\/T0D1XTUAD-F01BTULG1UK-539109af6e\/img_20201001_143421383_1024.jpg?t=xoxe-13065946353-1831014033124-1821760734405-0591b3003861d046a3fe606fb5f44814",
                "thumb_1024_w": 1024,
                "thumb_1024_h": 768,
                "original_w": 4608,
                "original_h": 3456,
                "thumb_tiny": "AwAkADC83T6kU6mt\/D9adQBDdvsgLDOQeMVBZ3MtxJhsYUc4qa6cCLaRndxWZFK0MuVP1pDNqlHWq8cskg3Igxx1PWplJz82KoQyR8FQMZquEKygli3XnODUE94DOCgyBxT\/AD43AImCeoxzUmkbIV\/nmDSEbIx+Z9Kpdg5I+Y1ZLZjMayxhD781GRFgDehx7UBYsRZKAKTj61IFbucZquLlEGA2celO+1Aj5VY\/hQVdCQBZVUvGmen3aWZVVyqooAxjApLP7g+tOn\/1rfhR1MGKsKGSXI\/hpywIViOMYP505f8AWS\/7tOj+5H+NAw+zoSeWH0NKLaPuWP8AwKpB1NOFAH\/\/2Q==",
                "permalink": "https:\/\/kcwebteam.slack.com\/files\/U0D1RV4N8\/F01BTULG1UK\/img_20201001_143421383.jpg",
                "permalink_public": "https:\/\/slack-files.com\/T0D1XTUAD-F01BTULG1UK-b26c66cc28",
                "is_starred": false,
                "has_rich_preview": false
            }
        ],
        "upload": true,
        "blocks": [
            {
                "type": "rich_text",
                "block_id": "bVJ",
                "elements": [
                    {
                        "type": "rich_text_section",
                        "elements": [
                            {
                                "type": "user",
                                "user_id": "U7EQMP760"
                            }
                        ]
                    }
                ]
            }
        ],
        "user": "U0D1RV4N8",
        "display_as_bot": false,
        "ts": "1601588221.014100",
        "client_msg_id": "353e1b34-4527-4e8b-ace6-042c8fd26b2f",
        "thread_ts": "1601414270.011400",
        "parent_user_id": "U0D1RV4N8",
        "reactions": [
            {
                "name": "+1::skin-tone-3",
                "users": [
                    "U0NSCMBR8"
                ],
                "count": 1
            },
            {
                "name": "smiley_cat",
                "users": [
                    "U7EQMP760"
                ],
                "count": 1
            }
        ]
    },
    {
        "client_msg_id": "2d263c0e-d1d2-4f87-a819-445b4f587cbc",
        "type": "message",
        "text": "Such enormous ears. He looks like he's part lynx or something.",
        "user": "U7EQMP760",
        "ts": "1601590037.014800",
        "team": "T0D1XTUAD",
        "user_team": "T0D1XTUAD",
        "source_team": "T0D1XTUAD",
        "user_profile": {
            "avatar_hash": "db1abed225d9",
            "image_72": "https:\/\/avatars.slack-edge.com\/2020-03-14\/990754009969_db1abed225d9635aae98_72.jpg",
            "first_name": "",
            "real_name": "Mary Delahanty",
            "display_name": "",
            "team": "T0D1XTUAD",
            "name": "mary.delahanty",
            "is_restricted": false,
            "is_ultra_restricted": false
        },
        "blocks": [
            {
                "type": "rich_text",
                "block_id": "NTw",
                "elements": [
                    {
                        "type": "rich_text_section",
                        "elements": [
                            {
                                "type": "text",
                                "text": "Such enormous ears. He looks like he's part lynx or something."
                            }
                        ]
                    }
                ]
            }
        ],
        "thread_ts": "1601414270.011400",
        "parent_user_id": "U0D1RV4N8"
    },
    {
        "client_msg_id": "b55cb60e-0a76-4955-9f18-48155dfd1be0",
        "type": "message",
        "text": "I think we're in that same phase as pre-teen humans. Feet\/ears are too big for their bodies.",
        "user": "U0D1RV4N8",
        "ts": "1601591120.015000",
        "team": "T0D1XTUAD",
        "user_team": "T0D1XTUAD",
        "source_team": "T0D1XTUAD",
        "user_profile": {
            "avatar_hash": "b0af0714bdde",
            "image_72": "https:\/\/avatars.slack-edge.com\/2019-05-22\/642788517284_b0af0714bddea68e9e1c_72.jpg",
            "first_name": "Derek",
            "real_name": "Derek Sheppard",
            "display_name": "Derek Sheppard",
            "team": "T0D1XTUAD",
            "name": "derek.sheppard",
            "is_restricted": false,
            "is_ultra_restricted": false
        },
        "blocks": [
            {
                "type": "rich_text",
                "block_id": "\/g3D0",
                "elements": [
                    {
                        "type": "rich_text_section",
                        "elements": [
                            {
                                "type": "text",
                                "text": "I think we're in that same phase as pre-teen humans. Feet\/ears are too big for their bodies."
                            }
                        ]
                    }
                ]
            }
        ],
        "thread_ts": "1601414270.011400",
        "parent_user_id": "U0D1RV4N8"
    },
    {
        "client_msg_id": "a8d740e5-c8c4-4e49-a8ea-ca76d276249e",
        "type": "message",
        "text": "We're wondering how big he'll get. His mom was very small. But we have no idea about dad.",
        "user": "U0D1RV4N8",
        "ts": "1601591155.015200",
        "team": "T0D1XTUAD",
        "user_team": "T0D1XTUAD",
        "source_team": "T0D1XTUAD",
        "user_profile": {
            "avatar_hash": "b0af0714bdde",
            "image_72": "https:\/\/avatars.slack-edge.com\/2019-05-22\/642788517284_b0af0714bddea68e9e1c_72.jpg",
            "first_name": "Derek",
            "real_name": "Derek Sheppard",
            "display_name": "Derek Sheppard",
            "team": "T0D1XTUAD",
            "name": "derek.sheppard",
            "is_restricted": false,
            "is_ultra_restricted": false
        },
        "blocks": [
            {
                "type": "rich_text",
                "block_id": "WaSv",
                "elements": [
                    {
                        "type": "rich_text_section",
                        "elements": [
                            {
                                "type": "text",
                                "text": "We're wondering how big he'll get. His mom was very small. But we have no idea about dad."
                            }
                        ]
                    }
                ]
            }
        ],
        "thread_ts": "1601414270.011400",
        "parent_user_id": "U0D1RV4N8"
    }
]