[
    {
        "client_msg_id": "79698fd4-d305-4197-b11c-eb8808636001",
        "type": "message",
        "text": "In case anyone was following the saga of the amazing vomiting cat, Marco doesn’t seem to have gotten into any toxins or grown an intestinal blockage. The emergency vet gave my savings account an enema and sent Marco and me back home.",
        "user": "U0NSCMBR8",
        "ts": "1607126737.037600",
        "team": "T0D1XTUAD",
        "user_team": "T0D1XTUAD",
        "source_team": "T0D1XTUAD",
        "user_profile": {
            "avatar_hash": "28a69ac871a0",
            "image_72": "https:\/\/avatars.slack-edge.com\/2016-02-24\/22896597253_28a69ac871a00b39b963_72.jpg",
            "first_name": "Al",
            "real_name": "Al Boss",
            "display_name": "",
            "team": "T0D1XTUAD",
            "name": "alboss",
            "is_restricted": false,
            "is_ultra_restricted": false
        },
        "blocks": [
            {
                "type": "rich_text",
                "block_id": "m4t7+",
                "elements": [
                    {
                        "type": "rich_text_section",
                        "elements": [
                            {
                                "type": "text",
                                "text": "In case anyone was following the saga of the amazing vomiting cat, Marco doesn’t seem to have gotten into any toxins or grown an intestinal blockage. The emergency vet gave my savings account an enema and sent Marco and me back home."
                            }
                        ]
                    }
                ]
            }
        ],
        "thread_ts": "1607126737.037600",
        "reply_count": 7,
        "reply_users_count": 3,
        "latest_reply": "1607401270.041700",
        "reply_users": [
            "U019DU219B4",
            "U0NSCMBR8",
            "UUW3W20AU"
        ],
        "replies": [
            {
                "user": "U019DU219B4",
                "ts": "1607127209.038800"
            },
            {
                "user": "U0NSCMBR8",
                "ts": "1607128057.039000"
            },
            {
                "user": "UUW3W20AU",
                "ts": "1607376372.039300"
            },
            {
                "user": "U0NSCMBR8",
                "ts": "1607401050.040400"
            },
            {
                "user": "UUW3W20AU",
                "ts": "1607401076.040600"
            },
            {
                "user": "U0NSCMBR8",
                "ts": "1607401133.041500"
            },
            {
                "user": "UUW3W20AU",
                "ts": "1607401270.041700"
            }
        ],
        "subscribed": false,
        "reactions": [
            {
                "name": "rolling_on_the_floor_laughing",
                "users": [
                    "UFDNKQCU9"
                ],
                "count": 1
            },
            {
                "name": "+1",
                "users": [
                    "U019DU219B4",
                    "U0D1W09V4"
                ],
                "count": 2
            },
            {
                "name": "-1",
                "users": [
                    "U019DU219B4",
                    "UT7A459JP"
                ],
                "count": 2
            }
        ]
    },
    {
        "client_msg_id": "0F41FC56-177C-4E65-AEE1-95D54E71EA37",
        "type": "message",
        "text": "Thumbs up for him being okay and thumbs down to the savings drain.",
        "user": "U019DU219B4",
        "ts": "1607127209.038800",
        "team": "T0D1XTUAD",
        "user_team": "T0D1XTUAD",
        "source_team": "T0D1XTUAD",
        "user_profile": {
            "avatar_hash": "b99fbed56ce5",
            "image_72": "https:\/\/avatars.slack-edge.com\/2020-08-24\/1326180875044_b99fbed56ce584617434_72.jpg",
            "first_name": "Dominique",
            "real_name": "Dominique Barni",
            "display_name": "Dominique Barni",
            "team": "T0D1XTUAD",
            "name": "n-dbarni",
            "is_restricted": false,
            "is_ultra_restricted": false
        },
        "blocks": [
            {
                "type": "rich_text",
                "block_id": "T8xZ",
                "elements": [
                    {
                        "type": "rich_text_section",
                        "elements": [
                            {
                                "type": "text",
                                "text": "Thumbs up for him being okay and thumbs down to the savings drain."
                            }
                        ]
                    }
                ]
            }
        ],
        "thread_ts": "1607126737.037600",
        "parent_user_id": "U0NSCMBR8"
    },
    {
        "client_msg_id": "e7f3ac7d-ef18-4977-bb14-87da5003813b",
        "type": "message",
        "text": "He’s worth it, but still, yeah, it’s iceberg lettuce and pocket lint for the holiday presents this year.",
        "user": "U0NSCMBR8",
        "ts": "1607128057.039000",
        "team": "T0D1XTUAD",
        "user_team": "T0D1XTUAD",
        "source_team": "T0D1XTUAD",
        "user_profile": {
            "avatar_hash": "28a69ac871a0",
            "image_72": "https:\/\/avatars.slack-edge.com\/2016-02-24\/22896597253_28a69ac871a00b39b963_72.jpg",
            "first_name": "Al",
            "real_name": "Al Boss",
            "display_name": "",
            "team": "T0D1XTUAD",
            "name": "alboss",
            "is_restricted": false,
            "is_ultra_restricted": false
        },
        "blocks": [
            {
                "type": "rich_text",
                "block_id": "f0A",
                "elements": [
                    {
                        "type": "rich_text_section",
                        "elements": [
                            {
                                "type": "text",
                                "text": "He’s worth it, but still, yeah, it’s iceberg lettuce and pocket lint for the holiday presents this year."
                            }
                        ]
                    }
                ]
            }
        ],
        "thread_ts": "1607126737.037600",
        "parent_user_id": "U0NSCMBR8"
    }
]