[
    {
        "type": "message",
        "text": "<@U7EQMP760> Kitten has arrived! We still haven't named him. And we need to get him tested and vaccinated tomorrow. Hopefully no feline leukemia or FIV. (Or fleas)",
        "files": [
            {
                "id": "F019P6U25KK",
                "created": 1598059086,
                "timestamp": 1598059086,
                "name": "IMG_20200821_181314_356.jpg",
                "title": "IMG_20200821_181314_356.jpg",
                "mimetype": "image\/jpeg",
                "filetype": "jpg",
                "pretty_type": "JPEG",
                "user": "U0D1RV4N8",
                "editable": false,
                "size": 296196,
                "mode": "hosted",
                "is_external": false,
                "external_type": "",
                "is_public": true,
                "public_url_shared": false,
                "display_as_bot": false,
                "username": "",
                "url_private": "https:\/\/files.slack.com\/files-pri\/T0D1XTUAD-F019P6U25KK\/img_20200821_181314_356.jpg?t=xoxe-13065946353-1831014033124-1821760734405-0591b3003861d046a3fe606fb5f44814",
                "url_private_download": "https:\/\/files.slack.com\/files-pri\/T0D1XTUAD-F019P6U25KK\/download\/img_20200821_181314_356.jpg?t=xoxe-13065946353-1831014033124-1821760734405-0591b3003861d046a3fe606fb5f44814",
                "thumb_64": "https:\/\/files.slack.com\/files-tmb\/T0D1XTUAD-F019P6U25KK-64dbb4105b\/img_20200821_181314_356_64.jpg?t=xoxe-13065946353-1831014033124-1821760734405-0591b3003861d046a3fe606fb5f44814",
                "thumb_80": "https:\/\/files.slack.com\/files-tmb\/T0D1XTUAD-F019P6U25KK-64dbb4105b\/img_20200821_181314_356_80.jpg?t=xoxe-13065946353-1831014033124-1821760734405-0591b3003861d046a3fe606fb5f44814",
                "thumb_360": "https:\/\/files.slack.com\/files-tmb\/T0D1XTUAD-F019P6U25KK-64dbb4105b\/img_20200821_181314_356_360.jpg?t=xoxe-13065946353-1831014033124-1821760734405-0591b3003861d046a3fe606fb5f44814",
                "thumb_360_w": 360,
                "thumb_360_h": 360,
                "thumb_480": "https:\/\/files.slack.com\/files-tmb\/T0D1XTUAD-F019P6U25KK-64dbb4105b\/img_20200821_181314_356_480.jpg?t=xoxe-13065946353-1831014033124-1821760734405-0591b3003861d046a3fe606fb5f44814",
                "thumb_480_w": 480,
                "thumb_480_h": 480,
                "thumb_160": "https:\/\/files.slack.com\/files-tmb\/T0D1XTUAD-F019P6U25KK-64dbb4105b\/img_20200821_181314_356_160.jpg?t=xoxe-13065946353-1831014033124-1821760734405-0591b3003861d046a3fe606fb5f44814",
                "thumb_720": "https:\/\/files.slack.com\/files-tmb\/T0D1XTUAD-F019P6U25KK-64dbb4105b\/img_20200821_181314_356_720.jpg?t=xoxe-13065946353-1831014033124-1821760734405-0591b3003861d046a3fe606fb5f44814",
                "thumb_720_w": 720,
                "thumb_720_h": 720,
                "thumb_800": "https:\/\/files.slack.com\/files-tmb\/T0D1XTUAD-F019P6U25KK-64dbb4105b\/img_20200821_181314_356_800.jpg?t=xoxe-13065946353-1831014033124-1821760734405-0591b3003861d046a3fe606fb5f44814",
                "thumb_800_w": 800,
                "thumb_800_h": 800,
                "thumb_960": "https:\/\/files.slack.com\/files-tmb\/T0D1XTUAD-F019P6U25KK-64dbb4105b\/img_20200821_181314_356_960.jpg?t=xoxe-13065946353-1831014033124-1821760734405-0591b3003861d046a3fe606fb5f44814",
                "thumb_960_w": 960,
                "thumb_960_h": 960,
                "thumb_1024": "https:\/\/files.slack.com\/files-tmb\/T0D1XTUAD-F019P6U25KK-64dbb4105b\/img_20200821_181314_356_1024.jpg?t=xoxe-13065946353-1831014033124-1821760734405-0591b3003861d046a3fe606fb5f44814",
                "thumb_1024_w": 1024,
                "thumb_1024_h": 1024,
                "original_w": 2438,
                "original_h": 2438,
                "thumb_tiny": "AwAwADCVvvt9f\/ZafGfnH\/XMVGfvn6j+VPiPzL\/1zFI0ew6aXygpxnJxVS8YvIMA\/dqxdLvgPtzVduoUEdKZmMjXEe5hz2BqM4qwB1RjyRkVAeSaALefn\/Ff5U6M42HtsxUcTEjJHPHJ6CiQuRkNkD\/PFI03RLI4MZHXPaqoXPpx09qi3MzDtUoAZ8dDRcixIOfmIAf0qmzlWwauqADtUc4pqxK7fOvT1piGxsM4Iz6VMxDcMcn+VTeWpGNvFKI0HIUUnqxxdlYpeUxcEjC56U+WGTcpjAb61YlRm6D9acikKNxyaAbKcSuGfeMEdhUhiZuV4I6ZqaSLcc5xTlTAxnNAH\/\/Z",
                "permalink": "https:\/\/kcwebteam.slack.com\/files\/U0D1RV4N8\/F019P6U25KK\/img_20200821_181314_356.jpg",
                "permalink_public": "https:\/\/slack-files.com\/T0D1XTUAD-F019P6U25KK-eb6a1691c3",
                "is_starred": false,
                "has_rich_preview": false
            }
        ],
        "upload": true,
        "blocks": [
            {
                "type": "rich_text",
                "block_id": "NFUXX",
                "elements": [
                    {
                        "type": "rich_text_section",
                        "elements": [
                            {
                                "type": "user",
                                "user_id": "U7EQMP760"
                            },
                            {
                                "type": "text",
                                "text": " Kitten has arrived! We still haven't named him. And we need to get him tested and vaccinated tomorrow. Hopefully no feline leukemia or FIV. (Or fleas)"
                            }
                        ]
                    }
                ]
            }
        ],
        "user": "U0D1RV4N8",
        "display_as_bot": false,
        "ts": "1598059090.000200",
        "edited": {
            "user": "U0D1RV4N8",
            "ts": "1598059129.000000"
        },
        "client_msg_id": "bbdb201c-40c4-4ea8-ac14-ccf0ebf7f398",
        "thread_ts": "1597336280.054700",
        "parent_user_id": "U7EQMP760",
        "subtype": "thread_broadcast",
        "root": {
            "client_msg_id": "200121d4-b81b-49f2-8e8e-b25b6246f2eb",
            "type": "message",
            "text": "<@U0D1RV4N8> I need an update on the barn kittens. Even if it's sad.",
            "user": "U7EQMP760",
            "ts": "1597336280.054700",
            "team": "T0D1XTUAD",
            "blocks": [
                {
                    "type": "rich_text",
                    "block_id": "CaWj",
                    "elements": [
                        {
                            "type": "rich_text_section",
                            "elements": [
                                {
                                    "type": "user",
                                    "user_id": "U0D1RV4N8"
                                },
                                {
                                    "type": "text",
                                    "text": " I need an update on the barn kittens. Even if it's sad."
                                }
                            ]
                        }
                    ]
                }
            ],
            "thread_ts": "1597336280.054700",
            "reply_count": 3,
            "reply_users_count": 2,
            "latest_reply": "1598059090.000200",
            "reply_users": [
                "U0D1RV4N8",
                "U7EQMP760"
            ],
            "subscribed": false
        },
        "reactions": [
            {
                "name": "heart_eyes_cat",
                "users": [
                    "U7EQMP760",
                    "UUJNECG67",
                    "UT7A459JP"
                ],
                "count": 3
            }
        ]
    }
]