[
    {
        "client_msg_id": "E25ED147-7C5E-4199-974B-C353FB5D6E6C",
        "type": "message",
        "text": "<http:\/\/www.catfestmn.com\/|http:\/\/www.catfestmn.com\/>",
        "user": "U0NSCMBR8",
        "ts": "1598213063.000900",
        "team": "T0D1XTUAD",
        "user_team": "T0D1XTUAD",
        "source_team": "T0D1XTUAD",
        "user_profile": {
            "avatar_hash": "28a69ac871a0",
            "image_72": "https:\/\/avatars.slack-edge.com\/2016-02-24\/22896597253_28a69ac871a00b39b963_72.jpg",
            "first_name": "Al",
            "real_name": "Al Boss",
            "display_name": "",
            "team": "T0D1XTUAD",
            "name": "alboss",
            "is_restricted": false,
            "is_ultra_restricted": false
        },
        "attachments": [
            {
                "service_name": "Cat Video Festival",
                "title": "2020 Cat Video Festival: Virtual Quarantine Edition",
                "title_link": "http:\/\/www.catfestmn.com\/",
                "text": "Click here for details",
                "fallback": "Cat Video Festival: 2020 Cat Video Festival: Virtual Quarantine Edition",
                "image_url": "http:\/\/www.catfestmn.com\/wp-content\/uploads\/2020\/07\/CVF2020_FBshare_Update.png",
                "image_width": 476,
                "image_height": 250,
                "from_url": "http:\/\/www.catfestmn.com\/",
                "image_bytes": 293307,
                "service_icon": "http:\/\/1de22z1mcmm034o9rw41vv62.wpengine.netdna-cdn.com\/wp-content\/uploads\/2016\/05\/favicon.ico",
                "id": 1,
                "original_url": "http:\/\/www.catfestmn.com\/"
            }
        ],
        "blocks": [
            {
                "type": "rich_text",
                "block_id": "B1x",
                "elements": [
                    {
                        "type": "rich_text_section",
                        "elements": [
                            {
                                "type": "link",
                                "url": "http:\/\/www.catfestmn.com\/",
                                "text": "http:\/\/www.catfestmn.com\/"
                            }
                        ]
                    }
                ]
            }
        ],
        "reactions": [
            {
                "name": "rolling_on_the_floor_laughing",
                "users": [
                    "UUW3W20AU"
                ],
                "count": 1
            }
        ]
    }
]