[
    {
        "client_msg_id": "4d7531e8-8a25-452b-824a-cb99ee15e73a",
        "type": "message",
        "text": "They totally are.",
        "user": "U016LJ8547R",
        "ts": "1598976593.007600",
        "team": "T0D1XTUAD",
        "user_team": "T0D1XTUAD",
        "source_team": "T0D1XTUAD",
        "user_profile": {
            "avatar_hash": "ga8c2c7d0ea7",
            "image_72": "https:\/\/secure.gravatar.com\/avatar\/a8c2c7d0ea73f3173b0f6aa7921d1ab6.jpg?s=72&d=https%3A%2F%2Fa.slack-edge.com%2Fdf10d%2Fimg%2Favatars%2Fava_0005-72.png",
            "first_name": "",
            "real_name": "Taifa Harris",
            "display_name": "Taifa Harris",
            "team": "T0D1XTUAD",
            "name": "n-tharris",
            "is_restricted": false,
            "is_ultra_restricted": false
        },
        "blocks": [
            {
                "type": "rich_text",
                "block_id": "=Y4",
                "elements": [
                    {
                        "type": "rich_text_section",
                        "elements": [
                            {
                                "type": "text",
                                "text": "They totally are."
                            }
                        ]
                    }
                ]
            }
        ],
        "thread_ts": "1598887698.006200",
        "parent_user_id": "U016LJ8547R"
    },
    {
        "client_msg_id": "4fb136b2-8d77-4192-afe2-de9dc33f9e44",
        "type": "message",
        "text": "<@U0D1RV4N8> How did you choose the name Harold?  I like it.",
        "user": "U016LJ8547R",
        "ts": "1598977172.007800",
        "team": "T0D1XTUAD",
        "user_team": "T0D1XTUAD",
        "source_team": "T0D1XTUAD",
        "user_profile": {
            "avatar_hash": "ga8c2c7d0ea7",
            "image_72": "https:\/\/secure.gravatar.com\/avatar\/a8c2c7d0ea73f3173b0f6aa7921d1ab6.jpg?s=72&d=https%3A%2F%2Fa.slack-edge.com%2Fdf10d%2Fimg%2Favatars%2Fava_0005-72.png",
            "first_name": "",
            "real_name": "Taifa Harris",
            "display_name": "Taifa Harris",
            "team": "T0D1XTUAD",
            "name": "n-tharris",
            "is_restricted": false,
            "is_ultra_restricted": false
        },
        "blocks": [
            {
                "type": "rich_text",
                "block_id": "+D2",
                "elements": [
                    {
                        "type": "rich_text_section",
                        "elements": [
                            {
                                "type": "user",
                                "user_id": "U0D1RV4N8"
                            },
                            {
                                "type": "text",
                                "text": " How did you choose the name Harold?  I like it."
                            }
                        ]
                    }
                ]
            }
        ],
        "thread_ts": "1598582172.018500",
        "parent_user_id": "U0D1RV4N8"
    },
    {
        "type": "message",
        "subtype": "channel_join",
        "ts": "1598992127.008200",
        "user": "UT7A459JP",
        "text": "<@UT7A459JP> has joined the channel",
        "inviter": "U019DU219B4"
    },
    {
        "type": "message",
        "subtype": "channel_join",
        "ts": "1598992127.008300",
        "user": "UT7A459JP",
        "text": "<@UT7A459JP> has joined the channel",
        "inviter": "U019DU219B4"
    },
    {
        "type": "message",
        "text": "Thanks for the add, Dominique! This is Biggie Smalls and Chico. Two of our three cats!",
        "files": [
            {
                "id": "F019X0ZDJG2",
                "created": 1598992730,
                "timestamp": 1598992730,
                "name": "Chico+Biggie.jpg",
                "title": "Chico+Biggie.jpg",
                "mimetype": "image\/jpeg",
                "filetype": "jpg",
                "pretty_type": "JPEG",
                "user": "UT7A459JP",
                "editable": false,
                "size": 654139,
                "mode": "hosted",
                "is_external": false,
                "external_type": "",
                "is_public": true,
                "public_url_shared": false,
                "display_as_bot": false,
                "username": "",
                "url_private": "https:\/\/files.slack.com\/files-pri\/T0D1XTUAD-F019X0ZDJG2\/chico_biggie.jpg?t=xoxe-13065946353-1831014033124-1821760734405-0591b3003861d046a3fe606fb5f44814",
                "url_private_download": "https:\/\/files.slack.com\/files-pri\/T0D1XTUAD-F019X0ZDJG2\/download\/chico_biggie.jpg?t=xoxe-13065946353-1831014033124-1821760734405-0591b3003861d046a3fe606fb5f44814",
                "thumb_64": "https:\/\/files.slack.com\/files-tmb\/T0D1XTUAD-F019X0ZDJG2-10314a4400\/chico_biggie_64.jpg?t=xoxe-13065946353-1831014033124-1821760734405-0591b3003861d046a3fe606fb5f44814",
                "thumb_80": "https:\/\/files.slack.com\/files-tmb\/T0D1XTUAD-F019X0ZDJG2-10314a4400\/chico_biggie_80.jpg?t=xoxe-13065946353-1831014033124-1821760734405-0591b3003861d046a3fe606fb5f44814",
                "thumb_360": "https:\/\/files.slack.com\/files-tmb\/T0D1XTUAD-F019X0ZDJG2-10314a4400\/chico_biggie_360.jpg?t=xoxe-13065946353-1831014033124-1821760734405-0591b3003861d046a3fe606fb5f44814",
                "thumb_360_w": 271,
                "thumb_360_h": 360,
                "thumb_480": "https:\/\/files.slack.com\/files-tmb\/T0D1XTUAD-F019X0ZDJG2-10314a4400\/chico_biggie_480.jpg?t=xoxe-13065946353-1831014033124-1821760734405-0591b3003861d046a3fe606fb5f44814",
                "thumb_480_w": 361,
                "thumb_480_h": 480,
                "thumb_160": "https:\/\/files.slack.com\/files-tmb\/T0D1XTUAD-F019X0ZDJG2-10314a4400\/chico_biggie_160.jpg?t=xoxe-13065946353-1831014033124-1821760734405-0591b3003861d046a3fe606fb5f44814",
                "thumb_720": "https:\/\/files.slack.com\/files-tmb\/T0D1XTUAD-F019X0ZDJG2-10314a4400\/chico_biggie_720.jpg?t=xoxe-13065946353-1831014033124-1821760734405-0591b3003861d046a3fe606fb5f44814",
                "thumb_720_w": 541,
                "thumb_720_h": 720,
                "thumb_800": "https:\/\/files.slack.com\/files-tmb\/T0D1XTUAD-F019X0ZDJG2-10314a4400\/chico_biggie_800.jpg?t=xoxe-13065946353-1831014033124-1821760734405-0591b3003861d046a3fe606fb5f44814",
                "thumb_800_w": 800,
                "thumb_800_h": 1065,
                "thumb_960": "https:\/\/files.slack.com\/files-tmb\/T0D1XTUAD-F019X0ZDJG2-10314a4400\/chico_biggie_960.jpg?t=xoxe-13065946353-1831014033124-1821760734405-0591b3003861d046a3fe606fb5f44814",
                "thumb_960_w": 721,
                "thumb_960_h": 960,
                "thumb_1024": "https:\/\/files.slack.com\/files-tmb\/T0D1XTUAD-F019X0ZDJG2-10314a4400\/chico_biggie_1024.jpg?t=xoxe-13065946353-1831014033124-1821760734405-0591b3003861d046a3fe606fb5f44814",
                "thumb_1024_w": 770,
                "thumb_1024_h": 1024,
                "original_w": 1125,
                "original_h": 1497,
                "thumb_tiny": "AwAwACR7wluw6etMFoDjc3TrjvU+TjPpQDSuOxCLWMAgjIqCWIRErjIz+lXiQBk1WuhlAw5xwaAIgqY6Cl2p6CoGkOeKTzGpiNGOQMA3Y8GhiFBPaq1s2GINXHK+Xg4OagoqyyFn2qTt96nXBQKRnjmoliBywJA9xU6YAye1AFWS2k3fu2G33HSmfZp\/7y1e+Y80YaquIzEc7hxV9VBHA3D3qki7Rk9TViGbYcN93+VJgWDjIGCKXjoR9DTZWyMpye1VTLIUIfGQaALXmAds\/SjzP9k1RaWQngED60nmSf7X50wP\/9k=",
                "permalink": "https:\/\/kcwebteam.slack.com\/files\/UT7A459JP\/F019X0ZDJG2\/chico_biggie.jpg",
                "permalink_public": "https:\/\/slack-files.com\/T0D1XTUAD-F019X0ZDJG2-24949e09ac",
                "is_starred": false,
                "has_rich_preview": false
            }
        ],
        "upload": false,
        "blocks": [
            {
                "type": "rich_text",
                "block_id": "qx4E",
                "elements": [
                    {
                        "type": "rich_text_section",
                        "elements": [
                            {
                                "type": "text",
                                "text": "Thanks for the add, Dominique! This is Biggie Smalls and Chico. Two of our three cats!"
                            }
                        ]
                    }
                ]
            }
        ],
        "user": "UT7A459JP",
        "display_as_bot": false,
        "ts": "1598992777.009000",
        "thread_ts": "1598992777.009000",
        "reply_count": 1,
        "reply_users_count": 1,
        "latest_reply": "1599077012.022800",
        "reply_users": [
            "U016LJ8547R"
        ],
        "replies": [
            {
                "user": "U016LJ8547R",
                "ts": "1599077012.022800"
            }
        ],
        "subscribed": false,
        "reactions": [
            {
                "name": "heart_eyes_cat",
                "users": [
                    "U7EQMP760",
                    "UUJNECG67",
                    "U019DU219B4"
                ],
                "count": 3
            }
        ]
    },
    {
        "client_msg_id": "fe82a170-1636-4f52-b0d9-c16e0ecc836c",
        "type": "message",
        "text": "Oh my goodness! Look at those sexy cats!",
        "user": "UUJNECG67",
        "ts": "1599003589.010300",
        "team": "T0D1XTUAD",
        "user_team": "T0D1XTUAD",
        "source_team": "T0D1XTUAD",
        "user_profile": {
            "avatar_hash": "3770b096c03c",
            "image_72": "https:\/\/avatars.slack-edge.com\/2020-08-27\/1329102233075_3770b096c03ccdfc53b6_72.png",
            "first_name": "Andrea",
            "real_name": "Andrea",
            "display_name": "Andrea",
            "team": "T0D1XTUAD",
            "name": "andrea.rouleau",
            "is_restricted": false,
            "is_ultra_restricted": false
        },
        "blocks": [
            {
                "type": "rich_text",
                "block_id": "jFyx",
                "elements": [
                    {
                        "type": "rich_text_section",
                        "elements": [
                            {
                                "type": "text",
                                "text": "Oh my goodness! Look at those sexy cats!"
                            }
                        ]
                    }
                ]
            }
        ]
    },
    {
        "client_msg_id": "6b258bc6-4fe4-4f1c-a4e4-da249a7348df",
        "type": "message",
        "text": "They are a comedy team! Love those guys... :slightly_smiling_face:",
        "user": "UT7A459JP",
        "ts": "1599003791.010900",
        "team": "T0D1XTUAD",
        "user_team": "T0D1XTUAD",
        "source_team": "T0D1XTUAD",
        "user_profile": {
            "avatar_hash": "gbfafb9b317c",
            "image_72": "https:\/\/secure.gravatar.com\/avatar\/bfafb9b317c9c503850c335c52e46161.jpg?s=72&d=https%3A%2F%2Fa.slack-edge.com%2Fdf10d%2Fimg%2Favatars%2Fava_0004-72.png",
            "first_name": "",
            "real_name": "Nick Pollock",
            "display_name": "Nick Pollock",
            "team": "T0D1XTUAD",
            "name": "npollock",
            "is_restricted": false,
            "is_ultra_restricted": false
        },
        "blocks": [
            {
                "type": "rich_text",
                "block_id": "4L6",
                "elements": [
                    {
                        "type": "rich_text_section",
                        "elements": [
                            {
                                "type": "text",
                                "text": "They are a comedy team! Love those guys... "
                            },
                            {
                                "type": "emoji",
                                "name": "slightly_smiling_face"
                            }
                        ]
                    }
                ]
            }
        ],
        "reactions": [
            {
                "name": "smiley_cat",
                "users": [
                    "UUJNECG67"
                ],
                "count": 1
            }
        ]
    },
    {
        "client_msg_id": "e78f00b4-317d-43f8-85ec-a5bbe8c303c0",
        "type": "message",
        "text": "<@UT7A459JP> is the other one still feeling shy because of his new 'do?",
        "user": "U019DU219B4",
        "ts": "1599003885.011600",
        "team": "T0D1XTUAD",
        "user_team": "T0D1XTUAD",
        "source_team": "T0D1XTUAD",
        "user_profile": {
            "avatar_hash": "b99fbed56ce5",
            "image_72": "https:\/\/avatars.slack-edge.com\/2020-08-24\/1326180875044_b99fbed56ce584617434_72.jpg",
            "first_name": "Dominique",
            "real_name": "Dominique Barni",
            "display_name": "Dominique Barni",
            "team": "T0D1XTUAD",
            "name": "n-dbarni",
            "is_restricted": false,
            "is_ultra_restricted": false
        },
        "blocks": [
            {
                "type": "rich_text",
                "block_id": "32s",
                "elements": [
                    {
                        "type": "rich_text_section",
                        "elements": [
                            {
                                "type": "user",
                                "user_id": "UT7A459JP"
                            },
                            {
                                "type": "text",
                                "text": " is the other one still feeling shy because of his new 'do?"
                            }
                        ]
                    }
                ]
            }
        ]
    },
    {
        "client_msg_id": "6f513fdb-a0bc-479a-b015-b64320fba58e",
        "type": "message",
        "text": "<@U019DU219B4> no, not any more! He's back to thinking he's the king of the house!",
        "user": "UT7A459JP",
        "ts": "1599004138.012300",
        "team": "T0D1XTUAD",
        "user_team": "T0D1XTUAD",
        "source_team": "T0D1XTUAD",
        "user_profile": {
            "avatar_hash": "gbfafb9b317c",
            "image_72": "https:\/\/secure.gravatar.com\/avatar\/bfafb9b317c9c503850c335c52e46161.jpg?s=72&d=https%3A%2F%2Fa.slack-edge.com%2Fdf10d%2Fimg%2Favatars%2Fava_0004-72.png",
            "first_name": "",
            "real_name": "Nick Pollock",
            "display_name": "Nick Pollock",
            "team": "T0D1XTUAD",
            "name": "npollock",
            "is_restricted": false,
            "is_ultra_restricted": false
        },
        "blocks": [
            {
                "type": "rich_text",
                "block_id": "RLcTC",
                "elements": [
                    {
                        "type": "rich_text_section",
                        "elements": [
                            {
                                "type": "user",
                                "user_id": "U019DU219B4"
                            },
                            {
                                "type": "text",
                                "text": " no, not any more! He's back to thinking he's the king of the house!"
                            }
                        ]
                    }
                ]
            }
        ]
    },
    {
        "type": "message",
        "text": "A cat in her natural habitat—the tabletop. Saki likes to help with the crossword puzzle. ",
        "files": [
            {
                "id": "F01A3NZDV44",
                "created": 1599016940,
                "timestamp": 1599016940,
                "name": "Image from iOS.jpg",
                "title": "Image from iOS",
                "mimetype": "image\/jpeg",
                "filetype": "jpg",
                "pretty_type": "JPEG",
                "user": "U0NSCMBR8",
                "editable": false,
                "size": 1124794,
                "mode": "hosted",
                "is_external": false,
                "external_type": "",
                "is_public": true,
                "public_url_shared": false,
                "display_as_bot": false,
                "username": "",
                "url_private": "https:\/\/files.slack.com\/files-pri\/T0D1XTUAD-F01A3NZDV44\/image_from_ios.jpg?t=xoxe-13065946353-1831014033124-1821760734405-0591b3003861d046a3fe606fb5f44814",
                "url_private_download": "https:\/\/files.slack.com\/files-pri\/T0D1XTUAD-F01A3NZDV44\/download\/image_from_ios.jpg?t=xoxe-13065946353-1831014033124-1821760734405-0591b3003861d046a3fe606fb5f44814",
                "thumb_64": "https:\/\/files.slack.com\/files-tmb\/T0D1XTUAD-F01A3NZDV44-126fe0460c\/image_from_ios_64.jpg?t=xoxe-13065946353-1831014033124-1821760734405-0591b3003861d046a3fe606fb5f44814",
                "thumb_80": "https:\/\/files.slack.com\/files-tmb\/T0D1XTUAD-F01A3NZDV44-126fe0460c\/image_from_ios_80.jpg?t=xoxe-13065946353-1831014033124-1821760734405-0591b3003861d046a3fe606fb5f44814",
                "thumb_360": "https:\/\/files.slack.com\/files-tmb\/T0D1XTUAD-F01A3NZDV44-126fe0460c\/image_from_ios_360.jpg?t=xoxe-13065946353-1831014033124-1821760734405-0591b3003861d046a3fe606fb5f44814",
                "thumb_360_w": 318,
                "thumb_360_h": 360,
                "thumb_480": "https:\/\/files.slack.com\/files-tmb\/T0D1XTUAD-F01A3NZDV44-126fe0460c\/image_from_ios_480.jpg?t=xoxe-13065946353-1831014033124-1821760734405-0591b3003861d046a3fe606fb5f44814",
                "thumb_480_w": 424,
                "thumb_480_h": 480,
                "thumb_160": "https:\/\/files.slack.com\/files-tmb\/T0D1XTUAD-F01A3NZDV44-126fe0460c\/image_from_ios_160.jpg?t=xoxe-13065946353-1831014033124-1821760734405-0591b3003861d046a3fe606fb5f44814",
                "thumb_720": "https:\/\/files.slack.com\/files-tmb\/T0D1XTUAD-F01A3NZDV44-126fe0460c\/image_from_ios_720.jpg?t=xoxe-13065946353-1831014033124-1821760734405-0591b3003861d046a3fe606fb5f44814",
                "thumb_720_w": 636,
                "thumb_720_h": 720,
                "thumb_800": "https:\/\/files.slack.com\/files-tmb\/T0D1XTUAD-F01A3NZDV44-126fe0460c\/image_from_ios_800.jpg?t=xoxe-13065946353-1831014033124-1821760734405-0591b3003861d046a3fe606fb5f44814",
                "thumb_800_w": 800,
                "thumb_800_h": 906,
                "thumb_960": "https:\/\/files.slack.com\/files-tmb\/T0D1XTUAD-F01A3NZDV44-126fe0460c\/image_from_ios_960.jpg?t=xoxe-13065946353-1831014033124-1821760734405-0591b3003861d046a3fe606fb5f44814",
                "thumb_960_w": 848,
                "thumb_960_h": 960,
                "thumb_1024": "https:\/\/files.slack.com\/files-tmb\/T0D1XTUAD-F01A3NZDV44-126fe0460c\/image_from_ios_1024.jpg?t=xoxe-13065946353-1831014033124-1821760734405-0591b3003861d046a3fe606fb5f44814",
                "thumb_1024_w": 904,
                "thumb_1024_h": 1024,
                "original_w": 2646,
                "original_h": 2996,
                "thumb_tiny": "AwAwACqwY5MdTUajbOPdatEDbxVW62qgLjIxipsMJseW\/I6HvVa2YblQDJ5JNVs461JAxSVT29\/SqsK5oJ0f8Kmqusi\/Nz3FTb\/Y1SJZFLcBGC4J78VHcsJICwJAx0NORsAp\/GBhTjOapzs\/Rmzz6YqC7EXPAPSpIQGkAJPWoScmnxNscH3piNERpsZdn503yPRTj609SxOMU7fjjetMRHcKojV8Yx1x6VWuEZl8wvv5wcdqmlYtC49qrwPt5JG3owqUUyv0NSwqWcYHvVh7VGOeVHqKaPIgzhi+eMUxFtHjfgMM0nkw+351VW4xwq4A6Z5o82Q87n\/AigaVz\/\/Z",
                "permalink": "https:\/\/kcwebteam.slack.com\/files\/U0NSCMBR8\/F01A3NZDV44\/image_from_ios.jpg",
                "permalink_public": "https:\/\/slack-files.com\/T0D1XTUAD-F01A3NZDV44-6526529eb9",
                "is_starred": false,
                "has_rich_preview": false
            }
        ],
        "upload": true,
        "blocks": [
            {
                "type": "rich_text",
                "block_id": "ef\/",
                "elements": [
                    {
                        "type": "rich_text_section",
                        "elements": [
                            {
                                "type": "text",
                                "text": "A cat in her natural habitat—the tabletop. Saki likes to help with the crossword puzzle. "
                            }
                        ]
                    }
                ]
            }
        ],
        "user": "U0NSCMBR8",
        "display_as_bot": false,
        "ts": "1599016945.013500",
        "client_msg_id": "38FD2D3F-5AFB-4BB3-ABBF-1EDFFDEA783E",
        "thread_ts": "1599016945.013500",
        "reply_count": 1,
        "reply_users_count": 1,
        "latest_reply": "1599075218.018500",
        "reply_users": [
            "UUW3W20AU"
        ],
        "replies": [
            {
                "user": "UUW3W20AU",
                "ts": "1599075218.018500"
            }
        ],
        "subscribed": false,
        "reactions": [
            {
                "name": "black_heart",
                "users": [
                    "UUW3W20AU",
                    "U016LJ8547R"
                ],
                "count": 2
            },
            {
                "name": "heart_eyes_cat",
                "users": [
                    "UT7A459JP"
                ],
                "count": 1
            }
        ]
    }
]