[
    {
        "type": "message",
        "text": "Why is this the first place I go to with this photo of Ira? :rolling_on_the_floor_laughing:",
        "files": [
            {
                "id": "F01FKP94L11",
                "created": 1606352470,
                "timestamp": 1606352470,
                "name": "Ben_Kenobi.png",
                "title": "Ben_Kenobi.png",
                "mimetype": "image\/png",
                "filetype": "png",
                "pretty_type": "PNG",
                "user": "UUW3W20AU",
                "editable": false,
                "size": 155038,
                "mode": "hosted",
                "is_external": false,
                "external_type": "",
                "is_public": true,
                "public_url_shared": false,
                "display_as_bot": false,
                "username": "",
                "url_private": "https:\/\/files.slack.com\/files-pri\/T0D1XTUAD-F01FKP94L11\/ben_kenobi.png?t=xoxe-13065946353-1831014033124-1821760734405-0591b3003861d046a3fe606fb5f44814",
                "url_private_download": "https:\/\/files.slack.com\/files-pri\/T0D1XTUAD-F01FKP94L11\/download\/ben_kenobi.png?t=xoxe-13065946353-1831014033124-1821760734405-0591b3003861d046a3fe606fb5f44814",
                "thumb_64": "https:\/\/files.slack.com\/files-tmb\/T0D1XTUAD-F01FKP94L11-b2ef153b5e\/ben_kenobi_64.png?t=xoxe-13065946353-1831014033124-1821760734405-0591b3003861d046a3fe606fb5f44814",
                "thumb_80": "https:\/\/files.slack.com\/files-tmb\/T0D1XTUAD-F01FKP94L11-b2ef153b5e\/ben_kenobi_80.png?t=xoxe-13065946353-1831014033124-1821760734405-0591b3003861d046a3fe606fb5f44814",
                "thumb_360": "https:\/\/files.slack.com\/files-tmb\/T0D1XTUAD-F01FKP94L11-b2ef153b5e\/ben_kenobi_360.png?t=xoxe-13065946353-1831014033124-1821760734405-0591b3003861d046a3fe606fb5f44814",
                "thumb_360_w": 360,
                "thumb_360_h": 269,
                "thumb_160": "https:\/\/files.slack.com\/files-tmb\/T0D1XTUAD-F01FKP94L11-b2ef153b5e\/ben_kenobi_160.png?t=xoxe-13065946353-1831014033124-1821760734405-0591b3003861d046a3fe606fb5f44814",
                "original_w": 365,
                "original_h": 273,
                "thumb_tiny": "AwAjADDMpcUYqWK3aSGSUMAsfXPegCIDJx096keMLxkEjuO4psSlpAAQCfU1cuYiWgRcNIy4470uoyJxtsVH958\/kKr4rQntZjDCiLkrnPIqg6ujlXBDDqDTEIelOErLCY1OFJyfemZooAfHEZdwH3gM49al8poVhmD8tnHtim2cnl3Ubds4P41cvE+e3jXplsfnQAszyfaoQuDgDIq28MdwoMqhjjrWXdylb19p6cU5L94gVxkds9qQFKiiimAq\/eB960ZmYRxyA\/Oo4P1NZy9RWhP\/AMe6\/QfzpMZSldnlZmOWJ60w05\/vt9aaaYj\/2Q==",
                "permalink": "https:\/\/kcwebteam.slack.com\/files\/UUW3W20AU\/F01FKP94L11\/ben_kenobi.png",
                "permalink_public": "https:\/\/slack-files.com\/T0D1XTUAD-F01FKP94L11-af27ff77bc",
                "is_starred": false,
                "has_rich_preview": false
            }
        ],
        "upload": false,
        "blocks": [
            {
                "type": "rich_text",
                "block_id": "cjv",
                "elements": [
                    {
                        "type": "rich_text_section",
                        "elements": [
                            {
                                "type": "text",
                                "text": "Why is this the first place I go to with this photo of Ira? "
                            },
                            {
                                "type": "emoji",
                                "name": "rolling_on_the_floor_laughing"
                            }
                        ]
                    }
                ]
            }
        ],
        "user": "UUW3W20AU",
        "display_as_bot": false,
        "ts": "1606352473.030100",
        "thread_ts": "1606195849.028200",
        "parent_user_id": "UUHCZU5UJ"
    },
    {
        "client_msg_id": "ae9ec162-0d1a-4de4-b30e-120523160870",
        "type": "message",
        "text": "OMG!!! hahahahahaha!!!\nIs she dragging her but along the top shelf of the bookcase???",
        "user": "UUW3W20AU",
        "ts": "1606352517.030600",
        "team": "T0D1XTUAD",
        "user_team": "T0D1XTUAD",
        "source_team": "T0D1XTUAD",
        "user_profile": {
            "avatar_hash": "0c87430f5419",
            "image_72": "https:\/\/avatars.slack-edge.com\/2020-03-04\/984414387030_0c87430f5419d7de3cea_72.jpg",
            "first_name": "Elizabeth",
            "real_name": "Elizabeth Inglese",
            "display_name": "Tish",
            "team": "T0D1XTUAD",
            "name": "einglese",
            "is_restricted": false,
            "is_ultra_restricted": false
        },
        "blocks": [
            {
                "type": "rich_text",
                "block_id": "NE6",
                "elements": [
                    {
                        "type": "rich_text_section",
                        "elements": [
                            {
                                "type": "text",
                                "text": "OMG!!! hahahahahaha!!!\nIs she dragging her but along the top shelf of the bookcase???"
                            }
                        ]
                    }
                ]
            }
        ],
        "thread_ts": "1606152651.022900",
        "parent_user_id": "U019DU219B4"
    },
    {
        "client_msg_id": "98d6b89d-0905-492e-a27f-c333ba27473f",
        "type": "message",
        "text": "Either that or she's really letting you know what she thinks of your religious statues! :rolling_on_the_floor_laughing:",
        "user": "UUW3W20AU",
        "ts": "1606352544.030800",
        "team": "T0D1XTUAD",
        "user_team": "T0D1XTUAD",
        "source_team": "T0D1XTUAD",
        "user_profile": {
            "avatar_hash": "0c87430f5419",
            "image_72": "https:\/\/avatars.slack-edge.com\/2020-03-04\/984414387030_0c87430f5419d7de3cea_72.jpg",
            "first_name": "Elizabeth",
            "real_name": "Elizabeth Inglese",
            "display_name": "Tish",
            "team": "T0D1XTUAD",
            "name": "einglese",
            "is_restricted": false,
            "is_ultra_restricted": false
        },
        "blocks": [
            {
                "type": "rich_text",
                "block_id": "Y98w",
                "elements": [
                    {
                        "type": "rich_text_section",
                        "elements": [
                            {
                                "type": "text",
                                "text": "Either that or she's really letting you know what she thinks of your religious statues! "
                            },
                            {
                                "type": "emoji",
                                "name": "rolling_on_the_floor_laughing"
                            }
                        ]
                    }
                ]
            }
        ],
        "thread_ts": "1606152651.022900",
        "parent_user_id": "U019DU219B4",
        "reactions": [
            {
                "name": "joy",
                "users": [
                    "UUJNECG67"
                ],
                "count": 1
            }
        ]
    },
    {
        "client_msg_id": "d7cc4b64-4aee-4a7e-a89b-c2c933f43572",
        "type": "message",
        "text": "BTW, I love how your books are placed in a colorized manner with the warm colors on top. Very artsy fartsy!",
        "user": "UUW3W20AU",
        "ts": "1606352581.031700",
        "team": "T0D1XTUAD",
        "user_team": "T0D1XTUAD",
        "source_team": "T0D1XTUAD",
        "user_profile": {
            "avatar_hash": "0c87430f5419",
            "image_72": "https:\/\/avatars.slack-edge.com\/2020-03-04\/984414387030_0c87430f5419d7de3cea_72.jpg",
            "first_name": "Elizabeth",
            "real_name": "Elizabeth Inglese",
            "display_name": "Tish",
            "team": "T0D1XTUAD",
            "name": "einglese",
            "is_restricted": false,
            "is_ultra_restricted": false
        },
        "blocks": [
            {
                "type": "rich_text",
                "block_id": "HrTj\/",
                "elements": [
                    {
                        "type": "rich_text_section",
                        "elements": [
                            {
                                "type": "text",
                                "text": "BTW, I love how your books are placed in a colorized manner with the warm colors on top. Very artsy fartsy!"
                            }
                        ]
                    }
                ]
            }
        ],
        "thread_ts": "1606152651.022900",
        "parent_user_id": "U019DU219B4",
        "reactions": [
            {
                "name": "wfh_party",
                "users": [
                    "UUJNECG67"
                ],
                "count": 1
            }
        ]
    },
    {
        "client_msg_id": "5CB93999-2E58-4B7A-84AB-C20611144BB0",
        "type": "message",
        "text": "<@UUW3W20AU> :rolling_on_the_floor_laughing: she was actually just sniffing the ceiling :woman-shrugging::skin-tone-2:",
        "user": "U019DU219B4",
        "ts": "1606352599.032000",
        "team": "T0D1XTUAD",
        "user_team": "T0D1XTUAD",
        "source_team": "T0D1XTUAD",
        "user_profile": {
            "avatar_hash": "b99fbed56ce5",
            "image_72": "https:\/\/avatars.slack-edge.com\/2020-08-24\/1326180875044_b99fbed56ce584617434_72.jpg",
            "first_name": "Dominique",
            "real_name": "Dominique Barni",
            "display_name": "Dominique Barni",
            "team": "T0D1XTUAD",
            "name": "n-dbarni",
            "is_restricted": false,
            "is_ultra_restricted": false
        },
        "blocks": [
            {
                "type": "rich_text",
                "block_id": "uEGO",
                "elements": [
                    {
                        "type": "rich_text_section",
                        "elements": [
                            {
                                "type": "user",
                                "user_id": "UUW3W20AU"
                            },
                            {
                                "type": "text",
                                "text": " "
                            },
                            {
                                "type": "emoji",
                                "name": "rolling_on_the_floor_laughing"
                            },
                            {
                                "type": "text",
                                "text": " she was actually just sniffing the ceiling "
                            },
                            {
                                "type": "emoji",
                                "name": "woman-shrugging",
                                "skin_tone": 2
                            }
                        ]
                    }
                ]
            }
        ],
        "thread_ts": "1606152651.022900",
        "parent_user_id": "U019DU219B4",
        "reactions": [
            {
                "name": "joy",
                "users": [
                    "UUJNECG67"
                ],
                "count": 1
            }
        ]
    },
    {
        "client_msg_id": "267441c6-c39f-4086-949e-0cecc11a3805",
        "type": "message",
        "text": "<@UUJNECG67> <@U019DU219B4> yeah maybe she unearthed the last cat's stash of 'nip!",
        "user": "UUW3W20AU",
        "ts": "1606352632.032300",
        "team": "T0D1XTUAD",
        "user_team": "T0D1XTUAD",
        "source_team": "T0D1XTUAD",
        "user_profile": {
            "avatar_hash": "0c87430f5419",
            "image_72": "https:\/\/avatars.slack-edge.com\/2020-03-04\/984414387030_0c87430f5419d7de3cea_72.jpg",
            "first_name": "Elizabeth",
            "real_name": "Elizabeth Inglese",
            "display_name": "Tish",
            "team": "T0D1XTUAD",
            "name": "einglese",
            "is_restricted": false,
            "is_ultra_restricted": false
        },
        "blocks": [
            {
                "type": "rich_text",
                "block_id": "kSDyh",
                "elements": [
                    {
                        "type": "rich_text_section",
                        "elements": [
                            {
                                "type": "user",
                                "user_id": "UUJNECG67"
                            },
                            {
                                "type": "text",
                                "text": " "
                            },
                            {
                                "type": "user",
                                "user_id": "U019DU219B4"
                            },
                            {
                                "type": "text",
                                "text": " yeah maybe she unearthed the last cat's stash of 'nip!"
                            }
                        ]
                    }
                ]
            }
        ],
        "thread_ts": "1606152651.022900",
        "parent_user_id": "U019DU219B4",
        "reactions": [
            {
                "name": "rolling_on_the_floor_laughing",
                "users": [
                    "U019DU219B4",
                    "UUJNECG67"
                ],
                "count": 2
            }
        ]
    }
]