[
    {
        "client_msg_id": "4379C96F-922C-44E3-8EFB-E27A69D40923",
        "type": "message",
        "text": "Not a cat in sight on this.\n\n<https:\/\/people.com\/royals\/haute-dogs-royal-milliners-create-cutest-calendar-of-all-time-with-rescue-pups\/?slide=c3285800-8246-4bcb-b67d-2c14bb927c2d#c3285800-8246-4bcb-b67d-2c14bb927c2d|https:\/\/people.com\/royals\/haute-dogs-royal-milliners-create-cutest-calendar-of-all-time-with-rescue-pups\/?slide=c3285800-8246-4bcb-b67d-2c14bb927c2d#c3285800-8246-4bcb-b67d-2c14bb927c2d>",
        "user": "U0NSCMBR8",
        "ts": "1600789574.035200",
        "team": "T0D1XTUAD",
        "user_team": "T0D1XTUAD",
        "source_team": "T0D1XTUAD",
        "user_profile": {
            "avatar_hash": "28a69ac871a0",
            "image_72": "https:\/\/avatars.slack-edge.com\/2016-02-24\/22896597253_28a69ac871a00b39b963_72.jpg",
            "first_name": "Al",
            "real_name": "Al Boss",
            "display_name": "",
            "team": "T0D1XTUAD",
            "name": "alboss",
            "is_restricted": false,
            "is_ultra_restricted": false
        },
        "attachments": [
            {
                "service_name": "PEOPLE.com",
                "title": "Haute Dogs! Royal Milliners Create Cutest Calendar of All Time with Rescue Pups",
                "title_link": "https:\/\/people.com\/royals\/haute-dogs-royal-milliners-create-cutest-calendar-of-all-time-with-rescue-pups\/?slide=c3285800-8246-4bcb-b67d-2c14bb927c2d#c3285800-8246-4bcb-b67d-2c14bb927c2d",
                "text": "Twelve dog-loving milliners have collaborated on what might just be the cutest calendar of all time",
                "fallback": "PEOPLE.com: Haute Dogs! Royal Milliners Create Cutest Calendar of All Time with Rescue Pups",
                "image_url": "https:\/\/imagesvc.meredithcorp.io\/v3\/mm\/image?q=85&c=sc&poi=%5B690%2C670%5D&w=1500&h=785&url=https%3A%2F%2Fstatic.onecms.io%2Fwp-content%2Fuploads%2Fsites%2F20%2F2020%2F09%2F21%2Fhaute-dogs-tout.jpg",
                "image_width": 478,
                "image_height": 250,
                "from_url": "https:\/\/people.com\/royals\/haute-dogs-royal-milliners-create-cutest-calendar-of-all-time-with-rescue-pups\/?slide=c3285800-8246-4bcb-b67d-2c14bb927c2d#c3285800-8246-4bcb-b67d-2c14bb927c2d",
                "image_bytes": 309832,
                "service_icon": "https:\/\/people.com\/img\/favicons\/favicon-57.png",
                "id": 1,
                "original_url": "https:\/\/people.com\/royals\/haute-dogs-royal-milliners-create-cutest-calendar-of-all-time-with-rescue-pups\/?slide=c3285800-8246-4bcb-b67d-2c14bb927c2d#c3285800-8246-4bcb-b67d-2c14bb927c2d"
            }
        ],
        "blocks": [
            {
                "type": "rich_text",
                "block_id": "dc8p8",
                "elements": [
                    {
                        "type": "rich_text_section",
                        "elements": [
                            {
                                "type": "text",
                                "text": "Not a cat in sight on this.\n"
                            },
                            {
                                "type": "text",
                                "text": "\n"
                            },
                            {
                                "type": "link",
                                "url": "https:\/\/people.com\/royals\/haute-dogs-royal-milliners-create-cutest-calendar-of-all-time-with-rescue-pups\/?slide=c3285800-8246-4bcb-b67d-2c14bb927c2d#c3285800-8246-4bcb-b67d-2c14bb927c2d",
                                "text": "https:\/\/people.com\/royals\/haute-dogs-royal-milliners-create-cutest-calendar-of-all-time-with-rescue-pups\/?slide=c3285800-8246-4bcb-b67d-2c14bb927c2d#c3285800-8246-4bcb-b67d-2c14bb927c2d"
                            }
                        ]
                    }
                ]
            }
        ]
    },
    {
        "type": "message",
        "text": "My boss keeps stealing my chair. While I’m still in it. \n",
        "files": [
            {
                "id": "F01BK32TWQZ",
                "created": 1600803302,
                "timestamp": 1600803302,
                "name": "Image from iOS.jpg",
                "title": "Image from iOS",
                "mimetype": "image\/jpeg",
                "filetype": "jpg",
                "pretty_type": "JPEG",
                "user": "U0NSCMBR8",
                "editable": false,
                "size": 468223,
                "mode": "hosted",
                "is_external": false,
                "external_type": "",
                "is_public": true,
                "public_url_shared": false,
                "display_as_bot": false,
                "username": "",
                "url_private": "https:\/\/files.slack.com\/files-pri\/T0D1XTUAD-F01BK32TWQZ\/image_from_ios.jpg?t=xoxe-13065946353-1831014033124-1821760734405-0591b3003861d046a3fe606fb5f44814",
                "url_private_download": "https:\/\/files.slack.com\/files-pri\/T0D1XTUAD-F01BK32TWQZ\/download\/image_from_ios.jpg?t=xoxe-13065946353-1831014033124-1821760734405-0591b3003861d046a3fe606fb5f44814",
                "thumb_64": "https:\/\/files.slack.com\/files-tmb\/T0D1XTUAD-F01BK32TWQZ-e4bcd1a11b\/image_from_ios_64.jpg?t=xoxe-13065946353-1831014033124-1821760734405-0591b3003861d046a3fe606fb5f44814",
                "thumb_80": "https:\/\/files.slack.com\/files-tmb\/T0D1XTUAD-F01BK32TWQZ-e4bcd1a11b\/image_from_ios_80.jpg?t=xoxe-13065946353-1831014033124-1821760734405-0591b3003861d046a3fe606fb5f44814",
                "thumb_360": "https:\/\/files.slack.com\/files-tmb\/T0D1XTUAD-F01BK32TWQZ-e4bcd1a11b\/image_from_ios_360.jpg?t=xoxe-13065946353-1831014033124-1821760734405-0591b3003861d046a3fe606fb5f44814",
                "thumb_360_w": 270,
                "thumb_360_h": 360,
                "thumb_480": "https:\/\/files.slack.com\/files-tmb\/T0D1XTUAD-F01BK32TWQZ-e4bcd1a11b\/image_from_ios_480.jpg?t=xoxe-13065946353-1831014033124-1821760734405-0591b3003861d046a3fe606fb5f44814",
                "thumb_480_w": 361,
                "thumb_480_h": 480,
                "thumb_160": "https:\/\/files.slack.com\/files-tmb\/T0D1XTUAD-F01BK32TWQZ-e4bcd1a11b\/image_from_ios_160.jpg?t=xoxe-13065946353-1831014033124-1821760734405-0591b3003861d046a3fe606fb5f44814",
                "thumb_720": "https:\/\/files.slack.com\/files-tmb\/T0D1XTUAD-F01BK32TWQZ-e4bcd1a11b\/image_from_ios_720.jpg?t=xoxe-13065946353-1831014033124-1821760734405-0591b3003861d046a3fe606fb5f44814",
                "thumb_720_w": 541,
                "thumb_720_h": 720,
                "thumb_800": "https:\/\/files.slack.com\/files-tmb\/T0D1XTUAD-F01BK32TWQZ-e4bcd1a11b\/image_from_ios_800.jpg?t=xoxe-13065946353-1831014033124-1821760734405-0591b3003861d046a3fe606fb5f44814",
                "thumb_800_w": 800,
                "thumb_800_h": 1065,
                "thumb_960": "https:\/\/files.slack.com\/files-tmb\/T0D1XTUAD-F01BK32TWQZ-e4bcd1a11b\/image_from_ios_960.jpg?t=xoxe-13065946353-1831014033124-1821760734405-0591b3003861d046a3fe606fb5f44814",
                "thumb_960_w": 721,
                "thumb_960_h": 960,
                "thumb_1024": "https:\/\/files.slack.com\/files-tmb\/T0D1XTUAD-F01BK32TWQZ-e4bcd1a11b\/image_from_ios_1024.jpg?t=xoxe-13065946353-1831014033124-1821760734405-0591b3003861d046a3fe606fb5f44814",
                "thumb_1024_w": 769,
                "thumb_1024_h": 1024,
                "original_w": 2320,
                "original_h": 3088,
                "thumb_tiny": "AwAwACRqknINIT8p7U0ke1IT71NihgJwcNxSYwaUoB2pMke\/1pisOy3rRlv71KIi3OKXyD6GmIbmhyFOOM0KcZPYVCz85NIseWpY2AcZ6ZqIFmOFFP8ALI6nkelAbm1GFMakHIIzTsD2pI1CxqPQCnYFFybGIxwhqGpM5Uio9pzjuaYMsRrtiGOp5prHnNPPyqB7VETk0jXZWNq3fzIEYHtzUmD61jRTyRrtViBmnfa5v75oM+U\/\/9k=",
                "permalink": "https:\/\/kcwebteam.slack.com\/files\/U0NSCMBR8\/F01BK32TWQZ\/image_from_ios.jpg",
                "permalink_public": "https:\/\/slack-files.com\/T0D1XTUAD-F01BK32TWQZ-17fc1593e1",
                "is_starred": false,
                "has_rich_preview": false
            }
        ],
        "upload": true,
        "blocks": [
            {
                "type": "rich_text",
                "block_id": "fu9",
                "elements": [
                    {
                        "type": "rich_text_section",
                        "elements": [
                            {
                                "type": "text",
                                "text": "My boss keeps stealing my chair. While I’m still in it. \n"
                            }
                        ]
                    }
                ]
            }
        ],
        "user": "U0NSCMBR8",
        "display_as_bot": false,
        "ts": "1600803306.035700",
        "edited": {
            "user": "U0NSCMBR8",
            "ts": "1600803325.000000"
        },
        "client_msg_id": "64657986-BD98-4074-9FFE-4831F4C48E04",
        "thread_ts": "1600803306.035700",
        "reply_count": 1,
        "reply_users_count": 1,
        "latest_reply": "1600908286.001900",
        "reply_users": [
            "UUW3W20AU"
        ],
        "replies": [
            {
                "user": "UUW3W20AU",
                "ts": "1600908286.001900"
            }
        ],
        "subscribed": false,
        "reactions": [
            {
                "name": "ninja",
                "users": [
                    "U0D1RV4N8"
                ],
                "count": 1
            },
            {
                "name": "rolling_on_the_floor_laughing",
                "users": [
                    "UUJNECG67",
                    "U019DU219B4"
                ],
                "count": 2
            }
        ]
    }
]