[
    {
        "type": "message",
        "subtype": "channel_join",
        "ts": "1584026900.000200",
        "user": "U0NSCMBR8",
        "text": "<@U0NSCMBR8> has joined the channel"
    },
    {
        "type": "message",
        "subtype": "channel_purpose",
        "ts": "1584026900.000300",
        "user": "U0NSCMBR8",
        "text": "<@U0NSCMBR8> set the channel purpose: What’s with all the cats?",
        "purpose": "What’s with all the cats?"
    },
    {
        "client_msg_id": "a1ad83ed-2250-40ea-a698-bfbda869b480",
        "type": "message",
        "text": "*<https:\/\/app.slack.com\/team\/UUJNED77D|Fred Bentler>*:house_with_garden:  <https:\/\/kcwebteam.slack.com\/archives\/GUY9UFGNA\/p1583940995159600?thread_ts=1583931590.155000&amp;cid=GUY9UFGNA|[8:36 AM]>\nCats are everywhere I look, not just here. They’ve gone viral.  One even spent the night on my front porch.  Nice kitty and no collar.",
        "user": "U0NSCMBR8",
        "ts": "1584027515.001300",
        "team": "T0D1XTUAD",
        "user_team": "T0D1XTUAD",
        "source_team": "T0D1XTUAD",
        "user_profile": {
            "avatar_hash": "28a69ac871a0",
            "image_72": "https:\/\/avatars.slack-edge.com\/2016-02-24\/22896597253_28a69ac871a00b39b963_72.jpg",
            "first_name": "Al",
            "real_name": "Al Boss",
            "display_name": "",
            "team": "T0D1XTUAD",
            "name": "alboss",
            "is_restricted": false,
            "is_ultra_restricted": false
        },
        "blocks": [
            {
                "type": "rich_text",
                "block_id": "\/Uru",
                "elements": [
                    {
                        "type": "rich_text_section",
                        "elements": [
                            {
                                "type": "link",
                                "url": "https:\/\/app.slack.com\/team\/UUJNED77D",
                                "text": "Fred Bentler",
                                "style": {
                                    "bold": true
                                }
                            },
                            {
                                "type": "emoji",
                                "name": "house_with_garden",
                                "style": {
                                    "bold": true
                                }
                            },
                            {
                                "type": "text",
                                "text": "  "
                            },
                            {
                                "type": "link",
                                "url": "https:\/\/kcwebteam.slack.com\/archives\/GUY9UFGNA\/p1583940995159600?thread_ts=1583931590.155000&cid=GUY9UFGNA",
                                "text": "[8:36 AM]"
                            },
                            {
                                "type": "text",
                                "text": "\nCats are everywhere I look, not just here. They’ve gone viral.  One even spent the night on my front porch.  Nice kitty and no collar."
                            }
                        ]
                    }
                ]
            }
        ]
    },
    {
        "client_msg_id": "6661f97e-b54a-4cfc-b260-3db93af650c9",
        "type": "message",
        "text": "*<https:\/\/app.slack.com\/team\/UUJNED77D|Fred Bentler>*:house_with_garden:  <https:\/\/kcwebteam.slack.com\/archives\/GUY9UFGNA\/p1584025822181800?thread_ts=1584019932.176400&amp;cid=GUY9UFGNA|[8:10 AM]>\nI had another strange cat incident walking the dog last night.  As we approached the end of the block, a cat was crossing kitty corner at the intersection saw us, arched its back and started coming toward us sidewise.  The dog was very excited, then stopped and stared as if to say, “WTF?”  The cat stopped, then sidled back to the curb and flopped over next to it, laying there on the concrete like it was exhausted.  I’m seeing one strange cat incident per day so far. (edited)",
        "user": "U0NSCMBR8",
        "ts": "1584027545.001700",
        "team": "T0D1XTUAD",
        "user_team": "T0D1XTUAD",
        "source_team": "T0D1XTUAD",
        "user_profile": {
            "avatar_hash": "28a69ac871a0",
            "image_72": "https:\/\/avatars.slack-edge.com\/2016-02-24\/22896597253_28a69ac871a00b39b963_72.jpg",
            "first_name": "Al",
            "real_name": "Al Boss",
            "display_name": "",
            "team": "T0D1XTUAD",
            "name": "alboss",
            "is_restricted": false,
            "is_ultra_restricted": false
        },
        "blocks": [
            {
                "type": "rich_text",
                "block_id": "z=3n",
                "elements": [
                    {
                        "type": "rich_text_section",
                        "elements": [
                            {
                                "type": "link",
                                "url": "https:\/\/app.slack.com\/team\/UUJNED77D",
                                "text": "Fred Bentler",
                                "style": {
                                    "bold": true
                                }
                            },
                            {
                                "type": "emoji",
                                "name": "house_with_garden",
                                "style": {
                                    "bold": true
                                }
                            },
                            {
                                "type": "text",
                                "text": "  "
                            },
                            {
                                "type": "link",
                                "url": "https:\/\/kcwebteam.slack.com\/archives\/GUY9UFGNA\/p1584025822181800?thread_ts=1584019932.176400&cid=GUY9UFGNA",
                                "text": "[8:10 AM]"
                            },
                            {
                                "type": "text",
                                "text": "\nI had another strange cat incident walking the dog last night.  As we approached the end of the block, a cat was crossing kitty corner at the intersection saw us, arched its back and started coming toward us sidewise.  The dog was very excited, then stopped and stared as if to say, “WTF?”  The cat stopped, then sidled back to the curb and flopped over next to it, laying there on the concrete like it was exhausted.  I’m seeing one strange cat incident per day so far. (edited)"
                            }
                        ]
                    }
                ]
            }
        ]
    },
    {
        "client_msg_id": "84530ef8-2c67-4ded-b762-26a9f777d0c6",
        "type": "message",
        "text": "Come to think of it, yesterday Marco (my Siamese) hid under the bed and wouldn’t come out for dinner. This is a very food-motivated cat and the only time I’ve seen him hide rather than eat was once when the (painfully loud) fire alarm went off.\n\nCats are known to behave strangely in the days prior to a natural disaster like an earthquake, a volcano eruption, or Elizabeth having a cough\/runny nose during a pandemic.",
        "user": "U0NSCMBR8",
        "ts": "1584027856.005200",
        "team": "T0D1XTUAD",
        "user_team": "T0D1XTUAD",
        "source_team": "T0D1XTUAD",
        "user_profile": {
            "avatar_hash": "28a69ac871a0",
            "image_72": "https:\/\/avatars.slack-edge.com\/2016-02-24\/22896597253_28a69ac871a00b39b963_72.jpg",
            "first_name": "Al",
            "real_name": "Al Boss",
            "display_name": "",
            "team": "T0D1XTUAD",
            "name": "alboss",
            "is_restricted": false,
            "is_ultra_restricted": false
        },
        "blocks": [
            {
                "type": "rich_text",
                "block_id": "d2J",
                "elements": [
                    {
                        "type": "rich_text_section",
                        "elements": [
                            {
                                "type": "text",
                                "text": "Come to think of it, yesterday Marco (my Siamese) hid under the bed and wouldn’t come out for dinner. This is a very food-motivated cat and the only time I’ve seen him hide rather than eat was once when the (painfully loud) fire alarm went off.\n\nCats are known to behave strangely in the days prior to a natural disaster like an earthquake, a volcano eruption, or Elizabeth having a cough\/runny nose during a pandemic."
                            }
                        ]
                    }
                ]
            }
        ]
    },
    {
        "type": "message",
        "subtype": "channel_join",
        "ts": "1584028860.005400",
        "user": "U7EQMP760",
        "text": "<@U7EQMP760> has joined the channel",
        "reactions": [
            {
                "name": "cat",
                "users": [
                    "U0NSCMBR8"
                ],
                "count": 1
            }
        ]
    },
    {
        "type": "message",
        "subtype": "channel_join",
        "ts": "1584029787.005600",
        "user": "UFDNKQCU9",
        "text": "<@UFDNKQCU9> has joined the channel"
    },
    {
        "client_msg_id": "543df563-a60e-4725-9035-c87351c9cde4",
        "type": "message",
        "text": "here kitty kitty",
        "user": "UFDNKQCU9",
        "ts": "1584029827.006000",
        "team": "T0D1XTUAD",
        "user_team": "T0D1XTUAD",
        "source_team": "T0D1XTUAD",
        "user_profile": {
            "avatar_hash": "625717ebbb6e",
            "image_72": "https:\/\/avatars.slack-edge.com\/2019-01-17\/526675529362_625717ebbb6e0ba43f68_72.jpg",
            "first_name": "Earl",
            "real_name": "Earl Krygier",
            "display_name": "Krygier",
            "team": "T0D1XTUAD",
            "name": "earl.krygier",
            "is_restricted": false,
            "is_ultra_restricted": false
        },
        "blocks": [
            {
                "type": "rich_text",
                "block_id": "Cth",
                "elements": [
                    {
                        "type": "rich_text_section",
                        "elements": [
                            {
                                "type": "text",
                                "text": "here kitty kitty"
                            }
                        ]
                    }
                ]
            }
        ],
        "reactions": [
            {
                "name": "cat2",
                "users": [
                    "U0NSCMBR8"
                ],
                "count": 1
            }
        ]
    },
    {
        "type": "message",
        "subtype": "channel_join",
        "ts": "1584030408.006200",
        "user": "UTV659Z8X",
        "text": "<@UTV659Z8X> has joined the channel",
        "reactions": [
            {
                "name": "smile_cat",
                "users": [
                    "U0NSCMBR8"
                ],
                "count": 1
            }
        ]
    },
    {
        "type": "message",
        "subtype": "channel_join",
        "ts": "1584046779.006700",
        "user": "UUYA52R62",
        "text": "<@UUYA52R62> has joined the channel"
    },
    {
        "client_msg_id": "8938d7b1-058b-47f3-bc43-80aa18d00e20",
        "type": "message",
        "text": "Remember Bill the Cat from Bloom County?",
        "user": "UUYA52R62",
        "ts": "1584046802.007000",
        "team": "T0D1XTUAD",
        "user_team": "T0D1XTUAD",
        "source_team": "T0D1XTUAD",
        "user_profile": {
            "avatar_hash": "f531e7d6faab",
            "image_72": "https:\/\/avatars.slack-edge.com\/2020-03-04\/982723133077_f531e7d6faab4698e662_72.jpg",
            "first_name": "Laurel",
            "real_name": "Laurel Preston",
            "display_name": "Laurel Preston",
            "team": "T0D1XTUAD",
            "name": "laurel.preston",
            "is_restricted": false,
            "is_ultra_restricted": false
        },
        "blocks": [
            {
                "type": "rich_text",
                "block_id": "0o\/+",
                "elements": [
                    {
                        "type": "rich_text_section",
                        "elements": [
                            {
                                "type": "text",
                                "text": "Remember Bill the Cat from Bloom County?"
                            }
                        ]
                    }
                ]
            }
        ],
        "thread_ts": "1584046802.007000",
        "reply_count": 3,
        "reply_users_count": 2,
        "latest_reply": "1584047484.007900",
        "reply_users": [
            "U0NSCMBR8",
            "UUYA52R62"
        ],
        "replies": [
            {
                "user": "U0NSCMBR8",
                "ts": "1584046933.007500"
            },
            {
                "user": "UUYA52R62",
                "ts": "1584047182.007700"
            },
            {
                "user": "U0NSCMBR8",
                "ts": "1584047484.007900"
            }
        ],
        "subscribed": false
    },
    {
        "client_msg_id": "bce4d5e6-66b5-4841-a6af-afa01d233463",
        "type": "message",
        "text": "<https:\/\/youtu.be\/LT3QjMCLqwc>",
        "user": "UUYA52R62",
        "ts": "1584046826.007200",
        "team": "T0D1XTUAD",
        "user_team": "T0D1XTUAD",
        "source_team": "T0D1XTUAD",
        "user_profile": {
            "avatar_hash": "f531e7d6faab",
            "image_72": "https:\/\/avatars.slack-edge.com\/2020-03-04\/982723133077_f531e7d6faab4698e662_72.jpg",
            "first_name": "Laurel",
            "real_name": "Laurel Preston",
            "display_name": "Laurel Preston",
            "team": "T0D1XTUAD",
            "name": "laurel.preston",
            "is_restricted": false,
            "is_ultra_restricted": false
        },
        "attachments": [
            {
                "service_name": "YouTube",
                "service_url": "https:\/\/www.youtube.com\/",
                "title": "The Bill the Cat Story.",
                "title_link": "https:\/\/youtu.be\/LT3QjMCLqwc",
                "author_name": "The StoryTeller.",
                "author_link": "https:\/\/www.youtube.com\/channel\/UC6yPn1OZYKHZnndILA53Rgg",
                "thumb_url": "https:\/\/i.ytimg.com\/vi\/LT3QjMCLqwc\/hqdefault.jpg",
                "thumb_width": 480,
                "thumb_height": 360,
                "fallback": "YouTube Video: The Bill the Cat Story.",
                "video_html": "<iframe width=\"400\" height=\"225\" src=\"https:\/\/www.youtube.com\/embed\/LT3QjMCLqwc?feature=oembed&autoplay=1&iv_load_policy=3\" frameborder=\"0\" allow=\"accelerometer; autoplay; encrypted-media; gyroscope; picture-in-picture\" allowfullscreen><\/iframe>",
                "video_html_width": 400,
                "video_html_height": 225,
                "from_url": "https:\/\/youtu.be\/LT3QjMCLqwc",
                "service_icon": "https:\/\/a.slack-edge.com\/80588\/img\/unfurl_icons\/youtube.png",
                "id": 1,
                "original_url": "https:\/\/youtu.be\/LT3QjMCLqwc"
            }
        ],
        "blocks": [
            {
                "type": "rich_text",
                "block_id": "OOoy1",
                "elements": [
                    {
                        "type": "rich_text_section",
                        "elements": [
                            {
                                "type": "link",
                                "url": "https:\/\/youtu.be\/LT3QjMCLqwc"
                            }
                        ]
                    }
                ]
            }
        ]
    },
    {
        "client_msg_id": "30e37c3d-50db-4ff0-bd64-02be08be39f1",
        "type": "message",
        "text": "Haha, can anyone possibly forget Bill the Cat?\n\nI used to bartend with Bill the Cook, who I swear was Bill the Cat in human form, right down to the belly and the hairballs.",
        "user": "U0NSCMBR8",
        "ts": "1584046933.007500",
        "team": "T0D1XTUAD",
        "user_team": "T0D1XTUAD",
        "source_team": "T0D1XTUAD",
        "user_profile": {
            "avatar_hash": "28a69ac871a0",
            "image_72": "https:\/\/avatars.slack-edge.com\/2016-02-24\/22896597253_28a69ac871a00b39b963_72.jpg",
            "first_name": "Al",
            "real_name": "Al Boss",
            "display_name": "",
            "team": "T0D1XTUAD",
            "name": "alboss",
            "is_restricted": false,
            "is_ultra_restricted": false
        },
        "blocks": [
            {
                "type": "rich_text",
                "block_id": "87Y",
                "elements": [
                    {
                        "type": "rich_text_section",
                        "elements": [
                            {
                                "type": "text",
                                "text": "Haha, can anyone possibly forget Bill the Cat?\n\nI used to bartend with Bill the Cook, who I swear was Bill the Cat in human form, right down to the belly and the hairballs."
                            }
                        ]
                    }
                ]
            }
        ],
        "thread_ts": "1584046802.007000",
        "parent_user_id": "UUYA52R62"
    },
    {
        "client_msg_id": "06838585-055b-4ab6-b2fb-9b3de79c68f4",
        "type": "message",
        "text": "Wow!",
        "user": "UUYA52R62",
        "ts": "1584047182.007700",
        "team": "T0D1XTUAD",
        "user_team": "T0D1XTUAD",
        "source_team": "T0D1XTUAD",
        "user_profile": {
            "avatar_hash": "f531e7d6faab",
            "image_72": "https:\/\/avatars.slack-edge.com\/2020-03-04\/982723133077_f531e7d6faab4698e662_72.jpg",
            "first_name": "Laurel",
            "real_name": "Laurel Preston",
            "display_name": "Laurel Preston",
            "team": "T0D1XTUAD",
            "name": "laurel.preston",
            "is_restricted": false,
            "is_ultra_restricted": false
        },
        "blocks": [
            {
                "type": "rich_text",
                "block_id": "egd",
                "elements": [
                    {
                        "type": "rich_text_section",
                        "elements": [
                            {
                                "type": "text",
                                "text": "Wow!"
                            }
                        ]
                    }
                ]
            }
        ],
        "thread_ts": "1584046802.007000",
        "parent_user_id": "UUYA52R62"
    },
    {
        "client_msg_id": "f95746a9-33f5-4beb-8146-3e96c16bc00b",
        "type": "message",
        "text": "He had a voice like an ashtray. He couldn’t imagine heels that were too high, or eyelashes that were too false.\n\nI dropped in to his other job to say hi, and I saw him swat a cockroach with his spatula and then flip a burger with it.\n\nHe wasn’t a bad person, just kind of base. He had insomnia and used to ride the bus around at night looking for little old ladies to rescue from thugs.",
        "user": "U0NSCMBR8",
        "ts": "1584047484.007900",
        "team": "T0D1XTUAD",
        "user_team": "T0D1XTUAD",
        "source_team": "T0D1XTUAD",
        "user_profile": {
            "avatar_hash": "28a69ac871a0",
            "image_72": "https:\/\/avatars.slack-edge.com\/2016-02-24\/22896597253_28a69ac871a00b39b963_72.jpg",
            "first_name": "Al",
            "real_name": "Al Boss",
            "display_name": "",
            "team": "T0D1XTUAD",
            "name": "alboss",
            "is_restricted": false,
            "is_ultra_restricted": false
        },
        "blocks": [
            {
                "type": "rich_text",
                "block_id": "NN0a6",
                "elements": [
                    {
                        "type": "rich_text_section",
                        "elements": [
                            {
                                "type": "text",
                                "text": "He had a voice like an ashtray. He couldn’t imagine heels that were too high, or eyelashes that were too false.\n\nI dropped in to his other job to say hi, and I saw him swat a cockroach with his spatula and then flip a burger with it.\n\nHe wasn’t a bad person, just kind of base. He had insomnia and used to ride the bus around at night looking for little old ladies to rescue from thugs."
                            }
                        ]
                    }
                ]
            }
        ],
        "thread_ts": "1584046802.007000",
        "parent_user_id": "UUYA52R62"
    }
]