[
    {
        "client_msg_id": "F08129CF-910F-44D5-9540-C1FD6920B736",
        "type": "message",
        "text": "Welcome <@U019DU219B4> ! Great to have you on the team.",
        "user": "UUJNECG67",
        "ts": "1598441955.008500",
        "team": "T0D1XTUAD",
        "user_team": "T0D1XTUAD",
        "source_team": "T0D1XTUAD",
        "user_profile": {
            "avatar_hash": "3770b096c03c",
            "image_72": "https:\/\/avatars.slack-edge.com\/2020-08-27\/1329102233075_3770b096c03ccdfc53b6_72.png",
            "first_name": "Andrea",
            "real_name": "Andrea",
            "display_name": "Andrea",
            "team": "T0D1XTUAD",
            "name": "andrea.rouleau",
            "is_restricted": false,
            "is_ultra_restricted": false
        },
        "blocks": [
            {
                "type": "rich_text",
                "block_id": "0byUc",
                "elements": [
                    {
                        "type": "rich_text_section",
                        "elements": [
                            {
                                "type": "text",
                                "text": "Welcome "
                            },
                            {
                                "type": "user",
                                "user_id": "U019DU219B4"
                            },
                            {
                                "type": "text",
                                "text": " ! Great to have you on the team."
                            }
                        ]
                    }
                ]
            }
        ],
        "thread_ts": "1598392461.006500",
        "parent_user_id": "U019DU219B4"
    },
    {
        "client_msg_id": "8fd3b184-6f02-4b06-a83b-45aa46da4901",
        "type": "message",
        "text": "Thank you <@UUJNECG67>! So happy to be here!",
        "user": "U019DU219B4",
        "ts": "1598455815.008700",
        "team": "T0D1XTUAD",
        "user_team": "T0D1XTUAD",
        "source_team": "T0D1XTUAD",
        "user_profile": {
            "avatar_hash": "b99fbed56ce5",
            "image_72": "https:\/\/avatars.slack-edge.com\/2020-08-24\/1326180875044_b99fbed56ce584617434_72.jpg",
            "first_name": "Dominique",
            "real_name": "Dominique Barni",
            "display_name": "Dominique Barni",
            "team": "T0D1XTUAD",
            "name": "n-dbarni",
            "is_restricted": false,
            "is_ultra_restricted": false
        },
        "blocks": [
            {
                "type": "rich_text",
                "block_id": "kLui",
                "elements": [
                    {
                        "type": "rich_text_section",
                        "elements": [
                            {
                                "type": "text",
                                "text": "Thank you "
                            },
                            {
                                "type": "user",
                                "user_id": "UUJNECG67"
                            },
                            {
                                "type": "text",
                                "text": "! So happy to be here!"
                            }
                        ]
                    }
                ]
            }
        ],
        "thread_ts": "1598392461.006500",
        "parent_user_id": "U019DU219B4"
    },
    {
        "type": "message",
        "subtype": "channel_join",
        "ts": "1598486382.009000",
        "user": "U016LJ8547R",
        "text": "<@U016LJ8547R> has joined the channel",
        "inviter": "U019DU219B4"
    }
]