[
    {
        "type": "message",
        "text": "",
        "files": [
            {
                "id": "F01FKEQJAFJ",
                "created": 1605565891,
                "timestamp": 1605565891,
                "name": "facebook_1605565444195_6734229564849759195.jpg",
                "title": "facebook_1605565444195_6734229564849759195.jpg",
                "mimetype": "image\/jpeg",
                "filetype": "jpg",
                "pretty_type": "JPEG",
                "user": "UUW3W20AU",
                "editable": false,
                "size": 38241,
                "mode": "hosted",
                "is_external": false,
                "external_type": "",
                "is_public": true,
                "public_url_shared": false,
                "display_as_bot": false,
                "username": "",
                "url_private": "https:\/\/files.slack.com\/files-pri\/T0D1XTUAD-F01FKEQJAFJ\/facebook_1605565444195_6734229564849759195.jpg?t=xoxe-13065946353-1831014033124-1821760734405-0591b3003861d046a3fe606fb5f44814",
                "url_private_download": "https:\/\/files.slack.com\/files-pri\/T0D1XTUAD-F01FKEQJAFJ\/download\/facebook_1605565444195_6734229564849759195.jpg?t=xoxe-13065946353-1831014033124-1821760734405-0591b3003861d046a3fe606fb5f44814",
                "thumb_64": "https:\/\/files.slack.com\/files-tmb\/T0D1XTUAD-F01FKEQJAFJ-7f649ded6f\/facebook_1605565444195_6734229564849759195_64.jpg?t=xoxe-13065946353-1831014033124-1821760734405-0591b3003861d046a3fe606fb5f44814",
                "thumb_80": "https:\/\/files.slack.com\/files-tmb\/T0D1XTUAD-F01FKEQJAFJ-7f649ded6f\/facebook_1605565444195_6734229564849759195_80.jpg?t=xoxe-13065946353-1831014033124-1821760734405-0591b3003861d046a3fe606fb5f44814",
                "thumb_360": "https:\/\/files.slack.com\/files-tmb\/T0D1XTUAD-F01FKEQJAFJ-7f649ded6f\/facebook_1605565444195_6734229564849759195_360.jpg?t=xoxe-13065946353-1831014033124-1821760734405-0591b3003861d046a3fe606fb5f44814",
                "thumb_360_w": 347,
                "thumb_360_h": 360,
                "thumb_480": "https:\/\/files.slack.com\/files-tmb\/T0D1XTUAD-F01FKEQJAFJ-7f649ded6f\/facebook_1605565444195_6734229564849759195_480.jpg?t=xoxe-13065946353-1831014033124-1821760734405-0591b3003861d046a3fe606fb5f44814",
                "thumb_480_w": 463,
                "thumb_480_h": 480,
                "thumb_160": "https:\/\/files.slack.com\/files-tmb\/T0D1XTUAD-F01FKEQJAFJ-7f649ded6f\/facebook_1605565444195_6734229564849759195_160.jpg?t=xoxe-13065946353-1831014033124-1821760734405-0591b3003861d046a3fe606fb5f44814",
                "original_w": 617,
                "original_h": 640,
                "thumb_tiny": "AwAwAC67uyen6mjcPT9TTM0tACmRQecDPq1KHx0H61VuIDKQVPQYqcEdqAHmcA4Ip3mn0FVXU55Y7T1PcU9Ccc9OxoAXNNLAcU1u3NRucLmk2OwssziQqpwBTVlYkksAT1qNSJRu3KM9cmkjI87YRkHvTEXAcqM0o4GKj24IxT80AQIzE8nNK\/3ak8h\/7ppvkSnJMZ9hUblFVEKjBz7UoVhKHHQd\/epzDOANsZPFAhmK\/NGeDnHrVCG7nwTnmje\/rUnkSBhhDg9faneQ\/wDdNLUeh\/\/Z",
                "permalink": "https:\/\/kcwebteam.slack.com\/files\/UUW3W20AU\/F01FKEQJAFJ\/facebook_1605565444195_6734229564849759195.jpg",
                "permalink_public": "https:\/\/slack-files.com\/T0D1XTUAD-F01FKEQJAFJ-c62a443d39",
                "is_starred": false,
                "has_rich_preview": false
            }
        ],
        "upload": false,
        "user": "UUW3W20AU",
        "display_as_bot": false,
        "ts": "1605565893.014100",
        "reactions": [
            {
                "name": "laughing",
                "users": [
                    "U019DU219B4",
                    "U0D1RV4N8",
                    "UUJNECG67"
                ],
                "count": 3
            }
        ]
    }
]