[
    {
        "type": "message",
        "text": "",
        "files": [
            {
                "id": "F011A5FG0DT",
                "created": 1585847791,
                "timestamp": 1585847791,
                "name": "image.png",
                "title": "image.png",
                "mimetype": "image\/png",
                "filetype": "png",
                "pretty_type": "PNG",
                "user": "U0NSCMBR8",
                "editable": false,
                "size": 1229100,
                "mode": "hosted",
                "is_external": false,
                "external_type": "",
                "is_public": true,
                "public_url_shared": false,
                "display_as_bot": false,
                "username": "",
                "url_private": "https:\/\/files.slack.com\/files-pri\/T0D1XTUAD-F011A5FG0DT\/image.png?t=xoxe-13065946353-1831014033124-1821760734405-0591b3003861d046a3fe606fb5f44814",
                "url_private_download": "https:\/\/files.slack.com\/files-pri\/T0D1XTUAD-F011A5FG0DT\/download\/image.png?t=xoxe-13065946353-1831014033124-1821760734405-0591b3003861d046a3fe606fb5f44814",
                "thumb_64": "https:\/\/files.slack.com\/files-tmb\/T0D1XTUAD-F011A5FG0DT-0ecd4ffcc3\/image_64.png?t=xoxe-13065946353-1831014033124-1821760734405-0591b3003861d046a3fe606fb5f44814",
                "thumb_80": "https:\/\/files.slack.com\/files-tmb\/T0D1XTUAD-F011A5FG0DT-0ecd4ffcc3\/image_80.png?t=xoxe-13065946353-1831014033124-1821760734405-0591b3003861d046a3fe606fb5f44814",
                "thumb_360": "https:\/\/files.slack.com\/files-tmb\/T0D1XTUAD-F011A5FG0DT-0ecd4ffcc3\/image_360.png?t=xoxe-13065946353-1831014033124-1821760734405-0591b3003861d046a3fe606fb5f44814",
                "thumb_360_w": 270,
                "thumb_360_h": 360,
                "thumb_480": "https:\/\/files.slack.com\/files-tmb\/T0D1XTUAD-F011A5FG0DT-0ecd4ffcc3\/image_480.png?t=xoxe-13065946353-1831014033124-1821760734405-0591b3003861d046a3fe606fb5f44814",
                "thumb_480_w": 360,
                "thumb_480_h": 480,
                "thumb_160": "https:\/\/files.slack.com\/files-tmb\/T0D1XTUAD-F011A5FG0DT-0ecd4ffcc3\/image_160.png?t=xoxe-13065946353-1831014033124-1821760734405-0591b3003861d046a3fe606fb5f44814",
                "thumb_720": "https:\/\/files.slack.com\/files-tmb\/T0D1XTUAD-F011A5FG0DT-0ecd4ffcc3\/image_720.png?t=xoxe-13065946353-1831014033124-1821760734405-0591b3003861d046a3fe606fb5f44814",
                "thumb_720_w": 540,
                "thumb_720_h": 720,
                "thumb_800": "https:\/\/files.slack.com\/files-tmb\/T0D1XTUAD-F011A5FG0DT-0ecd4ffcc3\/image_800.png?t=xoxe-13065946353-1831014033124-1821760734405-0591b3003861d046a3fe606fb5f44814",
                "thumb_800_w": 600,
                "thumb_800_h": 800,
                "image_exif_rotation": 1,
                "original_w": 720,
                "original_h": 960,
                "thumb_tiny": "AwAwACSYuFwDnOewppfvjAJ4zTDIr7WPABPWogG8zdwcngk1Niy8+WT5QCcjvUe2U\/8ALMfi1QRN1Hyj3JpHEi8jJHs1ICzCmU3FVySTUnlj+6v5VRjmMabcMfzp32o\/3TQA0YYsCw9eKiBocqHJVuD6UgJA4OM+1aS3IWw5ztwaFnx2FSJlxtVucd6jCqzbZBtb1rMu48Tj2\/Ol88e350w2xP3ZFx7mk+yv\/wA9E\/OiyHdjmtJGG7IY+maSBW3bcHIqxNdxREhfnb0HSqjSu7hywBHQAcCr3ILGcNgZz64\/+tQVMn3l6dO1QBwRkg59hSxzfON3TpxSaGmOeMBjnP503y19T+dWJGXdyB+NM3J\/dFTcdj\/\/2Q==",
                "permalink": "https:\/\/kcwebteam.slack.com\/files\/U0NSCMBR8\/F011A5FG0DT\/image.png",
                "permalink_public": "https:\/\/slack-files.com\/T0D1XTUAD-F011A5FG0DT-700734e29c",
                "is_starred": false,
                "has_rich_preview": false
            }
        ],
        "upload": true,
        "user": "U0NSCMBR8",
        "display_as_bot": false,
        "ts": "1585847797.000800",
        "client_msg_id": "db1dfe7e-fa54-4296-93bf-b34b3f54f47e",
        "thread_ts": "1585847797.000800",
        "reply_count": 2,
        "reply_users_count": 2,
        "latest_reply": "1586193768.001600",
        "reply_users": [
            "UUW3W20AU",
            "U0NSCMBR8"
        ],
        "replies": [
            {
                "user": "UUW3W20AU",
                "ts": "1586193428.001400"
            },
            {
                "user": "U0NSCMBR8",
                "ts": "1586193768.001600"
            }
        ],
        "subscribed": false,
        "reactions": [
            {
                "name": "joy",
                "users": [
                    "UFDNKQCU9"
                ],
                "count": 1
            },
            {
                "name": "rolling_on_the_floor_laughing",
                "users": [
                    "UUW3W20AU"
                ],
                "count": 1
            }
        ]
    }
]