[
    {
        "client_msg_id": "87af75ff-aa92-49d3-a1bd-b7451d31e2dd",
        "type": "message",
        "text": "AWWWW!!! How many kitties? Is your family keeping all of them?",
        "user": "UUW3W20AU",
        "ts": "1595991267.044100",
        "team": "T0D1XTUAD",
        "user_team": "T0D1XTUAD",
        "source_team": "T0D1XTUAD",
        "user_profile": {
            "avatar_hash": "0c87430f5419",
            "image_72": "https:\/\/avatars.slack-edge.com\/2020-03-04\/984414387030_0c87430f5419d7de3cea_72.jpg",
            "first_name": "Elizabeth",
            "real_name": "Elizabeth Inglese",
            "display_name": "Tish",
            "team": "T0D1XTUAD",
            "name": "einglese",
            "is_restricted": false,
            "is_ultra_restricted": false
        },
        "blocks": [
            {
                "type": "rich_text",
                "block_id": "b4L1P",
                "elements": [
                    {
                        "type": "rich_text_section",
                        "elements": [
                            {
                                "type": "text",
                                "text": "AWWWW!!! How many kitties? Is your family keeping all of them?"
                            }
                        ]
                    }
                ]
            }
        ],
        "thread_ts": "1595872263.041000",
        "parent_user_id": "U0D1RV4N8"
    }
]