[
    {
        "type": "message",
        "text": "",
        "files": [
            {
                "id": "FV3TUV3HP",
                "created": 1584142884,
                "timestamp": 1584142884,
                "name": "Business Cat 03.jpg",
                "title": "Business Cat 03.jpg",
                "mimetype": "image\/jpeg",
                "filetype": "jpg",
                "pretty_type": "JPEG",
                "user": "UFDNKQCU9",
                "editable": false,
                "size": 61451,
                "mode": "hosted",
                "is_external": false,
                "external_type": "",
                "is_public": true,
                "public_url_shared": false,
                "display_as_bot": false,
                "username": "",
                "url_private": "https:\/\/files.slack.com\/files-pri\/T0D1XTUAD-FV3TUV3HP\/business_cat_03.jpg?t=xoxe-13065946353-1831014033124-1821760734405-0591b3003861d046a3fe606fb5f44814",
                "url_private_download": "https:\/\/files.slack.com\/files-pri\/T0D1XTUAD-FV3TUV3HP\/download\/business_cat_03.jpg?t=xoxe-13065946353-1831014033124-1821760734405-0591b3003861d046a3fe606fb5f44814",
                "thumb_64": "https:\/\/files.slack.com\/files-tmb\/T0D1XTUAD-FV3TUV3HP-8ff68ac122\/business_cat_03_64.jpg?t=xoxe-13065946353-1831014033124-1821760734405-0591b3003861d046a3fe606fb5f44814",
                "thumb_80": "https:\/\/files.slack.com\/files-tmb\/T0D1XTUAD-FV3TUV3HP-8ff68ac122\/business_cat_03_80.jpg?t=xoxe-13065946353-1831014033124-1821760734405-0591b3003861d046a3fe606fb5f44814",
                "thumb_360": "https:\/\/files.slack.com\/files-tmb\/T0D1XTUAD-FV3TUV3HP-8ff68ac122\/business_cat_03_360.jpg?t=xoxe-13065946353-1831014033124-1821760734405-0591b3003861d046a3fe606fb5f44814",
                "thumb_360_w": 360,
                "thumb_360_h": 360,
                "thumb_480": "https:\/\/files.slack.com\/files-tmb\/T0D1XTUAD-FV3TUV3HP-8ff68ac122\/business_cat_03_480.jpg?t=xoxe-13065946353-1831014033124-1821760734405-0591b3003861d046a3fe606fb5f44814",
                "thumb_480_w": 480,
                "thumb_480_h": 480,
                "thumb_160": "https:\/\/files.slack.com\/files-tmb\/T0D1XTUAD-FV3TUV3HP-8ff68ac122\/business_cat_03_160.jpg?t=xoxe-13065946353-1831014033124-1821760734405-0591b3003861d046a3fe606fb5f44814",
                "image_exif_rotation": 1,
                "original_w": 500,
                "original_h": 500,
                "thumb_tiny": "AwAwADCRdmBnrTd0S7QxwT60lMkIQq7DIB6VknrY3ktLpllCNuAaHdUGWOBVVbxQP9WegoN2jdU+mauxg9WWkYOoYEkGlJwO9NVhsBAxnnFBOakaVyOobniL8RU1Nk2FCJPunrWzSZzQk07FEkE\/KOKHYHouMVLJass3lKQzEZqZbJEiMs0gIHYetZ3Okmj\/ANWv0FOqGKcMgLDH0qYEHoc1JdnYjJAGTVaeTchHalZixyadK9uFA25bHp3x\/jW70RjGny6sLFCzNKxPHG4moLndHIYwTszuA+tWIbiBYwjcAYOAD6c\/rTWnhkmJk5UYC8e3P61nbW5RFC38NTA46Uga2BG3rj0PXFLg+lSzppO6sz\/\/2Q==",
                "permalink": "https:\/\/kcwebteam.slack.com\/files\/UFDNKQCU9\/FV3TUV3HP\/business_cat_03.jpg",
                "permalink_public": "https:\/\/slack-files.com\/T0D1XTUAD-FV3TUV3HP-9e5897a300",
                "is_starred": false,
                "has_rich_preview": false
            }
        ],
        "upload": true,
        "user": "UFDNKQCU9",
        "display_as_bot": false,
        "ts": "1584142887.008100",
        "client_msg_id": "442ed134-0e8b-43b3-888b-2003663c56c9",
        "reactions": [
            {
                "name": "heart_eyes_cat",
                "users": [
                    "U0NSCMBR8"
                ],
                "count": 1
            }
        ]
    }
]