[
    {
        "type": "message",
        "text": "Witness now the .00000002 seconds Harold was still today.",
        "files": [
            {
                "id": "F01BFPU5WP6",
                "created": 1600896202,
                "timestamp": 1600896202,
                "name": "IMG_20200923_122605615.jpg",
                "title": "IMG_20200923_122605615.jpg",
                "mimetype": "image\/jpeg",
                "filetype": "jpg",
                "pretty_type": "JPEG",
                "user": "U0D1RV4N8",
                "editable": false,
                "size": 3075438,
                "mode": "hosted",
                "is_external": false,
                "external_type": "",
                "is_public": true,
                "public_url_shared": false,
                "display_as_bot": false,
                "username": "",
                "url_private": "https:\/\/files.slack.com\/files-pri\/T0D1XTUAD-F01BFPU5WP6\/img_20200923_122605615.jpg?t=xoxe-13065946353-1831014033124-1821760734405-0591b3003861d046a3fe606fb5f44814",
                "url_private_download": "https:\/\/files.slack.com\/files-pri\/T0D1XTUAD-F01BFPU5WP6\/download\/img_20200923_122605615.jpg?t=xoxe-13065946353-1831014033124-1821760734405-0591b3003861d046a3fe606fb5f44814",
                "thumb_64": "https:\/\/files.slack.com\/files-tmb\/T0D1XTUAD-F01BFPU5WP6-48ea6f55eb\/img_20200923_122605615_64.jpg?t=xoxe-13065946353-1831014033124-1821760734405-0591b3003861d046a3fe606fb5f44814",
                "thumb_80": "https:\/\/files.slack.com\/files-tmb\/T0D1XTUAD-F01BFPU5WP6-48ea6f55eb\/img_20200923_122605615_80.jpg?t=xoxe-13065946353-1831014033124-1821760734405-0591b3003861d046a3fe606fb5f44814",
                "thumb_360": "https:\/\/files.slack.com\/files-tmb\/T0D1XTUAD-F01BFPU5WP6-48ea6f55eb\/img_20200923_122605615_360.jpg?t=xoxe-13065946353-1831014033124-1821760734405-0591b3003861d046a3fe606fb5f44814",
                "thumb_360_w": 270,
                "thumb_360_h": 360,
                "thumb_480": "https:\/\/files.slack.com\/files-tmb\/T0D1XTUAD-F01BFPU5WP6-48ea6f55eb\/img_20200923_122605615_480.jpg?t=xoxe-13065946353-1831014033124-1821760734405-0591b3003861d046a3fe606fb5f44814",
                "thumb_480_w": 360,
                "thumb_480_h": 480,
                "thumb_160": "https:\/\/files.slack.com\/files-tmb\/T0D1XTUAD-F01BFPU5WP6-48ea6f55eb\/img_20200923_122605615_160.jpg?t=xoxe-13065946353-1831014033124-1821760734405-0591b3003861d046a3fe606fb5f44814",
                "thumb_720": "https:\/\/files.slack.com\/files-tmb\/T0D1XTUAD-F01BFPU5WP6-48ea6f55eb\/img_20200923_122605615_720.jpg?t=xoxe-13065946353-1831014033124-1821760734405-0591b3003861d046a3fe606fb5f44814",
                "thumb_720_w": 540,
                "thumb_720_h": 720,
                "thumb_800": "https:\/\/files.slack.com\/files-tmb\/T0D1XTUAD-F01BFPU5WP6-48ea6f55eb\/img_20200923_122605615_800.jpg?t=xoxe-13065946353-1831014033124-1821760734405-0591b3003861d046a3fe606fb5f44814",
                "thumb_800_w": 800,
                "thumb_800_h": 1067,
                "thumb_960": "https:\/\/files.slack.com\/files-tmb\/T0D1XTUAD-F01BFPU5WP6-48ea6f55eb\/img_20200923_122605615_960.jpg?t=xoxe-13065946353-1831014033124-1821760734405-0591b3003861d046a3fe606fb5f44814",
                "thumb_960_w": 720,
                "thumb_960_h": 960,
                "thumb_1024": "https:\/\/files.slack.com\/files-tmb\/T0D1XTUAD-F01BFPU5WP6-48ea6f55eb\/img_20200923_122605615_1024.jpg?t=xoxe-13065946353-1831014033124-1821760734405-0591b3003861d046a3fe606fb5f44814",
                "thumb_1024_w": 768,
                "thumb_1024_h": 1024,
                "original_w": 3456,
                "original_h": 4608,
                "thumb_tiny": "AwAwACSU0U2ZiqBwOB1HrTFnVpwq9PWpKHlhtzUE6\/JuIwT2qYqAN2O9Q3EhOAB1piK+SO5oyfU0hznmj8qVh3NC54gx3NQRIRJGVHUYNWLkZUUkCklWJPFCBjpE4GPu9ce9VnTMoBNWmUk4yaqzKUYDPOKYiKSM7uBkU3y2\/u1OFbHNLtPvTESXEgHB60iThBs796jB33APZTk0SAiTgfL1FIplofd3A5qH\/loS3U9CaIm7dqndQYiMUCIDRUTM6HH3h2NJ5j\/3aYj\/2Q==",
                "permalink": "https:\/\/kcwebteam.slack.com\/files\/U0D1RV4N8\/F01BFPU5WP6\/img_20200923_122605615.jpg",
                "permalink_public": "https:\/\/slack-files.com\/T0D1XTUAD-F01BFPU5WP6-f83c4e22ed",
                "is_starred": false,
                "has_rich_preview": false
            }
        ],
        "upload": false,
        "blocks": [
            {
                "type": "rich_text",
                "block_id": "REt",
                "elements": [
                    {
                        "type": "rich_text_section",
                        "elements": [
                            {
                                "type": "text",
                                "text": "Witness now the .00000002 seconds Harold was still today."
                            }
                        ]
                    }
                ]
            }
        ],
        "user": "U0D1RV4N8",
        "display_as_bot": false,
        "ts": "1600896256.000700",
        "thread_ts": "1600896256.000700",
        "reply_count": 3,
        "reply_users_count": 3,
        "latest_reply": "1600908305.002200",
        "reply_users": [
            "U7EQMP760",
            "U0D1RV4N8",
            "UUW3W20AU"
        ],
        "replies": [
            {
                "user": "U7EQMP760",
                "ts": "1600901937.001500"
            },
            {
                "user": "U0D1RV4N8",
                "ts": "1600904545.001700"
            },
            {
                "user": "UUW3W20AU",
                "ts": "1600908305.002200"
            }
        ],
        "subscribed": false,
        "reactions": [
            {
                "name": "heart_eyes_cat",
                "users": [
                    "U019DU219B4",
                    "UUJNECG67",
                    "UT7A459JP"
                ],
                "count": 3
            },
            {
                "name": "heart",
                "users": [
                    "UUW3W20AU",
                    "UT7A459JP"
                ],
                "count": 2
            }
        ]
    },
    {
        "client_msg_id": "ec92cc4b-8085-4f67-94e0-6924d47ed574",
        "type": "message",
        "text": "You must have one heck of a fast camera.",
        "user": "U0NSCMBR8",
        "ts": "1600896886.001200",
        "team": "T0D1XTUAD",
        "user_team": "T0D1XTUAD",
        "source_team": "T0D1XTUAD",
        "user_profile": {
            "avatar_hash": "28a69ac871a0",
            "image_72": "https:\/\/avatars.slack-edge.com\/2016-02-24\/22896597253_28a69ac871a00b39b963_72.jpg",
            "first_name": "Al",
            "real_name": "Al Boss",
            "display_name": "",
            "team": "T0D1XTUAD",
            "name": "alboss",
            "is_restricted": false,
            "is_ultra_restricted": false
        },
        "blocks": [
            {
                "type": "rich_text",
                "block_id": "WVau",
                "elements": [
                    {
                        "type": "rich_text_section",
                        "elements": [
                            {
                                "type": "text",
                                "text": "You must have one heck of a fast camera."
                            }
                        ]
                    }
                ]
            }
        ]
    },
    {
        "client_msg_id": "2e38286f-9657-4ae7-80d2-8f9c0c60f641",
        "type": "message",
        "text": "How's cat detente coming along?",
        "user": "U7EQMP760",
        "ts": "1600901937.001500",
        "team": "T0D1XTUAD",
        "user_team": "T0D1XTUAD",
        "source_team": "T0D1XTUAD",
        "user_profile": {
            "avatar_hash": "db1abed225d9",
            "image_72": "https:\/\/avatars.slack-edge.com\/2020-03-14\/990754009969_db1abed225d9635aae98_72.jpg",
            "first_name": "",
            "real_name": "Mary Delahanty",
            "display_name": "",
            "team": "T0D1XTUAD",
            "name": "mary.delahanty",
            "is_restricted": false,
            "is_ultra_restricted": false
        },
        "blocks": [
            {
                "type": "rich_text",
                "block_id": "ssJC",
                "elements": [
                    {
                        "type": "rich_text_section",
                        "elements": [
                            {
                                "type": "text",
                                "text": "How's cat detente coming along?"
                            }
                        ]
                    }
                ]
            }
        ],
        "thread_ts": "1600896256.000700",
        "parent_user_id": "U0D1RV4N8"
    },
    {
        "client_msg_id": "6a55e6cc-d721-45a3-a376-ed5fc57ad6e6",
        "type": "message",
        "text": "<@U7EQMP760> He’s aggressive with his playing, attacking Moxie whenever he’s awake. (Then he flop submissively to show his belly) And Moxie does her best Luchadora impression with several deft moves to pin him down. There’s a fair bit of snarling and mrowing, but no one’s drawn blood yet, so everything seems ok. It’s all fine, except when they get into it on the bed at 3 a.m. Or during conference calls when my mic is on.",
        "user": "U0D1RV4N8",
        "ts": "1600904545.001700",
        "team": "T0D1XTUAD",
        "user_team": "T0D1XTUAD",
        "source_team": "T0D1XTUAD",
        "user_profile": {
            "avatar_hash": "b0af0714bdde",
            "image_72": "https:\/\/avatars.slack-edge.com\/2019-05-22\/642788517284_b0af0714bddea68e9e1c_72.jpg",
            "first_name": "Derek",
            "real_name": "Derek Sheppard",
            "display_name": "Derek Sheppard",
            "team": "T0D1XTUAD",
            "name": "derek.sheppard",
            "is_restricted": false,
            "is_ultra_restricted": false
        },
        "blocks": [
            {
                "type": "rich_text",
                "block_id": "v0g",
                "elements": [
                    {
                        "type": "rich_text_section",
                        "elements": [
                            {
                                "type": "user",
                                "user_id": "U7EQMP760"
                            },
                            {
                                "type": "text",
                                "text": " He’s aggressive with his playing, attacking Moxie whenever he’s awake. (Then he flop submissively to show his belly) And Moxie does her best Luchadora impression with several deft moves to pin him down. There’s a fair bit of snarling and mrowing, but no one’s drawn blood yet, so everything seems ok. It’s all fine, except when they get into it on the bed at 3 a.m. Or during conference calls when my mic is on."
                            }
                        ]
                    }
                ]
            }
        ],
        "thread_ts": "1600896256.000700",
        "parent_user_id": "U0D1RV4N8"
    },
    {
        "client_msg_id": "95cc0e6b-7cab-47ba-ae45-df51882e5204",
        "type": "message",
        "text": "Well, in YOUR defense ... you are the Boss ... literally. :rolling_on_the_floor_laughing:",
        "user": "UUW3W20AU",
        "ts": "1600908286.001900",
        "team": "T0D1XTUAD",
        "user_team": "T0D1XTUAD",
        "source_team": "T0D1XTUAD",
        "user_profile": {
            "avatar_hash": "0c87430f5419",
            "image_72": "https:\/\/avatars.slack-edge.com\/2020-03-04\/984414387030_0c87430f5419d7de3cea_72.jpg",
            "first_name": "Elizabeth",
            "real_name": "Elizabeth Inglese",
            "display_name": "Tish",
            "team": "T0D1XTUAD",
            "name": "einglese",
            "is_restricted": false,
            "is_ultra_restricted": false
        },
        "blocks": [
            {
                "type": "rich_text",
                "block_id": "eNse",
                "elements": [
                    {
                        "type": "rich_text_section",
                        "elements": [
                            {
                                "type": "text",
                                "text": "Well, in YOUR defense ... you are the Boss ... literally. "
                            },
                            {
                                "type": "emoji",
                                "name": "rolling_on_the_floor_laughing"
                            }
                        ]
                    }
                ]
            }
        ],
        "thread_ts": "1600803306.035700",
        "parent_user_id": "U0NSCMBR8"
    },
    {
        "client_msg_id": "2d61bf44-683e-4f18-993a-260a2a9e1705",
        "type": "message",
        "text": "I take it he's always on \"zoomies\" mode?",
        "user": "UUW3W20AU",
        "ts": "1600908305.002200",
        "team": "T0D1XTUAD",
        "user_team": "T0D1XTUAD",
        "source_team": "T0D1XTUAD",
        "user_profile": {
            "avatar_hash": "0c87430f5419",
            "image_72": "https:\/\/avatars.slack-edge.com\/2020-03-04\/984414387030_0c87430f5419d7de3cea_72.jpg",
            "first_name": "Elizabeth",
            "real_name": "Elizabeth Inglese",
            "display_name": "Tish",
            "team": "T0D1XTUAD",
            "name": "einglese",
            "is_restricted": false,
            "is_ultra_restricted": false
        },
        "blocks": [
            {
                "type": "rich_text",
                "block_id": "Zf6v",
                "elements": [
                    {
                        "type": "rich_text_section",
                        "elements": [
                            {
                                "type": "text",
                                "text": "I take it he's always on \"zoomies\" mode?"
                            }
                        ]
                    }
                ]
            }
        ],
        "thread_ts": "1600896256.000700",
        "parent_user_id": "U0D1RV4N8"
    }
]