[
    {
        "client_msg_id": "70c39458-fa0a-482f-bfbd-bd6e0f12aac9",
        "type": "message",
        "text": "<@U0D1RV4N8> I'll never forget the day, back when I was fostering Fynn, when the \"stick to the wall\" window cat perch I bought for him fell out from under him while he was sleeping because the adhesive strips it was affixed to the wall with gave out. Luckily the perch came with screws also just in case the adhesive strips didn't work. Poor guy. Imagine sleeping in your bed one night sound asleep and the bed just drops out from under you. It took him a while to regain trust in the darn thing after I put it back up with the screws. I would watch him ever-so-carefully tip-toe onto it and lay down cautiously.",
        "user": "UUW3W20AU",
        "ts": "1604098976.004800",
        "team": "T0D1XTUAD",
        "user_team": "T0D1XTUAD",
        "source_team": "T0D1XTUAD",
        "user_profile": {
            "avatar_hash": "0c87430f5419",
            "image_72": "https:\/\/avatars.slack-edge.com\/2020-03-04\/984414387030_0c87430f5419d7de3cea_72.jpg",
            "first_name": "Elizabeth",
            "real_name": "Elizabeth Inglese",
            "display_name": "Tish",
            "team": "T0D1XTUAD",
            "name": "einglese",
            "is_restricted": false,
            "is_ultra_restricted": false
        },
        "blocks": [
            {
                "type": "rich_text",
                "block_id": "x\/3v",
                "elements": [
                    {
                        "type": "rich_text_section",
                        "elements": [
                            {
                                "type": "user",
                                "user_id": "U0D1RV4N8"
                            },
                            {
                                "type": "text",
                                "text": " I'll never forget the day, back when I was fostering Fynn, when the \"stick to the wall\" window cat perch I bought for him fell out from under him while he was sleeping because the adhesive strips it was affixed to the wall with gave out. Luckily the perch came with screws also just in case the adhesive strips didn't work. Poor guy. Imagine sleeping in your bed one night sound asleep and the bed just drops out from under you. It took him a while to regain trust in the darn thing after I put it back up with the screws. I would watch him ever-so-carefully tip-toe onto it and lay down cautiously."
                            }
                        ]
                    }
                ]
            }
        ],
        "thread_ts": "1603394367.002900",
        "parent_user_id": "U0D1RV4N8"
    },
    {
        "client_msg_id": "2ff14292-247d-4b46-b1d1-565701246f56",
        "type": "message",
        "text": "haha! It's funny to see them sit on their owners' shoulders like a parrot on a pirate. :rolling_on_the_floor_laughing:",
        "user": "UUW3W20AU",
        "ts": "1604099764.005000",
        "team": "T0D1XTUAD",
        "user_team": "T0D1XTUAD",
        "source_team": "T0D1XTUAD",
        "user_profile": {
            "avatar_hash": "0c87430f5419",
            "image_72": "https:\/\/avatars.slack-edge.com\/2020-03-04\/984414387030_0c87430f5419d7de3cea_72.jpg",
            "first_name": "Elizabeth",
            "real_name": "Elizabeth Inglese",
            "display_name": "Tish",
            "team": "T0D1XTUAD",
            "name": "einglese",
            "is_restricted": false,
            "is_ultra_restricted": false
        },
        "blocks": [
            {
                "type": "rich_text",
                "block_id": "PK5",
                "elements": [
                    {
                        "type": "rich_text_section",
                        "elements": [
                            {
                                "type": "text",
                                "text": "haha! It's funny to see them sit on their owners' shoulders like a parrot on a pirate. "
                            },
                            {
                                "type": "emoji",
                                "name": "rolling_on_the_floor_laughing"
                            }
                        ]
                    }
                ]
            }
        ],
        "thread_ts": "1601928928.019900",
        "parent_user_id": "UUW3W20AU"
    },
    {
        "client_msg_id": "0598e111-a3db-45d0-940a-ee82455d4997",
        "type": "message",
        "text": "Many cats are pirates at heart.",
        "user": "U0NSCMBR8",
        "ts": "1604099809.005200",
        "team": "T0D1XTUAD",
        "user_team": "T0D1XTUAD",
        "source_team": "T0D1XTUAD",
        "user_profile": {
            "avatar_hash": "28a69ac871a0",
            "image_72": "https:\/\/avatars.slack-edge.com\/2016-02-24\/22896597253_28a69ac871a00b39b963_72.jpg",
            "first_name": "Al",
            "real_name": "Al Boss",
            "display_name": "",
            "team": "T0D1XTUAD",
            "name": "alboss",
            "is_restricted": false,
            "is_ultra_restricted": false
        },
        "blocks": [
            {
                "type": "rich_text",
                "block_id": "sQY6",
                "elements": [
                    {
                        "type": "rich_text_section",
                        "elements": [
                            {
                                "type": "text",
                                "text": "Many cats are pirates at heart."
                            }
                        ]
                    }
                ]
            }
        ],
        "thread_ts": "1601928928.019900",
        "parent_user_id": "UUW3W20AU",
        "reactions": [
            {
                "name": "rolling_on_the_floor_laughing",
                "users": [
                    "UUW3W20AU",
                    "UUJNECG67"
                ],
                "count": 2
            }
        ]
    }
]