[
    {
        "type": "message",
        "text": "This makes me smile.",
        "files": [
            {
                "id": "F017B2VSG2X",
                "created": 1595022345,
                "timestamp": 1595022345,
                "name": "cat with frend.jpg",
                "title": "cat with frend.jpg",
                "mimetype": "image\/jpeg",
                "filetype": "jpg",
                "pretty_type": "JPEG",
                "user": "U7EQMP760",
                "editable": false,
                "size": 4835688,
                "mode": "hosted",
                "is_external": false,
                "external_type": "",
                "is_public": true,
                "public_url_shared": false,
                "display_as_bot": false,
                "username": "",
                "url_private": "https:\/\/files.slack.com\/files-pri\/T0D1XTUAD-F017B2VSG2X\/cat_with_frend.jpg?t=xoxe-13065946353-1831014033124-1821760734405-0591b3003861d046a3fe606fb5f44814",
                "url_private_download": "https:\/\/files.slack.com\/files-pri\/T0D1XTUAD-F017B2VSG2X\/download\/cat_with_frend.jpg?t=xoxe-13065946353-1831014033124-1821760734405-0591b3003861d046a3fe606fb5f44814",
                "thumb_64": "https:\/\/files.slack.com\/files-tmb\/T0D1XTUAD-F017B2VSG2X-5a6d60efdc\/cat_with_frend_64.jpg?t=xoxe-13065946353-1831014033124-1821760734405-0591b3003861d046a3fe606fb5f44814",
                "thumb_80": "https:\/\/files.slack.com\/files-tmb\/T0D1XTUAD-F017B2VSG2X-5a6d60efdc\/cat_with_frend_80.jpg?t=xoxe-13065946353-1831014033124-1821760734405-0591b3003861d046a3fe606fb5f44814",
                "thumb_360": "https:\/\/files.slack.com\/files-tmb\/T0D1XTUAD-F017B2VSG2X-5a6d60efdc\/cat_with_frend_360.jpg?t=xoxe-13065946353-1831014033124-1821760734405-0591b3003861d046a3fe606fb5f44814",
                "thumb_360_w": 360,
                "thumb_360_h": 270,
                "thumb_480": "https:\/\/files.slack.com\/files-tmb\/T0D1XTUAD-F017B2VSG2X-5a6d60efdc\/cat_with_frend_480.jpg?t=xoxe-13065946353-1831014033124-1821760734405-0591b3003861d046a3fe606fb5f44814",
                "thumb_480_w": 480,
                "thumb_480_h": 360,
                "thumb_160": "https:\/\/files.slack.com\/files-tmb\/T0D1XTUAD-F017B2VSG2X-5a6d60efdc\/cat_with_frend_160.jpg?t=xoxe-13065946353-1831014033124-1821760734405-0591b3003861d046a3fe606fb5f44814",
                "thumb_720": "https:\/\/files.slack.com\/files-tmb\/T0D1XTUAD-F017B2VSG2X-5a6d60efdc\/cat_with_frend_720.jpg?t=xoxe-13065946353-1831014033124-1821760734405-0591b3003861d046a3fe606fb5f44814",
                "thumb_720_w": 720,
                "thumb_720_h": 540,
                "thumb_800": "https:\/\/files.slack.com\/files-tmb\/T0D1XTUAD-F017B2VSG2X-5a6d60efdc\/cat_with_frend_800.jpg?t=xoxe-13065946353-1831014033124-1821760734405-0591b3003861d046a3fe606fb5f44814",
                "thumb_800_w": 800,
                "thumb_800_h": 600,
                "thumb_960": "https:\/\/files.slack.com\/files-tmb\/T0D1XTUAD-F017B2VSG2X-5a6d60efdc\/cat_with_frend_960.jpg?t=xoxe-13065946353-1831014033124-1821760734405-0591b3003861d046a3fe606fb5f44814",
                "thumb_960_w": 960,
                "thumb_960_h": 720,
                "thumb_1024": "https:\/\/files.slack.com\/files-tmb\/T0D1XTUAD-F017B2VSG2X-5a6d60efdc\/cat_with_frend_1024.jpg?t=xoxe-13065946353-1831014033124-1821760734405-0591b3003861d046a3fe606fb5f44814",
                "thumb_1024_w": 1024,
                "thumb_1024_h": 768,
                "original_w": 4160,
                "original_h": 3120,
                "thumb_tiny": "AwAkADBTPTGmzVYvSbqdwsWYcSygN90cmrRKNlQBtA6dqpW28lio7YyelTeU2OXAB9BSAim8vzflGBjHWoSB\/eqSS3fBK\/N+GKhMciHDKQeuDSGN61LHBK+CqZB9eAakEaJgucD1p0koYLHAMY9O3vTCwQllY7lC\/hTpJwHAB3nPanqGA+dtxPc0FQT0FIrlGTzttGwHjvVcvIsgeXJ3D9KsMqsMHpUTwg\/dYjHrzQKxYKqQMgH60oUAkgcnqaXtQKRYjGm05qb6UANY9ajPSnnvTT0piP\/Z",
                "permalink": "https:\/\/kcwebteam.slack.com\/files\/U7EQMP760\/F017B2VSG2X\/cat_with_frend.jpg",
                "permalink_public": "https:\/\/slack-files.com\/T0D1XTUAD-F017B2VSG2X-371e414259",
                "is_starred": false,
                "has_rich_preview": false
            }
        ],
        "upload": false,
        "blocks": [
            {
                "type": "rich_text",
                "block_id": "CTkz",
                "elements": [
                    {
                        "type": "rich_text_section",
                        "elements": [
                            {
                                "type": "text",
                                "text": "This makes me smile."
                            }
                        ]
                    }
                ]
            }
        ],
        "user": "U7EQMP760",
        "display_as_bot": false,
        "ts": "1595022400.034100",
        "thread_ts": "1595022400.034100",
        "reply_count": 2,
        "reply_users_count": 2,
        "latest_reply": "1595028028.034900",
        "reply_users": [
            "UUW3W20AU",
            "U7EQMP760"
        ],
        "replies": [
            {
                "user": "UUW3W20AU",
                "ts": "1595026645.034700"
            },
            {
                "user": "U7EQMP760",
                "ts": "1595028028.034900"
            }
        ],
        "subscribed": false,
        "reactions": [
            {
                "name": "heart",
                "users": [
                    "U0NSCMBR8",
                    "UUW3W20AU"
                ],
                "count": 2
            }
        ]
    },
    {
        "client_msg_id": "00d0967b-8cfb-47bb-8c35-c77b52d8e2a2",
        "type": "message",
        "text": "Awwwww! too cute!!",
        "user": "UUW3W20AU",
        "ts": "1595026645.034700",
        "team": "T0D1XTUAD",
        "user_team": "T0D1XTUAD",
        "source_team": "T0D1XTUAD",
        "user_profile": {
            "avatar_hash": "0c87430f5419",
            "image_72": "https:\/\/avatars.slack-edge.com\/2020-03-04\/984414387030_0c87430f5419d7de3cea_72.jpg",
            "first_name": "Elizabeth",
            "real_name": "Elizabeth Inglese",
            "display_name": "Tish",
            "team": "T0D1XTUAD",
            "name": "einglese",
            "is_restricted": false,
            "is_ultra_restricted": false
        },
        "blocks": [
            {
                "type": "rich_text",
                "block_id": "Kol",
                "elements": [
                    {
                        "type": "rich_text_section",
                        "elements": [
                            {
                                "type": "text",
                                "text": "Awwwww! too cute!!"
                            }
                        ]
                    }
                ]
            }
        ],
        "thread_ts": "1595022400.034100",
        "parent_user_id": "U7EQMP760"
    },
    {
        "client_msg_id": "26b662c9-35ec-4728-92f6-9d4d60c49ddc",
        "type": "message",
        "text": "Isn't she a sweetheart? She goes on a little rampage around 9 a.m. every day, racing up and down the hall, pouncing on things, climbing up the living room chairs, making growly noises the whole time, and then that wears her out and it's time for her nap.",
        "user": "U7EQMP760",
        "ts": "1595028028.034900",
        "team": "T0D1XTUAD",
        "user_team": "T0D1XTUAD",
        "source_team": "T0D1XTUAD",
        "user_profile": {
            "avatar_hash": "db1abed225d9",
            "image_72": "https:\/\/avatars.slack-edge.com\/2020-03-14\/990754009969_db1abed225d9635aae98_72.jpg",
            "first_name": "",
            "real_name": "Mary Delahanty",
            "display_name": "",
            "team": "T0D1XTUAD",
            "name": "mary.delahanty",
            "is_restricted": false,
            "is_ultra_restricted": false
        },
        "blocks": [
            {
                "type": "rich_text",
                "block_id": "TyG",
                "elements": [
                    {
                        "type": "rich_text_section",
                        "elements": [
                            {
                                "type": "text",
                                "text": "Isn't she a sweetheart? She goes on a little rampage around 9 a.m. every day, racing up and down the hall, pouncing on things, climbing up the living room chairs, making growly noises the whole time, and then that wears her out and it's time for her nap."
                            }
                        ]
                    }
                ]
            }
        ],
        "thread_ts": "1595022400.034100",
        "parent_user_id": "U7EQMP760"
    }
]