[
    {
        "client_msg_id": "4ade21ea-9a2e-4a84-8712-044b404ac6e0",
        "type": "message",
        "text": "Did she eat the whole bag?!",
        "user": "UUW3W20AU",
        "ts": "1608333257.046100",
        "team": "T0D1XTUAD",
        "user_team": "T0D1XTUAD",
        "source_team": "T0D1XTUAD",
        "user_profile": {
            "avatar_hash": "0c87430f5419",
            "image_72": "https:\/\/avatars.slack-edge.com\/2020-03-04\/984414387030_0c87430f5419d7de3cea_72.jpg",
            "first_name": "Elizabeth",
            "real_name": "Elizabeth Inglese",
            "display_name": "Tish",
            "team": "T0D1XTUAD",
            "name": "einglese",
            "is_restricted": false,
            "is_ultra_restricted": false
        },
        "blocks": [
            {
                "type": "rich_text",
                "block_id": "9FyYY",
                "elements": [
                    {
                        "type": "rich_text_section",
                        "elements": [
                            {
                                "type": "text",
                                "text": "Did she eat the whole bag?!"
                            }
                        ]
                    }
                ]
            }
        ],
        "thread_ts": "1608231452.044600",
        "parent_user_id": "U0NSCMBR8"
    },
    {
        "client_msg_id": "387A0DC4-3BA6-4F7C-B3F4-F27D634B7C44",
        "type": "message",
        "text": "Haha, no, it was a mostly empty bag. Last night during our phone call she ripped open a bag of cat food and feasted. Earlier this week Nathan and Orion left a bag of potato chips open and the cats knocked it off the table and split it.",
        "user": "U0NSCMBR8",
        "ts": "1608338625.048900",
        "team": "T0D1XTUAD",
        "user_team": "T0D1XTUAD",
        "source_team": "T0D1XTUAD",
        "user_profile": {
            "avatar_hash": "28a69ac871a0",
            "image_72": "https:\/\/avatars.slack-edge.com\/2016-02-24\/22896597253_28a69ac871a00b39b963_72.jpg",
            "first_name": "Al",
            "real_name": "Al Boss",
            "display_name": "",
            "team": "T0D1XTUAD",
            "name": "alboss",
            "is_restricted": false,
            "is_ultra_restricted": false
        },
        "blocks": [
            {
                "type": "rich_text",
                "block_id": "Z5s",
                "elements": [
                    {
                        "type": "rich_text_section",
                        "elements": [
                            {
                                "type": "text",
                                "text": "Haha, no, it was a mostly empty bag. Last night during our phone call she ripped open a bag of cat food and feasted. Earlier this week Nathan and Orion left a bag of potato chips open and the cats knocked it off the table and split it."
                            }
                        ]
                    }
                ]
            }
        ],
        "thread_ts": "1608231452.044600",
        "parent_user_id": "U0NSCMBR8",
        "reactions": [
            {
                "name": "rolling_on_the_floor_laughing",
                "users": [
                    "UUW3W20AU"
                ],
                "count": 1
            }
        ]
    }
]