[
    {
        "type": "message",
        "text": "Spotted on the interwebs :black_heart:",
        "files": [
            {
                "id": "F01BW9G7WP8",
                "created": 1602015394,
                "timestamp": 1602015394,
                "name": "File.jpg",
                "title": "File from iOS",
                "mimetype": "image\/jpeg",
                "filetype": "jpg",
                "pretty_type": "JPEG",
                "user": "U019DU219B4",
                "editable": false,
                "size": 102909,
                "mode": "hosted",
                "is_external": false,
                "external_type": "",
                "is_public": true,
                "public_url_shared": false,
                "display_as_bot": false,
                "username": "",
                "url_private": "https:\/\/files.slack.com\/files-pri\/T0D1XTUAD-F01BW9G7WP8\/file.jpg?t=xoxe-13065946353-1831014033124-1821760734405-0591b3003861d046a3fe606fb5f44814",
                "url_private_download": "https:\/\/files.slack.com\/files-pri\/T0D1XTUAD-F01BW9G7WP8\/download\/file.jpg?t=xoxe-13065946353-1831014033124-1821760734405-0591b3003861d046a3fe606fb5f44814",
                "thumb_64": "https:\/\/files.slack.com\/files-tmb\/T0D1XTUAD-F01BW9G7WP8-c56a1fc7fa\/file_64.jpg?t=xoxe-13065946353-1831014033124-1821760734405-0591b3003861d046a3fe606fb5f44814",
                "thumb_80": "https:\/\/files.slack.com\/files-tmb\/T0D1XTUAD-F01BW9G7WP8-c56a1fc7fa\/file_80.jpg?t=xoxe-13065946353-1831014033124-1821760734405-0591b3003861d046a3fe606fb5f44814",
                "thumb_360": "https:\/\/files.slack.com\/files-tmb\/T0D1XTUAD-F01BW9G7WP8-c56a1fc7fa\/file_360.jpg?t=xoxe-13065946353-1831014033124-1821760734405-0591b3003861d046a3fe606fb5f44814",
                "thumb_360_w": 283,
                "thumb_360_h": 360,
                "thumb_480": "https:\/\/files.slack.com\/files-tmb\/T0D1XTUAD-F01BW9G7WP8-c56a1fc7fa\/file_480.jpg?t=xoxe-13065946353-1831014033124-1821760734405-0591b3003861d046a3fe606fb5f44814",
                "thumb_480_w": 377,
                "thumb_480_h": 480,
                "thumb_160": "https:\/\/files.slack.com\/files-tmb\/T0D1XTUAD-F01BW9G7WP8-c56a1fc7fa\/file_160.jpg?t=xoxe-13065946353-1831014033124-1821760734405-0591b3003861d046a3fe606fb5f44814",
                "thumb_720": "https:\/\/files.slack.com\/files-tmb\/T0D1XTUAD-F01BW9G7WP8-c56a1fc7fa\/file_720.jpg?t=xoxe-13065946353-1831014033124-1821760734405-0591b3003861d046a3fe606fb5f44814",
                "thumb_720_w": 565,
                "thumb_720_h": 720,
                "thumb_800": "https:\/\/files.slack.com\/files-tmb\/T0D1XTUAD-F01BW9G7WP8-c56a1fc7fa\/file_800.jpg?t=xoxe-13065946353-1831014033124-1821760734405-0591b3003861d046a3fe606fb5f44814",
                "thumb_800_w": 800,
                "thumb_800_h": 1019,
                "thumb_960": "https:\/\/files.slack.com\/files-tmb\/T0D1XTUAD-F01BW9G7WP8-c56a1fc7fa\/file_960.jpg?t=xoxe-13065946353-1831014033124-1821760734405-0591b3003861d046a3fe606fb5f44814",
                "thumb_960_w": 753,
                "thumb_960_h": 960,
                "thumb_1024": "https:\/\/files.slack.com\/files-tmb\/T0D1XTUAD-F01BW9G7WP8-c56a1fc7fa\/file_1024.jpg?t=xoxe-13065946353-1831014033124-1821760734405-0591b3003861d046a3fe606fb5f44814",
                "thumb_1024_w": 804,
                "thumb_1024_h": 1024,
                "original_w": 828,
                "original_h": 1055,
                "thumb_tiny": "AwAwACW\/yWJEnB7ccUvQcyY\/KoIydoyKf8uDQBKDznfkfhS7lxncMfWqUkqCA89R2NRwurw7F+Ugcj1pAaAdf7w\/Ol3r\/eH51UQjbzinbl9qLjsRyXPkvtZc+lRy3IKbgDz04\/rUFzKzv8y4x2pIYxI2wnA60xEROQamtELPkkjb3FLLAIZMuGMZ7ilM6qz+WMhscntQBcwo64\/Gj5faq0DFlPGeevWpf+A\/pUjK12xMw44AqNJGQ\/LitNod4wyZqsbA4J5Ldh0FUIqvIzNksaSKJpGwOmeamezmjPyoXz7U9beeEqwUtnqooAsLDGB90UvlR\/3RTwjY5WjYfQ\/lSGf\/2Q==",
                "permalink": "https:\/\/kcwebteam.slack.com\/files\/U019DU219B4\/F01BW9G7WP8\/file.jpg",
                "permalink_public": "https:\/\/slack-files.com\/T0D1XTUAD-F01BW9G7WP8-d29fcc005a",
                "is_starred": false,
                "has_rich_preview": false
            }
        ],
        "upload": true,
        "user": "U019DU219B4",
        "display_as_bot": false,
        "ts": "1602015397.020500",
        "reactions": [
            {
                "name": "heart_eyes_cat",
                "users": [
                    "U7EQMP760",
                    "U0D1W09V4"
                ],
                "count": 2
            },
            {
                "name": "heart",
                "users": [
                    "UUJNECG67"
                ],
                "count": 1
            }
        ]
    },
    {
        "client_msg_id": "0223370e-319c-4961-bb4c-5d46bb6686d8",
        "type": "message",
        "text": "<@U019DU219B4> I want one!!",
        "user": "UUJNECG67",
        "ts": "1602016809.021300",
        "team": "T0D1XTUAD",
        "user_team": "T0D1XTUAD",
        "source_team": "T0D1XTUAD",
        "user_profile": {
            "avatar_hash": "3770b096c03c",
            "image_72": "https:\/\/avatars.slack-edge.com\/2020-08-27\/1329102233075_3770b096c03ccdfc53b6_72.png",
            "first_name": "Andrea",
            "real_name": "Andrea",
            "display_name": "Andrea",
            "team": "T0D1XTUAD",
            "name": "andrea.rouleau",
            "is_restricted": false,
            "is_ultra_restricted": false
        },
        "blocks": [
            {
                "type": "rich_text",
                "block_id": "BoA",
                "elements": [
                    {
                        "type": "rich_text_section",
                        "elements": [
                            {
                                "type": "user",
                                "user_id": "U019DU219B4"
                            },
                            {
                                "type": "text",
                                "text": " I want one!!"
                            }
                        ]
                    }
                ]
            }
        ]
    },
    {
        "type": "message",
        "text": "Moxie just wants 5 minutes of peace and quiet from Harold's antics.",
        "files": [
            {
                "id": "F01CFP1U1CH",
                "created": 1602017985,
                "timestamp": 1602017985,
                "name": "IMG_20201006_134809343_PORTRAIT~2.jpg",
                "title": "IMG_20201006_134809343_PORTRAIT~2.jpg",
                "mimetype": "image\/jpeg",
                "filetype": "jpg",
                "pretty_type": "JPEG",
                "user": "U0D1RV4N8",
                "editable": false,
                "size": 580360,
                "mode": "hosted",
                "is_external": false,
                "external_type": "",
                "is_public": true,
                "public_url_shared": false,
                "display_as_bot": false,
                "username": "",
                "url_private": "https:\/\/files.slack.com\/files-pri\/T0D1XTUAD-F01CFP1U1CH\/img_20201006_134809343_portrait_2.jpg?t=xoxe-13065946353-1831014033124-1821760734405-0591b3003861d046a3fe606fb5f44814",
                "url_private_download": "https:\/\/files.slack.com\/files-pri\/T0D1XTUAD-F01CFP1U1CH\/download\/img_20201006_134809343_portrait_2.jpg?t=xoxe-13065946353-1831014033124-1821760734405-0591b3003861d046a3fe606fb5f44814",
                "thumb_64": "https:\/\/files.slack.com\/files-tmb\/T0D1XTUAD-F01CFP1U1CH-6dba50b3f0\/img_20201006_134809343_portrait_2_64.jpg?t=xoxe-13065946353-1831014033124-1821760734405-0591b3003861d046a3fe606fb5f44814",
                "thumb_80": "https:\/\/files.slack.com\/files-tmb\/T0D1XTUAD-F01CFP1U1CH-6dba50b3f0\/img_20201006_134809343_portrait_2_80.jpg?t=xoxe-13065946353-1831014033124-1821760734405-0591b3003861d046a3fe606fb5f44814",
                "thumb_360": "https:\/\/files.slack.com\/files-tmb\/T0D1XTUAD-F01CFP1U1CH-6dba50b3f0\/img_20201006_134809343_portrait_2_360.jpg?t=xoxe-13065946353-1831014033124-1821760734405-0591b3003861d046a3fe606fb5f44814",
                "thumb_360_w": 360,
                "thumb_360_h": 270,
                "thumb_480": "https:\/\/files.slack.com\/files-tmb\/T0D1XTUAD-F01CFP1U1CH-6dba50b3f0\/img_20201006_134809343_portrait_2_480.jpg?t=xoxe-13065946353-1831014033124-1821760734405-0591b3003861d046a3fe606fb5f44814",
                "thumb_480_w": 480,
                "thumb_480_h": 360,
                "thumb_160": "https:\/\/files.slack.com\/files-tmb\/T0D1XTUAD-F01CFP1U1CH-6dba50b3f0\/img_20201006_134809343_portrait_2_160.jpg?t=xoxe-13065946353-1831014033124-1821760734405-0591b3003861d046a3fe606fb5f44814",
                "thumb_720": "https:\/\/files.slack.com\/files-tmb\/T0D1XTUAD-F01CFP1U1CH-6dba50b3f0\/img_20201006_134809343_portrait_2_720.jpg?t=xoxe-13065946353-1831014033124-1821760734405-0591b3003861d046a3fe606fb5f44814",
                "thumb_720_w": 720,
                "thumb_720_h": 540,
                "thumb_800": "https:\/\/files.slack.com\/files-tmb\/T0D1XTUAD-F01CFP1U1CH-6dba50b3f0\/img_20201006_134809343_portrait_2_800.jpg?t=xoxe-13065946353-1831014033124-1821760734405-0591b3003861d046a3fe606fb5f44814",
                "thumb_800_w": 800,
                "thumb_800_h": 600,
                "thumb_960": "https:\/\/files.slack.com\/files-tmb\/T0D1XTUAD-F01CFP1U1CH-6dba50b3f0\/img_20201006_134809343_portrait_2_960.jpg?t=xoxe-13065946353-1831014033124-1821760734405-0591b3003861d046a3fe606fb5f44814",
                "thumb_960_w": 960,
                "thumb_960_h": 720,
                "thumb_1024": "https:\/\/files.slack.com\/files-tmb\/T0D1XTUAD-F01CFP1U1CH-6dba50b3f0\/img_20201006_134809343_portrait_2_1024.jpg?t=xoxe-13065946353-1831014033124-1821760734405-0591b3003861d046a3fe606fb5f44814",
                "thumb_1024_w": 1024,
                "thumb_1024_h": 768,
                "original_w": 4608,
                "original_h": 3456,
                "thumb_tiny": "AwAkADDPxSGrb22OcNULRY7\/AJilcdhsI3SAVdxthwBVaJTE4YDcfTNW0lXA3fIfQ0mA63Hyd+tSlM0xbhM4wemc1J5qkZHQdahoq5U3YjBBIbGfrTDI+QMZyOTV57dCmFXB7VnTxvE\/KkelaohkTM2A2cH0pGfe2Sacyl\/uhmc9cClW1mPWJ\/yoAb5jcEdBU6yZGQeab5E+MeSw49KRba5PSNhn14oA2aMA9RRRQAAAdBilpKWgBKKWkoA\/\/9k=",
                "permalink": "https:\/\/kcwebteam.slack.com\/files\/U0D1RV4N8\/F01CFP1U1CH\/img_20201006_134809343_portrait_2.jpg",
                "permalink_public": "https:\/\/slack-files.com\/T0D1XTUAD-F01CFP1U1CH-38f94de5d3",
                "is_starred": false,
                "has_rich_preview": false
            }
        ],
        "upload": true,
        "blocks": [
            {
                "type": "rich_text",
                "block_id": "G96a",
                "elements": [
                    {
                        "type": "rich_text_section",
                        "elements": [
                            {
                                "type": "text",
                                "text": "Moxie just wants 5 minutes of peace and quiet from Harold's antics."
                            }
                        ]
                    }
                ]
            }
        ],
        "user": "U0D1RV4N8",
        "display_as_bot": false,
        "ts": "1602018024.022100",
        "client_msg_id": "d5d4ff89-9fa5-41d1-bf07-b4585de998ed",
        "reactions": [
            {
                "name": "smiley_cat",
                "users": [
                    "UUJNECG67",
                    "U0D1W09V4",
                    "UT7A459JP"
                ],
                "count": 3
            },
            {
                "name": "pouting_cat",
                "users": [
                    "U7EQMP760"
                ],
                "count": 1
            }
        ]
    }
]