[
    {
        "client_msg_id": "42ab01f0-9408-4a7a-9862-2c03d4f1b2bd",
        "type": "message",
        "text": "I spent the better part of the weekend trying to prevent the cats from getting into things. On Sat they climbed into the box spring of my bed. I had to take the mattress off the bed, tip the box frame over and cut off the cloth covering of the underside of the box spring. There were so many tears in it, it made for easy access for the cats into what I can only figured they thought was a cozy hammock.\n\nOnce I destroyed their hammock we were in the clear from mischief till I discovered that nothing is too high for cats to not get into. I have been put crumpled up aluminum foil on shelves and in locations I don't want them climbing into to deter them. Seems to sort of be working. Any other solutions anyone can suggest would def be welcome. They'll be staying with me for a few days longer than expected.",
        "user": "UUW3W20AU",
        "ts": "1594659342.033800",
        "team": "T0D1XTUAD",
        "user_team": "T0D1XTUAD",
        "source_team": "T0D1XTUAD",
        "user_profile": {
            "avatar_hash": "0c87430f5419",
            "image_72": "https:\/\/avatars.slack-edge.com\/2020-03-04\/984414387030_0c87430f5419d7de3cea_72.jpg",
            "first_name": "Elizabeth",
            "real_name": "Elizabeth Inglese",
            "display_name": "Tish",
            "team": "T0D1XTUAD",
            "name": "einglese",
            "is_restricted": false,
            "is_ultra_restricted": false
        },
        "blocks": [
            {
                "type": "rich_text",
                "block_id": "3RxV",
                "elements": [
                    {
                        "type": "rich_text_section",
                        "elements": [
                            {
                                "type": "text",
                                "text": "I spent the better part of the weekend trying to prevent the cats from getting into things. On Sat they climbed into the box spring of my bed. I had to take the mattress off the bed, tip the box frame over and cut off the cloth covering of the underside of the box spring. There were so many tears in it, it made for easy access for the cats into what I can only figured they thought was a cozy hammock.\n\nOnce I destroyed their hammock we were in the clear from mischief till I discovered that nothing is too high for cats to not get into. I have been put crumpled up aluminum foil on shelves and in locations I don't want them climbing into to deter them. Seems to sort of be working. Any other solutions anyone can suggest would def be welcome. They'll be staying with me for a few days longer than expected."
                            }
                        ]
                    }
                ]
            }
        ],
        "thread_ts": "1594413651.031800",
        "parent_user_id": "UUW3W20AU"
    }
]