[
    {
        "type": "message",
        "text": "Saw this game in the drug store today.",
        "files": [
            {
                "id": "F01HVKF0VSS",
                "created": 1609889306,
                "timestamp": 1609889306,
                "name": "cat.jpg",
                "title": "cat.jpg",
                "mimetype": "image\/jpeg",
                "filetype": "jpg",
                "pretty_type": "JPEG",
                "user": "UUW3W20AU",
                "editable": false,
                "size": 3338488,
                "mode": "hosted",
                "is_external": false,
                "external_type": "",
                "is_public": true,
                "public_url_shared": false,
                "display_as_bot": false,
                "username": "",
                "url_private": "https:\/\/files.slack.com\/files-pri\/T0D1XTUAD-F01HVKF0VSS\/cat.jpg?t=xoxe-13065946353-1831014033124-1821760734405-0591b3003861d046a3fe606fb5f44814",
                "url_private_download": "https:\/\/files.slack.com\/files-pri\/T0D1XTUAD-F01HVKF0VSS\/download\/cat.jpg?t=xoxe-13065946353-1831014033124-1821760734405-0591b3003861d046a3fe606fb5f44814",
                "thumb_64": "https:\/\/files.slack.com\/files-tmb\/T0D1XTUAD-F01HVKF0VSS-3b238100b6\/cat_64.jpg?t=xoxe-13065946353-1831014033124-1821760734405-0591b3003861d046a3fe606fb5f44814",
                "thumb_80": "https:\/\/files.slack.com\/files-tmb\/T0D1XTUAD-F01HVKF0VSS-3b238100b6\/cat_80.jpg?t=xoxe-13065946353-1831014033124-1821760734405-0591b3003861d046a3fe606fb5f44814",
                "thumb_360": "https:\/\/files.slack.com\/files-tmb\/T0D1XTUAD-F01HVKF0VSS-3b238100b6\/cat_360.jpg?t=xoxe-13065946353-1831014033124-1821760734405-0591b3003861d046a3fe606fb5f44814",
                "thumb_360_w": 360,
                "thumb_360_h": 270,
                "thumb_480": "https:\/\/files.slack.com\/files-tmb\/T0D1XTUAD-F01HVKF0VSS-3b238100b6\/cat_480.jpg?t=xoxe-13065946353-1831014033124-1821760734405-0591b3003861d046a3fe606fb5f44814",
                "thumb_480_w": 480,
                "thumb_480_h": 360,
                "thumb_160": "https:\/\/files.slack.com\/files-tmb\/T0D1XTUAD-F01HVKF0VSS-3b238100b6\/cat_160.jpg?t=xoxe-13065946353-1831014033124-1821760734405-0591b3003861d046a3fe606fb5f44814",
                "thumb_720": "https:\/\/files.slack.com\/files-tmb\/T0D1XTUAD-F01HVKF0VSS-3b238100b6\/cat_720.jpg?t=xoxe-13065946353-1831014033124-1821760734405-0591b3003861d046a3fe606fb5f44814",
                "thumb_720_w": 720,
                "thumb_720_h": 540,
                "thumb_800": "https:\/\/files.slack.com\/files-tmb\/T0D1XTUAD-F01HVKF0VSS-3b238100b6\/cat_800.jpg?t=xoxe-13065946353-1831014033124-1821760734405-0591b3003861d046a3fe606fb5f44814",
                "thumb_800_w": 800,
                "thumb_800_h": 600,
                "thumb_960": "https:\/\/files.slack.com\/files-tmb\/T0D1XTUAD-F01HVKF0VSS-3b238100b6\/cat_960.jpg?t=xoxe-13065946353-1831014033124-1821760734405-0591b3003861d046a3fe606fb5f44814",
                "thumb_960_w": 960,
                "thumb_960_h": 720,
                "thumb_1024": "https:\/\/files.slack.com\/files-tmb\/T0D1XTUAD-F01HVKF0VSS-3b238100b6\/cat_1024.jpg?t=xoxe-13065946353-1831014033124-1821760734405-0591b3003861d046a3fe606fb5f44814",
                "thumb_1024_w": 1024,
                "thumb_1024_h": 768,
                "original_w": 4032,
                "original_h": 3024,
                "thumb_tiny": "AwAkADCl5Ldhmkxjsfyq\/CpGcMMEdvrT\/m55Ix6mk3YaVzNwfQ0taG5t2N2aMsRkNj2IpXK5ShSCtDDH+6fqtRTuFiYYGSvYUJ3E1YcGAkOOQ3apMZ\/hP50iwbcfN0qSNXIO4c02riTsQkezUYB7NUzqeR0poDDjqMdcVNiuYZkf7X5VWvO2Ohq7tIGADTDBu6gU0EmQrcueoWpkkJ7CqiVYiqiCeRiVFR\/jT2+6KZTAFJ3DnvTpicDmmjqKdL0FAH\/\/2Q==",
                "permalink": "https:\/\/kcwebteam.slack.com\/files\/UUW3W20AU\/F01HVKF0VSS\/cat.jpg",
                "permalink_public": "https:\/\/slack-files.com\/T0D1XTUAD-F01HVKF0VSS-7a2f107dca",
                "is_starred": false,
                "has_rich_preview": false
            }
        ],
        "upload": false,
        "blocks": [
            {
                "type": "rich_text",
                "block_id": "wWL",
                "elements": [
                    {
                        "type": "rich_text_section",
                        "elements": [
                            {
                                "type": "text",
                                "text": "Saw this game in the drug store today."
                            }
                        ]
                    }
                ]
            }
        ],
        "user": "UUW3W20AU",
        "display_as_bot": false,
        "ts": "1609889316.000500",
        "reactions": [
            {
                "name": "heart_eyes_cat",
                "users": [
                    "U019DU219B4",
                    "UUJNECG67"
                ],
                "count": 2
            }
        ]
    }
]