[
    {
        "client_msg_id": "1f945cad-dde5-497c-bf4f-a7455c65ae07",
        "type": "message",
        "text": "<https:\/\/www.popsugar.com\/pets\/cat-interrupts-actor-auditioning-for-role-in-tiktok-videos-48100747>",
        "user": "U019DU219B4",
        "ts": "1610465183.014400",
        "team": "T0D1XTUAD",
        "user_team": "T0D1XTUAD",
        "source_team": "T0D1XTUAD",
        "user_profile": {
            "avatar_hash": "b99fbed56ce5",
            "image_72": "https:\/\/avatars.slack-edge.com\/2020-08-24\/1326180875044_b99fbed56ce584617434_72.jpg",
            "first_name": "Dominique",
            "real_name": "Dominique Barni",
            "display_name": "Dominique Barni",
            "team": "T0D1XTUAD",
            "name": "n-dbarni",
            "is_restricted": false,
            "is_ultra_restricted": false
        },
        "attachments": [
            {
                "service_name": "POPSUGAR Pets",
                "title": "Please Watch an Actor Get Constantly Interrupted by His Cat While Trying to Audition For a Role",
                "title_link": "https:\/\/www.popsugar.com\/pets\/cat-interrupts-actor-auditioning-for-role-in-tiktok-videos-48100747",
                "text": "Sorry, but Wesley's bargaining attempts are just too much!",
                "fallback": "POPSUGAR Pets: Please Watch an Actor Get Constantly Interrupted by His Cat While Trying to Audition For a Role",
                "image_url": "https:\/\/media1.popsugar-assets.com\/files\/thumbor\/vr7LNMwjFQUIPmdmRIFHWuPy-Es\/fit-in\/1200x630\/filters:format_auto-!!-:strip_icc-!!-:fill-!white!-\/2021\/01\/11\/728\/n\/1922243\/15892ee55ffc7ca6ac2356.72169711_.png",
                "image_width": 476,
                "image_height": 250,
                "ts": 1610384880,
                "from_url": "https:\/\/www.popsugar.com\/pets\/cat-interrupts-actor-auditioning-for-role-in-tiktok-videos-48100747",
                "image_bytes": 44979,
                "service_icon": "https:\/\/media1.popsugar-assets.com\/v4644\/static\/imgs\/apple\/apple-touch-icon-76x76.png",
                "id": 1,
                "original_url": "https:\/\/www.popsugar.com\/pets\/cat-interrupts-actor-auditioning-for-role-in-tiktok-videos-48100747"
            }
        ],
        "blocks": [
            {
                "type": "rich_text",
                "block_id": "Q+SoB",
                "elements": [
                    {
                        "type": "rich_text_section",
                        "elements": [
                            {
                                "type": "link",
                                "url": "https:\/\/www.popsugar.com\/pets\/cat-interrupts-actor-auditioning-for-role-in-tiktok-videos-48100747"
                            }
                        ]
                    }
                ]
            }
        ],
        "thread_ts": "1610465183.014400",
        "reply_count": 3,
        "reply_users_count": 2,
        "latest_reply": "1610504572.022700",
        "reply_users": [
            "UUW3W20AU",
            "U019DU219B4"
        ],
        "replies": [
            {
                "user": "UUW3W20AU",
                "ts": "1610475962.015500"
            },
            {
                "user": "U019DU219B4",
                "ts": "1610476204.015700"
            },
            {
                "user": "UUW3W20AU",
                "ts": "1610504572.022700"
            }
        ],
        "subscribed": false,
        "reactions": [
            {
                "name": "joy",
                "users": [
                    "UUJNECG67"
                ],
                "count": 1
            },
            {
                "name": "heart",
                "users": [
                    "UUJNECG67"
                ],
                "count": 1
            },
            {
                "name": "smile_cat",
                "users": [
                    "UUW3W20AU"
                ],
                "count": 1
            }
        ]
    },
    {
        "client_msg_id": "a4c70ebb-543f-479c-b571-0ef8cb21f93c",
        "type": "message",
        "text": "<@U019DU219B4> OMG! That’s crazy! I too would prob have a fear of birds if a bird of that size bit me!",
        "user": "UUW3W20AU",
        "ts": "1610475602.014900",
        "team": "T0D1XTUAD",
        "user_team": "T0D1XTUAD",
        "source_team": "T0D1XTUAD",
        "user_profile": {
            "avatar_hash": "0c87430f5419",
            "image_72": "https:\/\/avatars.slack-edge.com\/2020-03-04\/984414387030_0c87430f5419d7de3cea_72.jpg",
            "first_name": "Elizabeth",
            "real_name": "Elizabeth Inglese",
            "display_name": "Tish",
            "team": "T0D1XTUAD",
            "name": "einglese",
            "is_restricted": false,
            "is_ultra_restricted": false
        },
        "blocks": [
            {
                "type": "rich_text",
                "block_id": "vZ\/",
                "elements": [
                    {
                        "type": "rich_text_section",
                        "elements": [
                            {
                                "type": "user",
                                "user_id": "U019DU219B4"
                            },
                            {
                                "type": "text",
                                "text": " OMG! That’s crazy! I too would prob have a fear of birds if a bird of that size bit me!"
                            }
                        ]
                    }
                ]
            }
        ],
        "thread_ts": "1610385079.010900",
        "parent_user_id": "UUW3W20AU"
    },
    {
        "client_msg_id": "116cca03-1c67-4c4b-8ac0-d7cd38701254",
        "type": "message",
        "text": "The bird’s name is hysterical though! :rolling_on_the_floor_laughing:\n\nBack in the early 2000's when I was stationed in San Diego, my dad flew out from NY to visit, and we trekked up the coast to visit one of his aunts in CA since there’s a lot of extended fam on my dad’s side living in CA. We stayed with her for a day or 2. She had several large cockatoos. OMG, the shrieking noises they would make early every morning … holy crap! Like, I don’t think they even needed alarm clocks.",
        "user": "UUW3W20AU",
        "ts": "1610475741.015100",
        "team": "T0D1XTUAD",
        "user_team": "T0D1XTUAD",
        "source_team": "T0D1XTUAD",
        "user_profile": {
            "avatar_hash": "0c87430f5419",
            "image_72": "https:\/\/avatars.slack-edge.com\/2020-03-04\/984414387030_0c87430f5419d7de3cea_72.jpg",
            "first_name": "Elizabeth",
            "real_name": "Elizabeth Inglese",
            "display_name": "Tish",
            "team": "T0D1XTUAD",
            "name": "einglese",
            "is_restricted": false,
            "is_ultra_restricted": false
        },
        "edited": {
            "user": "UUW3W20AU",
            "ts": "1610475762.000000"
        },
        "blocks": [
            {
                "type": "rich_text",
                "block_id": "A2jdS",
                "elements": [
                    {
                        "type": "rich_text_section",
                        "elements": [
                            {
                                "type": "text",
                                "text": "The bird’s name is hysterical though! "
                            },
                            {
                                "type": "emoji",
                                "name": "rolling_on_the_floor_laughing"
                            },
                            {
                                "type": "text",
                                "text": "\n\nBack in the early 2000's when I was stationed in San Diego, my dad flew out from NY to visit, and we trekked up the coast to visit one of his aunts in CA since there’s a lot of extended fam on my dad’s side living in CA. We stayed with her for a day or 2. She had several large cockatoos. OMG, the shrieking noises they would make early every morning … holy crap! Like, I don’t think they even needed alarm clocks."
                            }
                        ]
                    }
                ]
            }
        ],
        "thread_ts": "1610385079.010900",
        "parent_user_id": "UUW3W20AU",
        "reactions": [
            {
                "name": "headphones",
                "users": [
                    "U019DU219B4",
                    "UUJNECG67"
                ],
                "count": 2
            }
        ]
    },
    {
        "client_msg_id": "10f29911-1e0a-4806-941a-c540ae7f4091",
        "type": "message",
        "text": "OMG that is hysterical!! I love the part where the you just see the kitty’s tail go by at the bottom of the screen. :rolling_on_the_floor_laughing:\nPretty coat on the cat too! … looks like a leopard. What breed of cat is that?",
        "user": "UUW3W20AU",
        "ts": "1610475962.015500",
        "team": "T0D1XTUAD",
        "user_team": "T0D1XTUAD",
        "source_team": "T0D1XTUAD",
        "user_profile": {
            "avatar_hash": "0c87430f5419",
            "image_72": "https:\/\/avatars.slack-edge.com\/2020-03-04\/984414387030_0c87430f5419d7de3cea_72.jpg",
            "first_name": "Elizabeth",
            "real_name": "Elizabeth Inglese",
            "display_name": "Tish",
            "team": "T0D1XTUAD",
            "name": "einglese",
            "is_restricted": false,
            "is_ultra_restricted": false
        },
        "blocks": [
            {
                "type": "rich_text",
                "block_id": "S2CX",
                "elements": [
                    {
                        "type": "rich_text_section",
                        "elements": [
                            {
                                "type": "text",
                                "text": "OMG that is hysterical!! I love the part where the you just see the kitty’s tail go by at the bottom of the screen. "
                            },
                            {
                                "type": "emoji",
                                "name": "rolling_on_the_floor_laughing"
                            },
                            {
                                "type": "text",
                                "text": "\nPretty coat on the cat too! … looks like a leopard. What breed of cat is that?"
                            }
                        ]
                    }
                ]
            }
        ],
        "thread_ts": "1610465183.014400",
        "parent_user_id": "U019DU219B4"
    },
    {
        "client_msg_id": "162dd09a-0bd9-4fd7-b221-006c2f3f1f39",
        "type": "message",
        "text": "<@UUW3W20AU> I'm pretty sure it's a Bengal, which as a breed is known for being high energy (clearly!)\n<https:\/\/en.wikipedia.org\/wiki\/Bengal_cat>",
        "user": "U019DU219B4",
        "ts": "1610476204.015700",
        "team": "T0D1XTUAD",
        "user_team": "T0D1XTUAD",
        "source_team": "T0D1XTUAD",
        "user_profile": {
            "avatar_hash": "b99fbed56ce5",
            "image_72": "https:\/\/avatars.slack-edge.com\/2020-08-24\/1326180875044_b99fbed56ce584617434_72.jpg",
            "first_name": "Dominique",
            "real_name": "Dominique Barni",
            "display_name": "Dominique Barni",
            "team": "T0D1XTUAD",
            "name": "n-dbarni",
            "is_restricted": false,
            "is_ultra_restricted": false
        },
        "attachments": [
            {
                "image_url": "https:\/\/upload.wikimedia.org\/wikipedia\/commons\/b\/ba\/Paintedcats_Red_Star_standing.jpg",
                "image_width": 1200,
                "image_height": 1541,
                "image_bytes": 141982,
                "title": "Bengal cat",
                "title_link": "https:\/\/en.wikipedia.org\/wiki\/Bengal_cat",
                "from_url": "https:\/\/en.wikipedia.org\/wiki\/Bengal_cat",
                "author_name": "Wikipedia",
                "author_link": "https:\/\/en.wikipedia.org\/",
                "text": "The Bengal cat is a domesticated cat breed created from hybrids of domestic cats, especially the spotted Egyptian Mau, with the Asian leopard cat (Prionailurus bengalensis). The breed name comes from the leopard cat's taxonomic name.\nBengals have a wild appearance; their golden shimmer comes from their leopard cat ancestry, and their coats may show spots, rosettes, arrowhead markings, or marbling. They are an energetic breed which needs much exercise and play.",
                "fallback": "wikipedia: Bengal cat",
                "service_icon": "https:\/\/a.slack-edge.com\/80588\/img\/unfurl_icons\/wikipedia.png",
                "id": 1,
                "original_url": "https:\/\/en.wikipedia.org\/wiki\/Bengal_cat"
            }
        ],
        "blocks": [
            {
                "type": "rich_text",
                "block_id": "Wl7+",
                "elements": [
                    {
                        "type": "rich_text_section",
                        "elements": [
                            {
                                "type": "user",
                                "user_id": "UUW3W20AU"
                            },
                            {
                                "type": "text",
                                "text": " I'm pretty sure it's a Bengal, which as a breed is known for being high energy (clearly!)\n"
                            },
                            {
                                "type": "link",
                                "url": "https:\/\/en.wikipedia.org\/wiki\/Bengal_cat"
                            }
                        ]
                    }
                ]
            }
        ],
        "thread_ts": "1610465183.014400",
        "parent_user_id": "U019DU219B4"
    },
    {
        "client_msg_id": "465db59b-9dcd-4f18-856f-528ec8c64417",
        "type": "message",
        "text": "In Australia there are flocks of cockatoos. They’re not going to sneak up on anyone who can hear, that’s for sure.",
        "user": "U0NSCMBR8",
        "ts": "1610482251.016400",
        "team": "T0D1XTUAD",
        "user_team": "T0D1XTUAD",
        "source_team": "T0D1XTUAD",
        "user_profile": {
            "avatar_hash": "28a69ac871a0",
            "image_72": "https:\/\/avatars.slack-edge.com\/2016-02-24\/22896597253_28a69ac871a00b39b963_72.jpg",
            "first_name": "Al",
            "real_name": "Al Boss",
            "display_name": "",
            "team": "T0D1XTUAD",
            "name": "alboss",
            "is_restricted": false,
            "is_ultra_restricted": false
        },
        "blocks": [
            {
                "type": "rich_text",
                "block_id": "IYM",
                "elements": [
                    {
                        "type": "rich_text_section",
                        "elements": [
                            {
                                "type": "text",
                                "text": "In Australia there are flocks of cockatoos. They’re not going to sneak up on anyone who can hear, that’s for sure."
                            }
                        ]
                    }
                ]
            }
        ],
        "thread_ts": "1610385079.010900",
        "parent_user_id": "UUW3W20AU"
    },
    {
        "client_msg_id": "425717D6-AE75-4988-A4AA-E3AE0412D45B",
        "type": "message",
        "text": "<@U0NSCMBR8> damn! I have to add that to the “con” list for traveling to Australia!",
        "user": "U019DU219B4",
        "ts": "1610482814.017400",
        "team": "T0D1XTUAD",
        "user_team": "T0D1XTUAD",
        "source_team": "T0D1XTUAD",
        "user_profile": {
            "avatar_hash": "b99fbed56ce5",
            "image_72": "https:\/\/avatars.slack-edge.com\/2020-08-24\/1326180875044_b99fbed56ce584617434_72.jpg",
            "first_name": "Dominique",
            "real_name": "Dominique Barni",
            "display_name": "Dominique Barni",
            "team": "T0D1XTUAD",
            "name": "n-dbarni",
            "is_restricted": false,
            "is_ultra_restricted": false
        },
        "blocks": [
            {
                "type": "rich_text",
                "block_id": "EtEf4",
                "elements": [
                    {
                        "type": "rich_text_section",
                        "elements": [
                            {
                                "type": "user",
                                "user_id": "U0NSCMBR8"
                            },
                            {
                                "type": "text",
                                "text": " damn! I have to add that to the “con” list for traveling to Australia!"
                            }
                        ]
                    }
                ]
            }
        ],
        "thread_ts": "1610385079.010900",
        "parent_user_id": "UUW3W20AU"
    },
    {
        "client_msg_id": "1E36075A-3F19-46AD-AA65-73465FFCEB3D",
        "type": "message",
        "text": "Add “potential of deranged noisy birds” to “crocodiles the size of buildings” and “ridiculous preponderance of venomous creatures.”",
        "user": "U0NSCMBR8",
        "ts": "1610483716.021100",
        "team": "T0D1XTUAD",
        "user_team": "T0D1XTUAD",
        "source_team": "T0D1XTUAD",
        "user_profile": {
            "avatar_hash": "28a69ac871a0",
            "image_72": "https:\/\/avatars.slack-edge.com\/2016-02-24\/22896597253_28a69ac871a00b39b963_72.jpg",
            "first_name": "Al",
            "real_name": "Al Boss",
            "display_name": "",
            "team": "T0D1XTUAD",
            "name": "alboss",
            "is_restricted": false,
            "is_ultra_restricted": false
        },
        "blocks": [
            {
                "type": "rich_text",
                "block_id": "1w+fI",
                "elements": [
                    {
                        "type": "rich_text_section",
                        "elements": [
                            {
                                "type": "text",
                                "text": "Add “potential of deranged noisy birds” to “crocodiles the size of buildings” and “ridiculous preponderance of venomous creatures.”"
                            }
                        ]
                    }
                ]
            }
        ],
        "thread_ts": "1610385079.010900",
        "parent_user_id": "UUW3W20AU",
        "reactions": [
            {
                "name": "rolling_on_the_floor_laughing",
                "users": [
                    "UUW3W20AU"
                ],
                "count": 1
            }
        ]
    },
    {
        "client_msg_id": "AAA4EBF3-AABC-4FB9-942B-2D34D358850A",
        "type": "message",
        "text": "<@U0NSCMBR8> :100: New Zealand keeps sounding better and better",
        "user": "U019DU219B4",
        "ts": "1610484372.021700",
        "team": "T0D1XTUAD",
        "user_team": "T0D1XTUAD",
        "source_team": "T0D1XTUAD",
        "user_profile": {
            "avatar_hash": "b99fbed56ce5",
            "image_72": "https:\/\/avatars.slack-edge.com\/2020-08-24\/1326180875044_b99fbed56ce584617434_72.jpg",
            "first_name": "Dominique",
            "real_name": "Dominique Barni",
            "display_name": "Dominique Barni",
            "team": "T0D1XTUAD",
            "name": "n-dbarni",
            "is_restricted": false,
            "is_ultra_restricted": false
        },
        "blocks": [
            {
                "type": "rich_text",
                "block_id": "CU4Gf",
                "elements": [
                    {
                        "type": "rich_text_section",
                        "elements": [
                            {
                                "type": "user",
                                "user_id": "U0NSCMBR8"
                            },
                            {
                                "type": "text",
                                "text": " "
                            },
                            {
                                "type": "emoji",
                                "name": "100"
                            },
                            {
                                "type": "text",
                                "text": " New Zealand "
                            },
                            {
                                "type": "text",
                                "text": "keeps"
                            },
                            {
                                "type": "text",
                                "text": " sounding better and better"
                            }
                        ]
                    }
                ]
            }
        ],
        "thread_ts": "1610385079.010900",
        "parent_user_id": "UUW3W20AU",
        "reactions": [
            {
                "name": "+1::skin-tone-4",
                "users": [
                    "UUJNECG67",
                    "U0NSCMBR8"
                ],
                "count": 2
            }
        ]
    },
    {
        "client_msg_id": "7e7c5416-92ee-43e6-b00d-ee3e8c82b819",
        "type": "message",
        "text": "Definitely! Nothing venomous, not teeming with weapons, and the only English-speaking nation that’s always elected a progressive government.",
        "user": "U0NSCMBR8",
        "ts": "1610484514.022000",
        "team": "T0D1XTUAD",
        "user_team": "T0D1XTUAD",
        "source_team": "T0D1XTUAD",
        "user_profile": {
            "avatar_hash": "28a69ac871a0",
            "image_72": "https:\/\/avatars.slack-edge.com\/2016-02-24\/22896597253_28a69ac871a00b39b963_72.jpg",
            "first_name": "Al",
            "real_name": "Al Boss",
            "display_name": "",
            "team": "T0D1XTUAD",
            "name": "alboss",
            "is_restricted": false,
            "is_ultra_restricted": false
        },
        "blocks": [
            {
                "type": "rich_text",
                "block_id": "FWgnl",
                "elements": [
                    {
                        "type": "rich_text_section",
                        "elements": [
                            {
                                "type": "text",
                                "text": "Definitely! Nothing venomous, not teeming with weapons, and the only English-speaking nation that’s always elected a progressive government."
                            }
                        ]
                    }
                ]
            }
        ],
        "thread_ts": "1610385079.010900",
        "parent_user_id": "UUW3W20AU",
        "reactions": [
            {
                "name": "pray",
                "users": [
                    "UUW3W20AU"
                ],
                "count": 1
            }
        ]
    },
    {
        "client_msg_id": "CBB92846-F6CA-4004-A8E5-B923CBF71793",
        "type": "message",
        "text": "<@U0NSCMBR8> exactly! ",
        "user": "U019DU219B4",
        "ts": "1610485213.022500",
        "team": "T0D1XTUAD",
        "user_team": "T0D1XTUAD",
        "source_team": "T0D1XTUAD",
        "user_profile": {
            "avatar_hash": "b99fbed56ce5",
            "image_72": "https:\/\/avatars.slack-edge.com\/2020-08-24\/1326180875044_b99fbed56ce584617434_72.jpg",
            "first_name": "Dominique",
            "real_name": "Dominique Barni",
            "display_name": "Dominique Barni",
            "team": "T0D1XTUAD",
            "name": "n-dbarni",
            "is_restricted": false,
            "is_ultra_restricted": false
        },
        "blocks": [
            {
                "type": "rich_text",
                "block_id": "gEy",
                "elements": [
                    {
                        "type": "rich_text_section",
                        "elements": [
                            {
                                "type": "user",
                                "user_id": "U0NSCMBR8"
                            },
                            {
                                "type": "text",
                                "text": " exactly! "
                            }
                        ]
                    }
                ]
            }
        ],
        "thread_ts": "1610385079.010900",
        "parent_user_id": "UUW3W20AU"
    },
    {
        "client_msg_id": "de9e9e83-ac03-4b44-b0f2-8c939f234885",
        "type": "message",
        "text": "OMG how pretty!!",
        "user": "UUW3W20AU",
        "ts": "1610504572.022700",
        "team": "T0D1XTUAD",
        "user_team": "T0D1XTUAD",
        "source_team": "T0D1XTUAD",
        "user_profile": {
            "avatar_hash": "0c87430f5419",
            "image_72": "https:\/\/avatars.slack-edge.com\/2020-03-04\/984414387030_0c87430f5419d7de3cea_72.jpg",
            "first_name": "Elizabeth",
            "real_name": "Elizabeth Inglese",
            "display_name": "Tish",
            "team": "T0D1XTUAD",
            "name": "einglese",
            "is_restricted": false,
            "is_ultra_restricted": false
        },
        "blocks": [
            {
                "type": "rich_text",
                "block_id": "jyaAf",
                "elements": [
                    {
                        "type": "rich_text_section",
                        "elements": [
                            {
                                "type": "text",
                                "text": "OMG how pretty!!"
                            }
                        ]
                    }
                ]
            }
        ],
        "thread_ts": "1610465183.014400",
        "parent_user_id": "U019DU219B4",
        "reactions": [
            {
                "name": "heart_eyes_cat",
                "users": [
                    "U019DU219B4"
                ],
                "count": 1
            }
        ]
    }
]