[
    {
        "client_msg_id": "90fbe78e-647c-4f9b-a652-8bc6b6a538a3",
        "type": "message",
        "text": "Hey ya’ll … not to be the bearer of bad news … But a friend of mine’s kitty passed away yesterday as a result of poisoning from accidental Advil ingestion. So to all you kitty mommas and poppas - just bringing some awareness to keep your fury kids safe from this common household threat. So sad. :disappointed:",
        "user": "UUW3W20AU",
        "ts": "1610045175.003400",
        "team": "T0D1XTUAD",
        "user_team": "T0D1XTUAD",
        "source_team": "T0D1XTUAD",
        "user_profile": {
            "avatar_hash": "0c87430f5419",
            "image_72": "https:\/\/avatars.slack-edge.com\/2020-03-04\/984414387030_0c87430f5419d7de3cea_72.jpg",
            "first_name": "Elizabeth",
            "real_name": "Elizabeth Inglese",
            "display_name": "Tish",
            "team": "T0D1XTUAD",
            "name": "einglese",
            "is_restricted": false,
            "is_ultra_restricted": false
        },
        "blocks": [
            {
                "type": "rich_text",
                "block_id": "sXT",
                "elements": [
                    {
                        "type": "rich_text_section",
                        "elements": [
                            {
                                "type": "text",
                                "text": "Hey ya’ll … not to be the bearer of bad news … But a friend of mine’s kitty passed away yesterday as a result of poisoning from accidental Advil ingestion. So to all you kitty mommas and poppas - just bringing some awareness to keep your fury kids safe from this common household threat. So sad. "
                            },
                            {
                                "type": "emoji",
                                "name": "disappointed"
                            }
                        ]
                    }
                ]
            }
        ],
        "thread_ts": "1610045175.003400",
        "reply_count": 2,
        "reply_users_count": 2,
        "latest_reply": "1610384948.009100",
        "reply_users": [
            "U0NSCMBR8",
            "UUW3W20AU"
        ],
        "replies": [
            {
                "user": "U0NSCMBR8",
                "ts": "1610054018.008900"
            },
            {
                "user": "UUW3W20AU",
                "ts": "1610384948.009100"
            }
        ],
        "subscribed": false,
        "reactions": [
            {
                "name": "frowning",
                "users": [
                    "U7EP7P2JW"
                ],
                "count": 1
            },
            {
                "name": "pensive",
                "users": [
                    "U019DU219B4",
                    "UUJNECG67"
                ],
                "count": 2
            }
        ]
    },
    {
        "client_msg_id": "4F852BD4-1847-404A-B8DE-AF4662C72AF8",
        "type": "message",
        "text": "Dropped or misplaced pills are super dangerous, even if they’re not poisonous to cats like ibuprofen or acetaminophen. (Advil is just both those combined.) Pills are dosed for something 15 times the size of a cat, so it’s like one of us swallowing a whole bottle. \n\nLots of houseplants can be risky, and orchids are absolutely deadly to cats. ",
        "user": "U0NSCMBR8",
        "ts": "1610054018.008900",
        "team": "T0D1XTUAD",
        "user_team": "T0D1XTUAD",
        "source_team": "T0D1XTUAD",
        "user_profile": {
            "avatar_hash": "28a69ac871a0",
            "image_72": "https:\/\/avatars.slack-edge.com\/2016-02-24\/22896597253_28a69ac871a00b39b963_72.jpg",
            "first_name": "Al",
            "real_name": "Al Boss",
            "display_name": "",
            "team": "T0D1XTUAD",
            "name": "alboss",
            "is_restricted": false,
            "is_ultra_restricted": false
        },
        "blocks": [
            {
                "type": "rich_text",
                "block_id": "wOx",
                "elements": [
                    {
                        "type": "rich_text_section",
                        "elements": [
                            {
                                "type": "text",
                                "text": "Dropped or misplaced pills are super dangerous, even if they’re not poisonous to cats like ibuprofen or acetaminophen. (Advil is just both those combined.) Pills are dosed for something 15 times the size of a cat, so it’s like one of us swallowing a whole bottle. \n"
                            },
                            {
                                "type": "text",
                                "text": "\n"
                            },
                            {
                                "type": "text",
                                "text": "Lots of houseplants can be risky, and orchids are absolutely deadly to cats. "
                            }
                        ]
                    }
                ]
            }
        ],
        "thread_ts": "1610045175.003400",
        "parent_user_id": "UUW3W20AU"
    }
]