[
    {
        "client_msg_id": "2f2ede0c-ddaa-4a3a-92a8-3ff56c2e653a",
        "type": "message",
        "text": "Is Anahita the cat whose photo I’ve seen, the cat who looks like she’s judging all of humanity and has decided we are worthless?",
        "user": "U0NSCMBR8",
        "ts": "1611862063.017200",
        "team": "T0D1XTUAD",
        "user_team": "T0D1XTUAD",
        "source_team": "T0D1XTUAD",
        "user_profile": {
            "avatar_hash": "28a69ac871a0",
            "image_72": "https:\/\/avatars.slack-edge.com\/2016-02-24\/22896597253_28a69ac871a00b39b963_72.jpg",
            "first_name": "Al",
            "real_name": "Al Boss",
            "display_name": "",
            "team": "T0D1XTUAD",
            "name": "alboss",
            "is_restricted": false,
            "is_ultra_restricted": false
        },
        "blocks": [
            {
                "type": "rich_text",
                "block_id": "tgK",
                "elements": [
                    {
                        "type": "rich_text_section",
                        "elements": [
                            {
                                "type": "text",
                                "text": "Is Anahita the cat whose photo I’ve seen, the cat who looks like she’s judging all of humanity and has decided we are worthless?"
                            }
                        ]
                    }
                ]
            }
        ],
        "thread_ts": "1611862063.017200",
        "reply_count": 2,
        "reply_users_count": 1,
        "latest_reply": "1611945711.017800",
        "reply_users": [
            "UUW3W20AU"
        ],
        "replies": [
            {
                "user": "UUW3W20AU",
                "ts": "1611945566.017600"
            },
            {
                "user": "UUW3W20AU",
                "ts": "1611945711.017800"
            }
        ],
        "subscribed": false,
        "reactions": [
            {
                "name": "female-judge",
                "users": [
                    "U019DU219B4"
                ],
                "count": 1
            },
            {
                "name": "rolling_on_the_floor_laughing",
                "users": [
                    "UUW3W20AU"
                ],
                "count": 1
            },
            {
                "name": "pouting_cat",
                "users": [
                    "UUW3W20AU"
                ],
                "count": 1
            }
        ]
    }
]