[
    {
        "type": "message",
        "text": "Emma got me a great Valentine's Day present. Can confirm, very comfy: <https:\/\/kittenlady.bigcartel.com\/product\/stay-home-foster-kittens-sweatpants|https:\/\/kittenlady.bigcartel.com\/product\/stay-home-foster-kittens-sweatpants>",
        "files": [
            {
                "id": "F01MQV56CQP",
                "created": 1613415284,
                "timestamp": 1613415284,
                "name": "IMG_20210214_165416095.jpg",
                "title": "IMG_20210214_165416095.jpg",
                "mimetype": "image\/jpeg",
                "filetype": "jpg",
                "pretty_type": "JPEG",
                "user": "U0D1RV4N8",
                "editable": false,
                "size": 128599,
                "mode": "hosted",
                "is_external": false,
                "external_type": "",
                "is_public": true,
                "public_url_shared": false,
                "display_as_bot": false,
                "username": "",
                "url_private": "https:\/\/files.slack.com\/files-pri\/T0D1XTUAD-F01MQV56CQP\/img_20210214_165416095.jpg?t=xoxe-13065946353-1831014033124-1821760734405-0591b3003861d046a3fe606fb5f44814",
                "url_private_download": "https:\/\/files.slack.com\/files-pri\/T0D1XTUAD-F01MQV56CQP\/download\/img_20210214_165416095.jpg?t=xoxe-13065946353-1831014033124-1821760734405-0591b3003861d046a3fe606fb5f44814",
                "thumb_64": "https:\/\/files.slack.com\/files-tmb\/T0D1XTUAD-F01MQV56CQP-93cd118bdb\/img_20210214_165416095_64.jpg?t=xoxe-13065946353-1831014033124-1821760734405-0591b3003861d046a3fe606fb5f44814",
                "thumb_80": "https:\/\/files.slack.com\/files-tmb\/T0D1XTUAD-F01MQV56CQP-93cd118bdb\/img_20210214_165416095_80.jpg?t=xoxe-13065946353-1831014033124-1821760734405-0591b3003861d046a3fe606fb5f44814",
                "thumb_360": "https:\/\/files.slack.com\/files-tmb\/T0D1XTUAD-F01MQV56CQP-93cd118bdb\/img_20210214_165416095_360.jpg?t=xoxe-13065946353-1831014033124-1821760734405-0591b3003861d046a3fe606fb5f44814",
                "thumb_360_w": 270,
                "thumb_360_h": 360,
                "thumb_480": "https:\/\/files.slack.com\/files-tmb\/T0D1XTUAD-F01MQV56CQP-93cd118bdb\/img_20210214_165416095_480.jpg?t=xoxe-13065946353-1831014033124-1821760734405-0591b3003861d046a3fe606fb5f44814",
                "thumb_480_w": 360,
                "thumb_480_h": 480,
                "thumb_160": "https:\/\/files.slack.com\/files-tmb\/T0D1XTUAD-F01MQV56CQP-93cd118bdb\/img_20210214_165416095_160.jpg?t=xoxe-13065946353-1831014033124-1821760734405-0591b3003861d046a3fe606fb5f44814",
                "thumb_720": "https:\/\/files.slack.com\/files-tmb\/T0D1XTUAD-F01MQV56CQP-93cd118bdb\/img_20210214_165416095_720.jpg?t=xoxe-13065946353-1831014033124-1821760734405-0591b3003861d046a3fe606fb5f44814",
                "thumb_720_w": 540,
                "thumb_720_h": 720,
                "thumb_800": "https:\/\/files.slack.com\/files-tmb\/T0D1XTUAD-F01MQV56CQP-93cd118bdb\/img_20210214_165416095_800.jpg?t=xoxe-13065946353-1831014033124-1821760734405-0591b3003861d046a3fe606fb5f44814",
                "thumb_800_w": 800,
                "thumb_800_h": 1067,
                "thumb_960": "https:\/\/files.slack.com\/files-tmb\/T0D1XTUAD-F01MQV56CQP-93cd118bdb\/img_20210214_165416095_960.jpg?t=xoxe-13065946353-1831014033124-1821760734405-0591b3003861d046a3fe606fb5f44814",
                "thumb_960_w": 720,
                "thumb_960_h": 960,
                "thumb_1024": "https:\/\/files.slack.com\/files-tmb\/T0D1XTUAD-F01MQV56CQP-93cd118bdb\/img_20210214_165416095_1024.jpg?t=xoxe-13065946353-1831014033124-1821760734405-0591b3003861d046a3fe606fb5f44814",
                "thumb_1024_w": 768,
                "thumb_1024_h": 1024,
                "original_w": 1728,
                "original_h": 2304,
                "thumb_tiny": "AwAwACRlwxMaKTk4yTiqpAzU08wkkJAwOgGahz70CFHFPCu6sR0XrTAatwkJCMqDvJ5JxQCCHZ5Y3Oc0\/Mf98\/lTEiQr8zEHNO8qL+8akuyM6kpacigtycCqJEU4PXFX3I+yQlh1HYVU8sNkDr25zViNm+yxgjIBOPpmgCaSBywK9CBTPs8tXh0opDMDvT42KNkjIPBpnelpiLLSRsnO0gdMdfpT0z5MIwDkn+dVM4q8xMVvEExnHf8AOgC9mjNZfnzf89DR583\/AD0NKwXP\/9k=",
                "permalink": "https:\/\/kcwebteam.slack.com\/files\/U0D1RV4N8\/F01MQV56CQP\/img_20210214_165416095.jpg",
                "permalink_public": "https:\/\/slack-files.com\/T0D1XTUAD-F01MQV56CQP-50cb1050ca",
                "is_starred": false,
                "has_rich_preview": false
            }
        ],
        "upload": false,
        "blocks": [
            {
                "type": "rich_text",
                "block_id": "CL\/DV",
                "elements": [
                    {
                        "type": "rich_text_section",
                        "elements": [
                            {
                                "type": "text",
                                "text": "Emma got me a great Valentine's Day present. Can confirm, very comfy: "
                            },
                            {
                                "type": "link",
                                "url": "https:\/\/kittenlady.bigcartel.com\/product\/stay-home-foster-kittens-sweatpants",
                                "text": "https:\/\/kittenlady.bigcartel.com\/product\/stay-home-foster-kittens-sweatpants"
                            }
                        ]
                    }
                ]
            }
        ],
        "user": "U0D1RV4N8",
        "display_as_bot": false,
        "ts": "1613415344.075500",
        "client_msg_id": "d210c7de-7e63-4144-a3c0-b0f490525f45",
        "reactions": [
            {
                "name": "heart_eyes_cat",
                "users": [
                    "UUJNECG67"
                ],
                "count": 1
            }
        ]
    },
    {
        "type": "message",
        "text": "Laura got our cats a couple of those felted wool cat caves I’ve been seeing advertised. ",
        "files": [
            {
                "id": "F01N6093M19",
                "created": 1613416098,
                "timestamp": 1613416098,
                "name": "Image from iOS.jpg",
                "title": "Image from iOS",
                "mimetype": "image\/jpeg",
                "filetype": "jpg",
                "pretty_type": "JPEG",
                "user": "U0NSCMBR8",
                "editable": false,
                "size": 46530,
                "mode": "hosted",
                "is_external": false,
                "external_type": "",
                "is_public": true,
                "public_url_shared": false,
                "display_as_bot": false,
                "username": "",
                "url_private": "https:\/\/files.slack.com\/files-pri\/T0D1XTUAD-F01N6093M19\/image_from_ios.jpg?t=xoxe-13065946353-1831014033124-1821760734405-0591b3003861d046a3fe606fb5f44814",
                "url_private_download": "https:\/\/files.slack.com\/files-pri\/T0D1XTUAD-F01N6093M19\/download\/image_from_ios.jpg?t=xoxe-13065946353-1831014033124-1821760734405-0591b3003861d046a3fe606fb5f44814",
                "thumb_64": "https:\/\/files.slack.com\/files-tmb\/T0D1XTUAD-F01N6093M19-49cfdae15a\/image_from_ios_64.jpg?t=xoxe-13065946353-1831014033124-1821760734405-0591b3003861d046a3fe606fb5f44814",
                "thumb_80": "https:\/\/files.slack.com\/files-tmb\/T0D1XTUAD-F01N6093M19-49cfdae15a\/image_from_ios_80.jpg?t=xoxe-13065946353-1831014033124-1821760734405-0591b3003861d046a3fe606fb5f44814",
                "thumb_360": "https:\/\/files.slack.com\/files-tmb\/T0D1XTUAD-F01N6093M19-49cfdae15a\/image_from_ios_360.jpg?t=xoxe-13065946353-1831014033124-1821760734405-0591b3003861d046a3fe606fb5f44814",
                "thumb_360_w": 360,
                "thumb_360_h": 360,
                "thumb_480": "https:\/\/files.slack.com\/files-tmb\/T0D1XTUAD-F01N6093M19-49cfdae15a\/image_from_ios_480.jpg?t=xoxe-13065946353-1831014033124-1821760734405-0591b3003861d046a3fe606fb5f44814",
                "thumb_480_w": 480,
                "thumb_480_h": 480,
                "thumb_160": "https:\/\/files.slack.com\/files-tmb\/T0D1XTUAD-F01N6093M19-49cfdae15a\/image_from_ios_160.jpg?t=xoxe-13065946353-1831014033124-1821760734405-0591b3003861d046a3fe606fb5f44814",
                "thumb_720": "https:\/\/files.slack.com\/files-tmb\/T0D1XTUAD-F01N6093M19-49cfdae15a\/image_from_ios_720.jpg?t=xoxe-13065946353-1831014033124-1821760734405-0591b3003861d046a3fe606fb5f44814",
                "thumb_720_w": 720,
                "thumb_720_h": 720,
                "original_w": 750,
                "original_h": 750,
                "thumb_tiny": "AwAwADDTooooAKKQsB1IFZ325o3kAIkG44ycYoA0qKp2E3nGQsfmJzj0FXKAAnFNJJobrSUhjJYxJEyZxkVntaDgHg+9adNYA9RQBTiK2cgHXfwa0AQRkVUeJCwYqCR0qWBvmKnvzQgZI3Wkp7DIqMrJ2UH8aAAmkJpNsv8AdX\/vqjZJ\/dH\/AH1QAhohGZM+lHlyHso\/GpkUIMD8aAP\/2Q==",
                "permalink": "https:\/\/kcwebteam.slack.com\/files\/U0NSCMBR8\/F01N6093M19\/image_from_ios.jpg",
                "permalink_public": "https:\/\/slack-files.com\/T0D1XTUAD-F01N6093M19-973f6ba6ce",
                "is_starred": false,
                "has_rich_preview": false
            },
            {
                "id": "F01NVKAF5HN",
                "created": 1613416345,
                "timestamp": 1613416345,
                "name": "Image from iOS.jpg",
                "title": "Image from iOS",
                "mimetype": "image\/jpeg",
                "filetype": "jpg",
                "pretty_type": "JPEG",
                "user": "U0NSCMBR8",
                "editable": false,
                "size": 26820,
                "mode": "hosted",
                "is_external": false,
                "external_type": "",
                "is_public": true,
                "public_url_shared": false,
                "display_as_bot": false,
                "username": "",
                "url_private": "https:\/\/files.slack.com\/files-pri\/T0D1XTUAD-F01NVKAF5HN\/image_from_ios.jpg?t=xoxe-13065946353-1831014033124-1821760734405-0591b3003861d046a3fe606fb5f44814",
                "url_private_download": "https:\/\/files.slack.com\/files-pri\/T0D1XTUAD-F01NVKAF5HN\/download\/image_from_ios.jpg?t=xoxe-13065946353-1831014033124-1821760734405-0591b3003861d046a3fe606fb5f44814",
                "thumb_64": "https:\/\/files.slack.com\/files-tmb\/T0D1XTUAD-F01NVKAF5HN-cd033966a0\/image_from_ios_64.jpg?t=xoxe-13065946353-1831014033124-1821760734405-0591b3003861d046a3fe606fb5f44814",
                "thumb_80": "https:\/\/files.slack.com\/files-tmb\/T0D1XTUAD-F01NVKAF5HN-cd033966a0\/image_from_ios_80.jpg?t=xoxe-13065946353-1831014033124-1821760734405-0591b3003861d046a3fe606fb5f44814",
                "thumb_360": "https:\/\/files.slack.com\/files-tmb\/T0D1XTUAD-F01NVKAF5HN-cd033966a0\/image_from_ios_360.jpg?t=xoxe-13065946353-1831014033124-1821760734405-0591b3003861d046a3fe606fb5f44814",
                "thumb_360_w": 360,
                "thumb_360_h": 360,
                "thumb_480": "https:\/\/files.slack.com\/files-tmb\/T0D1XTUAD-F01NVKAF5HN-cd033966a0\/image_from_ios_480.jpg?t=xoxe-13065946353-1831014033124-1821760734405-0591b3003861d046a3fe606fb5f44814",
                "thumb_480_w": 480,
                "thumb_480_h": 480,
                "thumb_160": "https:\/\/files.slack.com\/files-tmb\/T0D1XTUAD-F01NVKAF5HN-cd033966a0\/image_from_ios_160.jpg?t=xoxe-13065946353-1831014033124-1821760734405-0591b3003861d046a3fe606fb5f44814",
                "original_w": 600,
                "original_h": 600,
                "thumb_tiny": "AwAwADDSqN51Q46n2plzKUARfvGqxGB87Y9qAJjdP2UUq3R7qPwqtuB6An6CnA56g0AXkkV+h59KfWeMKcrkEVchk8xfcdaAKsznzWA6+tQuAOXNWZhsZjjnNULg4Hzc5PNMCOW4Zmwh2r7UxZ3HfP1prHJpKQFpX3rlSfcVYtHKzqOx4NUbfPmEeoq\/apmYH05oAtTruXI6iqbxh1KnvWiVqN4A3saAMZ4HU9Mj2qMIxPCn8q12tn7c0gtpD1wKYFKCLYMn7x\/StO2j2Jk9TRHbqhyeTUwFID\/\/2Q==",
                "permalink": "https:\/\/kcwebteam.slack.com\/files\/U0NSCMBR8\/F01NVKAF5HN\/image_from_ios.jpg",
                "permalink_public": "https:\/\/slack-files.com\/T0D1XTUAD-F01NVKAF5HN-7d89320286",
                "is_starred": false,
                "has_rich_preview": false
            }
        ],
        "upload": true,
        "blocks": [
            {
                "type": "rich_text",
                "block_id": "VpwhQ",
                "elements": [
                    {
                        "type": "rich_text_section",
                        "elements": [
                            {
                                "type": "text",
                                "text": "Laura got our cats a couple of those felted wool cat caves I’ve been seeing advertised. "
                            }
                        ]
                    }
                ]
            }
        ],
        "user": "U0NSCMBR8",
        "ts": "1613416357.077000",
        "client_msg_id": "C3239083-C641-4982-874C-BF570F89F4D7",
        "thread_ts": "1613416357.077000",
        "reply_count": 8,
        "reply_users_count": 4,
        "latest_reply": "1613526330.099100",
        "reply_users": [
            "U0D1RV4N8",
            "U0NSCMBR8",
            "UUJNECG67",
            "U019DU219B4"
        ],
        "replies": [
            {
                "user": "U0D1RV4N8",
                "ts": "1613416415.077500"
            },
            {
                "user": "U0NSCMBR8",
                "ts": "1613416545.079700"
            },
            {
                "user": "U0D1RV4N8",
                "ts": "1613416669.079900"
            },
            {
                "user": "UUJNECG67",
                "ts": "1613422185.080700"
            },
            {
                "user": "U019DU219B4",
                "ts": "1613514140.096800"
            },
            {
                "user": "U019DU219B4",
                "ts": "1613514300.097200"
            },
            {
                "user": "U0NSCMBR8",
                "ts": "1613525168.098900"
            },
            {
                "user": "U0D1RV4N8",
                "ts": "1613526330.099100"
            }
        ],
        "subscribed": false,
        "reactions": [
            {
                "name": "+1::skin-tone-4",
                "users": [
                    "UUJNECG67",
                    "UT7A459JP"
                ],
                "count": 2
            }
        ]
    },
    {
        "client_msg_id": "3d3745c0-3788-4db0-98ba-8a4aa44774dd",
        "type": "message",
        "text": "I got one for the kitties for Christmas. Of course they completely ignore it. :pouting_cat:",
        "user": "U0D1RV4N8",
        "ts": "1613416415.077500",
        "team": "T0D1XTUAD",
        "user_team": "T0D1XTUAD",
        "source_team": "T0D1XTUAD",
        "user_profile": {
            "avatar_hash": "b0af0714bdde",
            "image_72": "https:\/\/avatars.slack-edge.com\/2019-05-22\/642788517284_b0af0714bddea68e9e1c_72.jpg",
            "first_name": "Derek",
            "real_name": "Derek Sheppard",
            "display_name": "Derek Sheppard",
            "team": "T0D1XTUAD",
            "name": "derek.sheppard",
            "is_restricted": false,
            "is_ultra_restricted": false
        },
        "blocks": [
            {
                "type": "rich_text",
                "block_id": "x+m",
                "elements": [
                    {
                        "type": "rich_text_section",
                        "elements": [
                            {
                                "type": "text",
                                "text": "I got one for the kitties for Christmas. Of course they completely ignore it. "
                            },
                            {
                                "type": "emoji",
                                "name": "pouting_cat"
                            }
                        ]
                    }
                ]
            }
        ],
        "thread_ts": "1613416357.077000",
        "parent_user_id": "U0NSCMBR8"
    },
    {
        "client_msg_id": "3C36CDE6-30D2-454F-A5B7-CB305CAFF6A2",
        "type": "message",
        "text": "Marco mostly ignores his, but we’ve only had them a couple days. Saki uses hers from time to time. They’re really very cool. If they made them for people I’d use one. ",
        "user": "U0NSCMBR8",
        "ts": "1613416545.079700",
        "team": "T0D1XTUAD",
        "user_team": "T0D1XTUAD",
        "source_team": "T0D1XTUAD",
        "user_profile": {
            "avatar_hash": "28a69ac871a0",
            "image_72": "https:\/\/avatars.slack-edge.com\/2016-02-24\/22896597253_28a69ac871a00b39b963_72.jpg",
            "first_name": "Al",
            "real_name": "Al Boss",
            "display_name": "",
            "team": "T0D1XTUAD",
            "name": "alboss",
            "is_restricted": false,
            "is_ultra_restricted": false
        },
        "blocks": [
            {
                "type": "rich_text",
                "block_id": "Nrzb",
                "elements": [
                    {
                        "type": "rich_text_section",
                        "elements": [
                            {
                                "type": "text",
                                "text": "Marco mostly ignores his, but we’ve only had them a couple days. Saki uses hers from time to time. They’re really very cool. If they made them for people I’d use one. "
                            }
                        ]
                    }
                ]
            }
        ],
        "thread_ts": "1613416357.077000",
        "parent_user_id": "U0NSCMBR8"
    },
    {
        "client_msg_id": "10346881-9a3c-4305-abc1-34bf738c254f",
        "type": "message",
        "text": "I'm considering filling it with heating pads and treats to entice\/prime them. Because that thing was expensive!",
        "user": "U0D1RV4N8",
        "ts": "1613416669.079900",
        "team": "T0D1XTUAD",
        "user_team": "T0D1XTUAD",
        "source_team": "T0D1XTUAD",
        "user_profile": {
            "avatar_hash": "b0af0714bdde",
            "image_72": "https:\/\/avatars.slack-edge.com\/2019-05-22\/642788517284_b0af0714bddea68e9e1c_72.jpg",
            "first_name": "Derek",
            "real_name": "Derek Sheppard",
            "display_name": "Derek Sheppard",
            "team": "T0D1XTUAD",
            "name": "derek.sheppard",
            "is_restricted": false,
            "is_ultra_restricted": false
        },
        "blocks": [
            {
                "type": "rich_text",
                "block_id": "AVM62",
                "elements": [
                    {
                        "type": "rich_text_section",
                        "elements": [
                            {
                                "type": "text",
                                "text": "I'm considering filling it with heating pads and treats to entice\/prime them. Because that thing was expensive!"
                            }
                        ]
                    }
                ]
            }
        ],
        "thread_ts": "1613416357.077000",
        "parent_user_id": "U0NSCMBR8"
    },
    {
        "client_msg_id": "5E55F9C1-F9AD-45C5-A2BD-794F78BCBC57",
        "type": "message",
        "text": "I’ve been wanting to get one of these for Sox and Boots. ",
        "user": "UUJNECG67",
        "ts": "1613422185.080700",
        "team": "T0D1XTUAD",
        "user_team": "T0D1XTUAD",
        "source_team": "T0D1XTUAD",
        "user_profile": {
            "avatar_hash": "3770b096c03c",
            "image_72": "https:\/\/avatars.slack-edge.com\/2020-08-27\/1329102233075_3770b096c03ccdfc53b6_72.png",
            "first_name": "Andrea",
            "real_name": "Andrea",
            "display_name": "Andrea",
            "team": "T0D1XTUAD",
            "name": "andrea.rouleau",
            "is_restricted": false,
            "is_ultra_restricted": false
        },
        "blocks": [
            {
                "type": "rich_text",
                "block_id": "6pMF",
                "elements": [
                    {
                        "type": "rich_text_section",
                        "elements": [
                            {
                                "type": "text",
                                "text": "I’ve been wanting to get one of these for Sox and Boots. "
                            }
                        ]
                    }
                ]
            }
        ],
        "thread_ts": "1613416357.077000",
        "parent_user_id": "U0NSCMBR8"
    },
    {
        "type": "message",
        "subtype": "channel_join",
        "ts": "1613442872.081200",
        "user": "U01N6L5SJ2E",
        "text": "<@U01N6L5SJ2E> has joined the channel",
        "inviter": "U0NSCMBR8"
    }
]