[
    {
        "client_msg_id": "de9aaa80-5432-432a-b93f-b2cac3ea5fc9",
        "type": "message",
        "text": "That's what I thought the Tab key did too!",
        "user": "UUW3W20AU",
        "ts": "1588703683.016600",
        "team": "T0D1XTUAD",
        "user_team": "T0D1XTUAD",
        "source_team": "T0D1XTUAD",
        "user_profile": {
            "avatar_hash": "0c87430f5419",
            "image_72": "https:\/\/avatars.slack-edge.com\/2020-03-04\/984414387030_0c87430f5419d7de3cea_72.jpg",
            "first_name": "Elizabeth",
            "real_name": "Elizabeth Inglese",
            "display_name": "Tish",
            "team": "T0D1XTUAD",
            "name": "einglese",
            "is_restricted": false,
            "is_ultra_restricted": false
        },
        "blocks": [
            {
                "type": "rich_text",
                "block_id": "4VlE",
                "elements": [
                    {
                        "type": "rich_text_section",
                        "elements": [
                            {
                                "type": "text",
                                "text": "That's what I thought the Tab key did too!"
                            }
                        ]
                    }
                ]
            }
        ],
        "thread_ts": "1588382620.015200",
        "parent_user_id": "UFDNKQCU9",
        "reactions": [
            {
                "name": "joy",
                "users": [
                    "UFDNKQCU9"
                ],
                "count": 1
            }
        ]
    }
]