[
    {
        "type": "message",
        "text": "",
        "files": [
            {
                "id": "F010YPKQLHY",
                "created": 1585847742,
                "timestamp": 1585847742,
                "name": "image.png",
                "title": "image.png",
                "mimetype": "image\/png",
                "filetype": "png",
                "pretty_type": "PNG",
                "user": "U0NSCMBR8",
                "editable": false,
                "size": 511292,
                "mode": "hosted",
                "is_external": false,
                "external_type": "",
                "is_public": true,
                "public_url_shared": false,
                "display_as_bot": false,
                "username": "",
                "url_private": "https:\/\/files.slack.com\/files-pri\/T0D1XTUAD-F010YPKQLHY\/image.png?t=xoxe-13065946353-1831014033124-1821760734405-0591b3003861d046a3fe606fb5f44814",
                "url_private_download": "https:\/\/files.slack.com\/files-pri\/T0D1XTUAD-F010YPKQLHY\/download\/image.png?t=xoxe-13065946353-1831014033124-1821760734405-0591b3003861d046a3fe606fb5f44814",
                "thumb_64": "https:\/\/files.slack.com\/files-tmb\/T0D1XTUAD-F010YPKQLHY-f469a27057\/image_64.png?t=xoxe-13065946353-1831014033124-1821760734405-0591b3003861d046a3fe606fb5f44814",
                "thumb_80": "https:\/\/files.slack.com\/files-tmb\/T0D1XTUAD-F010YPKQLHY-f469a27057\/image_80.png?t=xoxe-13065946353-1831014033124-1821760734405-0591b3003861d046a3fe606fb5f44814",
                "thumb_360": "https:\/\/files.slack.com\/files-tmb\/T0D1XTUAD-F010YPKQLHY-f469a27057\/image_360.png?t=xoxe-13065946353-1831014033124-1821760734405-0591b3003861d046a3fe606fb5f44814",
                "thumb_360_w": 294,
                "thumb_360_h": 360,
                "thumb_480": "https:\/\/files.slack.com\/files-tmb\/T0D1XTUAD-F010YPKQLHY-f469a27057\/image_480.png?t=xoxe-13065946353-1831014033124-1821760734405-0591b3003861d046a3fe606fb5f44814",
                "thumb_480_w": 392,
                "thumb_480_h": 480,
                "thumb_160": "https:\/\/files.slack.com\/files-tmb\/T0D1XTUAD-F010YPKQLHY-f469a27057\/image_160.png?t=xoxe-13065946353-1831014033124-1821760734405-0591b3003861d046a3fe606fb5f44814",
                "thumb_720": "https:\/\/files.slack.com\/files-tmb\/T0D1XTUAD-F010YPKQLHY-f469a27057\/image_720.png?t=xoxe-13065946353-1831014033124-1821760734405-0591b3003861d046a3fe606fb5f44814",
                "thumb_720_w": 588,
                "thumb_720_h": 720,
                "thumb_800": "https:\/\/files.slack.com\/files-tmb\/T0D1XTUAD-F010YPKQLHY-f469a27057\/image_800.png?t=xoxe-13065946353-1831014033124-1821760734405-0591b3003861d046a3fe606fb5f44814",
                "thumb_800_w": 654,
                "thumb_800_h": 800,
                "image_exif_rotation": 1,
                "original_w": 720,
                "original_h": 881,
                "thumb_tiny": "AwAwACe5ESXGfWpXJAGPWookwwIzjOfpUrEHg0ANDExBvXFKhJAJ65NKNv3f0oOARQAOwAIJqLcPUUj8qTuH41Fj\/aWgCV5xEilg2D0wKQSZRXXDZGSO9Ewc2wEabjmoVudrKsg2njOVxj\/61AFsMB127h1OelRlmLkBhg\/hSMdrZOGB46daBlwQBn3oARyFXbtH86jyP7oqViyIR2qLeaALUTDG3v1qGWFJW+YEnAwKTlSMqxp6EjPPX2NACqvToWHGPSkLFXbJ608uAMYFRSc5KnPHegBH5XhiTUW1vSpMjYQEyfXHNM5\/uH8qAP\/Z",
                "permalink": "https:\/\/kcwebteam.slack.com\/files\/U0NSCMBR8\/F010YPKQLHY\/image.png",
                "permalink_public": "https:\/\/slack-files.com\/T0D1XTUAD-F010YPKQLHY-5fd4c14292",
                "is_starred": false,
                "has_rich_preview": false
            }
        ],
        "upload": true,
        "user": "U0NSCMBR8",
        "display_as_bot": false,
        "ts": "1585847749.006400",
        "client_msg_id": "ea1b455e-853f-4515-bca4-4d8f4a771770"
    }
]