[
    {
        "client_msg_id": "962F225E-FA29-4D2C-B892-621E0568F6FC",
        "type": "message",
        "text": "<https:\/\/www.zdnet.com\/article\/remote-support-essentials-four-steps-you-can-take-now-to-keep-friends-and-family-connected\/|https:\/\/www.zdnet.com\/article\/remote-support-essentials-four-steps-you-can-take-now-to-keep-friends-and-family-connected\/>\n\nThat article is PC-focused. If you’re dealing with Mac-to-Mac, the built-in screen sharing tool is all you need if you’re not dealing with something behind the county firewall: <https:\/\/support.apple.com\/guide\/mac-help\/share-the-screen-of-another-mac-mh14066\/mac|https:\/\/support.apple.com\/guide\/mac-help\/share-the-screen-of-another-mac-mh14066\/mac>",
        "user": "U0NSCMBR8",
        "ts": "1584726825.000300",
        "team": "T0D1XTUAD",
        "user_team": "T0D1XTUAD",
        "source_team": "T0D1XTUAD",
        "user_profile": {
            "avatar_hash": "28a69ac871a0",
            "image_72": "https:\/\/avatars.slack-edge.com\/2016-02-24\/22896597253_28a69ac871a00b39b963_72.jpg",
            "first_name": "Al",
            "real_name": "Al Boss",
            "display_name": "",
            "team": "T0D1XTUAD",
            "name": "alboss",
            "is_restricted": false,
            "is_ultra_restricted": false
        },
        "edited": {
            "user": "U0NSCMBR8",
            "ts": "1584727525.000000"
        },
        "attachments": [
            {
                "service_name": "ZDNet",
                "title": "Remote support essentials: 4 steps you can take now to keep friends and family connected | ZDNet",
                "title_link": "https:\/\/www.zdnet.com\/article\/remote-support-essentials-four-steps-you-can-take-now-to-keep-friends-and-family-connected\/",
                "text": "If you're the tech expert in the family or in your neighborhood, how do you respond to a call for help when a personal visit isn't an option? Take these four steps right now to ensure that friends and family members can count on you for support from a distance.",
                "fallback": "ZDNet: Remote support essentials: 4 steps you can take now to keep friends and family connected | ZDNet",
                "image_url": "https:\/\/zdnet1.cbsistatic.com\/hub\/i\/r\/2020\/03\/20\/e1461087-dcbd-4c81-8aae-0d2e33306ca1\/thumbnail\/770x578\/3d0b0c1bd6d78ef28c60ec67a52d0564\/istock-1086849918.jpg",
                "from_url": "https:\/\/www.zdnet.com\/article\/remote-support-essentials-four-steps-you-can-take-now-to-keep-friends-and-family-connected\/",
                "image_width": 333,
                "image_height": 250,
                "image_bytes": 56262,
                "service_icon": "https:\/\/zdnet2.cbsistatic.com\/fly\/bundles\/zdnetcss\/images\/logos\/logo-192x192.png",
                "id": 1,
                "original_url": "https:\/\/www.zdnet.com\/article\/remote-support-essentials-four-steps-you-can-take-now-to-keep-friends-and-family-connected\/"
            }
        ],
        "blocks": [
            {
                "type": "rich_text",
                "block_id": "N=7St",
                "elements": [
                    {
                        "type": "rich_text_section",
                        "elements": [
                            {
                                "type": "link",
                                "url": "https:\/\/www.zdnet.com\/article\/remote-support-essentials-four-steps-you-can-take-now-to-keep-friends-and-family-connected\/",
                                "text": "https:\/\/www.zdnet.com\/article\/remote-support-essentials-four-steps-you-can-take-now-to-keep-friends-and-family-connected\/"
                            },
                            {
                                "type": "text",
                                "text": "\n\n"
                            },
                            {
                                "type": "text",
                                "text": "That article is PC-focused. If you’re dealing with Mac-to-Mac, the built-in screen sharing tool is all you need if you’re not dealing with something behind the county firewall: "
                            },
                            {
                                "type": "link",
                                "url": "https:\/\/support.apple.com\/guide\/mac-help\/share-the-screen-of-another-mac-mh14066\/mac",
                                "text": "https:\/\/support.apple.com\/guide\/mac-help\/share-the-screen-of-another-mac-mh14066\/mac"
                            }
                        ]
                    }
                ]
            }
        ]
    },
    {
        "client_msg_id": "202CD68D-CB22-4A3C-9BF4-6503898CCB38",
        "type": "message",
        "text": "Now would be a good time for everyone to investigate whether you can use your cellphone wireless as a hotspot should your regular internet go out. It’s not ideal but helps in a pinch. ",
        "user": "U0NSCMBR8",
        "ts": "1584727146.002200",
        "team": "T0D1XTUAD",
        "user_team": "T0D1XTUAD",
        "source_team": "T0D1XTUAD",
        "user_profile": {
            "avatar_hash": "28a69ac871a0",
            "image_72": "https:\/\/avatars.slack-edge.com\/2016-02-24\/22896597253_28a69ac871a00b39b963_72.jpg",
            "first_name": "Al",
            "real_name": "Al Boss",
            "display_name": "",
            "team": "T0D1XTUAD",
            "name": "alboss",
            "is_restricted": false,
            "is_ultra_restricted": false
        },
        "blocks": [
            {
                "type": "rich_text",
                "block_id": "iLsU",
                "elements": [
                    {
                        "type": "rich_text_section",
                        "elements": [
                            {
                                "type": "text",
                                "text": "Now would be a good time for everyone to investigate whether you can use your cellphone wireless as a hotspot should your regular internet go out. It’s not ideal but helps in a pinch. "
                            }
                        ]
                    }
                ]
            }
        ],
        "reactions": [
            {
                "name": "+1",
                "users": [
                    "U7EP7P2JW"
                ],
                "count": 1
            }
        ]
    }
]