[
    {
        "type": "message",
        "subtype": "channel_join",
        "ts": "1585967054.006800",
        "user": "UUW3W20AU",
        "text": "<@UUW3W20AU> has joined the channel",
        "inviter": "U0NSCMBR8"
    },
    {
        "type": "message",
        "subtype": "channel_join",
        "ts": "1585967081.007000",
        "user": "UUJNECG67",
        "text": "<@UUJNECG67> has joined the channel",
        "inviter": "U0NSCMBR8"
    },
    {
        "client_msg_id": "b1c68b28-8b61-49ae-9af6-4c4c7a0129d3",
        "type": "message",
        "text": "Woohoo! I'm in the members only club!",
        "user": "UUW3W20AU",
        "ts": "1585967115.007700",
        "team": "T0D1XTUAD",
        "user_team": "T0D1XTUAD",
        "source_team": "T0D1XTUAD",
        "user_profile": {
            "avatar_hash": "0c87430f5419",
            "image_72": "https:\/\/avatars.slack-edge.com\/2020-03-04\/984414387030_0c87430f5419d7de3cea_72.jpg",
            "first_name": "Elizabeth",
            "real_name": "Elizabeth Inglese",
            "display_name": "Tish",
            "team": "T0D1XTUAD",
            "name": "einglese",
            "is_restricted": false,
            "is_ultra_restricted": false
        },
        "blocks": [
            {
                "type": "rich_text",
                "block_id": "dZT",
                "elements": [
                    {
                        "type": "rich_text_section",
                        "elements": [
                            {
                                "type": "text",
                                "text": "Woohoo! I'm in the members only club!"
                            }
                        ]
                    }
                ]
            }
        ]
    },
    {
        "client_msg_id": "cc7e35ca-f6ce-4914-8113-0225814ab0f2",
        "type": "message",
        "text": "Thank you Mister Al! That was snip-snap of you!",
        "user": "UUJNECG67",
        "ts": "1585967127.008000",
        "team": "T0D1XTUAD",
        "user_team": "T0D1XTUAD",
        "source_team": "T0D1XTUAD",
        "user_profile": {
            "avatar_hash": "3770b096c03c",
            "image_72": "https:\/\/avatars.slack-edge.com\/2020-08-27\/1329102233075_3770b096c03ccdfc53b6_72.png",
            "first_name": "Andrea",
            "real_name": "Andrea",
            "display_name": "Andrea",
            "team": "T0D1XTUAD",
            "name": "andrea.rouleau",
            "is_restricted": false,
            "is_ultra_restricted": false
        },
        "blocks": [
            {
                "type": "rich_text",
                "block_id": "Ozd",
                "elements": [
                    {
                        "type": "rich_text_section",
                        "elements": [
                            {
                                "type": "text",
                                "text": "Thank you Mister Al! That was snip-snap of you!"
                            }
                        ]
                    }
                ]
            }
        ]
    }
]