[
    {
        "type": "message",
        "text": "If you’re an Apple user, you can subscribe the Apple calendar to your work calendar, which is helpful even if you mostly use Outlook. Keep reading for an example of why it’s helpful.\n\nYou can subscribe (read-only) to a work calendar by opening the calendar via <http:\/\/outlook.kingcounty.gov|outlook.kingcounty.gov> and using the share button to email yourself a link. On phone or iPad, just clicking that link should launch the option to subscribe. On a Mac that has Outlook as the default calendar, open Calendar.app, pick File > New Calendar Subscription, and paste in the URL.\n\nSo what? Why would you want this?\n\nIf you’re plagued by meetings happening in half a dozen different tools (Skype, Teams, Zoom, Hangouts, Meet, FaceTime, Holodeck, whatever), and you have an Apple device, check out the free tool “Meeter,” from the App Store. It looks through your calendar and consolidates all your meetings that have an online link, so you can just click and it’ll launch whatever needs to launch. No more digging through invites and emails for the links and instructions that aren’t Skype.\n\nIt does this by reading the Apple calendar, so you need to have the calendar on your computer and\/or phone subscribed to your work calendar, which is why I mentioned that first. Meeter will ask your permission to read your calendar, read your contacts, and send you alerts. No spam is involved, so I approved everything.\n\nHere’s Zoom, Teams, and Skype, all one click away.",
        "files": [
            {
                "id": "F01ALAARN80",
                "created": 1598980000,
                "timestamp": 1598980000,
                "name": "image.png",
                "title": "image.png",
                "mimetype": "image\/png",
                "filetype": "png",
                "pretty_type": "PNG",
                "user": "U0NSCMBR8",
                "editable": false,
                "size": 70670,
                "mode": "hosted",
                "is_external": false,
                "external_type": "",
                "is_public": true,
                "public_url_shared": false,
                "display_as_bot": false,
                "username": "",
                "url_private": "https:\/\/files.slack.com\/files-pri\/T0D1XTUAD-F01ALAARN80\/image.png?t=xoxe-13065946353-1831014033124-1821760734405-0591b3003861d046a3fe606fb5f44814",
                "url_private_download": "https:\/\/files.slack.com\/files-pri\/T0D1XTUAD-F01ALAARN80\/download\/image.png?t=xoxe-13065946353-1831014033124-1821760734405-0591b3003861d046a3fe606fb5f44814",
                "thumb_64": "https:\/\/files.slack.com\/files-tmb\/T0D1XTUAD-F01ALAARN80-6428d5901f\/image_64.png?t=xoxe-13065946353-1831014033124-1821760734405-0591b3003861d046a3fe606fb5f44814",
                "thumb_80": "https:\/\/files.slack.com\/files-tmb\/T0D1XTUAD-F01ALAARN80-6428d5901f\/image_80.png?t=xoxe-13065946353-1831014033124-1821760734405-0591b3003861d046a3fe606fb5f44814",
                "thumb_360": "https:\/\/files.slack.com\/files-tmb\/T0D1XTUAD-F01ALAARN80-6428d5901f\/image_360.png?t=xoxe-13065946353-1831014033124-1821760734405-0591b3003861d046a3fe606fb5f44814",
                "thumb_360_w": 360,
                "thumb_360_h": 233,
                "thumb_480": "https:\/\/files.slack.com\/files-tmb\/T0D1XTUAD-F01ALAARN80-6428d5901f\/image_480.png?t=xoxe-13065946353-1831014033124-1821760734405-0591b3003861d046a3fe606fb5f44814",
                "thumb_480_w": 480,
                "thumb_480_h": 310,
                "thumb_160": "https:\/\/files.slack.com\/files-tmb\/T0D1XTUAD-F01ALAARN80-6428d5901f\/image_160.png?t=xoxe-13065946353-1831014033124-1821760734405-0591b3003861d046a3fe606fb5f44814",
                "original_w": 501,
                "original_h": 324,
                "thumb_tiny": "AwAfADC8oXHXr2x0p3yeg\/KkXOB06UvP+zQAfu\/QflS4T+6PypOf9mjn\/ZoARniU4IGfpUZ2u2VPAU5XFEmd\/WP8cUJkK+dn3f4cUASKOB8vajH+xQsibRz2psrbgNj7eeaAH\/8AAaPwphY7m+fg9KTccj95xjmgBXQHLbMn601V+V\/3e35euafE+1SHfJpWkTYee1AH\/9k=",
                "permalink": "https:\/\/kcwebteam.slack.com\/files\/U0NSCMBR8\/F01ALAARN80\/image.png",
                "permalink_public": "https:\/\/slack-files.com\/T0D1XTUAD-F01ALAARN80-4d7eb65da6",
                "is_starred": false,
                "has_rich_preview": false
            }
        ],
        "upload": false,
        "blocks": [
            {
                "type": "rich_text",
                "block_id": "CDl+S",
                "elements": [
                    {
                        "type": "rich_text_section",
                        "elements": [
                            {
                                "type": "text",
                                "text": "If you’re an Apple user, you can subscribe the Apple calendar to your work calendar, which is helpful even if you mostly use Outlook. Keep reading for an example of why it’s helpful.\n\nYou can subscribe (read-only) to a work calendar by opening the calendar via "
                            },
                            {
                                "type": "link",
                                "url": "http:\/\/outlook.kingcounty.gov",
                                "text": "outlook.kingcounty.gov"
                            },
                            {
                                "type": "text",
                                "text": " and using the share button to email yourself a link. On phone or iPad, just clicking that link should launch the option to subscribe. On a Mac that has Outlook as the default calendar, open Calendar.app, pick File > New Calendar Subscription, and paste in the URL.\n\nSo what? Why would you want this?\n\nIf you’re plagued by meetings happening in half a dozen different tools (Skype, Teams, Zoom, Hangouts, Meet, FaceTime, Holodeck, whatever), and you have an Apple device, check out the free tool “Meeter,” from the App Store. It looks through your calendar and consolidates all your meetings that have an online link, so you can just click and it’ll launch whatever needs to launch. No more digging through invites and emails for the links and instructions that aren’t Skype.\n\nIt does this by reading the Apple calendar, so you need to have the calendar on your computer and\/or phone subscribed to your work calendar, which is why I mentioned that first. Meeter will ask your permission to read your calendar, read your contacts, and send you alerts. No spam is involved, so I approved everything.\n\nHere’s Zoom, Teams, and Skype, all one click away."
                            }
                        ]
                    }
                ]
            }
        ],
        "user": "U0NSCMBR8",
        "display_as_bot": false,
        "ts": "1598980093.011100",
        "thread_ts": "1598980093.011100",
        "reply_count": 2,
        "reply_users_count": 2,
        "latest_reply": "1599061871.011800",
        "reply_users": [
            "UUW3W20AU",
            "U019DU219B4"
        ],
        "replies": [
            {
                "user": "UUW3W20AU",
                "ts": "1599014108.011600"
            },
            {
                "user": "U019DU219B4",
                "ts": "1599061871.011800"
            }
        ],
        "subscribed": false,
        "reactions": [
            {
                "name": "+1",
                "users": [
                    "U019DU219B4",
                    "U7EP7P2JW"
                ],
                "count": 2
            }
        ]
    },
    {
        "client_msg_id": "7aa8567f-0acd-41c8-a5cf-9c4df6bd1450",
        "type": "message",
        "text": "Will look into this. Thanks!",
        "user": "UUW3W20AU",
        "ts": "1599014108.011600",
        "team": "T0D1XTUAD",
        "user_team": "T0D1XTUAD",
        "source_team": "T0D1XTUAD",
        "user_profile": {
            "avatar_hash": "0c87430f5419",
            "image_72": "https:\/\/avatars.slack-edge.com\/2020-03-04\/984414387030_0c87430f5419d7de3cea_72.jpg",
            "first_name": "Elizabeth",
            "real_name": "Elizabeth Inglese",
            "display_name": "Tish",
            "team": "T0D1XTUAD",
            "name": "einglese",
            "is_restricted": false,
            "is_ultra_restricted": false
        },
        "blocks": [
            {
                "type": "rich_text",
                "block_id": "GJx",
                "elements": [
                    {
                        "type": "rich_text_section",
                        "elements": [
                            {
                                "type": "text",
                                "text": "Will look into this. Thanks!"
                            }
                        ]
                    }
                ]
            }
        ],
        "thread_ts": "1598980093.011100",
        "parent_user_id": "U0NSCMBR8"
    }
]