[
    {
        "type": "message",
        "text": "Not sure if you're all aware, but THIS is <@UUJNAHXB5> new desk\/fort\/bunkbed combo room at his new house in Everett!",
        "files": [
            {
                "id": "F01FY6X2DAP",
                "created": 1606866960,
                "timestamp": 1606866960,
                "name": "1667730_13_0.jpg",
                "title": "1667730_13_0.jpg",
                "mimetype": "image\/jpeg",
                "filetype": "jpg",
                "pretty_type": "JPEG",
                "user": "UUW3W20AU",
                "editable": false,
                "size": 191846,
                "mode": "hosted",
                "is_external": false,
                "external_type": "",
                "is_public": true,
                "public_url_shared": false,
                "display_as_bot": false,
                "username": "",
                "url_private": "https:\/\/files.slack.com\/files-pri\/T0D1XTUAD-F01FY6X2DAP\/1667730_13_0.jpg?t=xoxe-13065946353-1831014033124-1821760734405-0591b3003861d046a3fe606fb5f44814",
                "url_private_download": "https:\/\/files.slack.com\/files-pri\/T0D1XTUAD-F01FY6X2DAP\/download\/1667730_13_0.jpg?t=xoxe-13065946353-1831014033124-1821760734405-0591b3003861d046a3fe606fb5f44814",
                "thumb_64": "https:\/\/files.slack.com\/files-tmb\/T0D1XTUAD-F01FY6X2DAP-032d40f8fd\/1667730_13_0_64.jpg?t=xoxe-13065946353-1831014033124-1821760734405-0591b3003861d046a3fe606fb5f44814",
                "thumb_80": "https:\/\/files.slack.com\/files-tmb\/T0D1XTUAD-F01FY6X2DAP-032d40f8fd\/1667730_13_0_80.jpg?t=xoxe-13065946353-1831014033124-1821760734405-0591b3003861d046a3fe606fb5f44814",
                "thumb_360": "https:\/\/files.slack.com\/files-tmb\/T0D1XTUAD-F01FY6X2DAP-032d40f8fd\/1667730_13_0_360.jpg?t=xoxe-13065946353-1831014033124-1821760734405-0591b3003861d046a3fe606fb5f44814",
                "thumb_360_w": 360,
                "thumb_360_h": 240,
                "thumb_480": "https:\/\/files.slack.com\/files-tmb\/T0D1XTUAD-F01FY6X2DAP-032d40f8fd\/1667730_13_0_480.jpg?t=xoxe-13065946353-1831014033124-1821760734405-0591b3003861d046a3fe606fb5f44814",
                "thumb_480_w": 480,
                "thumb_480_h": 320,
                "thumb_160": "https:\/\/files.slack.com\/files-tmb\/T0D1XTUAD-F01FY6X2DAP-032d40f8fd\/1667730_13_0_160.jpg?t=xoxe-13065946353-1831014033124-1821760734405-0591b3003861d046a3fe606fb5f44814",
                "thumb_720": "https:\/\/files.slack.com\/files-tmb\/T0D1XTUAD-F01FY6X2DAP-032d40f8fd\/1667730_13_0_720.jpg?t=xoxe-13065946353-1831014033124-1821760734405-0591b3003861d046a3fe606fb5f44814",
                "thumb_720_w": 720,
                "thumb_720_h": 479,
                "thumb_800": "https:\/\/files.slack.com\/files-tmb\/T0D1XTUAD-F01FY6X2DAP-032d40f8fd\/1667730_13_0_800.jpg?t=xoxe-13065946353-1831014033124-1821760734405-0591b3003861d046a3fe606fb5f44814",
                "thumb_800_w": 800,
                "thumb_800_h": 533,
                "thumb_960": "https:\/\/files.slack.com\/files-tmb\/T0D1XTUAD-F01FY6X2DAP-032d40f8fd\/1667730_13_0_960.jpg?t=xoxe-13065946353-1831014033124-1821760734405-0591b3003861d046a3fe606fb5f44814",
                "thumb_960_w": 960,
                "thumb_960_h": 639,
                "thumb_1024": "https:\/\/files.slack.com\/files-tmb\/T0D1XTUAD-F01FY6X2DAP-032d40f8fd\/1667730_13_0_1024.jpg?t=xoxe-13065946353-1831014033124-1821760734405-0591b3003861d046a3fe606fb5f44814",
                "thumb_1024_w": 1024,
                "thumb_1024_h": 682,
                "original_w": 1086,
                "original_h": 723,
                "thumb_tiny": "AwAfADCVc7sAg\/SnCQlto5OM0wf6xvzo2BWLBj0xSAl+Y0YbtVWOX\/StmSeO5p9wxV49pxlueaAJcktgkfhSMKZHwTnoKc0iA4LAH3oGND5JOw\/limvuZSOmakLU3rQBFFHtn3nuKmniaVkIIAU5570oA70bvSgBGBUHggnvnIqBwN3zt8\/arBOeKhkjBwQOaQH\/2Q==",
                "permalink": "https:\/\/kcwebteam.slack.com\/files\/UUW3W20AU\/F01FY6X2DAP\/1667730_13_0.jpg",
                "permalink_public": "https:\/\/slack-files.com\/T0D1XTUAD-F01FY6X2DAP-2b053829ad",
                "is_starred": false,
                "has_rich_preview": false
            }
        ],
        "upload": false,
        "blocks": [
            {
                "type": "rich_text",
                "block_id": "aDEC",
                "elements": [
                    {
                        "type": "rich_text_section",
                        "elements": [
                            {
                                "type": "text",
                                "text": "Not sure if you're all aware, but THIS is "
                            },
                            {
                                "type": "user",
                                "user_id": "UUJNAHXB5"
                            },
                            {
                                "type": "text",
                                "text": " new desk\/fort\/bunkbed combo room at his new house in Everett!"
                            }
                        ]
                    }
                ]
            }
        ],
        "user": "UUW3W20AU",
        "display_as_bot": false,
        "ts": "1606866973.008200",
        "thread_ts": "1606866973.008200",
        "reply_count": 1,
        "reply_users_count": 1,
        "latest_reply": "1606867071.008500",
        "reply_users": [
            "U0NSCMBR8"
        ],
        "replies": [
            {
                "user": "U0NSCMBR8",
                "ts": "1606867071.008500"
            }
        ],
        "subscribed": false,
        "reactions": [
            {
                "name": "nana",
                "users": [
                    "U019DU219B4"
                ],
                "count": 1
            }
        ]
    },
    {
        "client_msg_id": "b3a77598-e266-4098-ba87-896e406a6e09",
        "type": "message",
        "text": "Wow! Lots of shelves for donuts.",
        "user": "U0NSCMBR8",
        "ts": "1606867071.008500",
        "team": "T0D1XTUAD",
        "user_team": "T0D1XTUAD",
        "source_team": "T0D1XTUAD",
        "user_profile": {
            "avatar_hash": "28a69ac871a0",
            "image_72": "https:\/\/avatars.slack-edge.com\/2016-02-24\/22896597253_28a69ac871a00b39b963_72.jpg",
            "first_name": "Al",
            "real_name": "Al Boss",
            "display_name": "",
            "team": "T0D1XTUAD",
            "name": "alboss",
            "is_restricted": false,
            "is_ultra_restricted": false
        },
        "blocks": [
            {
                "type": "rich_text",
                "block_id": "AyL",
                "elements": [
                    {
                        "type": "rich_text_section",
                        "elements": [
                            {
                                "type": "text",
                                "text": "Wow! Lots of shelves for donuts."
                            }
                        ]
                    }
                ]
            }
        ],
        "thread_ts": "1606866973.008200",
        "parent_user_id": "UUW3W20AU",
        "reactions": [
            {
                "name": "doughnut",
                "users": [
                    "U019DU219B4",
                    "U7EP7P2JW"
                ],
                "count": 2
            },
            {
                "name": "rolling_on_the_floor_laughing",
                "users": [
                    "UUW3W20AU"
                ],
                "count": 1
            }
        ]
    }
]