[
    {
        "client_msg_id": "b78d733d-01a1-4421-ae14-2e996dcae542",
        "type": "message",
        "text": "Just sayin' ...\n<https:\/\/www.geekwire.com\/2020\/seattle-startup-shifted-4-day-work-week-due-pandemic-heres-happened\/?mc_cid=e77e899561&amp;mc_eid=56e16f758f>",
        "user": "UUW3W20AU",
        "ts": "1598555898.001000",
        "team": "T0D1XTUAD",
        "user_team": "T0D1XTUAD",
        "source_team": "T0D1XTUAD",
        "user_profile": {
            "avatar_hash": "0c87430f5419",
            "image_72": "https:\/\/avatars.slack-edge.com\/2020-03-04\/984414387030_0c87430f5419d7de3cea_72.jpg",
            "first_name": "Elizabeth",
            "real_name": "Elizabeth Inglese",
            "display_name": "Tish",
            "team": "T0D1XTUAD",
            "name": "einglese",
            "is_restricted": false,
            "is_ultra_restricted": false
        },
        "attachments": [
            {
                "service_name": "GeekWire",
                "title": "This Seattle startup shifted to a 4-day work week due to the pandemic — here’s what happened",
                "title_link": "https:\/\/www.geekwire.com\/2020\/seattle-startup-shifted-4-day-work-week-due-pandemic-heres-happened\/?mc_cid=e77e899561&mc_eid=56e16f758f",
                "text": "The pandemic is changing the way we think about work — not only where, but on what days. Seattle startup Volt already shifted to a remote work policy in early March as COVID-19 began spreading across…",
                "fallback": "GeekWire: This Seattle startup shifted to a 4-day work week due to the pandemic — here’s what happened",
                "image_url": "https:\/\/cdn.geekwire.com\/wp-content\/uploads\/2020\/05\/Dan-Giuliani.jpg",
                "image_width": 250,
                "image_height": 250,
                "ts": 1598463420,
                "from_url": "https:\/\/www.geekwire.com\/2020\/seattle-startup-shifted-4-day-work-week-due-pandemic-heres-happened\/?mc_cid=e77e899561&mc_eid=56e16f758f",
                "image_bytes": 1663233,
                "service_icon": "https:\/\/www.geekwire.com\/apple-touch-icon-57x57.png",
                "id": 1,
                "original_url": "https:\/\/www.geekwire.com\/2020\/seattle-startup-shifted-4-day-work-week-due-pandemic-heres-happened\/?mc_cid=e77e899561&amp;mc_eid=56e16f758f"
            }
        ],
        "blocks": [
            {
                "type": "rich_text",
                "block_id": "aDGO",
                "elements": [
                    {
                        "type": "rich_text_section",
                        "elements": [
                            {
                                "type": "text",
                                "text": "Just sayin' ...\n"
                            },
                            {
                                "type": "link",
                                "url": "https:\/\/www.geekwire.com\/2020\/seattle-startup-shifted-4-day-work-week-due-pandemic-heres-happened\/?mc_cid=e77e899561&mc_eid=56e16f758f"
                            }
                        ]
                    }
                ]
            }
        ],
        "thread_ts": "1598555898.001000",
        "reply_count": 1,
        "reply_users_count": 1,
        "latest_reply": "1598556061.001300",
        "reply_users": [
            "U0NSCMBR8"
        ],
        "replies": [
            {
                "user": "U0NSCMBR8",
                "ts": "1598556061.001300"
            }
        ],
        "subscribed": false
    },
    {
        "client_msg_id": "F184CEB7-9DE8-475B-B5D3-A0877CB972D2",
        "type": "message",
        "text": "Duh.",
        "user": "U0NSCMBR8",
        "ts": "1598556061.001300",
        "team": "T0D1XTUAD",
        "user_team": "T0D1XTUAD",
        "source_team": "T0D1XTUAD",
        "user_profile": {
            "avatar_hash": "28a69ac871a0",
            "image_72": "https:\/\/avatars.slack-edge.com\/2016-02-24\/22896597253_28a69ac871a00b39b963_72.jpg",
            "first_name": "Al",
            "real_name": "Al Boss",
            "display_name": "",
            "team": "T0D1XTUAD",
            "name": "alboss",
            "is_restricted": false,
            "is_ultra_restricted": false
        },
        "blocks": [
            {
                "type": "rich_text",
                "block_id": "7bDn",
                "elements": [
                    {
                        "type": "rich_text_section",
                        "elements": [
                            {
                                "type": "text",
                                "text": "Duh."
                            }
                        ]
                    }
                ]
            }
        ],
        "thread_ts": "1598555898.001000",
        "parent_user_id": "UUW3W20AU"
    },
    {
        "client_msg_id": "0ee34f47-08cf-4ac8-a2cb-b73fc887ced6",
        "type": "message",
        "text": "According to this article, Google offered a $1,000 stipend to it's employees for work-from-home gear ...\n<https:\/\/www.geekwire.com\/2020\/seattle-area-startup-ditched-physical-office-means-future-work\/>",
        "user": "UUW3W20AU",
        "ts": "1598556709.002100",
        "team": "T0D1XTUAD",
        "user_team": "T0D1XTUAD",
        "source_team": "T0D1XTUAD",
        "user_profile": {
            "avatar_hash": "0c87430f5419",
            "image_72": "https:\/\/avatars.slack-edge.com\/2020-03-04\/984414387030_0c87430f5419d7de3cea_72.jpg",
            "first_name": "Elizabeth",
            "real_name": "Elizabeth Inglese",
            "display_name": "Tish",
            "team": "T0D1XTUAD",
            "name": "einglese",
            "is_restricted": false,
            "is_ultra_restricted": false
        },
        "attachments": [
            {
                "service_name": "GeekWire",
                "title": "Why this Seattle-area startup ditched its physical office — and what it means for the future of work",
                "title_link": "https:\/\/www.geekwire.com\/2020\/seattle-area-startup-ditched-physical-office-means-future-work\/",
                "text": "With no end in sight to the COVID-19 pandemic and the transition to work-from-home going smoothly, Tagboard faced a dilemma: keep paying rent for the company's existing office space…",
                "fallback": "GeekWire: Why this Seattle-area startup ditched its physical office — and what it means for the future of work",
                "image_url": "https:\/\/cdn.geekwire.com\/wp-content\/uploads\/2020\/07\/IMG_8916-rotated.jpg",
                "image_width": 333,
                "image_height": 250,
                "ts": 1594314000,
                "from_url": "https:\/\/www.geekwire.com\/2020\/seattle-area-startup-ditched-physical-office-means-future-work\/",
                "image_bytes": 1716022,
                "service_icon": "https:\/\/www.geekwire.com\/apple-touch-icon-57x57.png",
                "id": 1,
                "original_url": "https:\/\/www.geekwire.com\/2020\/seattle-area-startup-ditched-physical-office-means-future-work\/"
            }
        ],
        "blocks": [
            {
                "type": "rich_text",
                "block_id": "3j0P",
                "elements": [
                    {
                        "type": "rich_text_section",
                        "elements": [
                            {
                                "type": "text",
                                "text": "According to this article, Google offered a $1,000 stipend to it's employees for work-from-home gear ...\n"
                            },
                            {
                                "type": "link",
                                "url": "https:\/\/www.geekwire.com\/2020\/seattle-area-startup-ditched-physical-office-means-future-work\/"
                            }
                        ]
                    }
                ]
            }
        ]
    },
    {
        "client_msg_id": "0fb51deb-0af3-458b-9e3a-2d604196eaf5",
        "type": "message",
        "text": "Slack CEO Stewart Butterfield talks about what the future of work looks like -\n<https:\/\/twitter.com\/intent\/like?ref_src=twsrc%5Etfw%7Ctwcamp%5Etweetembed%7Ctwterm%5E1280924575744823298%7Ctwgr%5E&amp;ref_url=https%3A%2F%2Fwww.geekwire.com%2F2020%2Fseattle-area-startup-ditched-physical-office-means-future-work%2F&amp;tweet_id=1280924575744823298>",
        "user": "UUW3W20AU",
        "ts": "1598556976.002700",
        "team": "T0D1XTUAD",
        "user_team": "T0D1XTUAD",
        "source_team": "T0D1XTUAD",
        "user_profile": {
            "avatar_hash": "0c87430f5419",
            "image_72": "https:\/\/avatars.slack-edge.com\/2020-03-04\/984414387030_0c87430f5419d7de3cea_72.jpg",
            "first_name": "Elizabeth",
            "real_name": "Elizabeth Inglese",
            "display_name": "Tish",
            "team": "T0D1XTUAD",
            "name": "einglese",
            "is_restricted": false,
            "is_ultra_restricted": false
        },
        "blocks": [
            {
                "type": "rich_text",
                "block_id": "1AVZw",
                "elements": [
                    {
                        "type": "rich_text_section",
                        "elements": [
                            {
                                "type": "text",
                                "text": "Slack CEO Stewart Butterfield talks about what the future of work looks like -\n"
                            },
                            {
                                "type": "link",
                                "url": "https:\/\/twitter.com\/intent\/like?ref_src=twsrc%5Etfw%7Ctwcamp%5Etweetembed%7Ctwterm%5E1280924575744823298%7Ctwgr%5E&ref_url=https%3A%2F%2Fwww.geekwire.com%2F2020%2Fseattle-area-startup-ditched-physical-office-means-future-work%2F&tweet_id=1280924575744823298"
                            }
                        ]
                    }
                ]
            }
        ]
    },
    {
        "client_msg_id": "75d7f5a0-6bb8-4f87-b154-51a6ad2e9036",
        "type": "message",
        "text": "Households that struggle with bandwidth (aka “households”) might benefit from this Chrome plugin that automatically helps keep YouTube from sending video in a ridiculously high-quality format that you don’t need.\n\nSimilar plugins exist for all the Chromium-based browsers (MS Edge, Vivaldi, Opera, etc.), Firefox, and Safari. (Safari’s plugin was harder to find. Search the Mac App Store for _Yuki Ad Blocker+ for YouTube_.)\n\n<https:\/\/chrome.google.com\/webstore\/search\/Automatic%204K%2FHD?hl=en-US|https:\/\/chrome.google.com\/webstore\/search\/Automatic%204K%2FHD?hl=en-US>",
        "user": "U0NSCMBR8",
        "ts": "1598559035.004700",
        "team": "T0D1XTUAD",
        "user_team": "T0D1XTUAD",
        "source_team": "T0D1XTUAD",
        "user_profile": {
            "avatar_hash": "28a69ac871a0",
            "image_72": "https:\/\/avatars.slack-edge.com\/2016-02-24\/22896597253_28a69ac871a00b39b963_72.jpg",
            "first_name": "Al",
            "real_name": "Al Boss",
            "display_name": "",
            "team": "T0D1XTUAD",
            "name": "alboss",
            "is_restricted": false,
            "is_ultra_restricted": false
        },
        "edited": {
            "user": "U0NSCMBR8",
            "ts": "1598589019.000000"
        },
        "attachments": [
            {
                "title": "Chrome Web Store",
                "title_link": "https:\/\/chrome.google.com\/webstore\/search\/Automatic%204K%2FHD?hl=en-US",
                "text": "Discover great apps, games, extensions and themes for Google Chrome.",
                "fallback": "Chrome Web Store",
                "from_url": "https:\/\/chrome.google.com\/webstore\/search\/Automatic%204K%2FHD?hl=en-US",
                "thumb_url": "https:\/\/ssl.gstatic.com\/chrome\/webstore\/images\/chrome_web_store-128.png",
                "thumb_width": 128,
                "thumb_height": 128,
                "service_icon": "https:\/\/www.google.com\/images\/icons\/product\/chrome_web_store-32.png",
                "service_name": "chrome.google.com",
                "id": 1,
                "original_url": "https:\/\/chrome.google.com\/webstore\/search\/Automatic%204K%2FHD?hl=en-US"
            }
        ],
        "blocks": [
            {
                "type": "rich_text",
                "block_id": "AqDQ",
                "elements": [
                    {
                        "type": "rich_text_section",
                        "elements": [
                            {
                                "type": "text",
                                "text": "Households that struggle with bandwidth (aka “households”) might benefit from this Chrome plugin that automatically helps keep YouTube from sending video in a ridiculously high-quality format that you don’t need.\n\nSimilar plugins exist for all the Chromium-based browsers (MS Edge, Vivaldi, Opera, etc.), Firefox, and Safari. (Safari’s plugin was harder to find. Search the Mac App Store for "
                            },
                            {
                                "type": "text",
                                "text": "Yuki Ad Blocker+ for YouTube",
                                "style": {
                                    "italic": true
                                }
                            },
                            {
                                "type": "text",
                                "text": ".)\n\n"
                            },
                            {
                                "type": "link",
                                "url": "https:\/\/chrome.google.com\/webstore\/search\/Automatic%204K%2FHD?hl=en-US",
                                "text": "https:\/\/chrome.google.com\/webstore\/search\/Automatic%204K%2FHD?hl=en-US"
                            }
                        ]
                    }
                ]
            }
        ]
    }
]