[
    {
        "client_msg_id": "97d12697-3920-45f5-93e4-3014f61a5c82",
        "type": "message",
        "text": "In case you didn’t see this: <https:\/\/www.harpersbazaar.com\/culture\/travel-dining\/a33297300\/barbados-covid\/>",
        "user": "U0NSCMBR8",
        "ts": "1594934273.047700",
        "team": "T0D1XTUAD",
        "user_team": "T0D1XTUAD",
        "source_team": "T0D1XTUAD",
        "user_profile": {
            "avatar_hash": "28a69ac871a0",
            "image_72": "https:\/\/avatars.slack-edge.com\/2016-02-24\/22896597253_28a69ac871a00b39b963_72.jpg",
            "first_name": "Al",
            "real_name": "Al Boss",
            "display_name": "",
            "team": "T0D1XTUAD",
            "name": "alboss",
            "is_restricted": false,
            "is_ultra_restricted": false
        },
        "attachments": [
            {
                "service_name": "Harper's BAZAAR",
                "title": "Barbados Wants You to Work Remotely from the Beach—for a Year",
                "title_link": "https:\/\/www.harpersbazaar.com\/culture\/travel-dining\/a33297300\/barbados-covid\/",
                "text": "And just like that: Working remotely never sounded so dreamy.",
                "fallback": "Harper's BAZAAR: Barbados Wants You to Work Remotely from the Beach—for a Year",
                "image_url": "https:\/\/hips.hearstapps.com\/hmg-prod.s3.amazonaws.com\/images\/gettyimages-911699158-1594652882.jpg?crop=1.00xw:0.788xh;0,0.0504xh&resize=1200:*",
                "image_width": 498,
                "image_height": 250,
                "ts": 1594635960,
                "from_url": "https:\/\/www.harpersbazaar.com\/culture\/travel-dining\/a33297300\/barbados-covid\/",
                "image_bytes": 156008,
                "id": 1,
                "original_url": "https:\/\/www.harpersbazaar.com\/culture\/travel-dining\/a33297300\/barbados-covid\/"
            }
        ],
        "blocks": [
            {
                "type": "rich_text",
                "block_id": "+51",
                "elements": [
                    {
                        "type": "rich_text_section",
                        "elements": [
                            {
                                "type": "text",
                                "text": "In case you didn’t see this: "
                            },
                            {
                                "type": "link",
                                "url": "https:\/\/www.harpersbazaar.com\/culture\/travel-dining\/a33297300\/barbados-covid\/"
                            }
                        ]
                    }
                ]
            }
        ],
        "reactions": [
            {
                "name": "hushed",
                "users": [
                    "UUW3W20AU"
                ],
                "count": 1
            }
        ]
    },
    {
        "client_msg_id": "19c544ff-bc53-404f-bbb7-cd6f59d665d4",
        "type": "message",
        "text": ":star-struck:",
        "user": "UTV659Z8X",
        "ts": "1594934327.048000",
        "team": "T0D1XTUAD",
        "user_team": "T0D1XTUAD",
        "source_team": "T0D1XTUAD",
        "user_profile": {
            "avatar_hash": "gcdcd1928542",
            "image_72": "https:\/\/secure.gravatar.com\/avatar\/cdcd1928542317a9b98db6f980dc1212.jpg?s=72&d=https%3A%2F%2Fa.slack-edge.com%2Fdf10d%2Fimg%2Favatars%2Fava_0021-72.png",
            "first_name": "",
            "real_name": "Joy Cordell",
            "display_name": "Joy Cordell",
            "team": "T0D1XTUAD",
            "name": "n-jcordell",
            "is_restricted": false,
            "is_ultra_restricted": false
        },
        "blocks": [
            {
                "type": "rich_text",
                "block_id": "E0wP",
                "elements": [
                    {
                        "type": "rich_text_section",
                        "elements": [
                            {
                                "type": "emoji",
                                "name": "star-struck"
                            }
                        ]
                    }
                ]
            }
        ]
    }
]