[
    {
        "client_msg_id": "bf41c49b-35f1-43f9-96c9-79eeb2229a73",
        "type": "message",
        "text": "<@UTV659Z8X>, <@U7EP7P2JW> I'm wondering about all of these \"operating\/overhead\" costs we're personally absorbing due to telework. Normally the county would be footing the bill for our water and TP and electricity usage during the week days. I wonder if there will there be some sort of work from home tax credit, or standardized deduction for those who worked from home x amount of hours or more during 2020.",
        "user": "UUW3W20AU",
        "ts": "1594152941.030000",
        "team": "T0D1XTUAD",
        "user_team": "T0D1XTUAD",
        "source_team": "T0D1XTUAD",
        "user_profile": {
            "avatar_hash": "0c87430f5419",
            "image_72": "https:\/\/avatars.slack-edge.com\/2020-03-04\/984414387030_0c87430f5419d7de3cea_72.jpg",
            "first_name": "Elizabeth",
            "real_name": "Elizabeth Inglese",
            "display_name": "Tish",
            "team": "T0D1XTUAD",
            "name": "einglese",
            "is_restricted": false,
            "is_ultra_restricted": false
        },
        "blocks": [
            {
                "type": "rich_text",
                "block_id": "zO9f",
                "elements": [
                    {
                        "type": "rich_text_section",
                        "elements": [
                            {
                                "type": "user",
                                "user_id": "UTV659Z8X"
                            },
                            {
                                "type": "text",
                                "text": ", "
                            },
                            {
                                "type": "user",
                                "user_id": "U7EP7P2JW"
                            },
                            {
                                "type": "text",
                                "text": " I'm wondering about all of these \"operating\/overhead\" costs we're personally absorbing due to telework. Normally the county would be footing the bill for our water and TP and electricity usage during the week days. I wonder if there will there be some sort of work from home tax credit, or standardized deduction for those who worked from home x amount of hours or more during 2020."
                            }
                        ]
                    }
                ]
            }
        ],
        "thread_ts": "1594152941.030000",
        "reply_count": 7,
        "reply_users_count": 4,
        "latest_reply": "1594154063.031300",
        "reply_users": [
            "U0NSCMBR8",
            "UUW3W20AU",
            "UTV659Z8X",
            "U7EP7P2JW"
        ],
        "replies": [
            {
                "user": "U0NSCMBR8",
                "ts": "1594153227.030100"
            },
            {
                "user": "UUW3W20AU",
                "ts": "1594153267.030300"
            },
            {
                "user": "U0NSCMBR8",
                "ts": "1594153446.030500"
            },
            {
                "user": "UTV659Z8X",
                "ts": "1594153647.030700"
            },
            {
                "user": "U7EP7P2JW",
                "ts": "1594153773.030900"
            },
            {
                "user": "UTV659Z8X",
                "ts": "1594153907.031100"
            },
            {
                "user": "UTV659Z8X",
                "ts": "1594154063.031300"
            }
        ],
        "subscribed": false
    },
    {
        "client_msg_id": "611f6267-3ddb-4f5e-938d-9370e3ecb7fc",
        "type": "message",
        "text": "That substanial tax credit and deduction is only available to members of congress, golf partners of the president, family members of the president, and people with a net worth over $2 billion.",
        "user": "U0NSCMBR8",
        "ts": "1594153227.030100",
        "team": "T0D1XTUAD",
        "user_team": "T0D1XTUAD",
        "source_team": "T0D1XTUAD",
        "user_profile": {
            "avatar_hash": "28a69ac871a0",
            "image_72": "https:\/\/avatars.slack-edge.com\/2016-02-24\/22896597253_28a69ac871a00b39b963_72.jpg",
            "first_name": "Al",
            "real_name": "Al Boss",
            "display_name": "",
            "team": "T0D1XTUAD",
            "name": "alboss",
            "is_restricted": false,
            "is_ultra_restricted": false
        },
        "blocks": [
            {
                "type": "rich_text",
                "block_id": "4Mm",
                "elements": [
                    {
                        "type": "rich_text_section",
                        "elements": [
                            {
                                "type": "text",
                                "text": "That substanial tax credit and deduction is only available to members of congress, golf partners of the president, family members of the president, and people with a net worth over $2 billion."
                            }
                        ]
                    }
                ]
            }
        ],
        "thread_ts": "1594152941.030000",
        "parent_user_id": "UUW3W20AU"
    },
    {
        "client_msg_id": "15b8545f-81e2-415e-957d-dcf6c1f1ff7c",
        "type": "message",
        "text": "Conveniently enough because those are the people who really need it. Those poor, poor people.",
        "user": "UUW3W20AU",
        "ts": "1594153267.030300",
        "team": "T0D1XTUAD",
        "user_team": "T0D1XTUAD",
        "source_team": "T0D1XTUAD",
        "user_profile": {
            "avatar_hash": "0c87430f5419",
            "image_72": "https:\/\/avatars.slack-edge.com\/2020-03-04\/984414387030_0c87430f5419d7de3cea_72.jpg",
            "first_name": "Elizabeth",
            "real_name": "Elizabeth Inglese",
            "display_name": "Tish",
            "team": "T0D1XTUAD",
            "name": "einglese",
            "is_restricted": false,
            "is_ultra_restricted": false
        },
        "blocks": [
            {
                "type": "rich_text",
                "block_id": "o1t",
                "elements": [
                    {
                        "type": "rich_text_section",
                        "elements": [
                            {
                                "type": "text",
                                "text": "Conveniently enough because those are the people who really need it. Those poor, poor people."
                            }
                        ]
                    }
                ]
            }
        ],
        "thread_ts": "1594152941.030000",
        "parent_user_id": "UUW3W20AU"
    },
    {
        "client_msg_id": "8b5d6a4a-ae16-40b1-905b-e06f839c4837",
        "type": "message",
        "text": "I know! They need that money to pay for the limo they’re using to deport their mothers and their gardeners.",
        "user": "U0NSCMBR8",
        "ts": "1594153446.030500",
        "team": "T0D1XTUAD",
        "user_team": "T0D1XTUAD",
        "source_team": "T0D1XTUAD",
        "user_profile": {
            "avatar_hash": "28a69ac871a0",
            "image_72": "https:\/\/avatars.slack-edge.com\/2016-02-24\/22896597253_28a69ac871a00b39b963_72.jpg",
            "first_name": "Al",
            "real_name": "Al Boss",
            "display_name": "",
            "team": "T0D1XTUAD",
            "name": "alboss",
            "is_restricted": false,
            "is_ultra_restricted": false
        },
        "blocks": [
            {
                "type": "rich_text",
                "block_id": "02iv",
                "elements": [
                    {
                        "type": "rich_text_section",
                        "elements": [
                            {
                                "type": "text",
                                "text": "I know! They need that money to pay for the limo they’re using to deport their mothers and their gardeners."
                            }
                        ]
                    }
                ]
            }
        ],
        "thread_ts": "1594152941.030000",
        "parent_user_id": "UUW3W20AU"
    },
    {
        "client_msg_id": "382c6713-02f1-4c8e-9eb3-f166fe39747e",
        "type": "message",
        "text": "that would be great. Many years ago (2000,2001) when I worked for Saltmine (we built websites), we had a technology budget of something like $550 to use to busy gear (I got a Pocket PC, which I still have, 8 mb of ram!). And then after that other companies gave me a budget to pay for internet access at home, for those times I needed to wfh. Wonder where that went?",
        "user": "UTV659Z8X",
        "ts": "1594153647.030700",
        "team": "T0D1XTUAD",
        "user_team": "T0D1XTUAD",
        "source_team": "T0D1XTUAD",
        "user_profile": {
            "avatar_hash": "gcdcd1928542",
            "image_72": "https:\/\/secure.gravatar.com\/avatar\/cdcd1928542317a9b98db6f980dc1212.jpg?s=72&d=https%3A%2F%2Fa.slack-edge.com%2Fdf10d%2Fimg%2Favatars%2Fava_0021-72.png",
            "first_name": "",
            "real_name": "Joy Cordell",
            "display_name": "Joy Cordell",
            "team": "T0D1XTUAD",
            "name": "n-jcordell",
            "is_restricted": false,
            "is_ultra_restricted": false
        },
        "blocks": [
            {
                "type": "rich_text",
                "block_id": "Mcew0",
                "elements": [
                    {
                        "type": "rich_text_section",
                        "elements": [
                            {
                                "type": "text",
                                "text": "that would be great. Many years ago (2000,2001) when I worked for Saltmine (we built websites), we had a technology budget of something like $550 to use to busy gear (I got a Pocket PC, which I still have, 8 mb of ram!). And then after that other companies gave me a budget to pay for internet access at home, for those times I needed to wfh. Wonder where that went?"
                            }
                        ]
                    }
                ]
            }
        ],
        "thread_ts": "1594152941.030000",
        "parent_user_id": "UUW3W20AU"
    },
    {
        "client_msg_id": "2d27dfe4-cbe5-43f1-beb5-46ddd12e5851",
        "type": "message",
        "text": "My guess is that if this becomes the norm, unions will try to negotiate a stipend for people working from home to compensate for home office costs (office supplies, tech, internet, etc.). I think you will be on your own for WSG and TP though. :wink:",
        "user": "U7EP7P2JW",
        "ts": "1594153773.030900",
        "team": "T0D1XTUAD",
        "user_team": "T0D1XTUAD",
        "source_team": "T0D1XTUAD",
        "user_profile": {
            "avatar_hash": "7fac73a9f68f",
            "image_72": "https:\/\/avatars.slack-edge.com\/2020-11-05\/1503307917168_7fac73a9f68f9db6dfe6_72.png",
            "first_name": "Rebecca",
            "real_name": "Rebecca Watson",
            "display_name": "rebecca",
            "team": "T0D1XTUAD",
            "name": "rebecca.watson",
            "is_restricted": false,
            "is_ultra_restricted": false
        },
        "blocks": [
            {
                "type": "rich_text",
                "block_id": "YyJb=",
                "elements": [
                    {
                        "type": "rich_text_section",
                        "elements": [
                            {
                                "type": "text",
                                "text": "My guess is that if this becomes the norm, unions will try to negotiate a stipend for people working from home to compensate for home office costs (office supplies, tech, internet, etc.). I think you will be on your own for WSG and TP though. "
                            },
                            {
                                "type": "emoji",
                                "name": "wink"
                            }
                        ]
                    }
                ]
            }
        ],
        "thread_ts": "1594152941.030000",
        "parent_user_id": "UUW3W20AU"
    },
    {
        "client_msg_id": "3ffd247b-0b48-4c15-bbe6-5f873600c27f",
        "type": "message",
        "text": "it will become a recruitment strategy, definitely",
        "user": "UTV659Z8X",
        "ts": "1594153907.031100",
        "team": "T0D1XTUAD",
        "user_team": "T0D1XTUAD",
        "source_team": "T0D1XTUAD",
        "user_profile": {
            "avatar_hash": "gcdcd1928542",
            "image_72": "https:\/\/secure.gravatar.com\/avatar\/cdcd1928542317a9b98db6f980dc1212.jpg?s=72&d=https%3A%2F%2Fa.slack-edge.com%2Fdf10d%2Fimg%2Favatars%2Fava_0021-72.png",
            "first_name": "",
            "real_name": "Joy Cordell",
            "display_name": "Joy Cordell",
            "team": "T0D1XTUAD",
            "name": "n-jcordell",
            "is_restricted": false,
            "is_ultra_restricted": false
        },
        "blocks": [
            {
                "type": "rich_text",
                "block_id": "MFu",
                "elements": [
                    {
                        "type": "rich_text_section",
                        "elements": [
                            {
                                "type": "text",
                                "text": "it will become a recruitment strategy, definitely"
                            }
                        ]
                    }
                ]
            }
        ],
        "thread_ts": "1594152941.030000",
        "parent_user_id": "UUW3W20AU"
    },
    {
        "client_msg_id": "1e7e6fc7-f12d-42a8-8198-d50aee10cbf8",
        "type": "message",
        "text": "We definitely are thinking of ways to get the water $$ down, like not running the water when we are brushing teeth, washing hands, etc.",
        "user": "UTV659Z8X",
        "ts": "1594154063.031300",
        "team": "T0D1XTUAD",
        "user_team": "T0D1XTUAD",
        "source_team": "T0D1XTUAD",
        "user_profile": {
            "avatar_hash": "gcdcd1928542",
            "image_72": "https:\/\/secure.gravatar.com\/avatar\/cdcd1928542317a9b98db6f980dc1212.jpg?s=72&d=https%3A%2F%2Fa.slack-edge.com%2Fdf10d%2Fimg%2Favatars%2Fava_0021-72.png",
            "first_name": "",
            "real_name": "Joy Cordell",
            "display_name": "Joy Cordell",
            "team": "T0D1XTUAD",
            "name": "n-jcordell",
            "is_restricted": false,
            "is_ultra_restricted": false
        },
        "blocks": [
            {
                "type": "rich_text",
                "block_id": "c6e",
                "elements": [
                    {
                        "type": "rich_text_section",
                        "elements": [
                            {
                                "type": "text",
                                "text": "We definitely are thinking of ways to get the water $$ down, like not running the water when we are brushing teeth, washing hands, etc."
                            }
                        ]
                    }
                ]
            }
        ],
        "thread_ts": "1594152941.030000",
        "parent_user_id": "UUW3W20AU"
    }
]