[
    {
        "client_msg_id": "5a179188-ad3d-491c-8fbd-be657a2a33d0",
        "type": "message",
        "text": "DCE shared computer users - can you confirm it’s location? Is it the computer in the cube across from Richard?",
        "user": "U7EP7P2JW",
        "ts": "1596470910.053600",
        "team": "T0D1XTUAD",
        "user_team": "T0D1XTUAD",
        "source_team": "T0D1XTUAD",
        "user_profile": {
            "avatar_hash": "7fac73a9f68f",
            "image_72": "https:\/\/avatars.slack-edge.com\/2020-11-05\/1503307917168_7fac73a9f68f9db6dfe6_72.png",
            "first_name": "Rebecca",
            "real_name": "Rebecca Watson",
            "display_name": "rebecca",
            "team": "T0D1XTUAD",
            "name": "rebecca.watson",
            "is_restricted": false,
            "is_ultra_restricted": false
        },
        "blocks": [
            {
                "type": "rich_text",
                "block_id": "j\/R",
                "elements": [
                    {
                        "type": "rich_text_section",
                        "elements": [
                            {
                                "type": "text",
                                "text": "DCE shared computer users - can you confirm it’s location? Is it the computer in the cube across from Richard?"
                            }
                        ]
                    }
                ]
            }
        ],
        "thread_ts": "1596470910.053600",
        "reply_count": 1,
        "reply_users_count": 1,
        "latest_reply": "1596471912.053700",
        "reply_users": [
            "U7EP7P2JW"
        ],
        "replies": [
            {
                "user": "U7EP7P2JW",
                "ts": "1596471912.053700"
            }
        ],
        "subscribed": false
    },
    {
        "client_msg_id": "632f411b-99b1-4961-88ab-eecb42546be5",
        "type": "message",
        "text": "Laurel confirmed via email.",
        "user": "U7EP7P2JW",
        "ts": "1596471912.053700",
        "team": "T0D1XTUAD",
        "user_team": "T0D1XTUAD",
        "source_team": "T0D1XTUAD",
        "user_profile": {
            "avatar_hash": "7fac73a9f68f",
            "image_72": "https:\/\/avatars.slack-edge.com\/2020-11-05\/1503307917168_7fac73a9f68f9db6dfe6_72.png",
            "first_name": "Rebecca",
            "real_name": "Rebecca Watson",
            "display_name": "rebecca",
            "team": "T0D1XTUAD",
            "name": "rebecca.watson",
            "is_restricted": false,
            "is_ultra_restricted": false
        },
        "blocks": [
            {
                "type": "rich_text",
                "block_id": "j8KB",
                "elements": [
                    {
                        "type": "rich_text_section",
                        "elements": [
                            {
                                "type": "text",
                                "text": "Laurel confirmed via email."
                            }
                        ]
                    }
                ]
            }
        ],
        "thread_ts": "1596470910.053600",
        "parent_user_id": "U7EP7P2JW",
        "reactions": [
            {
                "name": "+1",
                "users": [
                    "UFDNKQCU9"
                ],
                "count": 1
            }
        ]
    }
]