[
    {
        "type": "message",
        "subtype": "channel_join",
        "ts": "1584631197.000200",
        "user": "U0NSCMBR8",
        "text": "<@U0NSCMBR8> has joined the channel"
    },
    {
        "type": "message",
        "subtype": "channel_purpose",
        "ts": "1584631197.000300",
        "user": "U0NSCMBR8",
        "text": "<@U0NSCMBR8> set the channel purpose: Tips and ideas and discussions about the new normal",
        "purpose": "Tips and ideas and discussions about the new normal"
    },
    {
        "type": "message",
        "subtype": "channel_join",
        "ts": "1584631222.000500",
        "user": "U01068RE77Z",
        "text": "<@U01068RE77Z> has joined the channel",
        "inviter": "U0NSCMBR8"
    },
    {
        "client_msg_id": "D41BE960-4210-4456-8749-DC1E57128322",
        "type": "message",
        "text": "<https:\/\/www.cnet.com\/news\/working-from-home-add-a-portable-second-monitor-to-your-laptop-for-179\/|https:\/\/www.cnet.com\/news\/working-from-home-add-a-portable-second-monitor-to-your-laptop-for-179\/> \n\nI’m not getting one of these but it’s pretty cool—a second laptop monitor that attaches to the back of the screen and slides out when you need it.",
        "user": "U0NSCMBR8",
        "ts": "1584631298.002400",
        "team": "T0D1XTUAD",
        "user_team": "T0D1XTUAD",
        "source_team": "T0D1XTUAD",
        "user_profile": {
            "avatar_hash": "28a69ac871a0",
            "image_72": "https:\/\/avatars.slack-edge.com\/2016-02-24\/22896597253_28a69ac871a00b39b963_72.jpg",
            "first_name": "Al",
            "real_name": "Al Boss",
            "display_name": "",
            "team": "T0D1XTUAD",
            "name": "alboss",
            "is_restricted": false,
            "is_ultra_restricted": false
        },
        "edited": {
            "user": "U0NSCMBR8",
            "ts": "1584631314.000000"
        },
        "attachments": [
            {
                "service_name": "CNET",
                "title": "Working from home? Add a portable second monitor for $179",
                "title_link": "https:\/\/www.cnet.com\/news\/working-from-home-add-a-portable-second-monitor-to-your-laptop-for-179\/",
                "text": "Normally $250, the popular Duex Pro offers an ingenious slide-out screen.",
                "fallback": "CNET: Working from home? Add a portable second monitor for $179",
                "image_url": "https:\/\/cnet3.cbsistatic.com\/img\/MlmYeG7W47wQmoO_vcwHJTR2EnU=\/756x567\/2020\/03\/19\/453f3414-5827-4eda-8060-f578e9fc69a1\/mobile-pixels-duex-pro.jpg",
                "from_url": "https:\/\/www.cnet.com\/news\/working-from-home-add-a-portable-second-monitor-to-your-laptop-for-179\/",
                "image_width": 333,
                "image_height": 250,
                "image_bytes": 73800,
                "service_icon": "https:\/\/cnet1.cbsistatic.com\/fly\/bundles\/cnetcss\/images\/core\/icon\/apple-touch-icon-57.png",
                "id": 1,
                "original_url": "https:\/\/www.cnet.com\/news\/working-from-home-add-a-portable-second-monitor-to-your-laptop-for-179\/"
            }
        ],
        "blocks": [
            {
                "type": "rich_text",
                "block_id": "cV3",
                "elements": [
                    {
                        "type": "rich_text_section",
                        "elements": [
                            {
                                "type": "link",
                                "url": "https:\/\/www.cnet.com\/news\/working-from-home-add-a-portable-second-monitor-to-your-laptop-for-179\/",
                                "text": "https:\/\/www.cnet.com\/news\/working-from-home-add-a-portable-second-monitor-to-your-laptop-for-179\/"
                            },
                            {
                                "type": "text",
                                "text": " \n\nI’m not getting one of these but it’s pretty cool—a second laptop monitor that attaches to the back of the screen and slides out when you need it."
                            }
                        ]
                    }
                ]
            }
        ]
    },
    {
        "type": "message",
        "subtype": "channel_join",
        "ts": "1584648223.002800",
        "user": "U7EP7P2JW",
        "text": "<@U7EP7P2JW> has joined the channel"
    }
]