[
    {
        "client_msg_id": "4f0d461b-f59c-4fa5-8555-edd1fdcee8d7",
        "type": "message",
        "text": "These are all very handy. I'm copying and pasting into a cheat sheet for myself.",
        "user": "UUW3W20AU",
        "ts": "1604099475.007400",
        "team": "T0D1XTUAD",
        "user_team": "T0D1XTUAD",
        "source_team": "T0D1XTUAD",
        "user_profile": {
            "avatar_hash": "0c87430f5419",
            "image_72": "https:\/\/avatars.slack-edge.com\/2020-03-04\/984414387030_0c87430f5419d7de3cea_72.jpg",
            "first_name": "Elizabeth",
            "real_name": "Elizabeth Inglese",
            "display_name": "Tish",
            "team": "T0D1XTUAD",
            "name": "einglese",
            "is_restricted": false,
            "is_ultra_restricted": false
        },
        "blocks": [
            {
                "type": "rich_text",
                "block_id": "aLh",
                "elements": [
                    {
                        "type": "rich_text_section",
                        "elements": [
                            {
                                "type": "text",
                                "text": "These are all very handy. I'm copying and pasting into a cheat sheet for myself."
                            }
                        ]
                    }
                ]
            }
        ],
        "thread_ts": "1602709375.004100",
        "parent_user_id": "U0NSCMBR8"
    }
]