[
    {
        "client_msg_id": "1027af19-9681-4ca0-ab51-0ef09e3b77cb",
        "type": "message",
        "text": "We've taken to referring to Sunshine as our \"assistant\".",
        "user": "U5Y0B4XC3",
        "ts": "1612546544.003200",
        "team": "T0D1XTUAD",
        "user_team": "T0D1XTUAD",
        "source_team": "T0D1XTUAD",
        "user_profile": {
            "avatar_hash": "da718d235064",
            "image_72": "https:\/\/avatars.slack-edge.com\/2019-05-20\/629478633218_da718d2350648f939113_72.jpg",
            "first_name": "Pam",
            "real_name": "Pam Shales",
            "display_name": "Pam Shales",
            "team": "T0D1XTUAD",
            "name": "pshales",
            "is_restricted": false,
            "is_ultra_restricted": false
        },
        "blocks": [
            {
                "type": "rich_text",
                "block_id": "sgb",
                "elements": [
                    {
                        "type": "rich_text_section",
                        "elements": [
                            {
                                "type": "text",
                                "text": "We've taken to referring to Sunshine as our \"assistant\"."
                            }
                        ]
                    }
                ]
            }
        ],
        "reactions": [
            {
                "name": "dog-cute",
                "users": [
                    "UUJNECG67"
                ],
                "count": 1
            },
            {
                "name": "rolling_on_the_floor_laughing",
                "users": [
                    "UUW3W20AU"
                ],
                "count": 1
            }
        ]
    }
]