[
    {
        "client_msg_id": "e9a86991-10df-423f-aead-38e4c00ac2d1",
        "type": "message",
        "text": "“The idea is that you have just one minute to say hello to the other person, before you then both sit in silence and do your work for 50 minutes.” “hi there. ok now shut up”\n<https:\/\/www.bbc.com\/news\/business-56083631>",
        "user": "U0D1V0DPG",
        "ts": "1614196338.001900",
        "team": "T0D1XTUAD",
        "user_team": "T0D1XTUAD",
        "source_team": "T0D1XTUAD",
        "user_profile": {
            "avatar_hash": "444d12cac49a",
            "image_72": "https:\/\/avatars.slack-edge.com\/2020-04-20\/1073909907794_444d12cac49a8d89b527_72.png",
            "first_name": "Alex",
            "real_name": "Alex Aragon",
            "display_name": "Alex",
            "team": "T0D1XTUAD",
            "name": "alex.aragon",
            "is_restricted": false,
            "is_ultra_restricted": false
        },
        "attachments": [
            {
                "service_name": "BBC News",
                "title": "The video call apps linking home workers with strangers",
                "title_link": "https:\/\/www.bbc.com\/news\/business-56083631",
                "text": "A number of tech firms are connecting people working from home with strangers via video calls.",
                "fallback": "BBC News: The video call apps linking home workers with strangers",
                "image_url": "https:\/\/ichef.bbci.co.uk\/news\/1024\/branded_news\/9F40\/production\/_117086704_bernard1.jpg",
                "from_url": "https:\/\/www.bbc.com\/news\/business-56083631",
                "image_width": 444,
                "image_height": 250,
                "image_bytes": 71386,
                "service_icon": "https:\/\/www.bbc.com\/favicon.ico",
                "id": 1,
                "original_url": "https:\/\/www.bbc.com\/news\/business-56083631"
            }
        ],
        "blocks": [
            {
                "type": "rich_text",
                "block_id": "76esS",
                "elements": [
                    {
                        "type": "rich_text_section",
                        "elements": [
                            {
                                "type": "text",
                                "text": "“The idea is that you have just one minute to say hello to the other person, before you then both sit in silence and do your work for 50 minutes.” “hi there. ok now shut up”\n"
                            },
                            {
                                "type": "link",
                                "url": "https:\/\/www.bbc.com\/news\/business-56083631"
                            }
                        ]
                    }
                ]
            }
        ],
        "thread_ts": "1614196338.001900",
        "reply_count": 2,
        "reply_users_count": 2,
        "latest_reply": "1614210749.002300",
        "reply_users": [
            "U7EP7P2JW",
            "U0D1V0DPG"
        ],
        "replies": [
            {
                "user": "U7EP7P2JW",
                "ts": "1614202974.002100"
            },
            {
                "user": "U0D1V0DPG",
                "ts": "1614210749.002300"
            }
        ],
        "subscribed": false
    },
    {
        "client_msg_id": "98e3db04-bfe0-4314-a135-d7c260765b7f",
        "type": "message",
        "text": "<@U0D1V0DPG> - One of the things I miss about not commuting into work are the random exchanges with strangers. I had a cadre of bus buddies, I have not seen since March. I wonder how they are all doing.",
        "user": "U7EP7P2JW",
        "ts": "1614202974.002100",
        "team": "T0D1XTUAD",
        "user_team": "T0D1XTUAD",
        "source_team": "T0D1XTUAD",
        "user_profile": {
            "avatar_hash": "7fac73a9f68f",
            "image_72": "https:\/\/avatars.slack-edge.com\/2020-11-05\/1503307917168_7fac73a9f68f9db6dfe6_72.png",
            "first_name": "Rebecca",
            "real_name": "Rebecca Watson",
            "display_name": "rebecca",
            "team": "T0D1XTUAD",
            "name": "rebecca.watson",
            "is_restricted": false,
            "is_ultra_restricted": false
        },
        "blocks": [
            {
                "type": "rich_text",
                "block_id": "wy1",
                "elements": [
                    {
                        "type": "rich_text_section",
                        "elements": [
                            {
                                "type": "user",
                                "user_id": "U0D1V0DPG"
                            },
                            {
                                "type": "text",
                                "text": " - One of the things I miss about not commuting into work are the random exchanges with strangers. I had a cadre of bus buddies, I have not seen since March. I wonder how they are all doing."
                            }
                        ]
                    }
                ]
            }
        ],
        "thread_ts": "1614196338.001900",
        "parent_user_id": "U0D1V0DPG"
    },
    {
        "client_msg_id": "cb163809-514a-4dcc-88f9-768f2af98948",
        "type": "message",
        "text": "Yes, I miss going to neighborhood coffee shops. Meet lots of nice people there (most sans ferret).",
        "user": "U0D1V0DPG",
        "ts": "1614210749.002300",
        "team": "T0D1XTUAD",
        "user_team": "T0D1XTUAD",
        "source_team": "T0D1XTUAD",
        "user_profile": {
            "avatar_hash": "444d12cac49a",
            "image_72": "https:\/\/avatars.slack-edge.com\/2020-04-20\/1073909907794_444d12cac49a8d89b527_72.png",
            "first_name": "Alex",
            "real_name": "Alex Aragon",
            "display_name": "Alex",
            "team": "T0D1XTUAD",
            "name": "alex.aragon",
            "is_restricted": false,
            "is_ultra_restricted": false
        },
        "blocks": [
            {
                "type": "rich_text",
                "block_id": "GE2",
                "elements": [
                    {
                        "type": "rich_text_section",
                        "elements": [
                            {
                                "type": "text",
                                "text": "Yes, I miss going to neighborhood coffee shops. Meet lots of nice people there (most sans ferret)."
                            }
                        ]
                    }
                ]
            }
        ],
        "thread_ts": "1614196338.001900",
        "parent_user_id": "U0D1V0DPG",
        "reactions": [
            {
                "name": "grinning",
                "users": [
                    "U7EP7P2JW"
                ],
                "count": 1
            }
        ]
    }
]